x,y,z,tmi
659662.500,1669537.500,943.651,-83.797
659737.500,1669537.500,924.765,-51.842
659812.500,1669537.500,899.898,-3.871
659887.500,1669537.500,872.141,12.410
659962.500,1669537.500,852.114,16.589
660037.500,1669537.500,831.787,47.112
660112.500,1669537.500,819.540,72.524
660187.500,1669537.500,807.799,69.372
660262.500,1669537.500,795.610,38.282
660337.500,1669537.500,785.636,27.704
660412.500,1669537.500,783.631,39.459
660487.500,1669537.500,797.086,48.720
660562.500,1669537.500,800.298,-1.511
660637.500,1669537.500,804.514,38.992
660712.500,1669537.500,809.968,15.994
660787.500,1669537.500,807.172,25.332
660862.500,1669537.500,792.956,29.397
660937.500,1669537.500,783.645,33.687
661012.500,1669537.500,778.850,47.702
661087.500,1669537.500,778.457,59.527
661162.500,1669537.500,787.109,34.531
661237.500,1669537.500,796.028,63.485
661312.500,1669537.500,798.296,22.386
661387.500,1669537.500,801.263,42.721
661462.500,1669537.500,812.929,53.177
661537.500,1669537.500,812.324,37.374
661612.500,1669537.500,795.859,22.249
661687.500,1669537.500,772.291,20.817
661762.500,1669537.500,753.046,31.783
661837.500,1669537.500,744.436,45.929
661912.500,1669537.500,735.614,21.159
661987.500,1669537.500,729.632,36.817
662062.500,1669537.500,725.705,36.803
662137.500,1669537.500,722.573,49.549
662212.500,1669537.500,719.873,41.362
662287.500,1669537.500,718.193,42.380
662362.500,1669537.500,717.241,20.232
662437.500,1669537.500,715.574,28.873
662512.500,1669537.500,713.470,45.299
662587.500,1669537.500,712.277,57.602
662662.500,1669537.500,710.689,1.046
662737.500,1669537.500,706.515,54.640
662812.500,1669537.500,703.832,49.735
662887.500,1669537.500,701.793,37.051
662962.500,1669537.500,700.264,25.417
663037.500,1669537.500,698.799,12.679
663112.500,1669537.500,697.317,46.433
663187.500,1669537.500,696.039,55.151
663262.500,1669537.500,694.874,50.909
663337.500,1669537.500,693.523,40.299
663412.500,1669537.500,692.156,20.513
663487.500,1669537.500,690.905,-11.115
663562.500,1669537.500,689.779,11.689
663637.500,1669537.500,688.648,23.865
663712.500,1669537.500,687.120,-14.961
663787.500,1669537.500,684.924,17.334
663862.500,1669537.500,682.113,17.383
663937.500,1669537.500,681.145,21.974
664012.500,1669537.500,681.132,-15.345
664087.500,1669537.500,680.362,-5.668
664162.500,1669537.500,679.266,-1.765
664237.500,1669537.500,678.838,-16.540
664312.500,1669537.500,677.099,39.756
664387.500,1669537.500,675.054,-4.227
664462.500,1669537.500,673.381,11.463
664537.500,1669537.500,671.977,-0.342
664612.500,1669537.500,670.534,35.182
659662.500,1669462.500,961.623,-107.527
659737.500,1669462.500,953.697,-80.852
659812.500,1669462.500,937.996,-101.696
659887.500,1669462.500,908.112,-17.977
659962.500,1669462.500,874.043,26.089
660037.500,1669462.500,838.084,57.910
660112.500,1669462.500,817.251,37.278
660187.500,1669462.500,812.899,89.645
660262.500,1669462.500,806.126,27.271
660337.500,1669462.500,796.138,42.265
660412.500,1669462.500,795.536,73.266
660487.500,1669462.500,812.840,49.505
660562.500,1669462.500,812.113,87.601
660637.500,1669462.500,812.145,48.948
660712.500,1669462.500,811.073,30.708
660787.500,1669462.500,807.418,34.739
660862.500,1669462.500,800.773,19.544
660937.500,1669462.500,789.596,15.610
661012.500,1669462.500,775.027,54.426
661087.500,1669462.500,773.251,52.477
661162.500,1669462.500,779.413,65.463
661237.500,1669462.500,782.707,23.436
661312.500,1669462.500,779.126,72.987
661387.500,1669462.500,778.441,33.492
661462.500,1669462.500,791.268,70.391
661537.500,1669462.500,797.635,30.043
661612.500,1669462.500,793.302,25.041
661687.500,1669462.500,779.228,46.857
661762.500,1669462.500,760.553,64.800
661837.500,1669462.500,744.596,48.574
661912.500,1669462.500,736.673,33.536
661987.500,1669462.500,731.412,17.557
662062.500,1669462.500,727.495,15.126
662137.500,1669462.500,723.951,52.040
662212.500,1669462.500,721.020,59.924
662287.500,1669462.500,719.657,34.471
662362.500,1669462.500,717.829,14.009
662437.500,1669462.500,715.462,50.964
662512.500,1669462.500,713.178,5.755
662587.500,1669462.500,712.283,15.066
662662.500,1669462.500,710.999,39.737
662737.500,1669462.500,706.629,-19.108
662812.500,1669462.500,704.037,31.652
662887.500,1669462.500,702.895,10.827
662962.500,1669462.500,702.316,22.996
663037.500,1669462.500,701.197,17.930
663112.500,1669462.500,699.452,22.123
663187.500,1669462.500,697.608,30.616
663262.500,1669462.500,696.021,0.860
663337.500,1669462.500,694.604,42.697
663412.500,1669462.500,693.085,28.025
663487.500,1669462.500,691.594,29.399
663562.500,1669462.500,690.172,34.820
663637.500,1669462.500,688.670,26.598
663712.500,1669462.500,686.864,26.940
663787.500,1669462.500,684.742,11.185
663862.500,1669462.500,682.798,-18.864
663937.500,1669462.500,682.441,5.769
664012.500,1669462.500,682.445,-7.224
664087.500,1669462.500,681.418,-20.521
664162.500,1669462.500,680.316,11.788
664237.500,1669462.500,679.551,-4.831
664312.500,1669462.500,677.576,-14.264
664387.500,1669462.500,675.445,-14.927
664462.500,1669462.500,673.749,10.236
664537.500,1669462.500,672.349,11.623
664612.500,1669462.500,670.994,30.037
659662.500,1669387.500,980.763,-198.269
659737.500,1669387.500,977.361,-121.715
659812.500,1669387.500,963.724,-67.375
659887.500,1669387.500,927.247,-22.603
659962.500,1669387.500,877.564,-42.030
660037.500,1669387.500,836.069,63.739
660112.500,1669387.500,831.488,53.468
660187.500,1669387.500,827.439,59.561
660262.500,1669387.500,818.467,62.514
660337.500,1669387.500,812.382,63.907
660412.500,1669387.500,817.814,59.442
660487.500,1669387.500,825.374,41.949
660562.500,1669387.500,824.572,8.964
660637.500,1669387.500,825.802,43.268
660712.500,1669387.500,827.093,27.092
660787.500,1669387.500,824.958,63.748
660862.500,1669387.500,815.034,35.802
660937.500,1669387.500,792.247,44.708
661012.500,1669387.500,777.802,25.990
661087.500,1669387.500,769.589,32.446
661162.500,1669387.500,765.674,42.002
661237.500,1669387.500,764.124,11.866
661312.500,1669387.500,762.621,48.142
661387.500,1669387.500,759.391,40.757
661462.500,1669387.500,766.273,19.100
661537.500,1669387.500,768.897,-4.588
661612.500,1669387.500,770.784,55.425
661687.500,1669387.500,773.012,39.753
661762.500,1669387.500,770.631,35.912
661837.500,1669387.500,755.432,43.685
661912.500,1669387.500,742.473,86.309
661987.500,1669387.500,734.663,47.791
662062.500,1669387.500,729.712,49.127
662137.500,1669387.500,725.636,15.223
662212.500,1669387.500,721.960,76.449
662287.500,1669387.500,719.277,59.122
662362.500,1669387.500,716.982,59.531
662437.500,1669387.500,714.572,36.513
662512.500,1669387.500,712.384,51.531
662587.500,1669387.500,710.364,38.298
662662.500,1669387.500,708.242,40.985
662737.500,1669387.500,705.953,23.736
662812.500,1669387.500,704.519,-4.411
662887.500,1669387.500,705.264,43.478
662962.500,1669387.500,705.060,-16.914
663037.500,1669387.500,703.709,15.180
663112.500,1669387.500,701.593,14.526
663187.500,1669387.500,698.854,-3.254
663262.500,1669387.500,697.164,28.211
663337.500,1669387.500,695.534,11.081
663412.500,1669387.500,693.448,5.413
663487.500,1669387.500,691.441,23.257
663562.500,1669387.500,689.766,2.797
663637.500,1669387.500,688.164,38.542
663712.500,1669387.500,686.258,17.413
663787.500,1669387.500,684.825,0.504
663862.500,1669387.500,684.166,-28.945
663937.500,1669387.500,684.074,-17.137
664012.500,1669387.500,683.592,29.048
664087.500,1669387.500,682.212,6.264
664162.500,1669387.500,680.901,1.199
664237.500,1669387.500,679.640,38.281
664312.500,1669387.500,677.535,-19.231
664387.500,1669387.500,675.391,-6.063
664462.500,1669387.500,673.625,-4.256
664537.500,1669387.500,672.166,15.991
664612.500,1669387.500,670.930,-8.694
659662.500,1669312.500,1005.842,-287.407
659737.500,1669312.500,996.556,-239.512
659812.500,1669312.500,978.607,-123.691
659887.500,1669312.500,940.433,-59.256
659962.500,1669312.500,885.457,-20.067
660037.500,1669312.500,851.807,31.718
660112.500,1669312.500,853.985,10.290
660187.500,1669312.500,843.286,37.457
660262.500,1669312.500,837.211,79.899
660337.500,1669312.500,837.802,54.411
660412.500,1669312.500,835.866,98.535
660487.500,1669312.500,840.053,32.599
660562.500,1669312.500,840.592,58.524
660637.500,1669312.500,840.550,40.880
660712.500,1669312.500,837.491,54.969
660787.500,1669312.500,826.021,43.474
660862.500,1669312.500,805.310,33.595
660937.500,1669312.500,788.029,27.831
661012.500,1669312.500,779.482,106.760
661087.500,1669312.500,772.817,42.235
661162.500,1669312.500,767.484,2.438
661237.500,1669312.500,762.315,30.146
661312.500,1669312.500,756.883,57.722
661387.500,1669312.500,753.211,35.064
661462.500,1669312.500,752.750,74.347
661537.500,1669312.500,751.949,69.134
661612.500,1669312.500,751.229,47.783
661687.500,1669312.500,753.198,42.747
661762.500,1669312.500,757.938,32.260
661837.500,1669312.500,760.207,38.334
661912.500,1669312.500,752.845,22.812
661987.500,1669312.500,745.161,76.892
662062.500,1669312.500,738.060,83.229
662137.500,1669312.500,730.888,23.154
662212.500,1669312.500,724.242,22.260
662287.500,1669312.500,720.463,7.544
662362.500,1669312.500,717.937,20.911
662437.500,1669312.500,715.628,-25.036
662512.500,1669312.500,713.674,11.834
662587.500,1669312.500,711.833,58.189
662662.500,1669312.500,709.797,22.965
662737.500,1669312.500,707.631,44.746
662812.500,1669312.500,706.657,15.934
662887.500,1669312.500,708.150,58.632
662962.500,1669312.500,707.389,25.893
663037.500,1669312.500,705.589,12.828
663112.500,1669312.500,703.142,69.402
663187.500,1669312.500,699.257,11.288
663262.500,1669312.500,698.280,-7.641
663337.500,1669312.500,696.620,19.247
663412.500,1669312.500,694.350,13.449
663487.500,1669312.500,691.782,34.178
663562.500,1669312.500,689.599,-5.783
663637.500,1669312.500,688.438,27.205
663712.500,1669312.500,687.774,27.303
663787.500,1669312.500,686.720,-3.244
663862.500,1669312.500,686.088,12.298
663937.500,1669312.500,685.358,-7.809
664012.500,1669312.500,684.046,53.639
664087.500,1669312.500,682.250,-6.514
664162.500,1669312.500,680.689,-2.147
664237.500,1669312.500,679.107,-14.598
664312.500,1669312.500,676.925,-1.022
664387.500,1669312.500,674.714,5.177
664462.500,1669312.500,672.797,19.839
664537.500,1669312.500,671.165,-7.385
664612.500,1669312.500,669.878,0.528
659662.500,1669237.500,1022.097,-392.765
659737.500,1669237.500,1006.938,-286.099
659812.500,1669237.500,986.795,-124.197
659887.500,1669237.500,958.865,-95.332
659962.500,1669237.500,923.139,-70.089
660037.500,1669237.500,891.117,-30.914
660112.500,1669237.500,884.248,-3.488
660187.500,1669237.500,865.500,36.010
660262.500,1669237.500,856.762,46.075
660337.500,1669237.500,857.399,31.387
660412.500,1669237.500,853.287,21.907
660487.500,1669237.500,856.165,74.884
660562.500,1669237.500,854.316,54.244
660637.500,1669237.500,847.741,37.394
660712.500,1669237.500,836.188,41.090
660787.500,1669237.500,820.762,35.653
660862.500,1669237.500,805.558,-12.946
660937.500,1669237.500,799.204,47.538
661012.500,1669237.500,793.279,22.109
661087.500,1669237.500,785.344,22.713
661162.500,1669237.500,775.600,29.950
661237.500,1669237.500,765.704,58.274
661312.500,1669237.500,757.615,20.859
661387.500,1669237.500,752.432,17.239
661462.500,1669237.500,748.263,62.095
661537.500,1669237.500,745.649,67.813
661612.500,1669237.500,743.696,36.356
661687.500,1669237.500,742.839,70.669
661762.500,1669237.500,744.308,54.688
661837.500,1669237.500,749.091,66.337
661912.500,1669237.500,751.871,32.581
661987.500,1669237.500,747.567,74.045
662062.500,1669237.500,743.528,79.079
662137.500,1669237.500,736.739,64.817
662212.500,1669237.500,726.824,60.638
662287.500,1669237.500,722.222,-30.656
662362.500,1669237.500,719.177,47.785
662437.500,1669237.500,716.744,38.751
662512.500,1669237.500,714.762,33.270
662587.500,1669237.500,712.756,20.798
662662.500,1669237.500,710.637,32.007
662737.500,1669237.500,708.824,36.779
662812.500,1669237.500,707.511,21.136
662887.500,1669237.500,706.822,15.170
662962.500,1669237.500,705.240,46.962
663037.500,1669237.500,703.521,-0.961
663112.500,1669237.500,701.621,39.776
663187.500,1669237.500,698.901,21.532
663262.500,1669237.500,697.628,0.873
663337.500,1669237.500,696.135,9.812
663412.500,1669237.500,694.367,-3.686
663487.500,1669237.500,692.197,26.646
663562.500,1669237.500,690.650,19.241
663637.500,1669237.500,690.627,0.562
663712.500,1669237.500,690.088,-10.972
663787.500,1669237.500,688.911,15.742
663862.500,1669237.500,687.672,27.829
663937.500,1669237.500,686.070,6.195
664012.500,1669237.500,684.072,15.963
664087.500,1669237.500,681.884,-0.139
664162.500,1669237.500,679.648,7.975
664237.500,1669237.500,677.687,0.462
664312.500,1669237.500,675.783,11.396
664387.500,1669237.500,673.759,-24.199
664462.500,1669237.500,671.726,17.351
664537.500,1669237.500,669.892,-0.060
664612.500,1669237.500,668.392,11.034
659662.500,1669162.500,1028.348,-468.199
659737.500,1669162.500,1010.981,-334.469
659812.500,1669162.500,990.653,-271.398
659887.500,1669162.500,975.032,-141.453
659962.500,1669162.500,966.175,-149.082
660037.500,1669162.500,939.696,-77.738
660112.500,1669162.500,916.595,-10.349
660187.500,1669162.500,890.391,46.913
660262.500,1669162.500,878.353,38.789
660337.500,1669162.500,878.220,31.886
660412.500,1669162.500,875.588,10.831
660487.500,1669162.500,873.714,36.525
660562.500,1669162.500,863.696,42.643
660637.500,1669162.500,851.954,79.245
660712.500,1669162.500,838.326,59.007
660787.500,1669162.500,826.431,15.478
660862.500,1669162.500,820.709,85.974
660937.500,1669162.500,820.359,34.160
661012.500,1669162.500,813.838,23.052
661087.500,1669162.500,802.026,70.338
661162.500,1669162.500,786.822,40.121
661237.500,1669162.500,773.863,34.509
661312.500,1669162.500,766.539,47.337
661387.500,1669162.500,760.095,62.249
661462.500,1669162.500,753.503,69.172
661537.500,1669162.500,749.857,25.646
661612.500,1669162.500,746.764,100.457
661687.500,1669162.500,743.125,84.371
661762.500,1669162.500,739.801,60.749
661837.500,1669162.500,739.104,52.354
661912.500,1669162.500,741.963,46.742
661987.500,1669162.500,739.820,66.406
662062.500,1669162.500,737.927,46.498
662137.500,1669162.500,733.355,40.238
662212.500,1669162.500,725.661,68.972
662287.500,1669162.500,722.061,55.728
662362.500,1669162.500,719.363,36.396
662437.500,1669162.500,717.347,55.572
662512.500,1669162.500,715.576,64.940
662587.500,1669162.500,713.564,12.462
662662.500,1669162.500,711.321,19.661
662737.500,1669162.500,709.232,48.099
662812.500,1669162.500,707.143,41.364
662887.500,1669162.500,705.103,29.505
662962.500,1669162.500,703.453,46.177
663037.500,1669162.500,701.859,-0.174
663112.500,1669162.500,700.074,-9.451
663187.500,1669162.500,698.235,1.236
663262.500,1669162.500,696.563,19.417
663337.500,1669162.500,695.141,0.067
663412.500,1669162.500,694.191,4.988
663487.500,1669162.500,693.629,-5.684
663562.500,1669162.500,693.448,0.269
663637.500,1669162.500,693.409,-8.213
663712.500,1669162.500,692.259,17.822
663787.500,1669162.500,690.596,25.383
663862.500,1669162.500,688.623,-0.319
663937.500,1669162.500,686.284,4.340
664012.500,1669162.500,683.699,-3.598
664087.500,1669162.500,681.066,17.529
664162.500,1669162.500,678.487,8.338
664237.500,1669162.500,675.982,37.170
664312.500,1669162.500,673.860,-15.761
664387.500,1669162.500,671.953,12.199
664462.500,1669162.500,670.226,13.358
664537.500,1669162.500,668.673,-2.701
664612.500,1669162.500,667.134,15.304
659662.500,1669087.500,1030.749,-647.060
659737.500,1669087.500,1013.508,-383.099
659812.500,1669087.500,993.195,-351.703
659887.500,1669087.500,983.191,-203.761
659962.500,1669087.500,990.377,-193.897
660037.500,1669087.500,981.036,-89.918
660112.500,1669087.500,947.409,-63.882
660187.500,1669087.500,917.609,-8.286
660262.500,1669087.500,906.335,10.467
660337.500,1669087.500,908.584,37.319
660412.500,1669087.500,907.835,14.441
660487.500,1669087.500,898.149,-31.275
660562.500,1669087.500,878.067,21.451
660637.500,1669087.500,865.747,43.868
660712.500,1669087.500,856.577,32.281
660787.500,1669087.500,851.102,55.893
660862.500,1669087.500,851.763,58.094
660937.500,1669087.500,851.106,32.379
661012.500,1669087.500,839.319,5.422
661087.500,1669087.500,821.370,64.101
661162.500,1669087.500,800.751,59.395
661237.500,1669087.500,784.656,32.505
661312.500,1669087.500,776.573,81.706
661387.500,1669087.500,768.572,34.467
661462.500,1669087.500,760.657,23.054
661537.500,1669087.500,756.041,49.453
661612.500,1669087.500,751.651,83.148
661687.500,1669087.500,746.697,50.047
661762.500,1669087.500,741.659,116.608
661837.500,1669087.500,736.429,59.551
661912.500,1669087.500,733.316,96.237
661987.500,1669087.500,731.098,82.884
662062.500,1669087.500,729.150,62.601
662137.500,1669087.500,726.421,82.404
662212.500,1669087.500,723.076,24.280
662287.500,1669087.500,720.815,77.776
662362.500,1669087.500,718.665,44.438
662437.500,1669087.500,716.884,30.829
662512.500,1669087.500,715.266,53.364
662587.500,1669087.500,713.338,56.433
662662.500,1669087.500,711.242,47.763
662737.500,1669087.500,709.583,69.718
662812.500,1669087.500,707.139,49.037
662887.500,1669087.500,705.232,50.914
662962.500,1669087.500,704.306,12.695
663037.500,1669087.500,703.022,23.734
663112.500,1669087.500,700.998,31.153
663187.500,1669087.500,699.067,18.183
663262.500,1669087.500,696.970,23.119
663337.500,1669087.500,695.537,24.277
663412.500,1669087.500,695.199,31.271
663487.500,1669087.500,695.680,11.512
663562.500,1669087.500,696.032,5.578
663637.500,1669087.500,695.281,-4.763
663712.500,1669087.500,693.484,-6.866
663787.500,1669087.500,691.252,32.748
663862.500,1669087.500,688.935,7.388
663937.500,1669087.500,686.509,23.721
664012.500,1669087.500,683.808,-17.657
664087.500,1669087.500,680.865,-30.756
664162.500,1669087.500,678.213,-13.955
664237.500,1669087.500,675.531,28.344
664312.500,1669087.500,673.079,26.308
664387.500,1669087.500,670.955,11.497
664462.500,1669087.500,669.298,-11.024
664537.500,1669087.500,668.033,1.647
664612.500,1669087.500,666.613,-1.972
659662.500,1669012.500,1036.571,-806.881
659737.500,1669012.500,1016.656,-650.965
659812.500,1669012.500,997.795,-434.919
659887.500,1669012.500,992.783,-306.036
659962.500,1669012.500,1006.906,-197.630
660037.500,1669012.500,1012.008,-175.433
660112.500,1669012.500,980.086,-82.246
660187.500,1669012.500,954.362,-69.603
660262.500,1669012.500,945.976,-39.209
660337.500,1669012.500,949.702,-99.201
660412.500,1669012.500,951.079,-3.044
660487.500,1669012.500,938.114,12.225
660562.500,1669012.500,914.047,51.404
660637.500,1669012.500,902.408,13.288
660712.500,1669012.500,892.817,28.442
660787.500,1669012.500,888.344,13.179
660862.500,1669012.500,895.859,0.585
660937.500,1669012.500,895.678,8.562
661012.500,1669012.500,871.495,19.540
661087.500,1669012.500,844.273,56.686
661162.500,1669012.500,816.860,32.115
661237.500,1669012.500,793.373,17.806
661312.500,1669012.500,777.168,37.587
661387.500,1669012.500,766.972,41.019
661462.500,1669012.500,760.064,27.390
661537.500,1669012.500,754.387,72.704
661612.500,1669012.500,749.463,22.731
661687.500,1669012.500,745.311,70.226
661762.500,1669012.500,741.721,97.448
661837.500,1669012.500,737.833,57.262
661912.500,1669012.500,734.218,89.345
661987.500,1669012.500,730.937,102.195
662062.500,1669012.500,728.152,77.397
662137.500,1669012.500,725.573,26.465
662212.500,1669012.500,722.980,40.533
662287.500,1669012.500,720.614,75.495
662362.500,1669012.500,718.409,52.000
662437.500,1669012.500,716.150,41.875
662512.500,1669012.500,714.221,47.486
662587.500,1669012.500,712.684,49.917
662662.500,1669012.500,712.034,18.304
662737.500,1669012.500,712.504,23.952
662812.500,1669012.500,709.663,30.380
662887.500,1669012.500,708.025,14.595
662962.500,1669012.500,707.670,20.754
663037.500,1669012.500,706.672,47.318
663112.500,1669012.500,704.489,0.864
663187.500,1669012.500,702.148,56.594
663262.500,1669012.500,699.561,54.255
663337.500,1669012.500,697.826,-17.853
663412.500,1669012.500,697.246,11.891
663487.500,1669012.500,697.132,20.242
663562.500,1669012.500,696.726,-2.495
663637.500,1669012.500,695.570,-3.066
663712.500,1669012.500,693.488,5.926
663787.500,1669012.500,690.792,24.229
663862.500,1669012.500,688.277,-1.011
663937.500,1669012.500,686.132,43.971
664012.500,1669012.500,683.813,13.259
664087.500,1669012.500,680.911,4.975
664162.500,1669012.500,678.246,34.671
664237.500,1669012.500,675.642,18.070
664312.500,1669012.500,673.043,12.556
664387.500,1669012.500,670.880,-1.559
664462.500,1669012.500,669.477,39.768
664537.500,1669012.500,668.638,19.839
664612.500,1669012.500,667.437,-0.293
659662.500,1668937.500,1038.974,-1084.339
659737.500,1668937.500,1020.174,-737.703
659812.500,1668937.500,1007.694,-578.434
659887.500,1668937.500,1010.551,-457.466
659962.500,1668937.500,1027.320,-329.922
660037.500,1668937.500,1033.525,-246.064
660112.500,1668937.500,1016.036,-156.936
660187.500,1668937.500,999.748,-126.563
660262.500,1668937.500,995.316,-80.368
660337.500,1668937.500,999.970,-101.673
660412.500,1668937.500,1001.069,-58.592
660487.500,1668937.500,985.472,-34.247
660562.500,1668937.500,954.190,4.115
660637.500,1668937.500,943.315,-0.157
660712.500,1668937.500,934.128,20.364
660787.500,1668937.500,930.846,-1.989
660862.500,1668937.500,945.378,11.679
660937.500,1668937.500,943.845,13.922
661012.500,1668937.500,905.846,-10.114
661087.500,1668937.500,864.191,25.170
661162.500,1668937.500,823.759,20.330
661237.500,1668937.500,793.116,-9.396
661312.500,1668937.500,778.603,46.558
661387.500,1668937.500,773.148,18.786
661462.500,1668937.500,764.654,11.343
661537.500,1668937.500,757.258,29.049
661612.500,1668937.500,751.052,55.897
661687.500,1668937.500,745.813,105.479
661762.500,1668937.500,741.301,84.596
661837.500,1668937.500,737.306,99.058
661912.500,1668937.500,733.751,110.881
661987.500,1668937.500,730.939,84.077
662062.500,1668937.500,728.414,86.932
662137.500,1668937.500,726.132,48.336
662212.500,1668937.500,724.223,68.337
662287.500,1668937.500,722.671,46.745
662362.500,1668937.500,721.269,65.704
662437.500,1668937.500,719.513,20.244
662512.500,1668937.500,716.726,21.871
662587.500,1668937.500,717.144,59.895
662662.500,1668937.500,721.721,27.219
662737.500,1668937.500,724.128,21.280
662812.500,1668937.500,717.548,28.312
662887.500,1668937.500,714.186,11.205
662962.500,1668937.500,712.506,49.496
663037.500,1668937.500,710.704,-3.371
663112.500,1668937.500,708.565,16.839
663187.500,1668937.500,706.633,25.212
663262.500,1668937.500,703.780,14.982
663337.500,1668937.500,700.989,0.000
663412.500,1668937.500,698.728,-2.461
663487.500,1668937.500,696.630,21.871
663562.500,1668937.500,694.929,-7.765
663637.500,1668937.500,694.052,24.130
663712.500,1668937.500,692.158,-19.315
663787.500,1668937.500,689.384,-1.152
663862.500,1668937.500,686.299,9.647
663937.500,1668937.500,684.052,-16.275
664012.500,1668937.500,682.269,20.234
664087.500,1668937.500,679.913,6.499
664162.500,1668937.500,677.342,-13.940
664237.500,1668937.500,674.801,-23.890
664312.500,1668937.500,672.532,-25.296
664387.500,1668937.500,671.324,5.718
664462.500,1668937.500,671.062,-18.250
664537.500,1668937.500,670.918,-22.707
664612.500,1668937.500,669.881,-1.025
659662.500,1668862.500,1039.455,-1165.366
659737.500,1668862.500,1026.552,-1006.514
659812.500,1668862.500,1020.442,-717.662
659887.500,1668862.500,1028.306,-552.375
659962.500,1668862.500,1047.957,-412.239
660037.500,1668862.500,1057.531,-378.880
660112.500,1668862.500,1049.757,-281.242
660187.500,1668862.500,1041.942,-205.434
660262.500,1668862.500,1039.573,-167.393
660337.500,1668862.500,1040.754,-137.868
660412.500,1668862.500,1037.441,-119.885
660487.500,1668862.500,1015.047,-80.290
660562.500,1668862.500,985.319,-61.782
660637.500,1668862.500,975.011,-79.258
660712.500,1668862.500,969.340,-44.449
660787.500,1668862.500,966.274,-4.774
660862.500,1668862.500,971.522,18.742
660937.500,1668862.500,971.918,26.291
661012.500,1668862.500,931.605,3.860
661087.500,1668862.500,882.716,29.769
661162.500,1668862.500,834.598,37.133
661237.500,1668862.500,803.522,6.210
661312.500,1668862.500,797.908,-19.143
661387.500,1668862.500,793.552,8.542
661462.500,1668862.500,784.197,-31.025
661537.500,1668862.500,772.815,-2.683
661612.500,1668862.500,760.451,29.656
661687.500,1668862.500,750.148,20.869
661762.500,1668862.500,743.729,73.777
661837.500,1668862.500,738.566,98.546
661912.500,1668862.500,736.040,70.735
661987.500,1668862.500,734.054,66.549
662062.500,1668862.500,732.041,69.305
662137.500,1668862.500,729.622,82.573
662212.500,1668862.500,727.112,47.699
662287.500,1668862.500,725.645,66.831
662362.500,1668862.500,723.752,38.358
662437.500,1668862.500,720.985,26.581
662512.500,1668862.500,717.471,41.918
662587.500,1668862.500,719.666,20.570
662662.500,1668862.500,727.586,17.883
662737.500,1668862.500,729.896,14.866
662812.500,1668862.500,723.558,-20.032
662887.500,1668862.500,720.854,26.057
662962.500,1668862.500,719.349,-2.772
663037.500,1668862.500,716.757,18.656
663112.500,1668862.500,713.386,48.063
663187.500,1668862.500,710.759,7.761
663262.500,1668862.500,706.648,6.148
663337.500,1668862.500,703.221,42.510
663412.500,1668862.500,700.231,25.255
663487.500,1668862.500,697.006,32.626
663562.500,1668862.500,693.722,5.452
663637.500,1668862.500,691.199,26.120
663712.500,1668862.500,689.500,-2.929
663787.500,1668862.500,688.174,-3.604
663862.500,1668862.500,685.227,20.496
663937.500,1668862.500,682.240,-3.599
664012.500,1668862.500,680.032,22.370
664087.500,1668862.500,677.991,53.405
664162.500,1668862.500,675.944,-26.764
664237.500,1668862.500,673.948,-9.107
664312.500,1668862.500,673.030,26.841
664387.500,1668862.500,673.522,1.687
664462.500,1668862.500,674.257,26.640
664537.500,1668862.500,673.914,-16.022
664612.500,1668862.500,672.688,9.697
659662.500,1668787.500,1042.139,-1233.934
659737.500,1668787.500,1037.731,-1300.738
659812.500,1668787.500,1037.641,-996.145
659887.500,1668787.500,1046.137,-788.455
659962.500,1668787.500,1062.201,-598.472
660037.500,1668787.500,1073.476,-405.115
660112.500,1668787.500,1072.983,-350.310
660187.500,1668787.500,1071.717,-287.716
660262.500,1668787.500,1071.035,-237.780
660337.500,1668787.500,1069.371,-184.971
660412.500,1668787.500,1062.582,-182.161
660487.500,1668787.500,1039.729,-140.998
660562.500,1668787.500,1015.397,-59.328
660637.500,1668787.500,1004.926,-62.350
660712.500,1668787.500,1000.890,-33.459
660787.500,1668787.500,994.753,-50.830
660862.500,1668787.500,982.704,-0.030
660937.500,1668787.500,973.120,-13.026
661012.500,1668787.500,944.964,-0.365
661087.500,1668787.500,902.147,11.376
661162.500,1668787.500,854.954,-7.227
661237.500,1668787.500,826.301,-28.666
661312.500,1668787.500,828.107,-22.580
661387.500,1668787.500,822.929,19.105
661462.500,1668787.500,811.767,-1.857
661537.500,1668787.500,795.749,-54.810
661612.500,1668787.500,777.630,-74.719
661687.500,1668787.500,761.757,-43.870
661762.500,1668787.500,750.588,-36.158
661837.500,1668787.500,742.088,-33.820
661912.500,1668787.500,740.039,29.100
661987.500,1668787.500,738.742,23.650
662062.500,1668787.500,737.111,-28.404
662137.500,1668787.500,734.151,20.504
662212.500,1668787.500,730.401,33.205
662287.500,1668787.500,728.748,41.341
662362.500,1668787.500,726.589,35.344
662437.500,1668787.500,723.415,19.616
662512.500,1668787.500,719.181,29.636
662587.500,1668787.500,719.663,36.120
662662.500,1668787.500,726.902,22.081
662737.500,1668787.500,734.397,17.464
662812.500,1668787.500,735.106,48.124
662887.500,1668787.500,734.449,3.105
662962.500,1668787.500,734.779,13.486
663037.500,1668787.500,731.472,-20.891
663112.500,1668787.500,723.205,29.119
663187.500,1668787.500,714.915,33.902
663262.500,1668787.500,708.002,27.390
663337.500,1668787.500,703.974,33.534
663412.500,1668787.500,700.702,23.027
663487.500,1668787.500,697.545,20.026
663562.500,1668787.500,694.668,21.578
663637.500,1668787.500,691.967,6.061
663712.500,1668787.500,688.783,33.674
663787.500,1668787.500,686.812,2.690
663862.500,1668787.500,684.262,-19.898
663937.500,1668787.500,682.304,24.526
664012.500,1668787.500,680.705,43.328
664087.500,1668787.500,678.220,-12.199
664162.500,1668787.500,676.688,3.926
664237.500,1668787.500,675.506,-8.032
664312.500,1668787.500,675.073,-2.633
664387.500,1668787.500,676.317,5.157
664462.500,1668787.500,677.881,-20.379
664537.500,1668787.500,677.931,-2.035
664612.500,1668787.500,677.134,-25.506
659662.500,1668712.500,1047.340,-739.752
659737.500,1668712.500,1049.724,-1240.462
659812.500,1668712.500,1053.916,-1227.998
659887.500,1668712.500,1060.162,-1004.953
659962.500,1668712.500,1067.582,-679.491
660037.500,1668712.500,1076.665,-547.320
660112.500,1668712.500,1081.766,-509.361
660187.500,1668712.500,1084.762,-390.149
660262.500,1668712.500,1086.086,-327.344
660337.500,1668712.500,1084.741,-274.388
660412.500,1668712.500,1078.307,-246.410
660487.500,1668712.500,1062.212,-153.820
660562.500,1668712.500,1044.699,-143.555
660637.500,1668712.500,1034.257,-96.482
660712.500,1668712.500,1027.549,-73.557
660787.500,1668712.500,1014.458,-36.544
660862.500,1668712.500,987.338,-81.567
660937.500,1668712.500,962.874,5.205
661012.500,1668712.500,942.088,5.831
661087.500,1668712.500,911.645,1.244
661162.500,1668712.500,878.835,42.044
661237.500,1668712.500,861.382,-2.743
661312.500,1668712.500,867.192,-0.954
661387.500,1668712.500,861.076,-44.848
661462.500,1668712.500,846.080,-27.644
661537.500,1668712.500,824.258,-85.357
661612.500,1668712.500,800.359,-174.421
661687.500,1668712.500,778.290,-247.592
661762.500,1668712.500,760.133,-382.659
661837.500,1668712.500,747.203,-223.346
661912.500,1668712.500,745.088,-121.537
661987.500,1668712.500,744.029,-75.665
662062.500,1668712.500,742.121,-16.230
662137.500,1668712.500,738.410,8.860
662212.500,1668712.500,733.911,15.204
662287.500,1668712.500,732.167,-30.412
662362.500,1668712.500,730.004,41.034
662437.500,1668712.500,726.471,17.344
662512.500,1668712.500,721.563,2.030
662587.500,1668712.500,719.786,38.370
662662.500,1668712.500,724.674,35.934
662737.500,1668712.500,735.646,1.563
662812.500,1668712.500,748.043,68.748
662887.500,1668712.500,754.509,-5.538
662962.500,1668712.500,753.673,-16.621
663037.500,1668712.500,747.903,-5.658
663112.500,1668712.500,737.979,44.799
663187.500,1668712.500,721.917,13.224
663262.500,1668712.500,710.935,8.774
663337.500,1668712.500,706.438,13.874
663412.500,1668712.500,702.931,2.322
663487.500,1668712.500,701.365,-0.601
663562.500,1668712.500,701.848,-0.743
663637.500,1668712.500,700.396,24.721
663712.500,1668712.500,693.852,30.047
663787.500,1668712.500,689.506,-11.395
663862.500,1668712.500,686.534,13.118
663937.500,1668712.500,684.567,23.058
664012.500,1668712.500,682.789,-14.184
664087.500,1668712.500,680.488,-3.539
664162.500,1668712.500,679.198,-14.606
664237.500,1668712.500,678.316,-20.112
664312.500,1668712.500,678.661,6.464
664387.500,1668712.500,680.145,-10.366
664462.500,1668712.500,681.987,15.756
664537.500,1668712.500,683.225,2.484
664612.500,1668712.500,682.635,10.709
659662.500,1668637.500,1049.788,-38.608
659737.500,1668637.500,1050.952,-758.079
659812.500,1668637.500,1054.220,-1161.270
659887.500,1668637.500,1060.354,-1128.908
659962.500,1668637.500,1067.045,-929.769
660037.500,1668637.500,1074.166,-694.897
660112.500,1668637.500,1079.730,-552.364
660187.500,1668637.500,1084.065,-471.720
660262.500,1668637.500,1087.303,-350.636
660337.500,1668637.500,1088.691,-348.691
660412.500,1668637.500,1086.556,-263.959
660487.500,1668637.500,1078.057,-238.594
660562.500,1668637.500,1067.453,-181.441
660637.500,1668637.500,1058.157,-170.093
660712.500,1668637.500,1046.324,-96.931
660787.500,1668637.500,1025.900,-89.845
660862.500,1668637.500,994.161,-42.236
660937.500,1668637.500,963.957,-71.192
661012.500,1668637.500,932.527,-38.314
661087.500,1668637.500,911.178,-37.045
661162.500,1668637.500,900.909,-28.103
661237.500,1668637.500,900.742,-35.335
661312.500,1668637.500,905.515,-31.907
661387.500,1668637.500,899.427,-40.338
661462.500,1668637.500,881.428,-58.591
661537.500,1668637.500,854.726,-104.646
661612.500,1668637.500,824.462,-161.931
661687.500,1668637.500,794.918,-289.334
661762.500,1668637.500,769.548,-556.935
661837.500,1668637.500,753.171,-567.533
661912.500,1668637.500,750.525,-317.169
661987.500,1668637.500,749.031,-164.348
662062.500,1668637.500,746.105,-99.152
662137.500,1668637.500,741.714,-52.041
662212.500,1668637.500,737.559,-42.920
662287.500,1668637.500,736.114,-5.764
662362.500,1668637.500,733.591,-12.796
662437.500,1668637.500,729.138,23.112
662512.500,1668637.500,723.857,16.005
662587.500,1668637.500,721.287,21.188
662662.500,1668637.500,724.171,2.864
662737.500,1668637.500,733.750,34.946
662812.500,1668637.500,753.096,29.995
662887.500,1668637.500,766.283,31.710
662962.500,1668637.500,762.375,58.805
663037.500,1668637.500,753.379,14.283
663112.500,1668637.500,745.793,38.909
663187.500,1668637.500,729.023,13.107
663262.500,1668637.500,718.186,22.949
663337.500,1668637.500,712.762,21.567
663412.500,1668637.500,707.981,18.696
663487.500,1668637.500,708.120,25.299
663562.500,1668637.500,713.191,5.155
663637.500,1668637.500,714.485,10.880
663712.500,1668637.500,704.239,19.956
663787.500,1668637.500,695.872,42.998
663862.500,1668637.500,691.272,-8.397
663937.500,1668637.500,688.597,-27.963
664012.500,1668637.500,686.253,-2.858
664087.500,1668637.500,684.129,7.671
664162.500,1668637.500,682.567,8.697
664237.500,1668637.500,682.044,6.488
664312.500,1668637.500,683.607,27.139
664387.500,1668637.500,685.412,22.583
664462.500,1668637.500,687.247,2.168
664537.500,1668637.500,689.513,-6.427
664612.500,1668637.500,689.007,-4.378
659662.500,1668562.500,1047.189,500.553
659737.500,1668562.500,1041.764,-19.815
659812.500,1668562.500,1040.233,-855.856
659887.500,1668562.500,1050.329,-1206.393
659962.500,1668562.500,1065.053,-1113.032
660037.500,1668562.500,1073.644,-916.586
660112.500,1668562.500,1077.298,-751.991
660187.500,1668562.500,1081.764,-589.846
660262.500,1668562.500,1086.641,-523.777
660337.500,1668562.500,1090.628,-435.904
660412.500,1668562.500,1092.744,-338.757
660487.500,1668562.500,1090.741,-299.666
660562.500,1668562.500,1081.969,-237.644
660637.500,1668562.500,1072.026,-183.472
660712.500,1668562.500,1058.945,-151.830
660787.500,1668562.500,1038.446,-122.143
660862.500,1668562.500,1008.023,-100.240
660937.500,1668562.500,975.207,-54.488
661012.500,1668562.500,947.625,-44.720
661087.500,1668562.500,934.517,-47.963
661162.500,1668562.500,929.916,-36.911
661237.500,1668562.500,927.230,-58.293
661312.500,1668562.500,922.268,-56.177
661387.500,1668562.500,914.930,-81.635
661462.500,1668562.500,901.695,-68.933
661537.500,1668562.500,878.114,-47.047
661612.500,1668562.500,844.203,-121.951
661687.500,1668562.500,807.135,-142.986
661762.500,1668562.500,776.831,-292.203
661837.500,1668562.500,759.682,-624.975
661912.500,1668562.500,755.850,-543.428
661987.500,1668562.500,753.114,-331.861
662062.500,1668562.500,749.056,-242.255
662137.500,1668562.500,744.497,-94.389
662212.500,1668562.500,741.367,-89.556
662287.500,1668562.500,740.418,-40.633
662362.500,1668562.500,736.168,-3.174
662437.500,1668562.500,730.381,-8.076
662512.500,1668562.500,725.592,28.533
662587.500,1668562.500,723.951,26.629
662662.500,1668562.500,726.115,-16.983
662737.500,1668562.500,732.022,5.361
662812.500,1668562.500,744.384,19.349
662887.500,1668562.500,754.646,1.844
662962.500,1668562.500,750.636,9.687
663037.500,1668562.500,741.409,30.511
663112.500,1668562.500,736.667,20.961
663187.500,1668562.500,733.483,-3.818
663262.500,1668562.500,731.314,17.041
663337.500,1668562.500,724.868,1.079
663412.500,1668562.500,716.552,-11.266
663487.500,1668562.500,715.690,-10.551
663562.500,1668562.500,723.461,15.891
663637.500,1668562.500,728.698,8.588
663712.500,1668562.500,716.209,8.821
663787.500,1668562.500,703.046,-14.137
663862.500,1668562.500,696.672,4.000
663937.500,1668562.500,694.015,-13.398
664012.500,1668562.500,691.241,-11.921
664087.500,1668562.500,688.304,2.282
664162.500,1668562.500,686.661,-22.068
664237.500,1668562.500,686.642,17.307
664312.500,1668562.500,689.265,52.075
664387.500,1668562.500,691.935,12.090
664462.500,1668562.500,694.506,-17.568
664537.500,1668562.500,697.845,-2.994
664612.500,1668562.500,697.293,-28.267
659662.500,1668487.500,1034.841,753.427
659737.500,1668487.500,1024.611,816.428
659812.500,1668487.500,1020.056,303.186
659887.500,1668487.500,1033.309,-848.752
659962.500,1668487.500,1056.468,-1363.572
660037.500,1668487.500,1069.113,-1225.717
660112.500,1668487.500,1073.608,-935.803
660187.500,1668487.500,1078.270,-826.631
660262.500,1668487.500,1083.954,-681.025
660337.500,1668487.500,1089.669,-534.517
660412.500,1668487.500,1094.178,-524.793
660487.500,1668487.500,1096.143,-380.199
660562.500,1668487.500,1089.749,-310.971
660637.500,1668487.500,1080.119,-262.400
660712.500,1668487.500,1067.655,-243.001
660787.500,1668487.500,1049.567,-171.671
660862.500,1668487.500,1023.386,-147.188
660937.500,1668487.500,996.704,-83.140
661012.500,1668487.500,976.742,-95.461
661087.500,1668487.500,969.805,-68.349
661162.500,1668487.500,964.064,-58.155
661237.500,1668487.500,950.214,-34.631
661312.500,1668487.500,926.159,-92.490
661387.500,1668487.500,900.121,-47.493
661462.500,1668487.500,886.470,-30.640
661537.500,1668487.500,875.369,-60.639
661612.500,1668487.500,850.458,-87.980
661687.500,1668487.500,814.522,-32.902
661762.500,1668487.500,782.946,-14.881
661837.500,1668487.500,766.234,-239.560
661912.500,1668487.500,761.077,-616.293
661987.500,1668487.500,755.633,-618.039
662062.500,1668487.500,750.762,-369.977
662137.500,1668487.500,747.646,-234.624
662212.500,1668487.500,746.014,-172.012
662287.500,1668487.500,743.577,-95.123
662362.500,1668487.500,736.017,-45.967
662437.500,1668487.500,731.080,-33.186
662512.500,1668487.500,728.808,-10.992
662587.500,1668487.500,729.013,0.709
662662.500,1668487.500,731.361,21.932
662737.500,1668487.500,735.973,50.688
662812.500,1668487.500,749.598,22.412
662887.500,1668487.500,759.284,-18.756
662962.500,1668487.500,756.550,-41.671
663037.500,1668487.500,751.067,9.778
663112.500,1668487.500,751.516,13.101
663187.500,1668487.500,752.700,-11.384
663262.500,1668487.500,748.556,16.641
663337.500,1668487.500,747.474,-4.243
663412.500,1668487.500,733.769,18.817
663487.500,1668487.500,723.400,4.273
663562.500,1668487.500,728.071,17.291
663637.500,1668487.500,735.142,-25.738
663712.500,1668487.500,721.872,-0.531
663787.500,1668487.500,708.141,4.777
663862.500,1668487.500,704.358,-20.854
663937.500,1668487.500,701.941,42.946
664012.500,1668487.500,695.890,-4.903
664087.500,1668487.500,691.868,32.108
664162.500,1668487.500,693.419,-8.584
664237.500,1668487.500,691.729,-0.680
664312.500,1668487.500,694.110,26.244
664387.500,1668487.500,698.707,8.585
664462.500,1668487.500,704.639,5.913
664537.500,1668487.500,711.778,6.893
664612.500,1668487.500,710.294,-25.082
659662.500,1668412.500,1017.990,724.345
659737.500,1668412.500,1009.821,944.212
659812.500,1668412.500,1008.095,858.514
659887.500,1668412.500,1021.016,-122.391
659962.500,1668412.500,1044.107,-821.561
660037.500,1668412.500,1064.980,-1282.309
660112.500,1668412.500,1071.374,-1340.013
660187.500,1668412.500,1075.491,-1073.904
660262.500,1668412.500,1080.409,-866.866
660337.500,1668412.500,1085.612,-707.908
660412.500,1668412.500,1089.531,-567.520
660487.500,1668412.500,1092.859,-418.549
660562.500,1668412.500,1088.676,-362.341
660637.500,1668412.500,1080.806,-293.624
660712.500,1668412.500,1070.689,-220.802
660787.500,1668412.500,1058.125,-236.316
660862.500,1668412.500,1042.557,-157.498
660937.500,1668412.500,1026.794,-159.777
661012.500,1668412.500,1009.145,-115.519
661087.500,1668412.500,996.521,-77.239
661162.500,1668412.500,981.536,-37.280
661237.500,1668412.500,958.651,-72.684
661312.500,1668412.500,927.304,-46.658
661387.500,1668412.500,893.089,-13.148
661462.500,1668412.500,871.812,-62.865
661537.500,1668412.500,858.180,-21.642
661612.500,1668412.500,837.405,-19.947
661687.500,1668412.500,809.121,9.975
661762.500,1668412.500,783.910,100.344
661837.500,1668412.500,771.532,95.841
661912.500,1668412.500,765.628,-218.039
661987.500,1668412.500,758.932,-572.202
662062.500,1668412.500,754.796,-593.664
662137.500,1668412.500,752.481,-397.345
662212.500,1668412.500,748.813,-183.409
662287.500,1668412.500,743.047,-112.051
662362.500,1668412.500,739.625,-104.063
662437.500,1668412.500,736.648,-65.744
662512.500,1668412.500,734.570,-16.757
662587.500,1668412.500,736.096,-27.874
662662.500,1668412.500,741.344,-45.039
662737.500,1668412.500,744.891,17.966
662812.500,1668412.500,752.854,1.452
662887.500,1668412.500,757.782,41.234
662962.500,1668412.500,753.069,14.212
663037.500,1668412.500,750.914,12.655
663112.500,1668412.500,759.276,64.906
663187.500,1668412.500,767.000,4.926
663262.500,1668412.500,769.043,-10.423
663337.500,1668412.500,768.988,12.493
663412.500,1668412.500,751.623,31.037
663487.500,1668412.500,736.557,-13.662
663562.500,1668412.500,738.174,-9.464
663637.500,1668412.500,743.542,16.056
663712.500,1668412.500,731.814,-55.377
663787.500,1668412.500,719.040,-14.570
663862.500,1668412.500,715.429,21.604
663937.500,1668412.500,709.791,-5.928
664012.500,1668412.500,699.646,-26.620
664087.500,1668412.500,697.410,41.921
664162.500,1668412.500,701.572,-23.733
664237.500,1668412.500,699.483,-6.990
664312.500,1668412.500,697.938,-4.538
664387.500,1668412.500,701.971,3.800
664462.500,1668412.500,711.271,-5.521
664537.500,1668412.500,721.752,-0.394
664612.500,1668412.500,724.857,1.972
659662.500,1668337.500,998.684,599.173
659737.500,1668337.500,1001.891,733.875
659812.500,1668337.500,1010.266,671.023
659887.500,1668337.500,1022.441,614.331
659962.500,1668337.500,1039.757,-52.198
660037.500,1668337.500,1063.052,-892.226
660112.500,1668337.500,1069.611,-1282.937
660187.500,1668337.500,1072.854,-1402.558
660262.500,1668337.500,1075.075,-1049.870
660337.500,1668337.500,1075.489,-867.480
660412.500,1668337.500,1074.945,-702.710
660487.500,1668337.500,1080.785,-534.068
660562.500,1668337.500,1081.856,-480.123
660637.500,1668337.500,1078.536,-362.653
660712.500,1668337.500,1072.794,-298.934
660787.500,1668337.500,1066.470,-226.711
660862.500,1668337.500,1060.219,-218.686
660937.500,1668337.500,1052.681,-149.861
661012.500,1668337.500,1037.625,-103.484
661087.500,1668337.500,1017.122,-79.313
661162.500,1668337.500,991.873,-76.781
661237.500,1668337.500,962.078,-58.614
661312.500,1668337.500,928.747,8.218
661387.500,1668337.500,898.348,8.963
661462.500,1668337.500,882.018,-41.929
661537.500,1668337.500,864.255,3.635
661612.500,1668337.500,843.282,18.044
661687.500,1668337.500,819.717,44.975
661762.500,1668337.500,796.412,106.319
661837.500,1668337.500,781.710,171.621
661912.500,1668337.500,771.301,148.335
661987.500,1668337.500,763.247,-165.303
662062.500,1668337.500,759.844,-549.882
662137.500,1668337.500,757.817,-527.293
662212.500,1668337.500,752.809,-353.010
662287.500,1668337.500,747.390,-210.566
662362.500,1668337.500,746.862,-122.284
662437.500,1668337.500,744.239,-60.085
662512.500,1668337.500,741.954,-36.452
662587.500,1668337.500,744.182,-32.295
662662.500,1668337.500,751.251,-21.627
662737.500,1668337.500,756.015,-39.485
662812.500,1668337.500,754.479,-1.226
662887.500,1668337.500,750.443,-20.673
662962.500,1668337.500,745.043,-15.888
663037.500,1668337.500,748.235,18.546
663112.500,1668337.500,762.725,3.497
663187.500,1668337.500,775.181,14.267
663262.500,1668337.500,780.315,-7.032
663337.500,1668337.500,781.417,28.774
663412.500,1668337.500,769.999,9.011
663487.500,1668337.500,757.658,29.915
663562.500,1668337.500,754.796,19.552
663637.500,1668337.500,756.595,8.970
663712.500,1668337.500,745.324,-3.654
663787.500,1668337.500,732.036,6.176
663862.500,1668337.500,722.723,21.332
663937.500,1668337.500,713.053,18.396
664012.500,1668337.500,703.874,-18.894
664087.500,1668337.500,703.812,23.669
664162.500,1668337.500,709.144,-1.177
664237.500,1668337.500,707.130,18.333
664312.500,1668337.500,704.318,-11.479
664387.500,1668337.500,706.335,13.989
664462.500,1668337.500,713.988,-14.337
664537.500,1668337.500,725.551,3.157
664612.500,1668337.500,736.283,-5.517
659662.500,1668262.500,977.177,469.802
659737.500,1668262.500,1000.847,547.621
659812.500,1668262.500,1024.758,624.546
659887.500,1668262.500,1039.764,603.697
659962.500,1668262.500,1052.550,501.656
660037.500,1668262.500,1062.845,133.223
660112.500,1668262.500,1066.427,-435.015
660187.500,1668262.500,1068.319,-1015.019
660262.500,1668262.500,1065.300,-1183.760
660337.500,1668262.500,1056.438,-1020.167
660412.500,1668262.500,1048.745,-851.071
660487.500,1668262.500,1059.353,-689.274
660562.500,1668262.500,1070.963,-514.166
660637.500,1668262.500,1075.997,-472.844
660712.500,1668262.500,1076.929,-383.842
660787.500,1668262.500,1076.024,-293.564
660862.500,1668262.500,1073.028,-256.950
660937.500,1668262.500,1068.055,-225.892
661012.500,1668262.500,1058.399,-233.251
661087.500,1668262.500,1036.213,-127.723
661162.500,1668262.500,1006.935,-105.163
661237.500,1668262.500,974.208,-121.447
661312.500,1668262.500,940.178,-48.292
661387.500,1668262.500,917.885,-43.483
661462.500,1668262.500,917.249,-27.680
661537.500,1668262.500,901.219,0.651
661612.500,1668262.500,879.774,-11.834
661687.500,1668262.500,855.067,46.129
661762.500,1668262.500,823.610,93.302
661837.500,1668262.500,797.018,160.030
661912.500,1668262.500,778.472,245.844
661987.500,1668262.500,769.369,180.761
662062.500,1668262.500,767.688,-158.199
662137.500,1668262.500,766.945,-439.495
662212.500,1668262.500,762.294,-569.296
662287.500,1668262.500,759.357,-366.516
662362.500,1668262.500,757.457,-249.879
662437.500,1668262.500,752.124,-150.921
662512.500,1668262.500,748.605,-75.488
662587.500,1668262.500,750.954,-39.525
662662.500,1668262.500,758.504,-36.220
662737.500,1668262.500,763.941,-42.897
662812.500,1668262.500,754.927,-27.943
662887.500,1668262.500,742.395,-18.079
662962.500,1668262.500,736.824,18.508
663037.500,1668262.500,745.128,-15.579
663112.500,1668262.500,763.243,18.539
663187.500,1668262.500,775.327,1.351
663262.500,1668262.500,779.001,6.103
663337.500,1668262.500,782.045,32.562
663412.500,1668262.500,777.034,-5.335
663487.500,1668262.500,770.693,36.747
663562.500,1668262.500,769.159,-23.155
663637.500,1668262.500,766.685,-11.974
663712.500,1668262.500,754.343,-26.461
663787.500,1668262.500,740.934,-10.216
663862.500,1668262.500,728.397,15.550
663937.500,1668262.500,718.471,18.258
664012.500,1668262.500,713.081,9.385
664087.500,1668262.500,713.987,7.962
664162.500,1668262.500,717.488,-20.666
664237.500,1668262.500,717.621,-24.127
664312.500,1668262.500,713.419,7.183
664387.500,1668262.500,710.259,27.106
664462.500,1668262.500,712.315,-6.471
664537.500,1668262.500,720.859,-24.406
664612.500,1668262.500,733.762,-29.935
659662.500,1668187.500,969.120,362.423
659737.500,1668187.500,1004.179,497.246
659812.500,1668187.500,1032.671,513.943
659887.500,1668187.500,1050.120,556.802
659962.500,1668187.500,1061.022,615.591
660037.500,1668187.500,1063.987,608.297
660112.500,1668187.500,1064.901,296.722
660187.500,1668187.500,1060.300,-413.549
660262.500,1668187.500,1048.596,-1136.236
660337.500,1668187.500,1033.277,-1401.242
660412.500,1668187.500,1023.402,-1135.541
660487.500,1668187.500,1032.887,-832.571
660562.500,1668187.500,1053.698,-638.398
660637.500,1668187.500,1067.987,-540.411
660712.500,1668187.500,1076.770,-480.645
660787.500,1668187.500,1082.401,-381.342
660862.500,1668187.500,1084.027,-294.211
660937.500,1668187.500,1081.004,-285.456
661012.500,1668187.500,1072.129,-205.512
661087.500,1668187.500,1053.853,-188.023
661162.500,1668187.500,1030.689,-153.922
661237.500,1668187.500,1004.725,-86.552
661312.500,1668187.500,976.582,-78.832
661387.500,1668187.500,957.308,-33.591
661462.500,1668187.500,955.079,-66.463
661537.500,1668187.500,940.245,-7.160
661612.500,1668187.500,920.290,8.253
661687.500,1668187.500,892.382,-42.129
661762.500,1668187.500,849.378,57.936
661837.500,1668187.500,810.351,153.024
661912.500,1668187.500,786.313,206.357
661987.500,1668187.500,779.081,216.005
662062.500,1668187.500,781.634,126.349
662137.500,1668187.500,783.483,-162.230
662212.500,1668187.500,778.292,-414.021
662287.500,1668187.500,773.802,-524.262
662362.500,1668187.500,767.015,-370.003
662437.500,1668187.500,756.735,-198.574
662512.500,1668187.500,750.379,-147.250
662587.500,1668187.500,751.719,-106.816
662662.500,1668187.500,758.465,-71.433
662737.500,1668187.500,762.191,7.802
662812.500,1668187.500,753.320,-9.037
662887.500,1668187.500,737.886,-29.997
662962.500,1668187.500,730.906,26.773
663037.500,1668187.500,740.707,-4.470
663112.500,1668187.500,760.708,11.837
663187.500,1668187.500,769.534,-12.531
663262.500,1668187.500,767.356,-17.287
663337.500,1668187.500,769.496,17.339
663412.500,1668187.500,765.368,-12.177
663487.500,1668187.500,764.870,-12.161
663562.500,1668187.500,770.975,20.014
663637.500,1668187.500,764.284,-19.753
663712.500,1668187.500,752.404,-24.421
663787.500,1668187.500,740.909,13.877
663862.500,1668187.500,732.959,-35.035
663937.500,1668187.500,729.720,-12.003
664012.500,1668187.500,729.952,-5.078
664087.500,1668187.500,730.965,-24.647
664162.500,1668187.500,728.894,-20.630
664237.500,1668187.500,727.996,13.561
664312.500,1668187.500,720.391,6.111
664387.500,1668187.500,711.144,-18.049
664462.500,1668187.500,706.515,10.329
664537.500,1668187.500,708.704,29.230
664612.500,1668187.500,717.318,-25.413
659662.500,1668112.500,967.540,311.557
659737.500,1668112.500,999.406,426.622
659812.500,1668112.500,1026.722,460.668
659887.500,1668112.500,1047.546,543.987
659962.500,1668112.500,1060.521,595.129
660037.500,1668112.500,1063.311,645.572
660112.500,1668112.500,1062.808,605.519
660187.500,1668112.500,1050.984,207.728
660262.500,1668112.500,1031.844,-485.963
660337.500,1668112.500,1014.385,-1151.188
660412.500,1668112.500,1006.551,-1464.693
660487.500,1668112.500,1017.486,-1059.931
660562.500,1668112.500,1040.312,-821.169
660637.500,1668112.500,1055.474,-636.463
660712.500,1668112.500,1065.220,-496.433
660787.500,1668112.500,1074.791,-403.090
660862.500,1668112.500,1084.582,-335.075
660937.500,1668112.500,1086.936,-240.317
661012.500,1668112.500,1080.907,-221.931
661087.500,1668112.500,1070.479,-227.045
661162.500,1668112.500,1055.814,-191.961
661237.500,1668112.500,1036.377,-88.857
661312.500,1668112.500,1014.028,-125.066
661387.500,1668112.500,1001.305,-87.777
661462.500,1668112.500,991.500,-30.308
661537.500,1668112.500,971.099,-9.731
661612.500,1668112.500,941.613,-20.779
661687.500,1668112.500,903.620,15.276
661762.500,1668112.500,858.346,17.173
661837.500,1668112.500,818.348,80.731
661912.500,1668112.500,796.897,143.046
661987.500,1668112.500,794.306,184.856
662062.500,1668112.500,799.143,165.472
662137.500,1668112.500,799.315,85.289
662212.500,1668112.500,789.270,-82.008
662287.500,1668112.500,778.307,-405.829
662362.500,1668112.500,764.653,-509.342
662437.500,1668112.500,752.315,-356.409
662512.500,1668112.500,745.244,-224.918
662587.500,1668112.500,743.547,-116.489
662662.500,1668112.500,745.315,-119.734
662737.500,1668112.500,749.872,-71.556
662812.500,1668112.500,746.924,-68.049
662887.500,1668112.500,733.684,-24.638
662962.500,1668112.500,725.315,-11.304
663037.500,1668112.500,733.121,9.555
663112.500,1668112.500,753.946,15.984
663187.500,1668112.500,766.370,7.332
663262.500,1668112.500,754.693,30.158
663337.500,1668112.500,746.818,32.044
663412.500,1668112.500,743.098,8.581
663487.500,1668112.500,748.223,9.575
663562.500,1668112.500,756.236,-35.825
663637.500,1668112.500,746.302,8.638
663712.500,1668112.500,741.033,2.346
663787.500,1668112.500,732.874,-30.345
663862.500,1668112.500,734.611,-6.526
663937.500,1668112.500,743.990,19.511
664012.500,1668112.500,752.586,-23.838
664087.500,1668112.500,754.401,24.803
664162.500,1668112.500,744.416,8.894
664237.500,1668112.500,731.302,-4.729
664312.500,1668112.500,718.435,-3.081
664387.500,1668112.500,707.391,15.703
664462.500,1668112.500,698.817,-28.247
664537.500,1668112.500,694.330,38.936
664612.500,1668112.500,696.679,-16.633
659662.500,1668037.500,962.246,237.798
659737.500,1668037.500,989.689,342.458
659812.500,1668037.500,1015.138,396.332
659887.500,1668037.500,1037.166,485.126
659962.500,1668037.500,1054.614,555.251
660037.500,1668037.500,1060.979,620.494
660112.500,1668037.500,1060.837,623.961
660187.500,1668037.500,1045.776,682.419
660262.500,1668037.500,1022.127,482.360
660337.500,1668037.500,1002.120,-502.773
660412.500,1668037.500,995.084,-1491.199
660487.500,1668037.500,1008.172,-1265.590
660562.500,1668037.500,1027.546,-919.293
660637.500,1668037.500,1041.802,-721.139
660712.500,1668037.500,1050.277,-657.344
660787.500,1668037.500,1058.011,-498.982
660862.500,1668037.500,1070.861,-479.570
660937.500,1668037.500,1083.169,-304.631
661012.500,1668037.500,1084.030,-342.848
661087.500,1668037.500,1079.386,-237.379
661162.500,1668037.500,1071.770,-179.853
661237.500,1668037.500,1060.741,-142.406
661312.500,1668037.500,1045.429,-132.377
661387.500,1668037.500,1034.297,-143.577
661462.500,1668037.500,1015.771,-88.668
661537.500,1668037.500,983.830,-63.707
661612.500,1668037.500,941.017,-19.043
661687.500,1668037.500,897.370,26.762
661762.500,1668037.500,864.662,53.315
661837.500,1668037.500,843.202,115.367
661912.500,1668037.500,825.669,119.374
661987.500,1668037.500,819.695,124.108
662062.500,1668037.500,815.961,187.799
662137.500,1668037.500,805.987,150.118
662212.500,1668037.500,787.707,119.012
662287.500,1668037.500,771.176,-133.160
662362.500,1668037.500,758.558,-615.756
662437.500,1668037.500,751.635,-585.767
662512.500,1668037.500,747.553,-351.492
662587.500,1668037.500,743.421,-231.239
662662.500,1668037.500,738.168,-153.216
662737.500,1668037.500,733.741,-127.524
662812.500,1668037.500,730.719,-63.934
662887.500,1668037.500,723.793,-10.392
662962.500,1668037.500,719.186,-27.965
663037.500,1668037.500,726.102,-26.642
663112.500,1668037.500,746.384,-25.658
663187.500,1668037.500,765.669,27.784
663262.500,1668037.500,754.637,-32.594
663337.500,1668037.500,735.635,15.363
663412.500,1668037.500,725.632,3.694
663487.500,1668037.500,729.100,39.029
663562.500,1668037.500,736.839,26.679
663637.500,1668037.500,733.885,-0.226
663712.500,1668037.500,734.862,-28.712
663787.500,1668037.500,728.336,29.004
663862.500,1668037.500,737.004,28.611
663937.500,1668037.500,756.969,-22.416
664012.500,1668037.500,772.070,12.611
664087.500,1668037.500,770.841,-17.570
664162.500,1668037.500,755.644,-16.818
664237.500,1668037.500,732.077,-32.559
664312.500,1668037.500,714.767,16.946
664387.500,1668037.500,704.938,4.078
664462.500,1668037.500,697.721,8.347
664537.500,1668037.500,690.579,26.895
664612.500,1668037.500,686.032,11.623
659662.500,1667962.500,951.069,227.871
659737.500,1667962.500,976.664,278.564
659812.500,1667962.500,1001.503,287.809
659887.500,1667962.500,1023.806,378.093
659962.500,1667962.500,1045.855,411.905
660037.500,1667962.500,1055.106,500.446
660112.500,1667962.500,1054.509,626.976
660187.500,1667962.500,1039.591,828.482
660262.500,1667962.500,1015.322,920.645
660337.500,1667962.500,993.443,212.248
660412.500,1667962.500,985.771,-874.224
660487.500,1667962.500,998.891,-1368.771
660562.500,1667962.500,1013.246,-1213.873
660637.500,1667962.500,1028.270,-937.878
660712.500,1667962.500,1038.943,-749.409
660787.500,1667962.500,1045.505,-649.236
660862.500,1667962.500,1055.630,-492.307
660937.500,1667962.500,1070.649,-388.650
661012.500,1667962.500,1081.020,-358.075
661087.500,1667962.500,1082.236,-240.550
661162.500,1667962.500,1078.998,-250.384
661237.500,1667962.500,1073.624,-220.067
661312.500,1667962.500,1063.999,-163.435
661387.500,1667962.500,1050.016,-144.081
661462.500,1667962.500,1028.464,-137.278
661537.500,1667962.500,995.335,-76.505
661612.500,1667962.500,950.066,-8.430
661687.500,1667962.500,909.533,32.280
661762.500,1667962.500,894.887,5.405
661837.500,1667962.500,887.632,54.878
661912.500,1667962.500,866.687,67.187
661987.500,1667962.500,851.099,97.169
662062.500,1667962.500,832.895,149.957
662137.500,1667962.500,808.607,185.218
662212.500,1667962.500,783.350,224.684
662287.500,1667962.500,771.557,156.207
662362.500,1667962.500,766.442,-151.216
662437.500,1667962.500,762.692,-508.692
662512.500,1667962.500,757.712,-549.239
662587.500,1667962.500,750.298,-361.728
662662.500,1667962.500,740.587,-226.649
662737.500,1667962.500,729.794,-134.338
662812.500,1667962.500,723.014,-149.626
662887.500,1667962.500,717.726,-43.616
662962.500,1667962.500,714.533,-60.975
663037.500,1667962.500,717.752,-4.595
663112.500,1667962.500,730.858,-13.622
663187.500,1667962.500,750.927,-4.754
663262.500,1667962.500,749.715,-22.202
663337.500,1667962.500,729.948,0.681
663412.500,1667962.500,718.337,-37.295
663487.500,1667962.500,719.623,21.085
663562.500,1667962.500,723.182,-6.401
663637.500,1667962.500,719.861,-49.703
663712.500,1667962.500,724.293,20.584
663787.500,1667962.500,731.828,31.763
663862.500,1667962.500,742.075,-18.649
663937.500,1667962.500,757.833,20.898
664012.500,1667962.500,774.195,-18.099
664087.500,1667962.500,774.996,-47.701
664162.500,1667962.500,761.265,-10.189
664237.500,1667962.500,743.653,3.518
664312.500,1667962.500,732.435,-0.043
664387.500,1667962.500,723.132,-0.534
664462.500,1667962.500,710.706,3.379
664537.500,1667962.500,697.339,2.000
664612.500,1667962.500,687.173,-6.288
659662.500,1667887.500,935.539,165.383
659737.500,1667887.500,959.835,211.630
659812.500,1667887.500,985.489,256.074
659887.500,1667887.500,1010.068,311.309
659962.500,1667887.500,1034.562,348.186
660037.500,1667887.500,1043.883,436.192
660112.500,1667887.500,1039.980,558.221
660187.500,1667887.500,1026.061,711.978
660262.500,1667887.500,1005.334,868.001
660337.500,1667887.500,985.236,947.707
660412.500,1667887.500,976.051,497.537
660487.500,1667887.500,985.923,-660.934
660562.500,1667887.500,997.638,-1280.250
660637.500,1667887.500,1014.765,-1264.679
660712.500,1667887.500,1029.864,-953.374
660787.500,1667887.500,1038.453,-725.924
660862.500,1667887.500,1045.661,-590.188
660937.500,1667887.500,1056.084,-474.038
661012.500,1667887.500,1074.042,-397.284
661087.500,1667887.500,1081.415,-363.383
661162.500,1667887.500,1081.180,-257.535
661237.500,1667887.500,1076.934,-275.884
661312.500,1667887.500,1067.066,-179.589
661387.500,1667887.500,1049.285,-165.719
661462.500,1667887.500,1032.996,-164.197
661537.500,1667887.500,1009.180,-107.587
661612.500,1667887.500,971.612,-38.995
661687.500,1667887.500,938.253,-43.009
661762.500,1667887.500,934.818,-35.748
661837.500,1667887.500,934.916,-1.430
661912.500,1667887.500,909.328,14.433
661987.500,1667887.500,881.503,34.219
662062.500,1667887.500,847.909,106.537
662137.500,1667887.500,812.197,166.219
662212.500,1667887.500,786.344,198.097
662287.500,1667887.500,785.339,237.130
662362.500,1667887.500,786.351,123.703
662437.500,1667887.500,780.196,-122.097
662512.500,1667887.500,769.990,-454.549
662587.500,1667887.500,757.322,-526.268
662662.500,1667887.500,742.714,-384.689
662737.500,1667887.500,729.822,-263.443
662812.500,1667887.500,721.377,-133.347
662887.500,1667887.500,715.991,-97.672
662962.500,1667887.500,712.315,-71.505
663037.500,1667887.500,711.214,-58.658
663112.500,1667887.500,716.315,-29.843
663187.500,1667887.500,733.477,-24.820
663262.500,1667887.500,740.301,-25.704
663337.500,1667887.500,724.522,-37.042
663412.500,1667887.500,714.683,-38.297
663487.500,1667887.500,713.823,-0.588
663562.500,1667887.500,711.792,1.668
663637.500,1667887.500,708.057,41.396
663712.500,1667887.500,718.810,-5.394
663787.500,1667887.500,740.007,16.259
663862.500,1667887.500,756.119,18.654
663937.500,1667887.500,767.966,-6.382
664012.500,1667887.500,777.668,-4.043
664087.500,1667887.500,776.513,-13.753
664162.500,1667887.500,763.535,29.738
664237.500,1667887.500,753.938,-33.866
664312.500,1667887.500,749.364,-5.100
664387.500,1667887.500,740.730,22.875
664462.500,1667887.500,724.348,-5.749
664537.500,1667887.500,706.599,-14.367
664612.500,1667887.500,692.650,1.552
659662.500,1667812.500,914.436,161.672
659737.500,1667812.500,936.170,195.310
659812.500,1667812.500,964.754,229.418
659887.500,1667812.500,995.825,287.825
659962.500,1667812.500,1017.705,346.084
660037.500,1667812.500,1025.908,356.627
660112.500,1667812.500,1016.654,470.510
660187.500,1667812.500,1002.481,641.698
660262.500,1667812.500,988.951,813.071
660337.500,1667812.500,976.418,1070.815
660412.500,1667812.500,964.265,1192.176
660487.500,1667812.500,968.782,518.097
660562.500,1667812.500,983.556,-693.907
660637.500,1667812.500,1001.351,-1314.166
660712.500,1667812.500,1015.759,-1231.898
660787.500,1667812.500,1026.116,-872.934
660862.500,1667812.500,1038.070,-772.982
660937.500,1667812.500,1048.907,-598.128
661012.500,1667812.500,1066.867,-487.170
661087.500,1667812.500,1076.857,-375.117
661162.500,1667812.500,1079.655,-386.524
661237.500,1667812.500,1074.454,-289.085
661312.500,1667812.500,1057.343,-211.099
661387.500,1667812.500,1037.867,-170.370
661462.500,1667812.500,1032.349,-150.704
661537.500,1667812.500,1018.734,-131.704
661612.500,1667812.500,992.094,-53.945
661687.500,1667812.500,966.213,-93.412
661762.500,1667812.500,961.290,-17.470
661837.500,1667812.500,967.903,-12.057
661912.500,1667812.500,943.970,14.821
661987.500,1667812.500,905.055,41.201
662062.500,1667812.500,860.366,79.776
662137.500,1667812.500,822.683,140.429
662212.500,1667812.500,804.652,135.272
662287.500,1667812.500,810.551,144.151
662362.500,1667812.500,808.891,168.736
662437.500,1667812.500,795.064,114.193
662512.500,1667812.500,777.587,-88.954
662587.500,1667812.500,759.066,-372.786
662662.500,1667812.500,739.643,-530.533
662737.500,1667812.500,728.918,-316.263
662812.500,1667812.500,723.609,-195.861
662887.500,1667812.500,718.401,-85.641
662962.500,1667812.500,712.994,-124.645
663037.500,1667812.500,708.466,-74.988
663112.500,1667812.500,708.191,-52.543
663187.500,1667812.500,719.292,-6.242
663262.500,1667812.500,727.871,-41.364
663337.500,1667812.500,717.565,16.662
663412.500,1667812.500,710.535,21.130
663487.500,1667812.500,708.651,9.882
663562.500,1667812.500,704.305,3.845
663637.500,1667812.500,700.325,-33.583
663712.500,1667812.500,714.968,-1.016
663787.500,1667812.500,740.144,-34.412
663862.500,1667812.500,763.166,-14.851
663937.500,1667812.500,775.780,-4.116
664012.500,1667812.500,777.876,-13.827
664087.500,1667812.500,774.019,11.272
664162.500,1667812.500,759.604,-9.014
664237.500,1667812.500,753.286,-36.281
664312.500,1667812.500,754.452,-26.569
664387.500,1667812.500,751.101,-30.413
664462.500,1667812.500,736.826,-11.206
664537.500,1667812.500,716.618,19.845
664612.500,1667812.500,699.266,5.882
659662.500,1667737.500,899.276,134.529
659737.500,1667737.500,921.378,125.455
659812.500,1667737.500,939.996,242.055
659887.500,1667737.500,961.305,227.172
659962.500,1667737.500,983.458,336.027
660037.500,1667737.500,995.362,310.486
660112.500,1667737.500,993.869,392.115
660187.500,1667737.500,981.726,590.622
660262.500,1667737.500,966.971,632.320
660337.500,1667737.500,959.281,881.211
660412.500,1667737.500,962.024,980.206
660487.500,1667737.500,970.149,777.368
660562.500,1667737.500,982.929,73.386
660637.500,1667737.500,994.805,-863.848
660712.500,1667737.500,1004.921,-1228.901
660787.500,1667737.500,1016.062,-1132.062
660862.500,1667737.500,1031.706,-941.770
660937.500,1667737.500,1048.028,-772.070
661012.500,1667737.500,1061.363,-635.538
661087.500,1667737.500,1067.208,-509.713
661162.500,1667737.500,1069.592,-402.883
661237.500,1667737.500,1069.245,-335.014
661312.500,1667737.500,1061.039,-293.107
661387.500,1667737.500,1043.287,-240.995
661462.500,1667737.500,1035.866,-173.059
661537.500,1667737.500,1024.938,-140.326
661612.500,1667737.500,1009.402,-114.201
661687.500,1667737.500,994.743,-104.223
661762.500,1667737.500,987.826,-49.642
661837.500,1667737.500,987.667,-41.943
661912.500,1667737.500,963.756,-33.646
661987.500,1667737.500,922.648,3.141
662062.500,1667737.500,880.586,75.275
662137.500,1667737.500,851.292,121.981
662212.500,1667737.500,839.924,97.283
662287.500,1667737.500,836.576,82.165
662362.500,1667737.500,821.137,170.389
662437.500,1667737.500,797.850,177.717
662512.500,1667737.500,774.584,230.404
662587.500,1667737.500,754.688,5.852
662662.500,1667737.500,739.397,-341.598
662737.500,1667737.500,736.259,-434.435
662812.500,1667737.500,734.532,-292.076
662887.500,1667737.500,726.063,-252.913
662962.500,1667737.500,716.032,-210.536
663037.500,1667737.500,708.515,-92.199
663112.500,1667737.500,705.121,-57.651
663187.500,1667737.500,706.660,-29.943
663262.500,1667737.500,713.356,-45.034
663337.500,1667737.500,710.475,-49.879
663412.500,1667737.500,705.942,-48.521
663487.500,1667737.500,704.505,-1.635
663562.500,1667737.500,703.692,4.250
663637.500,1667737.500,695.599,-23.976
663712.500,1667737.500,703.505,-17.415
663787.500,1667737.500,721.656,-22.669
663862.500,1667737.500,742.810,-46.721
663937.500,1667737.500,757.053,-6.083
664012.500,1667737.500,761.625,6.898
664087.500,1667737.500,762.096,-13.534
664162.500,1667737.500,745.875,-35.876
664237.500,1667737.500,738.625,-11.338
664312.500,1667737.500,745.892,19.333
664387.500,1667737.500,753.073,34.503
664462.500,1667737.500,746.640,-1.262
664537.500,1667737.500,726.077,-21.103
664612.500,1667737.500,705.403,-43.700
659662.500,1667662.500,881.112,74.795
659737.500,1667662.500,905.982,129.748
659812.500,1667662.500,920.492,163.841
659887.500,1667662.500,931.198,197.678
659962.500,1667662.500,946.892,226.869
660037.500,1667662.500,965.593,244.318
660112.500,1667662.500,973.773,301.443
660187.500,1667662.500,965.699,427.332
660262.500,1667662.500,952.602,509.440
660337.500,1667662.500,952.132,707.481
660412.500,1667662.500,968.551,696.327
660487.500,1667662.500,974.483,838.895
660562.500,1667662.500,980.598,668.602
660637.500,1667662.500,987.938,35.873
660712.500,1667662.500,997.526,-829.308
660787.500,1667662.500,1010.730,-1228.754
660862.500,1667662.500,1027.383,-1182.138
660937.500,1667662.500,1042.835,-913.494
661012.500,1667662.500,1049.548,-686.362
661087.500,1667662.500,1051.271,-649.984
661162.500,1667662.500,1053.844,-555.787
661237.500,1667662.500,1058.941,-420.416
661312.500,1667662.500,1061.672,-356.508
661387.500,1667662.500,1055.593,-321.896
661462.500,1667662.500,1048.850,-259.087
661537.500,1667662.500,1040.777,-209.590
661612.500,1667662.500,1031.953,-170.060
661687.500,1667662.500,1023.142,-123.887
661762.500,1667662.500,1014.662,-83.007
661837.500,1667662.500,1006.341,-64.033
661912.500,1667662.500,985.771,-37.602
661987.500,1667662.500,956.779,17.634
662062.500,1667662.500,922.988,36.671
662137.500,1667662.500,892.403,-14.116
662212.500,1667662.500,872.307,63.395
662287.500,1667662.500,853.260,64.940
662362.500,1667662.500,828.077,121.355
662437.500,1667662.500,800.004,209.535
662512.500,1667662.500,774.587,252.912
662587.500,1667662.500,757.777,159.807
662662.500,1667662.500,753.024,-243.200
662737.500,1667662.500,756.297,-650.277
662812.500,1667662.500,750.717,-599.633
662887.500,1667662.500,734.831,-371.952
662962.500,1667662.500,719.238,-225.025
663037.500,1667662.500,709.766,-161.747
663112.500,1667662.500,705.800,-90.343
663187.500,1667662.500,702.797,-46.885
663262.500,1667662.500,703.923,-40.445
663337.500,1667662.500,707.883,-30.638
663412.500,1667662.500,705.746,-21.428
663487.500,1667662.500,700.977,-17.515
663562.500,1667662.500,698.691,-40.052
663637.500,1667662.500,691.805,-17.946
663712.500,1667662.500,694.969,-2.463
663787.500,1667662.500,705.862,-72.309
663862.500,1667662.500,716.496,3.366
663937.500,1667662.500,726.944,-4.955
664012.500,1667662.500,738.503,-32.843
664087.500,1667662.500,743.896,-25.766
664162.500,1667662.500,726.799,-13.751
664237.500,1667662.500,722.063,-0.950
664312.500,1667662.500,734.313,-16.163
664387.500,1667662.500,747.235,14.256
664462.500,1667662.500,746.480,0.159
664537.500,1667662.500,731.693,-22.390
664612.500,1667662.500,711.973,-15.355
659662.500,1667587.500,858.036,96.572
659737.500,1667587.500,881.438,127.481
659812.500,1667587.500,895.357,149.522
659887.500,1667587.500,903.362,159.489
659962.500,1667587.500,913.032,199.389
660037.500,1667587.500,934.400,238.637
660112.500,1667587.500,951.558,310.208
660187.500,1667587.500,952.983,325.050
660262.500,1667587.500,947.480,447.161
660337.500,1667587.500,953.149,465.607
660412.500,1667587.500,976.040,604.065
660487.500,1667587.500,987.050,680.193
660562.500,1667587.500,988.679,790.103
660637.500,1667587.500,991.327,609.056
660712.500,1667587.500,998.698,12.848
660787.500,1667587.500,1010.657,-813.467
660862.500,1667587.500,1024.357,-1328.100
660937.500,1667587.500,1035.667,-1244.662
661012.500,1667587.500,1036.261,-1062.514
661087.500,1667587.500,1034.258,-785.445
661162.500,1667587.500,1039.191,-576.619
661237.500,1667587.500,1051.280,-536.649
661312.500,1667587.500,1059.668,-340.867
661387.500,1667587.500,1062.437,-360.460
661462.500,1667587.500,1060.571,-272.771
661537.500,1667587.500,1056.859,-265.854
661612.500,1667587.500,1051.969,-194.565
661687.500,1667587.500,1044.778,-195.208
661762.500,1667587.500,1033.674,-146.682
661837.500,1667587.500,1020.994,-106.130
661912.500,1667587.500,1008.876,-87.366
661987.500,1667587.500,993.093,-52.570
662062.500,1667587.500,966.491,-0.341
662137.500,1667587.500,929.550,-13.114
662212.500,1667587.500,889.990,21.619
662287.500,1667587.500,854.219,82.271
662362.500,1667587.500,826.471,105.362
662437.500,1667587.500,800.763,138.066
662512.500,1667587.500,782.850,198.444
662587.500,1667587.500,776.023,153.800
662662.500,1667587.500,777.508,47.382
662737.500,1667587.500,774.366,-181.772
662812.500,1667587.500,760.545,-438.423
662887.500,1667587.500,740.574,-494.367
662962.500,1667587.500,724.577,-302.291
663037.500,1667587.500,716.372,-164.387
663112.500,1667587.500,712.945,-136.923
663187.500,1667587.500,707.548,-119.578
663262.500,1667587.500,702.652,-103.839
663337.500,1667587.500,701.628,-100.293
663412.500,1667587.500,698.651,-64.348
663487.500,1667587.500,694.293,-47.272
663562.500,1667587.500,691.395,-24.478
663637.500,1667587.500,688.439,-56.061
663712.500,1667587.500,688.636,11.729
663787.500,1667587.500,693.799,5.461
663862.500,1667587.500,698.689,9.741
663937.500,1667587.500,707.887,-24.579
664012.500,1667587.500,722.951,-9.662
664087.500,1667587.500,729.829,-32.382
664162.500,1667587.500,718.160,18.167
664237.500,1667587.500,711.152,-34.888
664312.500,1667587.500,724.303,-20.735
664387.500,1667587.500,740.007,17.685
664462.500,1667587.500,741.190,39.379
664537.500,1667587.500,733.822,-10.174
664612.500,1667587.500,724.686,-15.573
659662.500,1667512.500,830.694,25.063
659737.500,1667512.500,844.578,129.371
659812.500,1667512.500,857.190,118.712
659887.500,1667512.500,869.478,93.968
659962.500,1667512.500,879.466,184.026
660037.500,1667512.500,899.640,215.711
660112.500,1667512.500,921.804,236.556
660187.500,1667512.500,936.730,281.277
660262.500,1667512.500,946.464,373.563
660337.500,1667512.500,959.856,426.789
660412.500,1667512.500,982.619,496.180
660487.500,1667512.500,1002.854,575.191
660562.500,1667512.500,1005.953,665.091
660637.500,1667512.500,1005.175,716.831
660712.500,1667512.500,1007.211,514.660
660787.500,1667512.500,1013.348,-206.742
660862.500,1667512.500,1020.752,-1022.661
660937.500,1667512.500,1026.306,-1425.490
661012.500,1667512.500,1024.394,-1435.875
661087.500,1667512.500,1022.102,-1051.357
661162.500,1667512.500,1030.397,-748.389
661237.500,1667512.500,1047.722,-626.834
661312.500,1667512.500,1058.314,-486.285
661387.500,1667512.500,1064.864,-449.873
661462.500,1667512.500,1067.114,-354.840
661537.500,1667512.500,1067.254,-276.676
661612.500,1667512.500,1063.315,-267.954
661687.500,1667512.500,1054.500,-162.018
661762.500,1667512.500,1043.086,-143.063
661837.500,1667512.500,1032.005,-103.769
661912.500,1667512.500,1024.903,-108.765
661987.500,1667512.500,1015.904,-106.477
662062.500,1667512.500,994.040,-63.376
662137.500,1667512.500,953.822,-4.659
662212.500,1667512.500,900.676,18.705
662287.500,1667512.500,857.027,76.758
662362.500,1667512.500,831.547,96.156
662437.500,1667512.500,812.547,110.359
662512.500,1667512.500,802.634,167.228
662587.500,1667512.500,799.821,185.261
662662.500,1667512.500,796.558,133.266
662737.500,1667512.500,782.157,127.074
662812.500,1667512.500,764.117,-131.043
662887.500,1667512.500,746.868,-535.466
662962.500,1667512.500,736.025,-486.804
663037.500,1667512.500,730.204,-346.472
663112.500,1667512.500,724.578,-188.506
663187.500,1667512.500,720.046,-185.930
663262.500,1667512.500,711.771,-136.621
663337.500,1667512.500,702.198,-70.272
663412.500,1667512.500,695.033,-57.193
663487.500,1667512.500,690.518,-61.760
663562.500,1667512.500,687.171,-48.649
663637.500,1667512.500,685.582,-32.049
663712.500,1667512.500,684.189,-33.106
663787.500,1667512.500,684.859,-8.847
663862.500,1667512.500,687.724,-42.896
663937.500,1667512.500,694.997,-11.623
664012.500,1667512.500,706.100,12.219
664087.500,1667512.500,713.289,-12.878
664162.500,1667512.500,706.355,-32.566
664237.500,1667512.500,702.832,-27.852
664312.500,1667512.500,716.616,-11.974
664387.500,1667512.500,733.280,-24.272
664462.500,1667512.500,736.520,13.287
664537.500,1667512.500,729.369,-45.715
664612.500,1667512.500,731.233,23.302
659662.500,1667437.500,803.403,23.811
659737.500,1667437.500,802.259,75.423
659812.500,1667437.500,810.172,68.290
659887.500,1667437.500,824.167,128.967
659962.500,1667437.500,842.107,119.692
660037.500,1667437.500,863.718,142.853
660112.500,1667437.500,885.049,198.365
660187.500,1667437.500,912.383,240.442
660262.500,1667437.500,943.324,248.858
660337.500,1667437.500,970.435,358.432
660412.500,1667437.500,991.334,332.425
660487.500,1667437.500,1011.977,479.352
660562.500,1667437.500,1021.253,493.722
660637.500,1667437.500,1020.953,600.662
660712.500,1667437.500,1017.037,584.298
660787.500,1667437.500,1015.039,422.776
660862.500,1667437.500,1015.156,127.968
660937.500,1667437.500,1014.656,-467.560
661012.500,1667437.500,1015.475,-1166.614
661087.500,1667437.500,1018.130,-1215.458
661162.500,1667437.500,1028.575,-1014.869
661237.500,1667437.500,1045.790,-760.059
661312.500,1667437.500,1058.802,-576.266
661387.500,1667437.500,1066.561,-487.976
661462.500,1667437.500,1068.718,-434.221
661537.500,1667437.500,1070.594,-369.276
661612.500,1667437.500,1065.564,-314.782
661687.500,1667437.500,1053.556,-271.283
661762.500,1667437.500,1044.237,-202.094
661837.500,1667437.500,1039.228,-175.094
661912.500,1667437.500,1032.468,-145.481
661987.500,1667437.500,1023.916,-100.467
662062.500,1667437.500,1005.143,-118.005
662137.500,1667437.500,969.002,-2.018
662212.500,1667437.500,917.448,10.615
662287.500,1667437.500,876.040,6.290
662362.500,1667437.500,852.009,64.606
662437.500,1667437.500,837.289,62.220
662512.500,1667437.500,827.924,95.553
662587.500,1667437.500,818.468,109.662
662662.500,1667437.500,803.612,185.369
662737.500,1667437.500,782.106,157.285
662812.500,1667437.500,765.292,131.500
662887.500,1667437.500,755.802,-289.841
662962.500,1667437.500,752.713,-671.945
663037.500,1667437.500,748.844,-642.486
663112.500,1667437.500,738.510,-440.745
663187.500,1667437.500,733.231,-235.809
663262.500,1667437.500,723.136,-151.199
663337.500,1667437.500,709.547,-142.300
663412.500,1667437.500,698.790,-81.837
663487.500,1667437.500,692.064,-72.592
663562.500,1667437.500,687.805,-49.023
663637.500,1667437.500,687.202,-12.851
663712.500,1667437.500,685.482,-41.882
663787.500,1667437.500,682.636,4.848
663862.500,1667437.500,682.424,-33.016
663937.500,1667437.500,684.974,-26.470
664012.500,1667437.500,689.064,15.024
664087.500,1667437.500,694.918,-15.105
664162.500,1667437.500,693.521,-58.556
664237.500,1667437.500,697.065,-12.248
664312.500,1667437.500,708.380,-40.495
664387.500,1667437.500,721.433,-46.607
664462.500,1667437.500,727.324,-31.009
664537.500,1667437.500,721.122,-4.611
664612.500,1667437.500,726.771,-31.663
659662.500,1667362.500,786.646,28.535
659737.500,1667362.500,778.323,57.329
659812.500,1667362.500,782.279,85.595
659887.500,1667362.500,795.053,78.919
659962.500,1667362.500,821.774,88.620
660037.500,1667362.500,846.700,95.995
660112.500,1667362.500,870.511,158.554
660187.500,1667362.500,907.472,234.085
660262.500,1667362.500,950.212,277.112
660337.500,1667362.500,983.065,310.059
660412.500,1667362.500,1005.341,325.265
660487.500,1667362.500,1018.292,379.318
660562.500,1667362.500,1025.469,465.069
660637.500,1667362.500,1024.426,474.801
660712.500,1667362.500,1018.365,604.087
660787.500,1667362.500,1012.776,636.180
660862.500,1667362.500,1009.688,781.253
660937.500,1667362.500,1009.193,339.674
661012.500,1667362.500,1014.337,-627.754
661087.500,1667362.500,1020.378,-1304.979
661162.500,1667362.500,1029.214,-1384.439
661237.500,1667362.500,1042.329,-1047.954
661312.500,1667362.500,1056.007,-738.234
661387.500,1667362.500,1061.864,-679.772
661462.500,1667362.500,1064.077,-553.872
661537.500,1667362.500,1067.493,-462.936
661612.500,1667362.500,1064.337,-351.440
661687.500,1667362.500,1051.581,-360.070
661762.500,1667362.500,1038.008,-228.977
661837.500,1667362.500,1038.429,-220.098
661912.500,1667362.500,1040.496,-183.003
661987.500,1667362.500,1030.947,-159.800
662062.500,1667362.500,1013.295,-108.944
662137.500,1667362.500,988.049,-41.712
662212.500,1667362.500,951.920,-32.753
662287.500,1667362.500,915.021,-20.877
662362.500,1667362.500,885.343,20.496
662437.500,1667362.500,864.562,64.004
662512.500,1667362.500,846.183,80.191
662587.500,1667362.500,825.616,102.995
662662.500,1667362.500,802.652,162.072
662737.500,1667362.500,781.527,206.114
662812.500,1667362.500,767.393,204.189
662887.500,1667362.500,766.786,63.756
662962.500,1667362.500,770.361,-198.403
663037.500,1667362.500,767.181,-457.920
663112.500,1667362.500,752.555,-654.786
663187.500,1667362.500,740.140,-435.035
663262.500,1667362.500,729.143,-246.163
663337.500,1667362.500,719.475,-152.299
663412.500,1667362.500,708.820,-138.564
663487.500,1667362.500,698.635,-78.116
663562.500,1667362.500,693.160,-65.393
663637.500,1667362.500,696.245,-77.190
663712.500,1667362.500,695.151,-95.058
663787.500,1667362.500,690.583,-63.035
663862.500,1667362.500,685.938,-30.356
663937.500,1667362.500,681.702,-24.200
664012.500,1667362.500,678.190,-38.496
664087.500,1667362.500,679.873,-42.349
664162.500,1667362.500,684.782,-54.324
664237.500,1667362.500,692.462,-53.437
664312.500,1667362.500,697.350,-20.313
664387.500,1667362.500,703.667,-46.884
664462.500,1667362.500,712.557,-14.385
664537.500,1667362.500,712.665,-28.017
664612.500,1667362.500,713.873,-19.209
659662.500,1667287.500,774.340,94.004
659737.500,1667287.500,778.731,60.298
659812.500,1667287.500,787.764,63.450
659887.500,1667287.500,798.110,80.940
659962.500,1667287.500,825.034,72.759
660037.500,1667287.500,852.975,157.176
660112.500,1667287.500,879.657,173.606
660187.500,1667287.500,915.351,172.932
660262.500,1667287.500,954.488,222.405
660337.500,1667287.500,984.909,232.730
660412.500,1667287.500,1005.900,293.634
660487.500,1667287.500,1017.542,289.678
660562.500,1667287.500,1021.615,382.675
660637.500,1667287.500,1018.646,487.265
660712.500,1667287.500,1012.779,554.347
660787.500,1667287.500,1008.450,650.536
660862.500,1667287.500,1005.807,829.959
660937.500,1667287.500,1007.271,704.338
661012.500,1667287.500,1013.170,-63.437
661087.500,1667287.500,1020.419,-957.071
661162.500,1667287.500,1030.627,-1464.411
661237.500,1667287.500,1042.682,-1288.211
661312.500,1667287.500,1049.599,-960.936
661387.500,1667287.500,1046.351,-914.119
661462.500,1667287.500,1042.429,-647.446
661537.500,1667287.500,1049.252,-544.057
661612.500,1667287.500,1057.949,-409.274
661687.500,1667287.500,1055.567,-384.138
661762.500,1667287.500,1039.716,-376.358
661837.500,1667287.500,1035.859,-217.027
661912.500,1667287.500,1040.357,-247.511
661987.500,1667287.500,1033.028,-160.033
662062.500,1667287.500,1019.667,-143.209
662137.500,1667287.500,1005.374,-107.071
662212.500,1667287.500,986.360,-71.382
662287.500,1667287.500,953.587,-51.148
662362.500,1667287.500,919.227,-3.387
662437.500,1667287.500,886.604,30.565
662512.500,1667287.500,856.709,71.618
662587.500,1667287.500,829.725,89.902
662662.500,1667287.500,805.334,130.785
662737.500,1667287.500,784.099,198.586
662812.500,1667287.500,772.451,193.161
662887.500,1667287.500,776.980,217.824
662962.500,1667287.500,781.881,131.981
663037.500,1667287.500,776.214,-85.126
663112.500,1667287.500,759.664,-424.296
663187.500,1667287.500,746.298,-505.592
663262.500,1667287.500,740.451,-391.583
663337.500,1667287.500,735.261,-245.127
663412.500,1667287.500,722.613,-213.049
663487.500,1667287.500,707.319,-138.628
663562.500,1667287.500,700.700,-119.507
663637.500,1667287.500,706.307,-92.228
663712.500,1667287.500,705.960,-100.423
663787.500,1667287.500,703.507,-60.430
663862.500,1667287.500,700.886,-52.234
663937.500,1667287.500,693.143,-73.565
664012.500,1667287.500,679.267,-51.565
664087.500,1667287.500,675.094,-40.659
664162.500,1667287.500,679.381,-58.029
664237.500,1667287.500,683.292,-48.163
664312.500,1667287.500,684.353,8.320
664387.500,1667287.500,689.451,-38.384
664462.500,1667287.500,701.185,-32.675
664537.500,1667287.500,707.323,-41.193
664612.500,1667287.500,704.382,12.206
659662.500,1667212.500,781.697,65.647
659737.500,1667212.500,799.035,62.769
659812.500,1667212.500,808.290,68.117
659887.500,1667212.500,809.251,67.162
659962.500,1667212.500,828.426,87.295
660037.500,1667212.500,855.356,98.426
660112.500,1667212.500,884.492,150.270
660187.500,1667212.500,916.951,176.814
660262.500,1667212.500,951.066,209.400
660337.500,1667212.500,981.442,264.864
660412.500,1667212.500,1002.724,263.776
660487.500,1667212.500,1014.565,297.892
660562.500,1667212.500,1016.608,353.570
660637.500,1667212.500,1010.282,348.626
660712.500,1667212.500,1003.001,476.251
660787.500,1667212.500,1001.241,536.196
660862.500,1667212.500,1001.886,753.877
660937.500,1667212.500,1004.989,726.360
661012.500,1667212.500,1009.933,566.393
661087.500,1667212.500,1015.785,63.615
661162.500,1667212.500,1024.136,-784.082
661237.500,1667212.500,1033.593,-1419.010
661312.500,1667212.500,1037.106,-1382.857
661387.500,1667212.500,1026.918,-1072.974
661462.500,1667212.500,1021.624,-880.476
661537.500,1667212.500,1035.188,-724.933
661612.500,1667212.500,1059.186,-549.751
661687.500,1667212.500,1071.264,-404.965
661762.500,1667212.500,1054.632,-346.474
661837.500,1667212.500,1042.642,-341.291
661912.500,1667212.500,1045.130,-265.397
661987.500,1667212.500,1035.825,-209.544
662062.500,1667212.500,1021.080,-213.741
662137.500,1667212.500,1009.823,-152.709
662212.500,1667212.500,1000.563,-116.128
662287.500,1667212.500,978.053,-65.446
662362.500,1667212.500,942.363,-48.493
662437.500,1667212.500,898.268,-27.402
662512.500,1667212.500,857.009,42.867
662587.500,1667212.500,824.666,56.895
662662.500,1667212.500,800.291,77.639
662737.500,1667212.500,784.694,112.578
662812.500,1667212.500,780.842,170.294
662887.500,1667212.500,786.829,235.178
662962.500,1667212.500,790.477,204.930
663037.500,1667212.500,782.967,201.120
663112.500,1667212.500,763.842,-47.032
663187.500,1667212.500,748.206,-404.701
663262.500,1667212.500,743.843,-513.520
663337.500,1667212.500,740.091,-393.167
663412.500,1667212.500,727.670,-273.908
663487.500,1667212.500,712.145,-229.826
663562.500,1667212.500,705.863,-188.972
663637.500,1667212.500,709.739,-103.143
663712.500,1667212.500,710.477,-114.844
663787.500,1667212.500,707.795,-74.508
663862.500,1667212.500,703.628,-80.141
663937.500,1667212.500,696.272,-44.809
664012.500,1667212.500,684.658,-54.186
664087.500,1667212.500,674.640,-23.018
664162.500,1667212.500,674.174,-20.746
664237.500,1667212.500,674.780,16.086
664312.500,1667212.500,675.996,-25.570
664387.500,1667212.500,682.283,-39.768
664462.500,1667212.500,694.327,-40.495
664537.500,1667212.500,702.713,-26.859
664612.500,1667212.500,705.795,-5.583
659662.500,1667137.500,804.020,30.286
659737.500,1667137.500,827.052,84.625
659812.500,1667137.500,829.180,66.066
659887.500,1667137.500,815.842,49.917
659962.500,1667137.500,823.599,72.852
660037.500,1667137.500,850.403,85.799
660112.500,1667137.500,883.160,123.065
660187.500,1667137.500,913.882,118.042
660262.500,1667137.500,944.544,193.266
660337.500,1667137.500,976.303,180.539
660412.500,1667137.500,999.011,209.592
660487.500,1667137.500,1011.476,268.311
660562.500,1667137.500,1013.662,265.836
660637.500,1667137.500,1005.262,337.774
660712.500,1667137.500,995.068,458.461
660787.500,1667137.500,992.828,507.692
660862.500,1667137.500,996.287,601.857
660937.500,1667137.500,1001.178,670.809
661012.500,1667137.500,1003.638,735.220
661087.500,1667137.500,1006.760,816.098
661162.500,1667137.500,1011.469,388.309
661237.500,1667137.500,1016.324,-314.730
661312.500,1667137.500,1018.003,-1090.228
661387.500,1667137.500,1010.245,-1267.121
661462.500,1667137.500,1012.063,-1080.530
661537.500,1667137.500,1031.730,-807.441
661612.500,1667137.500,1060.963,-610.846
661687.500,1667137.500,1078.608,-522.602
661762.500,1667137.500,1067.449,-442.827
661837.500,1667137.500,1055.594,-441.180
661912.500,1667137.500,1053.666,-345.318
661987.500,1667137.500,1042.408,-226.407
662062.500,1667137.500,1024.077,-231.834
662137.500,1667137.500,1008.066,-172.744
662212.500,1667137.500,999.578,-144.450
662287.500,1667137.500,981.807,-117.484
662362.500,1667137.500,952.734,-98.367
662437.500,1667137.500,906.360,-48.793
662512.500,1667137.500,857.236,48.782
662587.500,1667137.500,820.297,49.888
662662.500,1667137.500,801.784,54.950
662737.500,1667137.500,795.856,85.871
662812.500,1667137.500,793.529,152.822
662887.500,1667137.500,792.540,144.966
662962.500,1667137.500,789.042,191.367
663037.500,1667137.500,777.987,223.970
663112.500,1667137.500,757.234,187.040
663187.500,1667137.500,738.402,-64.582
663262.500,1667137.500,735.208,-463.462
663337.500,1667137.500,731.797,-535.716
663412.500,1667137.500,721.164,-426.720
663487.500,1667137.500,709.188,-274.828
663562.500,1667137.500,705.884,-209.439
663637.500,1667137.500,706.181,-152.934
663712.500,1667137.500,706.005,-122.535
663787.500,1667137.500,704.058,-108.988
663862.500,1667137.500,698.949,-93.191
663937.500,1667137.500,693.295,-104.739
664012.500,1667137.500,689.862,-67.265
664087.500,1667137.500,684.771,-3.594
664162.500,1667137.500,673.807,-64.478
664237.500,1667137.500,670.052,-32.722
664312.500,1667137.500,670.488,-20.627
664387.500,1667137.500,674.783,0.863
664462.500,1667137.500,683.477,33.354
664537.500,1667137.500,694.318,-24.054
664612.500,1667137.500,703.959,-31.056
659662.500,1667062.500,819.471,63.164
659737.500,1667062.500,841.666,53.815
659812.500,1667062.500,836.491,97.470
659887.500,1667062.500,813.218,77.640
659962.500,1667062.500,811.813,58.446
660037.500,1667062.500,842.498,83.185
660112.500,1667062.500,879.985,113.896
660187.500,1667062.500,911.611,134.420
660262.500,1667062.500,940.375,118.435
660337.500,1667062.500,971.064,121.633
660412.500,1667062.500,995.357,151.283
660487.500,1667062.500,1008.942,229.494
660562.500,1667062.500,1013.519,243.357
660637.500,1667062.500,1006.425,243.722
660712.500,1667062.500,993.584,332.700
660787.500,1667062.500,986.723,364.144
660862.500,1667062.500,990.849,489.053
660937.500,1667062.500,996.201,563.339
661012.500,1667062.500,995.513,711.349
661087.500,1667062.500,996.156,911.536
661162.500,1667062.500,997.710,1031.513
661237.500,1667062.500,998.297,558.663
661312.500,1667062.500,1000.374,-475.133
661387.500,1667062.500,1004.095,-1162.012
661462.500,1667062.500,1016.029,-1215.523
661537.500,1667062.500,1036.225,-1014.443
661612.500,1667062.500,1057.832,-768.785
661687.500,1667062.500,1070.691,-673.236
661762.500,1667062.500,1069.468,-578.508
661837.500,1667062.500,1064.955,-496.458
661912.500,1667062.500,1061.167,-390.072
661987.500,1667062.500,1050.530,-303.424
662062.500,1667062.500,1030.485,-224.244
662137.500,1667062.500,1007.460,-195.022
662212.500,1667062.500,991.398,-162.843
662287.500,1667062.500,970.275,-150.210
662362.500,1667062.500,949.417,-94.299
662437.500,1667062.500,910.442,-42.589
662512.500,1667062.500,863.374,-12.653
662587.500,1667062.500,828.033,62.892
662662.500,1667062.500,818.123,32.495
662737.500,1667062.500,815.522,55.276
662812.500,1667062.500,806.278,105.378
662887.500,1667062.500,794.215,175.985
662962.500,1667062.500,781.348,133.875
663037.500,1667062.500,765.792,207.342
663112.500,1667062.500,744.611,309.756
663187.500,1667062.500,723.167,266.090
663262.500,1667062.500,718.696,69.148
663337.500,1667062.500,714.437,-359.876
663412.500,1667062.500,706.722,-460.617
663487.500,1667062.500,700.853,-387.623
663562.500,1667062.500,702.758,-261.835
663637.500,1667062.500,700.890,-228.359
663712.500,1667062.500,697.170,-195.027
663787.500,1667062.500,695.401,-109.801
663862.500,1667062.500,691.326,-114.209
663937.500,1667062.500,687.842,-103.416
664012.500,1667062.500,690.111,-91.693
664087.500,1667062.500,694.707,-77.568
664162.500,1667062.500,679.474,-18.449
664237.500,1667062.500,669.831,-55.991
664312.500,1667062.500,666.579,-41.343
664387.500,1667062.500,667.794,14.151
664462.500,1667062.500,672.301,-29.085
664537.500,1667062.500,681.780,-17.169
664612.500,1667062.500,693.275,-7.087
659662.500,1666987.500,811.080,31.181
659737.500,1666987.500,829.394,29.783
659812.500,1666987.500,827.123,75.924
659887.500,1666987.500,808.438,62.203
659962.500,1666987.500,802.323,50.545
660037.500,1666987.500,831.784,47.463
660112.500,1666987.500,871.370,67.302
660187.500,1666987.500,907.034,86.324
660262.500,1666987.500,936.687,78.798
660337.500,1666987.500,963.589,171.196
660412.500,1666987.500,989.950,167.777
660487.500,1666987.500,1005.578,200.824
660562.500,1666987.500,1013.615,181.732
660637.500,1666987.500,1010.239,237.829
660712.500,1666987.500,997.104,289.147
660787.500,1666987.500,986.064,354.307
660862.500,1666987.500,990.238,409.928
660937.500,1666987.500,991.652,462.338
661012.500,1666987.500,988.998,656.305
661087.500,1666987.500,988.525,822.349
661162.500,1666987.500,988.797,998.500
661237.500,1666987.500,989.437,960.368
661312.500,1666987.500,996.948,159.093
661387.500,1666987.500,1011.214,-741.080
661462.500,1666987.500,1023.834,-1327.591
661537.500,1666987.500,1035.923,-1283.234
661612.500,1666987.500,1045.839,-1017.774
661687.500,1666987.500,1053.076,-772.880
661762.500,1666987.500,1059.704,-682.992
661837.500,1666987.500,1060.258,-584.254
661912.500,1666987.500,1060.874,-452.880
661987.500,1666987.500,1053.619,-384.433
662062.500,1666987.500,1036.744,-321.571
662137.500,1666987.500,1012.628,-302.240
662212.500,1666987.500,985.495,-218.184
662287.500,1666987.500,958.044,-151.812
662362.500,1666987.500,937.008,-137.408
662437.500,1666987.500,909.693,-89.595
662512.500,1666987.500,878.355,-49.716
662587.500,1666987.500,855.127,19.000
662662.500,1666987.500,849.524,29.425
662737.500,1666987.500,835.351,10.454
662812.500,1666987.500,813.794,36.241
662887.500,1666987.500,792.405,115.820
662962.500,1666987.500,772.939,136.924
663037.500,1666987.500,754.185,203.239
663112.500,1666987.500,733.709,268.601
663187.500,1666987.500,711.786,422.496
663262.500,1666987.500,703.084,354.285
663337.500,1666987.500,697.043,4.050
663412.500,1666987.500,692.311,-459.712
663487.500,1666987.500,691.826,-523.594
663562.500,1666987.500,697.290,-397.299
663637.500,1666987.500,696.451,-282.761
663712.500,1666987.500,689.305,-218.951
663787.500,1666987.500,685.570,-159.219
663862.500,1666987.500,682.769,-111.945
663937.500,1666987.500,681.624,-107.768
664012.500,1666987.500,685.364,-84.433
664087.500,1666987.500,695.438,-107.598
664162.500,1666987.500,686.137,-73.281
664237.500,1666987.500,672.790,-3.953
664312.500,1666987.500,664.911,-67.484
664387.500,1666987.500,663.127,0.602
664462.500,1666987.500,664.164,-27.354
664537.500,1666987.500,668.999,-56.224
664612.500,1666987.500,678.595,14.230
659662.500,1666912.500,789.062,57.738
659737.500,1666912.500,805.861,27.575
659812.500,1666912.500,814.672,61.312
659887.500,1666912.500,808.637,42.384
659962.500,1666912.500,797.155,57.033
660037.500,1666912.500,819.182,69.982
660112.500,1666912.500,859.680,75.334
660187.500,1666912.500,900.128,106.219
660262.500,1666912.500,931.617,118.931
660337.500,1666912.500,954.469,115.826
660412.500,1666912.500,978.333,152.218
660487.500,1666912.500,998.738,153.908
660562.500,1666912.500,1013.219,191.484
660637.500,1666912.500,1014.401,204.559
660712.500,1666912.500,1001.362,255.685
660787.500,1666912.500,986.179,340.897
660862.500,1666912.500,986.678,336.551
660937.500,1666912.500,985.786,382.905
661012.500,1666912.500,984.421,566.329
661087.500,1666912.500,983.501,660.751
661162.500,1666912.500,983.521,797.446
661237.500,1666912.500,986.949,938.017
661312.500,1666912.500,996.728,679.179
661387.500,1666912.500,1005.713,23.757
661462.500,1666912.500,1007.866,-620.049
661537.500,1666912.500,1010.472,-1092.099
661612.500,1666912.500,1014.816,-1245.579
661687.500,1666912.500,1022.751,-1099.171
661762.500,1666912.500,1037.563,-837.937
661837.500,1666912.500,1047.415,-643.990
661912.500,1666912.500,1046.560,-638.126
661987.500,1666912.500,1041.749,-478.178
662062.500,1666912.500,1033.402,-432.599
662137.500,1666912.500,1019.641,-324.022
662212.500,1666912.500,999.143,-286.547
662287.500,1666912.500,973.038,-200.038
662362.500,1666912.500,943.915,-164.018
662437.500,1666912.500,922.893,-123.178
662512.500,1666912.500,909.739,-109.102
662587.500,1666912.500,900.181,-44.906
662662.500,1666912.500,886.788,18.375
662737.500,1666912.500,851.362,-26.697
662812.500,1666912.500,813.350,22.786
662887.500,1666912.500,783.042,113.629
662962.500,1666912.500,760.966,125.741
663037.500,1666912.500,743.777,149.642
663112.500,1666912.500,727.040,231.327
663187.500,1666912.500,709.564,300.643
663262.500,1666912.500,701.047,323.767
663337.500,1666912.500,694.924,234.990
663412.500,1666912.500,690.253,-88.462
663487.500,1666912.500,687.262,-509.802
663562.500,1666912.500,686.712,-524.026
663637.500,1666912.500,689.848,-366.148
663712.500,1666912.500,685.466,-293.438
663787.500,1666912.500,678.567,-171.627
663862.500,1666912.500,674.239,-179.393
663937.500,1666912.500,674.705,-132.168
664012.500,1666912.500,679.181,-110.556
664087.500,1666912.500,685.057,-101.230
664162.500,1666912.500,685.182,-43.141
664237.500,1666912.500,676.359,-65.228
664312.500,1666912.500,667.059,-48.293
664387.500,1666912.500,661.566,-8.503
664462.500,1666912.500,659.831,-4.553
664537.500,1666912.500,660.972,-29.676
664612.500,1666912.500,667.399,-39.887
659662.500,1666837.500,769.724,25.381
659737.500,1666837.500,788.684,0.548
659812.500,1666837.500,809.684,18.235
659887.500,1666837.500,814.186,36.562
659962.500,1666837.500,797.415,46.289
660037.500,1666837.500,804.361,46.019
660112.500,1666837.500,835.704,65.699
660187.500,1666837.500,873.814,110.953
660262.500,1666837.500,910.803,109.593
660337.500,1666837.500,943.794,141.310
660412.500,1666837.500,968.052,147.502
660487.500,1666837.500,990.426,150.915
660562.500,1666837.500,1009.113,137.960
660637.500,1666837.500,1014.810,158.015
660712.500,1666837.500,1005.403,218.534
660787.500,1666837.500,989.531,247.357
660862.500,1666837.500,980.648,280.220
660937.500,1666837.500,977.615,372.962
661012.500,1666837.500,977.408,471.365
661087.500,1666837.500,978.996,532.647
661162.500,1666837.500,981.300,662.627
661237.500,1666837.500,984.415,788.416
661312.500,1666837.500,989.912,899.244
661387.500,1666837.500,991.193,982.192
661462.500,1666837.500,986.679,655.896
661537.500,1666837.500,982.024,-74.515
661612.500,1666837.500,982.662,-1007.899
661687.500,1666837.500,992.379,-1159.374
661762.500,1666837.500,1009.780,-908.632
661837.500,1666837.500,1027.802,-730.488
661912.500,1666837.500,1035.550,-649.958
661987.500,1666837.500,1033.382,-522.999
662062.500,1666837.500,1027.445,-501.050
662137.500,1666837.500,1020.063,-396.892
662212.500,1666837.500,1006.496,-295.608
662287.500,1666837.500,990.326,-297.094
662362.500,1666837.500,962.317,-221.318
662437.500,1666837.500,948.106,-142.734
662512.500,1666837.500,946.356,-157.051
662587.500,1666837.500,940.231,-102.977
662662.500,1666837.500,911.489,-73.456
662737.500,1666837.500,867.782,-48.169
662812.500,1666837.500,823.089,22.493
662887.500,1666837.500,784.476,35.190
662962.500,1666837.500,757.976,122.131
663037.500,1666837.500,741.019,123.229
663112.500,1666837.500,725.276,161.864
663187.500,1666837.500,715.635,217.035
663262.500,1666837.500,707.096,270.189
663337.500,1666837.500,701.670,289.847
663412.500,1666837.500,697.386,214.708
663487.500,1666837.500,692.525,-118.026
663562.500,1666837.500,686.800,-522.668
663637.500,1666837.500,681.943,-560.101
663712.500,1666837.500,680.847,-445.832
663787.500,1666837.500,675.429,-288.484
663862.500,1666837.500,670.860,-194.251
663937.500,1666837.500,670.286,-134.796
664012.500,1666837.500,673.031,-112.615
664087.500,1666837.500,674.852,-74.327
664162.500,1666837.500,676.420,-65.060
664237.500,1666837.500,675.215,-81.851
664312.500,1666837.500,669.264,-15.313
664387.500,1666837.500,662.584,-21.352
664462.500,1666837.500,659.774,-39.951
664537.500,1666837.500,657.802,12.407
664612.500,1666837.500,659.451,-0.076
659662.500,1666762.500,758.900,11.235
659737.500,1666762.500,781.010,50.376
659812.500,1666762.500,809.349,44.866
659887.500,1666762.500,819.979,56.223
659962.500,1666762.500,800.719,31.499
660037.500,1666762.500,791.406,37.884
660112.500,1666762.500,807.696,40.961
660187.500,1666762.500,838.493,57.798
660262.500,1666762.500,879.747,33.722
660337.500,1666762.500,925.586,120.102
660412.500,1666762.500,955.308,86.328
660487.500,1666762.500,980.111,140.417
660562.500,1666762.500,1001.608,116.585
660637.500,1666762.500,1011.638,168.367
660712.500,1666762.500,1008.061,162.841
660787.500,1666762.500,995.788,221.171
660862.500,1666762.500,981.624,221.353
660937.500,1666762.500,973.168,293.914
661012.500,1666762.500,973.689,386.051
661087.500,1666762.500,978.394,448.145
661162.500,1666762.500,982.870,540.810
661237.500,1666762.500,984.294,634.037
661312.500,1666762.500,982.549,769.341
661387.500,1666762.500,973.260,1151.383
661462.500,1666762.500,959.809,1486.015
661537.500,1666762.500,950.638,1217.354
661612.500,1666762.500,949.883,-12.450
661687.500,1666762.500,958.956,-1042.990
661762.500,1666762.500,977.061,-1162.024
661837.500,1666762.500,1001.407,-930.270
661912.500,1666762.500,1020.388,-718.764
661987.500,1666762.500,1025.856,-651.313
662062.500,1666762.500,1022.094,-568.658
662137.500,1666762.500,1015.876,-425.844
662212.500,1666762.500,1009.359,-436.056
662287.500,1666762.500,1001.026,-350.820
662362.500,1666762.500,984.931,-291.136
662437.500,1666762.500,977.523,-247.963
662512.500,1666762.500,976.350,-220.653
662587.500,1666762.500,965.772,-119.826
662662.500,1666762.500,930.960,-136.607
662737.500,1666762.500,891.870,-83.248
662812.500,1666762.500,845.597,-16.286
662887.500,1666762.500,804.875,-5.990
662962.500,1666762.500,777.211,49.868
663037.500,1666762.500,759.229,80.039
663112.500,1666762.500,741.420,117.210
663187.500,1666762.500,732.108,157.381
663262.500,1666762.500,720.969,173.575
663337.500,1666762.500,715.939,235.471
663412.500,1666762.500,711.062,304.594
663487.500,1666762.500,702.522,248.833
663562.500,1666762.500,691.346,-48.733
663637.500,1666762.500,680.426,-361.234
663712.500,1666762.500,677.245,-454.395
663787.500,1666762.500,673.074,-355.800
663862.500,1666762.500,669.217,-271.609
663937.500,1666762.500,667.195,-178.317
664012.500,1666762.500,667.276,-96.318
664087.500,1666762.500,667.685,-82.413
664162.500,1666762.500,669.362,-21.134
664237.500,1666762.500,670.012,-24.328
664312.500,1666762.500,667.356,-38.666
664387.500,1666762.500,662.736,-28.919
664462.500,1666762.500,658.962,-23.427
664537.500,1666762.500,656.591,4.536
664612.500,1666762.500,656.022,-19.600
659662.500,1666687.500,755.911,20.150
659737.500,1666687.500,777.717,9.886
659812.500,1666687.500,806.692,55.540
659887.500,1666687.500,822.598,27.637
659962.500,1666687.500,808.449,25.455
660037.500,1666687.500,787.815,11.596
660112.500,1666687.500,786.709,68.008
660187.500,1666687.500,806.625,45.057
660262.500,1666687.500,845.981,67.606
660337.500,1666687.500,895.408,74.252
660412.500,1666687.500,933.675,92.942
660487.500,1666687.500,964.546,68.861
660562.500,1666687.500,989.459,110.463
660637.500,1666687.500,1004.404,121.291
660712.500,1666687.500,1007.706,215.792
660787.500,1666687.500,1001.157,223.179
660862.500,1666687.500,987.894,234.357
660937.500,1666687.500,973.069,325.406
661012.500,1666687.500,972.875,344.736
661087.500,1666687.500,978.785,334.076
661162.500,1666687.500,984.134,406.683
661237.500,1666687.500,985.067,549.566
661312.500,1666687.500,979.233,687.383
661387.500,1666687.500,962.461,950.911
661462.500,1666687.500,936.495,1345.038
661537.500,1666687.500,919.677,1776.924
661612.500,1666687.500,915.612,1040.282
661687.500,1666687.500,922.844,-89.832
661762.500,1666687.500,942.813,-921.054
661837.500,1666687.500,971.715,-1046.977
661912.500,1666687.500,997.484,-836.323
661987.500,1666687.500,1012.829,-678.186
662062.500,1666687.500,1016.448,-594.143
662137.500,1666687.500,1013.054,-538.075
662212.500,1666687.500,1010.580,-468.944
662287.500,1666687.500,1007.551,-406.965
662362.500,1666687.500,1002.091,-311.610
662437.500,1666687.500,999.460,-272.942
662512.500,1666687.500,993.691,-234.737
662587.500,1666687.500,975.476,-203.457
662662.500,1666687.500,941.717,-177.513
662737.500,1666687.500,906.878,-107.070
662812.500,1666687.500,868.072,-21.562
662887.500,1666687.500,837.897,-31.347
662962.500,1666687.500,813.455,0.008
663037.500,1666687.500,789.673,41.798
663112.500,1666687.500,766.164,78.326
663187.500,1666687.500,751.382,106.623
663262.500,1666687.500,738.896,174.019
663337.500,1666687.500,730.815,211.540
663412.500,1666687.500,720.398,287.851
663487.500,1666687.500,705.681,344.720
663562.500,1666687.500,690.800,365.661
663637.500,1666687.500,679.553,92.292
663712.500,1666687.500,674.533,-227.676
663787.500,1666687.500,671.134,-316.556
663862.500,1666687.500,668.365,-185.140
663937.500,1666687.500,666.058,-133.061
664012.500,1666687.500,664.382,-106.028
664087.500,1666687.500,663.399,-74.344
664162.500,1666687.500,665.573,-70.252
664237.500,1666687.500,666.349,-45.445
664312.500,1666687.500,665.084,-20.193
664387.500,1666687.500,662.189,2.722
664462.500,1666687.500,658.820,-5.939
664537.500,1666687.500,656.771,3.107
664612.500,1666687.500,655.284,7.274
659662.500,1666612.500,755.369,11.057
659737.500,1666612.500,767.920,49.251
659812.500,1666612.500,794.535,-2.036
659887.500,1666612.500,820.601,32.237
659962.500,1666612.500,822.756,23.408
660037.500,1666612.500,800.842,-2.458
660112.500,1666612.500,782.537,74.352
660187.500,1666612.500,786.887,6.533
660262.500,1666612.500,815.349,70.850
660337.500,1666612.500,855.410,105.858
660412.500,1666612.500,899.100,77.818
660487.500,1666612.500,940.172,93.914
660562.500,1666612.500,970.369,70.188
660637.500,1666612.500,991.540,121.802
660712.500,1666612.500,1002.333,177.759
660787.500,1666612.500,1000.450,155.141
660862.500,1666612.500,990.211,170.811
660937.500,1666612.500,974.598,171.046
661012.500,1666612.500,970.988,297.775
661087.500,1666612.500,974.133,324.580
661162.500,1666612.500,979.173,364.970
661237.500,1666612.500,982.357,477.831
661312.500,1666612.500,979.214,534.581
661387.500,1666612.500,963.392,696.592
661462.500,1666612.500,926.148,1081.671
661537.500,1666612.500,895.836,1381.713
661612.500,1666612.500,883.417,1591.412
661687.500,1666612.500,889.898,1025.993
661762.500,1666612.500,913.289,-329.659
661837.500,1666612.500,942.670,-1032.826
661912.500,1666612.500,966.938,-1076.612
661987.500,1666612.500,988.830,-875.799
662062.500,1666612.500,1005.275,-745.989
662137.500,1666612.500,1012.574,-660.395
662212.500,1666612.500,1012.423,-582.637
662287.500,1666612.500,1012.020,-508.548
662362.500,1666612.500,1009.857,-431.979
662437.500,1666612.500,1010.814,-334.872
662512.500,1666612.500,1002.531,-290.261
662587.500,1666612.500,978.473,-201.686
662662.500,1666612.500,948.083,-178.919
662737.500,1666612.500,914.785,-158.084
662812.500,1666612.500,888.189,-112.639
662887.500,1666612.500,875.002,-69.025
662962.500,1666612.500,856.566,-38.050
663037.500,1666612.500,824.743,7.150
663112.500,1666612.500,792.003,85.825
663187.500,1666612.500,768.915,81.014
663262.500,1666612.500,754.534,125.278
663337.500,1666612.500,739.165,142.192
663412.500,1666612.500,721.117,197.579
663487.500,1666612.500,702.528,322.462
663562.500,1666612.500,687.272,429.503
663637.500,1666612.500,678.314,418.616
663712.500,1666612.500,672.872,192.480
663787.500,1666612.500,669.599,-51.502
663862.500,1666612.500,667.501,-97.861
663937.500,1666612.500,665.692,-47.106
664012.500,1666612.500,663.591,-59.796
664087.500,1666612.500,661.086,-38.056
664162.500,1666612.500,663.933,-32.508
664237.500,1666612.500,664.576,13.277
664312.500,1666612.500,662.975,-52.447
664387.500,1666612.500,660.434,-31.483
664462.500,1666612.500,658.334,0.539
664537.500,1666612.500,656.940,12.941
664612.500,1666612.500,655.109,-27.898
659662.500,1666537.500,765.962,38.273
659737.500,1666537.500,767.722,7.854
659812.500,1666537.500,783.698,5.976
659887.500,1666537.500,806.335,11.925
659962.500,1666537.500,819.276,35.624
660037.500,1666537.500,812.099,41.668
660112.500,1666537.500,790.306,17.161
660187.500,1666537.500,776.918,42.649
660262.500,1666537.500,786.416,37.323
660337.500,1666537.500,818.521,30.612
660412.500,1666537.500,861.676,102.493
660487.500,1666537.500,912.561,61.259
660562.500,1666537.500,946.536,97.736
660637.500,1666537.500,972.245,85.282
660712.500,1666537.500,991.011,117.313
660787.500,1666537.500,995.999,147.396
660862.500,1666537.500,990.814,171.209
660937.500,1666537.500,979.733,170.726
661012.500,1666537.500,970.845,224.631
661087.500,1666537.500,967.943,276.299
661162.500,1666537.500,971.077,354.437
661237.500,1666537.500,975.540,397.005
661312.500,1666537.500,973.038,482.570
661387.500,1666537.500,957.319,580.748
661462.500,1666537.500,919.410,722.726
661537.500,1666537.500,883.079,1006.141
661612.500,1666537.500,864.287,1401.893
661687.500,1666537.500,869.792,1400.333
661762.500,1666537.500,893.226,577.652
661837.500,1666537.500,914.398,-581.061
661912.500,1666537.500,933.721,-1231.734
661987.500,1666537.500,956.110,-1118.140
662062.500,1666537.500,981.990,-926.963
662137.500,1666537.500,1004.679,-744.992
662212.500,1666537.500,1013.698,-590.925
662287.500,1666537.500,1013.233,-484.964
662362.500,1666537.500,1015.508,-460.958
662437.500,1666537.500,1022.790,-430.846
662512.500,1666537.500,1016.986,-326.817
662587.500,1666537.500,991.148,-285.423
662662.500,1666537.500,962.767,-259.338
662737.500,1666537.500,938.424,-173.932
662812.500,1666537.500,916.653,-158.709
662887.500,1666537.500,908.476,-121.663
662962.500,1666537.500,894.054,-71.864
663037.500,1666537.500,860.323,-19.391
663112.500,1666537.500,817.017,3.411
663187.500,1666537.500,785.625,58.595
663262.500,1666537.500,763.523,52.594
663337.500,1666537.500,739.056,146.644
663412.500,1666537.500,717.947,188.764
663487.500,1666537.500,702.635,260.046
663562.500,1666537.500,689.397,293.083
663637.500,1666537.500,679.266,390.450
663712.500,1666537.500,672.519,381.004
663787.500,1666537.500,668.538,302.091
663862.500,1666537.500,666.160,83.118
663937.500,1666537.500,664.394,29.983
664012.500,1666537.500,662.556,11.499
664087.500,1666537.500,659.703,-20.471
664162.500,1666537.500,662.248,-32.116
664237.500,1666537.500,662.316,11.957
664312.500,1666537.500,660.110,-5.508
664387.500,1666537.500,657.517,-33.258
664462.500,1666537.500,656.339,1.752
664537.500,1666537.500,656.173,-19.205
664612.500,1666537.500,654.539,4.023
659662.500,1666462.500,782.049,29.252
659737.500,1666462.500,772.970,-1.861
659812.500,1666462.500,771.447,25.653
659887.500,1666462.500,783.951,-40.635
659962.500,1666462.500,803.428,33.541
660037.500,1666462.500,817.635,-12.270
660112.500,1666462.500,804.466,79.890
660187.500,1666462.500,780.575,38.640
660262.500,1666462.500,770.650,22.889
660337.500,1666462.500,791.503,65.784
660412.500,1666462.500,830.319,37.664
660487.500,1666462.500,879.541,69.401
660562.500,1666462.500,916.042,74.186
660637.500,1666462.500,944.759,94.170
660712.500,1666462.500,967.723,97.264
660787.500,1666462.500,980.490,135.639
660862.500,1666462.500,983.477,128.691
660937.500,1666462.500,982.717,170.322
661012.500,1666462.500,976.876,209.580
661087.500,1666462.500,969.492,213.859
661162.500,1666462.500,966.184,289.142
661237.500,1666462.500,969.088,328.977
661312.500,1666462.500,969.016,366.887
661387.500,1666462.500,954.612,439.541
661462.500,1666462.500,921.271,574.358
661537.500,1666462.500,885.635,738.703
661612.500,1666462.500,861.136,995.354
661687.500,1666462.500,857.880,1331.702
661762.500,1666462.500,875.182,1270.592
661837.500,1666462.500,886.977,709.888
661912.500,1666462.500,903.093,-363.783
661987.500,1666462.500,926.141,-1097.034
662062.500,1666462.500,955.887,-1040.680
662137.500,1666462.500,986.087,-845.676
662212.500,1666462.500,1006.142,-746.004
662287.500,1666462.500,1018.459,-657.256
662362.500,1666462.500,1024.653,-547.512
662437.500,1666462.500,1033.877,-426.628
662512.500,1666462.500,1028.705,-367.411
662587.500,1666462.500,1002.786,-390.321
662662.500,1666462.500,977.796,-343.498
662737.500,1666462.500,958.128,-204.154
662812.500,1666462.500,944.730,-162.193
662887.500,1666462.500,933.108,-165.667
662962.500,1666462.500,919.118,-113.919
663037.500,1666462.500,893.510,-72.244
663112.500,1666462.500,848.962,-7.173
663187.500,1666462.500,811.623,3.842
663262.500,1666462.500,781.557,67.230
663337.500,1666462.500,754.027,105.840
663412.500,1666462.500,730.388,157.128
663487.500,1666462.500,710.624,234.114
663562.500,1666462.500,693.050,283.523
663637.500,1666462.500,680.280,321.672
663712.500,1666462.500,672.430,433.748
663787.500,1666462.500,667.891,331.153
663862.500,1666462.500,665.162,209.797
663937.500,1666462.500,662.973,92.692
664012.500,1666462.500,660.638,19.023
664087.500,1666462.500,658.292,21.222
664162.500,1666462.500,657.671,-7.005
664237.500,1666462.500,658.214,5.454
664312.500,1666462.500,657.900,-9.890
664387.500,1666462.500,656.404,16.837
664462.500,1666462.500,655.020,-16.647
664537.500,1666462.500,655.554,-9.671
664612.500,1666462.500,654.792,-15.674
659662.500,1666387.500,789.579,-4.851
659737.500,1666387.500,774.408,5.937
659812.500,1666387.500,762.625,16.170
659887.500,1666387.500,766.341,24.787
659962.500,1666387.500,787.332,18.057
660037.500,1666387.500,811.483,12.114
660112.500,1666387.500,811.741,-6.897
660187.500,1666387.500,790.410,44.374
660262.500,1666387.500,767.618,17.035
660337.500,1666387.500,771.646,39.925
660412.500,1666387.500,801.152,19.168
660487.500,1666387.500,841.155,82.989
660562.500,1666387.500,874.755,78.438
660637.500,1666387.500,901.125,58.394
660712.500,1666387.500,922.830,98.452
660787.500,1666387.500,941.906,135.751
660862.500,1666387.500,957.725,120.745
660937.500,1666387.500,970.211,106.855
661012.500,1666387.500,974.792,178.300
661087.500,1666387.500,971.752,238.433
661162.500,1666387.500,965.446,190.454
661237.500,1666387.500,962.761,294.076
661312.500,1666387.500,964.647,309.383
661387.500,1666387.500,955.649,372.095
661462.500,1666387.500,931.480,463.641
661537.500,1666387.500,897.534,582.956
661612.500,1666387.500,864.621,801.897
661687.500,1666387.500,848.771,1001.939
661762.500,1666387.500,857.102,1340.843
661837.500,1666387.500,864.404,1437.144
661912.500,1666387.500,879.612,522.474
661987.500,1666387.500,903.279,-653.448
662062.500,1666387.500,930.857,-1232.198
662137.500,1666387.500,957.160,-1055.272
662212.500,1666387.500,982.171,-870.670
662287.500,1666387.500,1010.985,-775.585
662362.500,1666387.500,1027.937,-638.245
662437.500,1666387.500,1034.854,-575.850
662512.500,1666387.500,1025.567,-468.483
662587.500,1666387.500,1001.830,-450.549
662662.500,1666387.500,977.506,-381.362
662737.500,1666387.500,946.535,-339.094
662812.500,1666387.500,930.246,-226.102
662887.500,1666387.500,921.628,-177.866
662962.500,1666387.500,914.173,-114.711
663037.500,1666387.500,900.760,-111.885
663112.500,1666387.500,876.919,-53.546
663187.500,1666387.500,847.592,-6.782
663262.500,1666387.500,809.720,54.836
663337.500,1666387.500,773.450,32.841
663412.500,1666387.500,741.995,87.820
663487.500,1666387.500,717.238,132.014
663562.500,1666387.500,699.725,171.193
663637.500,1666387.500,684.536,270.697
663712.500,1666387.500,673.159,300.697
663787.500,1666387.500,667.297,217.391
663862.500,1666387.500,664.333,148.649
663937.500,1666387.500,662.050,110.032
664012.500,1666387.500,659.727,48.581
664087.500,1666387.500,657.069,37.631
664162.500,1666387.500,654.999,15.154
664237.500,1666387.500,655.316,30.956
664312.500,1666387.500,655.722,27.540
664387.500,1666387.500,655.327,-32.486
664462.500,1666387.500,654.748,28.140
664537.500,1666387.500,654.286,-8.158
664612.500,1666387.500,652.840,-21.033
659662.500,1666312.500,787.551,19.913
659737.500,1666312.500,773.245,-10.835
659812.500,1666312.500,759.517,-16.070
659887.500,1666312.500,756.602,2.636
659962.500,1666312.500,772.675,38.472
660037.500,1666312.500,793.342,-20.802
660112.500,1666312.500,805.049,-2.496
660187.500,1666312.500,796.302,-13.542
660262.500,1666312.500,771.860,-3.395
660337.500,1666312.500,759.090,19.391
660412.500,1666312.500,775.562,2.192
660487.500,1666312.500,804.480,43.865
660562.500,1666312.500,829.631,49.829
660637.500,1666312.500,849.628,73.486
660712.500,1666312.500,869.354,111.294
660787.500,1666312.500,894.759,65.849
660862.500,1666312.500,923.781,94.140
660937.500,1666312.500,947.067,110.423
661012.500,1666312.500,964.119,134.585
661087.500,1666312.500,971.321,177.453
661162.500,1666312.500,967.571,209.997
661237.500,1666312.500,959.437,217.373
661312.500,1666312.500,957.395,301.974
661387.500,1666312.500,952.498,309.508
661462.500,1666312.500,936.989,375.521
661537.500,1666312.500,907.529,443.754
661612.500,1666312.500,871.219,627.767
661687.500,1666312.500,845.279,832.594
661762.500,1666312.500,842.601,1071.552
661837.500,1666312.500,849.647,1258.864
661912.500,1666312.500,864.575,1150.255
661987.500,1666312.500,883.843,534.869
662062.500,1666312.500,905.017,-476.541
662137.500,1666312.500,928.124,-1133.155
662212.500,1666312.500,956.471,-1055.376
662287.500,1666312.500,993.703,-893.764
662362.500,1666312.500,1014.609,-665.508
662437.500,1666312.500,1018.082,-670.503
662512.500,1666312.500,1011.212,-540.991
662587.500,1666312.500,999.611,-461.531
662662.500,1666312.500,979.366,-431.545
662737.500,1666312.500,939.700,-350.048
662812.500,1666312.500,910.697,-286.115
662887.500,1666312.500,893.047,-251.124
662962.500,1666312.500,882.743,-195.693
663037.500,1666312.500,874.929,-122.821
663112.500,1666312.500,865.743,-93.847
663187.500,1666312.500,852.246,-50.448
663262.500,1666312.500,824.145,-14.735
663337.500,1666312.500,786.528,9.139
663412.500,1666312.500,749.654,42.755
663487.500,1666312.500,720.862,84.550
663562.500,1666312.500,700.220,114.686
663637.500,1666312.500,685.387,128.668
663712.500,1666312.500,673.988,174.521
663787.500,1666312.500,667.009,152.706
663862.500,1666312.500,663.089,137.117
663937.500,1666312.500,660.876,89.855
664012.500,1666312.500,659.427,70.138
664087.500,1666312.500,656.871,63.280
664162.500,1666312.500,654.090,6.862
664237.500,1666312.500,652.663,12.429
664312.500,1666312.500,652.240,4.236
664387.500,1666312.500,652.284,-8.878
664462.500,1666312.500,652.574,-17.232
664537.500,1666312.500,654.131,5.827
664612.500,1666312.500,652.644,9.026
659662.500,1666237.500,786.066,0.390
659737.500,1666237.500,778.649,16.953
659812.500,1666237.500,760.054,11.617
659887.500,1666237.500,749.500,25.190
659962.500,1666237.500,754.279,7.368
660037.500,1666237.500,767.679,11.542
660112.500,1666237.500,784.039,33.285
660187.500,1666237.500,790.237,5.233
660262.500,1666237.500,778.135,23.802
660337.500,1666237.500,758.182,34.524
660412.500,1666237.500,759.694,36.091
660487.500,1666237.500,777.438,41.429
660562.500,1666237.500,791.555,44.808
660637.500,1666237.500,805.190,35.371
660712.500,1666237.500,826.208,72.865
660787.500,1666237.500,857.812,57.579
660862.500,1666237.500,893.462,76.788
660937.500,1666237.500,922.198,99.540
661012.500,1666237.500,949.424,136.004
661087.500,1666237.500,967.232,181.367
661162.500,1666237.500,970.266,199.293
661237.500,1666237.500,961.291,227.024
661312.500,1666237.500,949.067,247.996
661387.500,1666237.500,942.378,276.009
661462.500,1666237.500,932.525,300.099
661537.500,1666237.500,911.308,375.061
661612.500,1666237.500,879.991,494.078
661687.500,1666237.500,849.973,685.799
661762.500,1666237.500,835.181,843.957
661837.500,1666237.500,841.203,1075.632
661912.500,1666237.500,853.362,1345.008
661987.500,1666237.500,865.267,1337.885
662062.500,1666237.500,880.712,478.677
662137.500,1666237.500,904.502,-734.657
662212.500,1666237.500,934.680,-1104.771
662287.500,1666237.500,970.606,-983.647
662362.500,1666237.500,984.320,-826.588
662437.500,1666237.500,983.591,-826.069
662512.500,1666237.500,985.468,-635.955
662587.500,1666237.500,993.849,-499.166
662662.500,1666237.500,987.020,-474.287
662737.500,1666237.500,949.948,-437.924
662812.500,1666237.500,909.084,-291.330
662887.500,1666237.500,873.901,-295.960
662962.500,1666237.500,848.660,-200.645
663037.500,1666237.500,833.828,-193.299
663112.500,1666237.500,825.854,-157.310
663187.500,1666237.500,823.472,-123.706
663262.500,1666237.500,811.381,-32.645
663337.500,1666237.500,782.162,-44.515
663412.500,1666237.500,748.078,-10.742
663487.500,1666237.500,719.113,53.499
663562.500,1666237.500,695.601,89.494
663637.500,1666237.500,682.774,112.368
663712.500,1666237.500,673.945,99.307
663787.500,1666237.500,666.978,102.619
663862.500,1666237.500,662.209,103.197
663937.500,1666237.500,659.635,38.566
664012.500,1666237.500,658.266,60.096
664087.500,1666237.500,656.041,54.043
664162.500,1666237.500,653.221,57.481
664237.500,1666237.500,651.365,30.825
664312.500,1666237.500,650.964,38.915
664387.500,1666237.500,650.994,18.181
664462.500,1666237.500,650.331,38.969
664537.500,1666237.500,652.162,10.385
664612.500,1666237.500,652.147,47.414
659662.500,1666162.500,770.238,14.707
659737.500,1666162.500,769.526,-7.632
659812.500,1666162.500,756.817,6.279
659887.500,1666162.500,745.123,-31.710
659962.500,1666162.500,744.496,25.824
660037.500,1666162.500,751.578,-2.049
660112.500,1666162.500,765.103,29.202
660187.500,1666162.500,777.870,50.711
660262.500,1666162.500,780.890,9.677
660337.500,1666162.500,769.085,10.811
660412.500,1666162.500,754.208,7.489
660487.500,1666162.500,756.847,21.284
660562.500,1666162.500,765.847,63.342
660637.500,1666162.500,778.916,52.712
660712.500,1666162.500,799.454,42.547
660787.500,1666162.500,828.666,73.250
660862.500,1666162.500,861.017,25.179
660937.500,1666162.500,896.750,88.896
661012.500,1666162.500,931.557,45.089
661087.500,1666162.500,956.770,150.572
661162.500,1666162.500,967.824,98.696
661237.500,1666162.500,963.949,183.590
661312.500,1666162.500,946.706,178.934
661387.500,1666162.500,934.268,296.826
661462.500,1666162.500,929.997,245.479
661537.500,1666162.500,915.880,322.101
661612.500,1666162.500,889.583,451.512
661687.500,1666162.500,860.874,520.595
661762.500,1666162.500,836.170,655.314
661837.500,1666162.500,832.222,825.209
661912.500,1666162.500,837.047,1094.540
661987.500,1666162.500,848.057,1338.682
662062.500,1666162.500,864.473,1159.994
662137.500,1666162.500,885.827,457.020
662212.500,1666162.500,913.542,-567.359
662287.500,1666162.500,945.986,-946.705
662362.500,1666162.500,948.901,-1023.929
662437.500,1666162.500,942.293,-1053.183
662512.500,1666162.500,949.445,-757.762
662587.500,1666162.500,975.138,-607.810
662662.500,1666162.500,991.765,-461.467
662737.500,1666162.500,968.537,-448.925
662812.500,1666162.500,929.849,-422.821
662887.500,1666162.500,886.795,-360.438
662962.500,1666162.500,844.858,-328.284
663037.500,1666162.500,811.122,-237.523
663112.500,1666162.500,792.002,-168.438
663187.500,1666162.500,783.521,-120.494
663262.500,1666162.500,774.267,-114.753
663337.500,1666162.500,756.497,-29.900
663412.500,1666162.500,733.823,-21.443
663487.500,1666162.500,710.809,27.242
663562.500,1666162.500,689.850,76.607
663637.500,1666162.500,678.912,61.659
663712.500,1666162.500,672.364,81.639
663787.500,1666162.500,666.507,74.222
663862.500,1666162.500,661.768,86.770
663937.500,1666162.500,658.457,39.699
664012.500,1666162.500,655.993,19.289
664087.500,1666162.500,654.106,-2.024
664162.500,1666162.500,651.981,74.487
664237.500,1666162.500,651.822,37.554
664312.500,1666162.500,652.601,50.951
664387.500,1666162.500,652.323,7.962
664462.500,1666162.500,650.024,34.820
664537.500,1666162.500,649.924,2.099
664612.500,1666162.500,651.606,-15.413
659662.500,1666087.500,748.059,16.673
659737.500,1666087.500,748.657,-5.600
659812.500,1666087.500,745.160,4.756
659887.500,1666087.500,740.397,7.331
659962.500,1666087.500,744.314,10.824
660037.500,1666087.500,747.400,-4.529
660112.500,1666087.500,757.139,-44.068
660187.500,1666087.500,769.968,-20.459
660262.500,1666087.500,778.715,15.675
660337.500,1666087.500,775.918,43.811
660412.500,1666087.500,756.272,4.354
660487.500,1666087.500,746.331,32.779
660562.500,1666087.500,752.697,-36.311
660637.500,1666087.500,765.264,46.342
660712.500,1666087.500,777.953,2.579
660787.500,1666087.500,794.274,15.356
660862.500,1666087.500,823.751,44.562
660937.500,1666087.500,861.203,74.908
661012.500,1666087.500,901.690,63.197
661087.500,1666087.500,934.801,129.787
661162.500,1666087.500,954.950,96.615
661237.500,1666087.500,958.706,152.664
661312.500,1666087.500,941.451,154.148
661387.500,1666087.500,925.269,209.511
661462.500,1666087.500,925.717,191.445
661537.500,1666087.500,918.894,259.279
661612.500,1666087.500,899.107,308.630
661687.500,1666087.500,873.832,443.875
661762.500,1666087.500,842.298,458.933
661837.500,1666087.500,825.495,724.029
661912.500,1666087.500,827.785,836.249
661987.500,1666087.500,838.513,1107.771
662062.500,1666087.500,851.381,1262.733
662137.500,1666087.500,867.917,1373.122
662212.500,1666087.500,896.110,651.920
662287.500,1666087.500,924.326,-308.231
662362.500,1666087.500,919.989,-997.308
662437.500,1666087.500,908.143,-1141.405
662512.500,1666087.500,915.945,-964.392
662587.500,1666087.500,951.337,-688.032
662662.500,1666087.500,985.825,-559.809
662737.500,1666087.500,979.032,-455.980
662812.500,1666087.500,950.800,-514.289
662887.500,1666087.500,915.478,-402.788
662962.500,1666087.500,871.853,-325.696
663037.500,1666087.500,823.381,-282.652
663112.500,1666087.500,784.385,-239.338
663187.500,1666087.500,759.424,-157.415
663262.500,1666087.500,742.489,-110.131
663337.500,1666087.500,727.641,-76.309
663412.500,1666087.500,713.701,-11.025
663487.500,1666087.500,699.673,25.483
663562.500,1666087.500,685.015,-1.713
663637.500,1666087.500,675.903,80.573
663712.500,1666087.500,669.886,54.143
663787.500,1666087.500,664.775,53.248
663862.500,1666087.500,660.561,74.075
663937.500,1666087.500,657.244,34.333
664012.500,1666087.500,654.541,52.788
664087.500,1666087.500,652.963,29.888
664162.500,1666087.500,652.102,29.630
664237.500,1666087.500,653.015,32.785
664312.500,1666087.500,653.681,21.342
664387.500,1666087.500,653.190,11.263
664462.500,1666087.500,652.447,38.993
664537.500,1666087.500,652.899,24.537
664612.500,1666087.500,653.836,21.440
659662.500,1666012.500,730.267,15.166
659737.500,1666012.500,731.384,-43.034
659812.500,1666012.500,735.707,14.997
659887.500,1666012.500,742.252,42.146
659962.500,1666012.500,750.928,-22.488
660037.500,1666012.500,752.345,46.421
660112.500,1666012.500,755.959,-36.999
660187.500,1666012.500,763.059,-14.795
660262.500,1666012.500,769.590,13.180
660337.500,1666012.500,769.467,-10.433
660412.500,1666012.500,758.954,-16.068
660487.500,1666012.500,743.667,3.723
660562.500,1666012.500,743.516,11.932
660637.500,1666012.500,751.896,25.838
660712.500,1666012.500,758.323,9.597
660787.500,1666012.500,764.465,-17.689
660862.500,1666012.500,790.149,47.444
660937.500,1666012.500,822.600,78.831
661012.500,1666012.500,861.829,61.858
661087.500,1666012.500,903.011,108.456
661162.500,1666012.500,935.861,82.292
661237.500,1666012.500,947.735,115.598
661312.500,1666012.500,938.676,126.511
661387.500,1666012.500,914.483,180.955
661462.500,1666012.500,904.510,182.709
661537.500,1666012.500,899.373,288.874
661612.500,1666012.500,887.320,308.948
661687.500,1666012.500,863.256,359.306
661762.500,1666012.500,834.425,460.401
661837.500,1666012.500,824.070,584.580
661912.500,1666012.500,826.966,697.961
661987.500,1666012.500,832.840,846.156
662062.500,1666012.500,842.076,1151.003
662137.500,1666012.500,859.409,1405.173
662212.500,1666012.500,882.771,1365.846
662287.500,1666012.500,897.657,858.988
662362.500,1666012.500,887.587,166.280
662437.500,1666012.500,875.734,-838.529
662512.500,1666012.500,885.678,-1090.557
662587.500,1666012.500,924.421,-810.024
662662.500,1666012.500,966.449,-625.836
662737.500,1666012.500,974.264,-567.099
662812.500,1666012.500,960.131,-433.071
662887.500,1666012.500,935.802,-433.180
662962.500,1666012.500,898.761,-440.673
663037.500,1666012.500,849.789,-386.595
663112.500,1666012.500,801.274,-294.010
663187.500,1666012.500,765.469,-201.471
663262.500,1666012.500,739.175,-170.023
663337.500,1666012.500,719.380,-94.936
663412.500,1666012.500,704.473,-105.388
663487.500,1666012.500,692.291,-25.489
663562.500,1666012.500,681.253,20.192
663637.500,1666012.500,674.687,17.452
663712.500,1666012.500,669.464,15.025
663787.500,1666012.500,664.543,57.927
663862.500,1666012.500,660.625,18.959
663937.500,1666012.500,657.668,32.835
664012.500,1666012.500,654.750,48.612
664087.500,1666012.500,652.838,14.729
664162.500,1666012.500,653.447,82.017
664237.500,1666012.500,653.911,21.771
664312.500,1666012.500,654.540,-17.508
664387.500,1666012.500,655.636,41.499
664462.500,1666012.500,656.802,24.509
664537.500,1666012.500,657.334,14.719
664612.500,1666012.500,658.275,23.476
659662.500,1665937.500,721.019,9.013
659737.500,1665937.500,724.315,-5.945
659812.500,1665937.500,734.689,9.514
659887.500,1665937.500,751.292,4.289
659962.500,1665937.500,762.320,15.627
660037.500,1665937.500,765.903,-12.272
660112.500,1665937.500,762.973,-10.752
660187.500,1665937.500,760.878,8.807
660262.500,1665937.500,761.385,10.636
660337.500,1665937.500,758.153,-3.140
660412.500,1665937.500,756.019,0.095
660487.500,1665937.500,743.643,16.537
660562.500,1665937.500,736.130,-17.461
660637.500,1665937.500,736.587,-20.943
660712.500,1665937.500,739.561,22.823
660787.500,1665937.500,742.429,21.070
660862.500,1665937.500,760.786,10.516
660937.500,1665937.500,784.143,32.443
661012.500,1665937.500,817.972,40.007
661087.500,1665937.500,863.212,65.142
661162.500,1665937.500,906.959,124.899
661237.500,1665937.500,928.372,116.846
661312.500,1665937.500,928.075,110.792
661387.500,1665937.500,894.088,168.313
661462.500,1665937.500,868.534,194.963
661537.500,1665937.500,862.791,215.082
661612.500,1665937.500,860.696,255.901
661687.500,1665937.500,841.722,321.042
661762.500,1665937.500,822.506,393.080
661837.500,1665937.500,829.240,451.567
661912.500,1665937.500,839.531,540.141
661987.500,1665937.500,841.932,689.838
662062.500,1665937.500,846.336,925.096
662137.500,1665937.500,861.908,1141.989
662212.500,1665937.500,870.533,1369.502
662287.500,1665937.500,864.323,1993.267
662362.500,1665937.500,849.396,1754.529
662437.500,1665937.500,842.797,-90.759
662512.500,1665937.500,858.900,-975.358
662587.500,1665937.500,897.146,-971.790
662662.500,1665937.500,932.593,-753.434
662737.500,1665937.500,944.060,-611.607
662812.500,1665937.500,946.109,-559.164
662887.500,1665937.500,939.165,-552.437
662962.500,1665937.500,915.189,-453.508
663037.500,1665937.500,872.448,-493.297
663112.500,1665937.500,823.865,-410.346
663187.500,1665937.500,783.061,-297.310
663262.500,1665937.500,751.039,-247.918
663337.500,1665937.500,729.213,-130.220
663412.500,1665937.500,712.750,-111.201
663487.500,1665937.500,697.053,-44.578
663562.500,1665937.500,682.984,-34.482
663637.500,1665937.500,673.807,-8.080
663712.500,1665937.500,668.207,9.896
663787.500,1665937.500,663.554,57.478
663862.500,1665937.500,659.609,58.176
663937.500,1665937.500,656.312,7.329
664012.500,1665937.500,653.572,25.569
664087.500,1665937.500,653.049,63.646
664162.500,1665937.500,654.551,-1.954
664237.500,1665937.500,655.017,62.562
664312.500,1665937.500,657.175,36.219
664387.500,1665937.500,660.955,1.045
664462.500,1665937.500,662.921,-24.702
664537.500,1665937.500,662.969,18.647
664612.500,1665937.500,662.494,50.233
659662.500,1665862.500,719.019,0.372
659737.500,1665862.500,725.557,6.239
659812.500,1665862.500,741.335,5.186
659887.500,1665862.500,762.686,-8.213
659962.500,1665862.500,776.762,4.937
660037.500,1665862.500,787.362,-14.297
660112.500,1665862.500,780.915,-13.780
660187.500,1665862.500,769.039,-21.626
660262.500,1665862.500,762.048,-11.358
660337.500,1665862.500,754.312,-11.676
660412.500,1665862.500,748.235,-0.522
660487.500,1665862.500,741.901,-10.242
660562.500,1665862.500,731.434,-35.273
660637.500,1665862.500,724.403,-22.803
660712.500,1665862.500,724.346,-2.605
660787.500,1665862.500,727.061,18.609
660862.500,1665862.500,735.400,10.719
660937.500,1665862.500,750.022,35.141
661012.500,1665862.500,779.336,11.651
661087.500,1665862.500,823.748,86.762
661162.500,1665862.500,871.700,73.046
661237.500,1665862.500,902.105,84.313
661312.500,1665862.500,908.273,120.519
661387.500,1665862.500,874.118,147.191
661462.500,1665862.500,838.881,152.780
661537.500,1665862.500,827.410,201.313
661612.500,1665862.500,829.132,179.915
661687.500,1665862.500,819.636,261.718
661762.500,1665862.500,812.484,338.989
661837.500,1665862.500,833.994,396.466
661912.500,1665862.500,856.245,452.082
661987.500,1665862.500,862.601,568.403
662062.500,1665862.500,862.595,748.991
662137.500,1665862.500,866.545,818.486
662212.500,1665862.500,855.046,1163.008
662287.500,1665862.500,830.846,1763.922
662362.500,1665862.500,813.032,1970.047
662437.500,1665862.500,813.546,886.882
662512.500,1665862.500,836.615,-510.867
662587.500,1665862.500,871.439,-1132.751
662662.500,1665862.500,893.466,-965.896
662737.500,1665862.500,899.649,-896.442
662812.500,1665862.500,910.390,-745.959
662887.500,1665862.500,916.879,-660.112
662962.500,1665862.500,908.544,-541.781
663037.500,1665862.500,881.760,-511.877
663112.500,1665862.500,844.539,-477.348
663187.500,1665862.500,806.477,-380.554
663262.500,1665862.500,773.082,-294.838
663337.500,1665862.500,748.169,-225.235
663412.500,1665862.500,727.146,-103.270
663487.500,1665862.500,706.187,-76.769
663562.500,1665862.500,687.692,-64.067
663637.500,1665862.500,674.008,-20.872
663712.500,1665862.500,666.349,-19.036
663787.500,1665862.500,661.572,-3.083
663862.500,1665862.500,657.871,25.973
663937.500,1665862.500,654.768,20.911
664012.500,1665862.500,653.260,58.659
664087.500,1665862.500,654.482,42.910
664162.500,1665862.500,656.336,7.013
664237.500,1665862.500,658.697,-3.158
664312.500,1665862.500,662.530,27.969
664387.500,1665862.500,666.554,46.802
664462.500,1665862.500,668.075,0.468
664537.500,1665862.500,668.066,1.173
664612.500,1665862.500,666.261,65.505
659662.500,1665787.500,717.704,-3.838
659737.500,1665787.500,724.514,-11.214
659812.500,1665787.500,741.494,44.028
659887.500,1665787.500,765.104,-9.129
659962.500,1665787.500,790.891,-23.834
660037.500,1665787.500,811.256,1.233
660112.500,1665787.500,808.681,-24.504
660187.500,1665787.500,790.194,-32.263
660262.500,1665787.500,772.001,15.999
660337.500,1665787.500,764.014,-13.663
660412.500,1665787.500,748.310,5.898
660487.500,1665787.500,737.376,-25.124
660562.500,1665787.500,730.888,-7.033
660637.500,1665787.500,725.993,-24.040
660712.500,1665787.500,721.558,-15.482
660787.500,1665787.500,718.205,41.263
660862.500,1665787.500,718.698,27.848
660937.500,1665787.500,729.450,35.889
661012.500,1665787.500,758.159,35.901
661087.500,1665787.500,799.031,46.404
661162.500,1665787.500,841.937,71.236
661237.500,1665787.500,873.961,80.291
661312.500,1665787.500,888.663,117.592
661387.500,1665787.500,877.953,121.439
661462.500,1665787.500,845.060,145.605
661537.500,1665787.500,815.742,223.123
661612.500,1665787.500,801.036,190.331
661687.500,1665787.500,796.256,199.911
661762.500,1665787.500,798.834,309.959
661837.500,1665787.500,826.038,300.227
661912.500,1665787.500,859.296,360.484
661987.500,1665787.500,879.526,509.087
662062.500,1665787.500,879.812,562.755
662137.500,1665787.500,862.084,653.676
662212.500,1665787.500,833.491,900.263
662287.500,1665787.500,804.881,1240.217
662362.500,1665787.500,787.050,1423.252
662437.500,1665787.500,792.548,1493.059
662512.500,1665787.500,818.765,648.835
662587.500,1665787.500,846.762,-302.097
662662.500,1665787.500,856.497,-993.003
662737.500,1665787.500,853.968,-1254.306
662812.500,1665787.500,861.003,-990.007
662887.500,1665787.500,869.791,-790.114
662962.500,1665787.500,876.108,-574.538
663037.500,1665787.500,875.805,-524.254
663112.500,1665787.500,862.079,-458.246
663187.500,1665787.500,835.643,-383.808
663262.500,1665787.500,803.192,-333.240
663337.500,1665787.500,770.774,-320.236
663412.500,1665787.500,741.093,-192.128
663487.500,1665787.500,715.188,-136.836
663562.500,1665787.500,692.659,-90.031
663637.500,1665787.500,674.676,-42.285
663712.500,1665787.500,664.495,-4.796
663787.500,1665787.500,659.257,21.508
663862.500,1665787.500,656.225,-22.127
663937.500,1665787.500,654.571,3.795
664012.500,1665787.500,655.549,4.033
664087.500,1665787.500,657.530,17.945
664162.500,1665787.500,658.911,35.452
664237.500,1665787.500,662.948,-7.931
664312.500,1665787.500,667.511,39.774
664387.500,1665787.500,670.548,-5.105
664462.500,1665787.500,671.977,3.721
664537.500,1665787.500,672.246,-2.321
664612.500,1665787.500,669.951,10.627
659662.500,1665712.500,715.176,1.966
659737.500,1665712.500,721.840,-44.625
659812.500,1665712.500,737.226,26.140
659887.500,1665712.500,755.479,-22.331
659962.500,1665712.500,778.344,39.784
660037.500,1665712.500,798.402,-30.614
660112.500,1665712.500,804.731,16.814
660187.500,1665712.500,797.022,11.086
660262.500,1665712.500,780.474,-5.174
660337.500,1665712.500,765.654,-28.906
660412.500,1665712.500,758.906,-9.552
660487.500,1665712.500,751.901,25.560
660562.500,1665712.500,750.381,19.504
660637.500,1665712.500,750.348,22.759
660712.500,1665712.500,744.777,38.294
660787.500,1665712.500,730.993,21.251
660862.500,1665712.500,716.741,13.740
660937.500,1665712.500,717.897,38.996
661012.500,1665712.500,738.716,46.804
661087.500,1665712.500,769.401,74.601
661162.500,1665712.500,801.732,71.558
661237.500,1665712.500,831.879,90.464
661312.500,1665712.500,860.439,116.245
661387.500,1665712.500,874.645,111.836
661462.500,1665712.500,867.295,105.512
661537.500,1665712.500,840.978,147.280
661612.500,1665712.500,803.089,170.684
661687.500,1665712.500,771.824,219.038
661762.500,1665712.500,768.388,243.781
661837.500,1665712.500,798.327,265.226
661912.500,1665712.500,837.010,338.890
661987.500,1665712.500,868.910,381.503
662062.500,1665712.500,875.496,444.065
662137.500,1665712.500,847.562,586.882
662212.500,1665712.500,813.588,664.118
662287.500,1665712.500,788.279,909.171
662362.500,1665712.500,770.701,1103.396
662437.500,1665712.500,776.458,1472.704
662512.500,1665712.500,799.300,1417.058
662587.500,1665712.500,817.248,1063.675
662662.500,1665712.500,820.410,219.041
662737.500,1665712.500,812.988,-919.651
662812.500,1665712.500,816.548,-1342.932
662887.500,1665712.500,826.095,-980.702
662962.500,1665712.500,842.077,-774.395
663037.500,1665712.500,862.277,-603.352
663112.500,1665712.500,873.294,-429.794
663187.500,1665712.500,863.578,-437.792
663262.500,1665712.500,831.307,-390.074
663337.500,1665712.500,792.297,-354.477
663412.500,1665712.500,756.311,-296.217
663487.500,1665712.500,725.840,-191.333
663562.500,1665712.500,696.449,-141.294
663637.500,1665712.500,673.607,-61.916
663712.500,1665712.500,662.727,-35.227
663787.500,1665712.500,657.708,-30.930
663862.500,1665712.500,656.345,33.384
663937.500,1665712.500,657.780,37.919
664012.500,1665712.500,660.911,23.560
664087.500,1665712.500,662.066,43.084
664162.500,1665712.500,662.282,63.910
664237.500,1665712.500,665.088,37.856
664312.500,1665712.500,669.017,18.243
664387.500,1665712.500,672.546,30.121
664462.500,1665712.500,675.454,29.568
664537.500,1665712.500,675.981,29.968
664612.500,1665712.500,674.046,45.605
659662.500,1665637.500,712.555,2.441
659737.500,1665637.500,716.789,-36.153
659812.500,1665637.500,727.415,-19.422
659887.500,1665637.500,740.820,-24.088
659962.500,1665637.500,756.798,4.456
660037.500,1665637.500,773.177,-6.384
660112.500,1665637.500,781.257,6.683
660187.500,1665637.500,781.769,-8.982
660262.500,1665637.500,774.794,-13.107
660337.500,1665637.500,758.205,20.513
660412.500,1665637.500,753.036,9.716
660487.500,1665637.500,753.636,-0.613
660562.500,1665637.500,753.556,-25.788
660637.500,1665637.500,756.560,-14.959
660712.500,1665637.500,758.973,-8.880
660787.500,1665637.500,744.748,16.007
660862.500,1665637.500,724.569,0.835
660937.500,1665637.500,712.388,45.303
661012.500,1665637.500,719.253,46.644
661087.500,1665637.500,737.982,38.785
661162.500,1665637.500,761.279,36.721
661237.500,1665637.500,788.613,57.543
661312.500,1665637.500,825.534,90.435
661387.500,1665637.500,854.671,101.448
661462.500,1665637.500,863.155,112.817
661537.500,1665637.500,847.227,160.018
661612.500,1665637.500,808.905,143.234
661687.500,1665637.500,766.835,165.987
661762.500,1665637.500,754.462,208.793
661837.500,1665637.500,779.827,243.155
661912.500,1665637.500,812.144,310.772
661987.500,1665637.500,845.696,321.142
662062.500,1665637.500,865.201,366.595
662137.500,1665637.500,850.069,478.149
662212.500,1665637.500,813.040,561.385
662287.500,1665637.500,778.288,711.096
662362.500,1665637.500,757.480,899.340
662437.500,1665637.500,761.638,1200.712
662512.500,1665637.500,776.653,1512.505
662587.500,1665637.500,782.662,1976.276
662662.500,1665637.500,788.415,1543.535
662737.500,1665637.500,777.355,355.265
662812.500,1665637.500,777.995,-942.572
662887.500,1665637.500,787.753,-1108.353
662962.500,1665637.500,806.476,-817.377
663037.500,1665637.500,832.688,-704.400
663112.500,1665637.500,856.070,-535.728
663187.500,1665637.500,865.426,-467.647
663262.500,1665637.500,840.903,-421.186
663337.500,1665637.500,806.679,-355.414
663412.500,1665637.500,771.386,-325.840
663487.500,1665637.500,735.536,-208.369
663562.500,1665637.500,699.659,-174.853
663637.500,1665637.500,672.167,-94.308
663712.500,1665637.500,660.496,-63.014
663787.500,1665637.500,657.258,-3.188
663862.500,1665637.500,661.621,18.136
663937.500,1665637.500,668.621,26.534
664012.500,1665637.500,668.757,22.519
664087.500,1665637.500,668.411,-2.835
664162.500,1665637.500,668.537,10.968
664237.500,1665637.500,670.952,41.731
664312.500,1665637.500,673.639,20.108
664387.500,1665637.500,675.729,24.672
664462.500,1665637.500,678.436,39.563
664537.500,1665637.500,679.672,69.508
664612.500,1665637.500,678.312,10.770
659662.500,1665562.500,709.921,5.572
659737.500,1665562.500,711.396,-14.113
659812.500,1665562.500,716.843,-24.821
659887.500,1665562.500,725.363,-9.227
659962.500,1665562.500,735.008,-6.751
660037.500,1665562.500,745.221,-9.300
660112.500,1665562.500,751.541,10.060
660187.500,1665562.500,755.808,-4.198
660262.500,1665562.500,755.839,-37.418
660337.500,1665562.500,743.195,13.458
660412.500,1665562.500,738.286,14.036
660487.500,1665562.500,739.588,-20.924
660562.500,1665562.500,738.633,-3.471
660637.500,1665562.500,743.676,4.025
660712.500,1665562.500,755.141,31.777
660787.500,1665562.500,752.618,17.515
660862.500,1665562.500,736.724,44.675
660937.500,1665562.500,716.711,13.888
661012.500,1665562.500,708.988,51.158
661087.500,1665562.500,714.837,41.330
661162.500,1665562.500,729.994,42.912
661237.500,1665562.500,752.665,78.867
661312.500,1665562.500,792.088,92.882
661387.500,1665562.500,829.049,103.940
661462.500,1665562.500,845.083,103.863
661537.500,1665562.500,834.882,143.936
661612.500,1665562.500,800.233,161.472
661687.500,1665562.500,759.516,142.519
661762.500,1665562.500,744.898,173.032
661837.500,1665562.500,759.412,166.685
661912.500,1665562.500,784.519,224.584
661987.500,1665562.500,818.476,309.929
662062.500,1665562.500,849.903,306.740
662137.500,1665562.500,854.938,393.053
662212.500,1665562.500,827.023,455.488
662287.500,1665562.500,782.698,606.971
662362.500,1665562.500,749.616,701.511
662437.500,1665562.500,743.669,846.192
662512.500,1665562.500,749.962,1253.114
662587.500,1665562.500,750.010,1921.343
662662.500,1665562.500,760.312,2110.527
662737.500,1665562.500,749.034,1700.884
662812.500,1665562.500,744.550,343.583
662887.500,1665562.500,753.469,-867.022
662962.500,1665562.500,773.354,-1082.654
663037.500,1665562.500,796.865,-830.957
663112.500,1665562.500,815.818,-639.042
663187.500,1665562.500,826.333,-550.961
663262.500,1665562.500,810.270,-456.498
663337.500,1665562.500,785.950,-390.184
663412.500,1665562.500,758.595,-279.701
663487.500,1665562.500,727.057,-259.319
663562.500,1665562.500,692.914,-192.047
663637.500,1665562.500,668.533,-124.366
663712.500,1665562.500,658.400,-58.075
663787.500,1665562.500,662.116,-7.335
663862.500,1665562.500,677.761,-2.884
663937.500,1665562.500,691.025,-1.744
664012.500,1665562.500,683.132,2.420
664087.500,1665562.500,678.470,27.215
664162.500,1665562.500,678.963,47.599
664237.500,1665562.500,679.678,58.707
664312.500,1665562.500,680.353,61.111
664387.500,1665562.500,681.444,49.002
664462.500,1665562.500,682.471,38.993
664537.500,1665562.500,682.703,18.349
664612.500,1665562.500,681.423,34.935
659662.500,1665487.500,707.584,27.245
659737.500,1665487.500,707.503,0.537
659812.500,1665487.500,709.431,13.098
659887.500,1665487.500,713.226,-0.879
659962.500,1665487.500,718.702,8.997
660037.500,1665487.500,722.851,-17.214
660112.500,1665487.500,727.713,-22.868
660187.500,1665487.500,733.118,-15.513
660262.500,1665487.500,734.378,-32.651
660337.500,1665487.500,726.371,23.493
660412.500,1665487.500,723.021,55.363
660487.500,1665487.500,719.559,7.024
660562.500,1665487.500,717.155,-1.705
660637.500,1665487.500,722.734,24.649
660712.500,1665487.500,737.820,54.038
660787.500,1665487.500,749.536,29.155
660862.500,1665487.500,745.132,57.227
660937.500,1665487.500,726.833,34.807
661012.500,1665487.500,709.838,43.484
661087.500,1665487.500,703.967,13.096
661162.500,1665487.500,710.917,57.665
661237.500,1665487.500,728.785,40.090
661312.500,1665487.500,764.792,49.263
661387.500,1665487.500,802.231,51.362
661462.500,1665487.500,823.534,110.392
661537.500,1665487.500,819.064,159.491
661612.500,1665487.500,788.557,106.059
661687.500,1665487.500,750.566,127.421
661762.500,1665487.500,733.729,141.813
661837.500,1665487.500,734.685,183.100
661912.500,1665487.500,754.078,227.667
661987.500,1665487.500,788.099,242.663
662062.500,1665487.500,826.689,275.495
662137.500,1665487.500,850.115,282.043
662212.500,1665487.500,841.785,399.728
662287.500,1665487.500,797.570,463.783
662362.500,1665487.500,752.222,512.167
662437.500,1665487.500,729.330,680.116
662512.500,1665487.500,724.680,917.117
662587.500,1665487.500,726.458,1292.804
662662.500,1665487.500,740.176,1645.476
662737.500,1665487.500,728.802,1997.731
662812.500,1665487.500,717.999,1384.484
662887.500,1665487.500,724.582,-138.817
662962.500,1665487.500,743.610,-1035.895
663037.500,1665487.500,760.601,-958.106
663112.500,1665487.500,770.241,-836.209
663187.500,1665487.500,773.734,-674.990
663262.500,1665487.500,762.181,-554.031
663337.500,1665487.500,746.015,-464.999
663412.500,1665487.500,728.125,-362.525
663487.500,1665487.500,705.985,-241.163
663562.500,1665487.500,678.632,-160.370
663637.500,1665487.500,662.472,-93.048
663712.500,1665487.500,658.623,-52.495
663787.500,1665487.500,671.683,-12.915
663862.500,1665487.500,698.357,-16.672
663937.500,1665487.500,717.866,36.887
664012.500,1665487.500,705.606,29.192
664087.500,1665487.500,694.946,42.947
664162.500,1665487.500,695.762,24.546
664237.500,1665487.500,694.464,34.711
664312.500,1665487.500,691.437,53.549
664387.500,1665487.500,689.503,-0.655
664462.500,1665487.500,688.281,31.329
664537.500,1665487.500,686.464,21.697
664612.500,1665487.500,684.554,9.470
659662.500,1665412.500,706.167,13.179
659737.500,1665412.500,705.245,-14.629
659812.500,1665412.500,705.005,-19.462
659887.500,1665412.500,706.793,20.843
659962.500,1665412.500,708.923,-34.121
660037.500,1665412.500,711.071,23.739
660112.500,1665412.500,715.900,26.093
660187.500,1665412.500,722.898,-32.501
660262.500,1665412.500,725.933,5.205
660337.500,1665412.500,716.705,17.277
660412.500,1665412.500,712.833,34.199
660487.500,1665412.500,709.350,6.549
660562.500,1665412.500,706.506,16.840
660637.500,1665412.500,709.158,38.477
660712.500,1665412.500,719.973,9.848
660787.500,1665412.500,733.637,43.948
660862.500,1665412.500,741.461,58.960
660937.500,1665412.500,733.149,19.484
661012.500,1665412.500,716.985,50.404
661087.500,1665412.500,704.012,49.841
661162.500,1665412.500,702.254,31.607
661237.500,1665412.500,716.501,62.796
661312.500,1665412.500,743.396,63.040
661387.500,1665412.500,773.980,62.155
661462.500,1665412.500,801.802,82.763
661537.500,1665412.500,810.425,81.053
661612.500,1665412.500,790.213,121.148
661687.500,1665412.500,753.394,131.171
661762.500,1665412.500,729.161,151.251
661837.500,1665412.500,716.140,152.875
661912.500,1665412.500,725.880,179.562
661987.500,1665412.500,755.922,194.507
662062.500,1665412.500,797.443,261.916
662137.500,1665412.500,833.343,269.529
662212.500,1665412.500,846.131,342.405
662287.500,1665412.500,813.066,375.673
662362.500,1665412.500,765.240,447.784
662437.500,1665412.500,727.399,589.978
662512.500,1665412.500,709.294,786.380
662587.500,1665412.500,711.550,986.507
662662.500,1665412.500,725.093,1191.960
662737.500,1665412.500,715.005,1463.202
662812.500,1665412.500,699.940,1575.366
662887.500,1665412.500,701.774,1015.519
662962.500,1665412.500,715.678,-54.889
663037.500,1665412.500,725.306,-838.688
663112.500,1665412.500,728.642,-956.759
663187.500,1665412.500,726.641,-797.991
663262.500,1665412.500,716.701,-687.606
663337.500,1665412.500,705.534,-530.009
663412.500,1665412.500,695.017,-416.946
663487.500,1665412.500,682.596,-246.836
663562.500,1665412.500,666.188,-178.221
663637.500,1665412.500,659.025,-99.502
663712.500,1665412.500,662.701,-16.204
663787.500,1665412.500,683.088,-35.208
663862.500,1665412.500,716.872,-9.773
663937.500,1665412.500,742.526,2.537
664012.500,1665412.500,733.828,27.324
664087.500,1665412.500,719.857,63.908
664162.500,1665412.500,719.837,37.247
664237.500,1665412.500,715.761,51.130
664312.500,1665412.500,707.356,40.605
664387.500,1665412.500,699.611,8.660
664462.500,1665412.500,694.601,63.442
664537.500,1665412.500,690.670,53.421
664612.500,1665412.500,688.392,59.986
659662.500,1665337.500,704.488,-18.714
659737.500,1665337.500,703.455,5.048
659812.500,1665337.500,702.547,40.034
659887.500,1665337.500,702.898,47.038
659962.500,1665337.500,703.991,6.963
660037.500,1665337.500,705.719,12.978
660112.500,1665337.500,709.350,-9.487
660187.500,1665337.500,715.865,7.772
660262.500,1665337.500,721.837,-0.460
660337.500,1665337.500,717.164,37.998
660412.500,1665337.500,709.661,12.366
660487.500,1665337.500,703.722,21.781
660562.500,1665337.500,700.384,42.881
660637.500,1665337.500,700.922,28.026
660712.500,1665337.500,706.189,55.242
660787.500,1665337.500,714.489,34.765
660862.500,1665337.500,724.355,57.151
660937.500,1665337.500,727.058,25.294
661012.500,1665337.500,720.808,49.168
661087.500,1665337.500,708.677,22.893
661162.500,1665337.500,698.320,38.941
661237.500,1665337.500,702.063,45.896
661312.500,1665337.500,717.853,107.064
661387.500,1665337.500,745.919,52.902
661462.500,1665337.500,774.204,125.344
661537.500,1665337.500,791.297,108.708
661612.500,1665337.500,792.574,115.035
661687.500,1665337.500,782.271,100.311
661762.500,1665337.500,766.566,146.099
661837.500,1665337.500,735.845,181.602
661912.500,1665337.500,716.531,176.492
661987.500,1665337.500,732.562,188.624
662062.500,1665337.500,775.799,215.287
662137.500,1665337.500,812.280,265.402
662212.500,1665337.500,834.199,289.429
662287.500,1665337.500,817.056,326.443
662362.500,1665337.500,781.225,417.656
662437.500,1665337.500,744.956,465.454
662512.500,1665337.500,715.122,609.512
662587.500,1665337.500,698.481,799.215
662662.500,1665337.500,703.825,951.796
662737.500,1665337.500,704.245,1109.498
662812.500,1665337.500,691.186,1404.180
662887.500,1665337.500,684.896,1741.505
662962.500,1665337.500,688.238,1254.337
663037.500,1665337.500,691.884,266.023
663112.500,1665337.500,692.709,-665.529
663187.500,1665337.500,688.994,-927.324
663262.500,1665337.500,682.094,-788.791
663337.500,1665337.500,675.902,-486.510
663412.500,1665337.500,672.100,-404.709
663487.500,1665337.500,670.339,-277.966
663562.500,1665337.500,668.494,-171.692
663637.500,1665337.500,665.933,-74.011
663712.500,1665337.500,670.952,-5.263
663787.500,1665337.500,692.087,-36.082
663862.500,1665337.500,727.714,-15.071
663937.500,1665337.500,759.840,-6.272
664012.500,1665337.500,764.086,4.635
664087.500,1665337.500,753.996,56.693
664162.500,1665337.500,752.154,51.203
664237.500,1665337.500,743.671,67.481
664312.500,1665337.500,728.262,33.848
664387.500,1665337.500,712.242,23.645
664462.500,1665337.500,700.791,44.445
664537.500,1665337.500,695.391,27.817
664612.500,1665337.500,694.776,43.658
659662.500,1665262.500,703.420,24.160
659737.500,1665262.500,701.817,-38.144
659812.500,1665262.500,700.835,19.955
659887.500,1665262.500,700.418,48.802
659962.500,1665262.500,700.553,-15.215
660037.500,1665262.500,701.865,17.206
660112.500,1665262.500,704.434,-9.714
660187.500,1665262.500,709.441,-0.877
660262.500,1665262.500,716.290,21.768
660337.500,1665262.500,717.973,59.048
660412.500,1665262.500,712.618,58.397
660487.500,1665262.500,705.475,32.338
660562.500,1665262.500,699.371,54.455
660637.500,1665262.500,696.290,-18.057
660712.500,1665262.500,697.921,34.105
660787.500,1665262.500,704.123,39.523
660862.500,1665262.500,712.038,59.523
660937.500,1665262.500,717.134,35.077
661012.500,1665262.500,716.423,36.148
661087.500,1665262.500,709.811,38.452
661162.500,1665262.500,700.076,72.156
661237.500,1665262.500,695.484,71.327
661312.500,1665262.500,703.200,59.962
661387.500,1665262.500,721.594,92.512
661462.500,1665262.500,745.808,77.160
661537.500,1665262.500,774.007,75.766
661612.500,1665262.500,799.487,84.510
661687.500,1665262.500,806.936,64.784
661762.500,1665262.500,791.826,124.094
661837.500,1665262.500,755.731,145.520
661912.500,1665262.500,718.268,151.290
661987.500,1665262.500,713.968,217.428
662062.500,1665262.500,747.754,177.318
662137.500,1665262.500,786.739,186.506
662212.500,1665262.500,807.115,293.464
662287.500,1665262.500,806.618,326.905
662362.500,1665262.500,792.743,314.004
662437.500,1665262.500,765.554,393.678
662512.500,1665262.500,729.536,460.530
662587.500,1665262.500,699.888,594.544
662662.500,1665262.500,689.658,701.719
662737.500,1665262.500,691.969,908.209
662812.500,1665262.500,680.709,1175.576
662887.500,1665262.500,671.733,1615.840
662962.500,1665262.500,670.416,1569.398
663037.500,1665262.500,670.763,970.698
663112.500,1665262.500,670.910,-82.513
663187.500,1665262.500,669.161,-869.351
663262.500,1665262.500,667.642,-916.068
663337.500,1665262.500,670.709,-684.736
663412.500,1665262.500,683.785,-465.617
663487.500,1665262.500,700.732,-271.448
663562.500,1665262.500,699.594,-232.823
663637.500,1665262.500,687.063,-93.536
663712.500,1665262.500,679.304,-65.464
663787.500,1665262.500,691.686,-3.905
663862.500,1665262.500,725.046,10.005
663937.500,1665262.500,764.660,14.818
664012.500,1665262.500,788.180,31.580
664087.500,1665262.500,790.337,2.342
664162.500,1665262.500,790.771,-1.421
664237.500,1665262.500,777.465,36.800
664312.500,1665262.500,753.266,48.382
664387.500,1665262.500,727.696,46.361
664462.500,1665262.500,708.056,100.642
664537.500,1665262.500,702.255,49.514
664612.500,1665262.500,707.116,15.798
659662.500,1665187.500,702.674,-8.495
659737.500,1665187.500,700.678,15.827
659812.500,1665187.500,699.610,6.266
659887.500,1665187.500,698.557,33.079
659962.500,1665187.500,697.857,29.470
660037.500,1665187.500,698.496,32.643
660112.500,1665187.500,700.183,34.457
660187.500,1665187.500,703.626,36.916
660262.500,1665187.500,709.668,21.868
660337.500,1665187.500,715.312,59.052
660412.500,1665187.500,713.500,54.318
660487.500,1665187.500,706.845,21.767
660562.500,1665187.500,699.844,48.899
660637.500,1665187.500,694.734,64.962
660712.500,1665187.500,693.321,76.979
660787.500,1665187.500,697.425,60.398
660862.500,1665187.500,701.761,71.218
660937.500,1665187.500,706.537,16.216
661012.500,1665187.500,709.141,53.541
661087.500,1665187.500,707.003,61.404
661162.500,1665187.500,699.719,42.713
661237.500,1665187.500,692.497,66.083
661312.500,1665187.500,693.541,63.375
661387.500,1665187.500,703.431,48.156
661462.500,1665187.500,725.303,89.291
661537.500,1665187.500,756.770,70.749
661612.500,1665187.500,787.850,85.105
661687.500,1665187.500,800.427,123.281
661762.500,1665187.500,790.518,97.672
661837.500,1665187.500,762.139,151.041
661912.500,1665187.500,722.376,139.194
661987.500,1665187.500,705.247,122.850
662062.500,1665187.500,727.307,130.344
662137.500,1665187.500,767.081,192.799
662212.500,1665187.500,785.385,201.694
662287.500,1665187.500,778.228,221.712
662362.500,1665187.500,765.688,256.765
662437.500,1665187.500,744.617,322.575
662512.500,1665187.500,717.422,382.816
662587.500,1665187.500,696.305,477.001
662662.500,1665187.500,682.118,533.469
662737.500,1665187.500,677.493,683.497
662812.500,1665187.500,670.799,852.984
662887.500,1665187.500,667.226,1055.299
662962.500,1665187.500,667.487,1273.505
663037.500,1665187.500,667.787,1063.642
663112.500,1665187.500,668.542,458.904
663187.500,1665187.500,667.693,-431.744
663262.500,1665187.500,671.141,-925.558
663337.500,1665187.500,682.487,-838.876
663412.500,1665187.500,704.140,-604.059
663487.500,1665187.500,727.223,-493.466
663562.500,1665187.500,729.514,-329.256
663637.500,1665187.500,712.011,-190.603
663712.500,1665187.500,693.870,-78.722
663787.500,1665187.500,693.814,-19.014
663862.500,1665187.500,718.624,-33.184
663937.500,1665187.500,759.695,5.557
664012.500,1665187.500,795.279,7.822
664087.500,1665187.500,815.419,-13.471
664162.500,1665187.500,825.057,-13.242
664237.500,1665187.500,810.029,33.438
664312.500,1665187.500,776.764,28.705
664387.500,1665187.500,741.112,66.604
664462.500,1665187.500,715.161,74.538
664537.500,1665187.500,709.674,58.101
664612.500,1665187.500,719.778,14.172
659662.500,1665112.500,701.561,-10.189
659737.500,1665112.500,699.776,-27.138
659812.500,1665112.500,698.772,0.413
659887.500,1665112.500,697.386,-4.990
659962.500,1665112.500,696.106,45.710
660037.500,1665112.500,695.802,30.533
660112.500,1665112.500,696.523,16.127
660187.500,1665112.500,698.606,0.369
660262.500,1665112.500,702.935,64.421
660337.500,1665112.500,708.913,14.706
660412.500,1665112.500,710.443,-4.244
660487.500,1665112.500,706.651,25.292
660562.500,1665112.500,700.984,15.499
660637.500,1665112.500,695.323,65.424
660712.500,1665112.500,691.394,31.562
660787.500,1665112.500,692.325,66.137
660862.500,1665112.500,693.590,89.277
660937.500,1665112.500,697.453,41.612
661012.500,1665112.500,703.137,59.987
661087.500,1665112.500,705.947,103.710
661162.500,1665112.500,702.075,60.651
661237.500,1665112.500,693.605,62.793
661312.500,1665112.500,688.706,63.528
661387.500,1665112.500,691.578,56.660
661462.500,1665112.500,708.089,59.163
661537.500,1665112.500,734.231,102.891
661612.500,1665112.500,760.356,113.837
661687.500,1665112.500,771.787,75.777
661762.500,1665112.500,763.677,145.404
661837.500,1665112.500,743.205,145.608
661912.500,1665112.500,712.584,110.878
661987.500,1665112.500,696.500,91.763
662062.500,1665112.500,713.585,123.071
662137.500,1665112.500,753.993,165.050
662212.500,1665112.500,774.573,188.125
662287.500,1665112.500,756.305,259.783
662362.500,1665112.500,731.944,218.045
662437.500,1665112.500,708.975,283.674
662512.500,1665112.500,690.961,328.656
662587.500,1665112.500,682.427,416.150
662662.500,1665112.500,674.582,462.387
662737.500,1665112.500,670.344,554.988
662812.500,1665112.500,669.795,677.026
662887.500,1665112.500,673.722,780.388
662962.500,1665112.500,678.816,905.877
663037.500,1665112.500,679.596,919.716
663112.500,1665112.500,677.061,671.361
663187.500,1665112.500,674.363,87.851
663262.500,1665112.500,676.831,-901.134
663337.500,1665112.500,692.084,-1280.263
663412.500,1665112.500,719.916,-883.719
663487.500,1665112.500,748.228,-588.046
663562.500,1665112.500,758.195,-465.692
663637.500,1665112.500,738.725,-296.298
663712.500,1665112.500,713.834,-144.135
663787.500,1665112.500,704.200,-18.479
663862.500,1665112.500,717.816,-0.034
663937.500,1665112.500,752.133,6.876
664012.500,1665112.500,794.257,36.695
664087.500,1665112.500,823.998,-8.162
664162.500,1665112.500,837.679,19.398
664237.500,1665112.500,827.811,-0.520
664312.500,1665112.500,794.960,33.522
664387.500,1665112.500,752.206,68.091
664462.500,1665112.500,721.283,42.655
664537.500,1665112.500,715.849,40.172
664612.500,1665112.500,725.065,42.996
659662.500,1665037.500,699.692,38.207
659737.500,1665037.500,698.482,-21.803
659812.500,1665037.500,698.010,0.869
659887.500,1665037.500,697.071,34.367
659962.500,1665037.500,695.660,-25.753
660037.500,1665037.500,694.349,58.114
660112.500,1665037.500,693.728,27.411
660187.500,1665037.500,694.507,67.919
660262.500,1665037.500,697.229,12.955
660337.500,1665037.500,701.023,52.628
660412.500,1665037.500,704.520,26.913
660487.500,1665037.500,705.005,49.931
660562.500,1665037.500,701.773,33.256
660637.500,1665037.500,696.363,39.403
660712.500,1665037.500,691.063,20.943
660787.500,1665037.500,688.457,1.026
660862.500,1665037.500,688.309,60.731
660937.500,1665037.500,691.867,112.570
661012.500,1665037.500,700.707,58.940
661087.500,1665037.500,708.935,56.068
661162.500,1665037.500,708.814,77.733
661237.500,1665037.500,698.296,55.315
661312.500,1665037.500,688.766,60.014
661387.500,1665037.500,685.780,45.977
661462.500,1665037.500,692.547,55.050
661537.500,1665037.500,708.003,100.372
661612.500,1665037.500,726.256,64.655
661687.500,1665037.500,733.210,92.343
661762.500,1665037.500,721.977,85.716
661837.500,1665037.500,707.085,81.182
661912.500,1665037.500,691.416,113.648
661987.500,1665037.500,684.939,134.639
662062.500,1665037.500,700.662,104.615
662137.500,1665037.500,739.602,159.567
662212.500,1665037.500,766.684,190.683
662287.500,1665037.500,745.113,186.149
662362.500,1665037.500,709.359,214.717
662437.500,1665037.500,682.242,245.947
662512.500,1665037.500,671.136,289.360
662587.500,1665037.500,672.281,303.435
662662.500,1665037.500,672.437,376.734
662737.500,1665037.500,673.218,471.088
662812.500,1665037.500,679.421,511.617
662887.500,1665037.500,691.200,599.103
662962.500,1665037.500,702.621,640.917
663037.500,1665037.500,704.353,633.171
663112.500,1665037.500,695.661,631.420
663187.500,1665037.500,687.051,397.097
663262.500,1665037.500,681.840,-370.380
663337.500,1665037.500,694.693,-1091.798
663412.500,1665037.500,726.541,-1204.975
663487.500,1665037.500,762.663,-905.670
663562.500,1665037.500,783.484,-641.984
663637.500,1665037.500,766.856,-478.422
663712.500,1665037.500,738.932,-294.918
663787.500,1665037.500,725.283,-105.953
663862.500,1665037.500,730.432,-15.656
663937.500,1665037.500,752.680,34.768
664012.500,1665037.500,792.535,-6.491
664087.500,1665037.500,825.092,8.226
664162.500,1665037.500,838.067,-12.918
664237.500,1665037.500,828.978,-7.696
664312.500,1665037.500,797.509,41.631
664387.500,1665037.500,756.817,44.728
664462.500,1665037.500,732.044,70.873
664537.500,1665037.500,729.616,58.775
664612.500,1665037.500,732.741,26.592
659662.500,1664962.500,698.465,-11.162
659737.500,1664962.500,697.293,-8.095
659812.500,1664962.500,696.923,1.424
659887.500,1664962.500,696.575,34.789
659962.500,1664962.500,696.067,17.532
660037.500,1664962.500,694.297,51.227
660112.500,1664962.500,692.200,37.482
660187.500,1664962.500,691.466,26.981
660262.500,1664962.500,693.048,17.430
660337.500,1664962.500,695.389,-0.832
660412.500,1664962.500,697.545,64.866
660487.500,1664962.500,699.928,73.405
660562.500,1664962.500,699.905,46.049
660637.500,1664962.500,696.729,90.450
660712.500,1664962.500,691.534,56.961
660787.500,1664962.500,687.096,60.961
660862.500,1664962.500,685.614,87.478
660937.500,1664962.500,689.730,65.753
661012.500,1664962.500,699.338,56.956
661087.500,1664962.500,708.793,59.660
661162.500,1664962.500,711.040,32.468
661237.500,1664962.500,702.532,67.815
661312.500,1664962.500,692.118,70.245
661387.500,1664962.500,685.158,97.194
661462.500,1664962.500,683.530,86.676
661537.500,1664962.500,688.975,59.826
661612.500,1664962.500,697.475,95.460
661687.500,1664962.500,695.859,88.455
661762.500,1664962.500,685.833,119.484
661837.500,1664962.500,683.484,111.293
661912.500,1664962.500,682.186,97.019
661987.500,1664962.500,678.250,130.121
662062.500,1664962.500,683.272,110.830
662137.500,1664962.500,714.629,114.377
662212.500,1664962.500,746.709,159.622
662287.500,1664962.500,730.877,184.249
662362.500,1664962.500,697.013,214.871
662437.500,1664962.500,675.518,214.282
662512.500,1664962.500,675.895,248.586
662587.500,1664962.500,686.514,303.594
662662.500,1664962.500,686.585,326.991
662737.500,1664962.500,683.751,422.822
662812.500,1664962.500,695.714,387.769
662887.500,1664962.500,716.547,428.071
662962.500,1664962.500,735.225,467.760
663037.500,1664962.500,739.581,507.692
663112.500,1664962.500,724.980,481.655
663187.500,1664962.500,705.226,429.230
663262.500,1664962.500,689.011,407.918
663337.500,1664962.500,695.257,-333.724
663412.500,1664962.500,726.918,-991.745
663487.500,1664962.500,769.199,-1078.973
663562.500,1664962.500,801.199,-804.281
663637.500,1664962.500,794.566,-637.167
663712.500,1664962.500,768.325,-406.764
663787.500,1664962.500,755.709,-204.962
663862.500,1664962.500,758.018,-87.415
663937.500,1664962.500,768.920,-14.748
664012.500,1664962.500,797.279,-9.556
664087.500,1664962.500,827.750,-20.513
664162.500,1664962.500,838.775,-32.683
664237.500,1664962.500,822.386,-14.184
664312.500,1664962.500,788.863,57.238
664387.500,1664962.500,760.685,23.453
664462.500,1664962.500,753.872,69.976
664537.500,1664962.500,756.364,84.182
664612.500,1664962.500,750.433,20.946
659662.500,1664887.500,696.517,39.018
659737.500,1664887.500,695.991,11.451
659812.500,1664887.500,695.774,44.838
659887.500,1664887.500,695.613,7.460
659962.500,1664887.500,695.488,47.157
660037.500,1664887.500,694.279,11.121
660112.500,1664887.500,692.328,2.317
660187.500,1664887.500,690.503,67.779
660262.500,1664887.500,689.934,19.686
660337.500,1664887.500,692.036,14.877
660412.500,1664887.500,694.020,45.301
660487.500,1664887.500,697.598,42.015
660562.500,1664887.500,700.906,76.275
660637.500,1664887.500,700.420,37.709
660712.500,1664887.500,694.656,49.972
660787.500,1664887.500,688.613,78.362
660862.500,1664887.500,684.252,49.694
660937.500,1664887.500,685.879,87.559
661012.500,1664887.500,692.040,89.288
661087.500,1664887.500,698.932,108.769
661162.500,1664887.500,702.910,111.792
661237.500,1664887.500,701.084,53.997
661312.500,1664887.500,695.565,55.001
661387.500,1664887.500,686.969,51.814
661462.500,1664887.500,681.418,71.518
661537.500,1664887.500,679.844,70.714
661612.500,1664887.500,679.903,70.928
661687.500,1664887.500,679.074,54.256
661762.500,1664887.500,680.432,109.533
661837.500,1664887.500,694.208,56.658
661912.500,1664887.500,700.259,83.245
661987.500,1664887.500,689.517,118.592
662062.500,1664887.500,679.109,123.174
662137.500,1664887.500,699.793,118.203
662212.500,1664887.500,720.284,158.875
662287.500,1664887.500,705.148,144.820
662362.500,1664887.500,681.780,213.711
662437.500,1664887.500,676.127,214.479
662512.500,1664887.500,694.294,199.467
662587.500,1664887.500,716.727,266.828
662662.500,1664887.500,711.920,272.929
662737.500,1664887.500,696.950,327.439
662812.500,1664887.500,709.139,385.784
662887.500,1664887.500,737.510,350.783
662962.500,1664887.500,764.923,409.002
663037.500,1664887.500,774.290,358.301
663112.500,1664887.500,753.045,422.698
663187.500,1664887.500,715.842,496.912
663262.500,1664887.500,695.411,575.123
663337.500,1664887.500,702.996,251.319
663412.500,1664887.500,731.834,-544.248
663487.500,1664887.500,767.559,-1048.075
663562.500,1664887.500,804.882,-1198.698
663637.500,1664887.500,815.258,-1027.101
663712.500,1664887.500,799.284,-719.309
663787.500,1664887.500,791.051,-362.150
663862.500,1664887.500,795.756,-128.651
663937.500,1664887.500,804.753,-26.832
664012.500,1664887.500,819.378,-19.636
664087.500,1664887.500,835.884,-48.386
664162.500,1664887.500,843.162,-40.711
664237.500,1664887.500,821.948,-9.871
664312.500,1664887.500,791.704,6.232
664387.500,1664887.500,782.066,29.814
664462.500,1664887.500,792.190,-12.523
664537.500,1664887.500,795.223,21.801
664612.500,1664887.500,779.137,18.979
659662.500,1664812.500,694.100,37.166
659737.500,1664812.500,694.285,-21.671
659812.500,1664812.500,694.157,-3.897
659887.500,1664812.500,694.262,64.913
659962.500,1664812.500,694.111,37.358
660037.500,1664812.500,693.317,53.559
660112.500,1664812.500,691.903,13.848
660187.500,1664812.500,690.105,4.275
660262.500,1664812.500,688.588,47.134
660337.500,1664812.500,689.170,44.665
660412.500,1664812.500,691.438,56.345
660487.500,1664812.500,695.593,80.390
660562.500,1664812.500,701.596,69.554
660637.500,1664812.500,704.086,23.491
660712.500,1664812.500,698.484,47.974
660787.500,1664812.500,691.513,15.962
660862.500,1664812.500,685.020,75.237
660937.500,1664812.500,683.090,56.010
661012.500,1664812.500,685.554,40.296
661087.500,1664812.500,689.430,74.654
661162.500,1664812.500,692.322,44.733
661237.500,1664812.500,693.903,88.986
661312.500,1664812.500,694.077,83.440
661387.500,1664812.500,688.600,115.660
661462.500,1664812.500,681.697,54.456
661537.500,1664812.500,677.089,91.073
661612.500,1664812.500,675.579,63.444
661687.500,1664812.500,676.589,50.061
661762.500,1664812.500,685.202,117.684
661837.500,1664812.500,707.237,61.718
661912.500,1664812.500,714.651,124.859
661987.500,1664812.500,698.947,87.938
662062.500,1664812.500,678.330,117.285
662137.500,1664812.500,684.907,102.453
662212.500,1664812.500,695.326,106.850
662287.500,1664812.500,685.948,116.287
662362.500,1664812.500,675.466,141.503
662437.500,1664812.500,686.070,175.517
662512.500,1664812.500,720.792,224.247
662587.500,1664812.500,751.832,193.627
662662.500,1664812.500,742.943,237.504
662737.500,1664812.500,732.499,258.015
662812.500,1664812.500,719.921,294.592
662887.500,1664812.500,749.246,285.598
662962.500,1664812.500,785.445,271.636
663037.500,1664812.500,799.210,290.306
663112.500,1664812.500,774.149,333.634
663187.500,1664812.500,733.769,484.446
663262.500,1664812.500,704.346,589.544
663337.500,1664812.500,703.457,551.313
663412.500,1664812.500,727.521,169.906
663487.500,1664812.500,760.721,-621.333
663562.500,1664812.500,799.753,-974.776
663637.500,1664812.500,827.180,-974.692
663712.500,1664812.500,827.285,-752.371
663787.500,1664812.500,826.109,-364.719
663862.500,1664812.500,831.538,-43.648
663937.500,1664812.500,840.489,-53.371
664012.500,1664812.500,854.055,-105.143
664087.500,1664812.500,858.470,-128.728
664162.500,1664812.500,844.749,-124.970
664237.500,1664812.500,823.537,-55.755
664312.500,1664812.500,813.530,-49.919
664387.500,1664812.500,822.062,-21.153
664462.500,1664812.500,829.102,-45.567
664537.500,1664812.500,828.369,-5.474
664612.500,1664812.500,809.534,28.820
659662.500,1664737.500,691.615,38.629
659737.500,1664737.500,692.096,-8.572
659812.500,1664737.500,692.227,19.169
659887.500,1664737.500,692.647,-5.665
659962.500,1664737.500,692.515,45.334
660037.500,1664737.500,691.949,34.939
660112.500,1664737.500,690.965,7.579
660187.500,1664737.500,689.742,15.580
660262.500,1664737.500,688.466,48.954
660337.500,1664737.500,687.326,7.212
660412.500,1664737.500,688.996,46.625
660487.500,1664737.500,692.902,55.999
660562.500,1664737.500,699.275,38.153
660637.500,1664737.500,703.680,48.964
660712.500,1664737.500,701.056,59.107
660787.500,1664737.500,694.182,71.900
660862.500,1664737.500,686.743,36.632
660937.500,1664737.500,681.756,52.564
661012.500,1664737.500,681.159,81.829
661087.500,1664737.500,682.709,11.848
661162.500,1664737.500,684.053,86.606
661237.500,1664737.500,686.525,94.254
661312.500,1664737.500,691.082,106.068
661387.500,1664737.500,690.339,18.350
661462.500,1664737.500,683.273,58.447
661537.500,1664737.500,676.962,55.443
661612.500,1664737.500,675.798,100.391
661687.500,1664737.500,677.205,86.101
661762.500,1664737.500,687.963,96.651
661837.500,1664737.500,711.841,95.255
661912.500,1664737.500,717.602,52.620
661987.500,1664737.500,700.272,98.371
662062.500,1664737.500,677.251,48.368
662137.500,1664737.500,674.479,111.900
662212.500,1664737.500,678.182,116.508
662287.500,1664737.500,674.969,119.109
662362.500,1664737.500,679.477,141.693
662437.500,1664737.500,704.631,168.842
662512.500,1664737.500,748.702,151.832
662587.500,1664737.500,784.296,192.716
662662.500,1664737.500,776.691,236.849
662737.500,1664737.500,747.301,236.335
662812.500,1664737.500,734.658,257.237
662887.500,1664737.500,753.686,267.414
662962.500,1664737.500,792.689,234.452
663037.500,1664737.500,814.433,297.608
663112.500,1664737.500,796.547,274.936
663187.500,1664737.500,759.096,346.729
663262.500,1664737.500,721.498,447.955
663337.500,1664737.500,706.448,584.337
663412.500,1664737.500,718.825,626.145
663487.500,1664737.500,748.632,342.424
663562.500,1664737.500,788.914,-384.777
663637.500,1664737.500,827.951,-764.267
663712.500,1664737.500,849.441,-827.566
663787.500,1664737.500,861.000,-334.486
663862.500,1664737.500,869.462,91.217
663937.500,1664737.500,879.566,-151.237
664012.500,1664737.500,890.543,-401.860
664087.500,1664737.500,883.280,-332.679
664162.500,1664737.500,856.144,-235.020
664237.500,1664737.500,833.624,-121.056
664312.500,1664737.500,834.748,-100.470
664387.500,1664737.500,854.644,-57.383
664462.500,1664737.500,858.708,-42.329
664537.500,1664737.500,852.417,-33.693
664612.500,1664737.500,836.057,-21.603
659662.500,1664662.500,689.285,25.098
659737.500,1664662.500,689.595,22.763
659812.500,1664662.500,690.295,14.212
659887.500,1664662.500,690.820,47.715
659962.500,1664662.500,690.937,22.327
660037.500,1664662.500,690.705,16.550
660112.500,1664662.500,690.067,-3.078
660187.500,1664662.500,689.348,29.572
660262.500,1664662.500,688.680,6.542
660337.500,1664662.500,686.899,56.432
660412.500,1664662.500,686.862,28.186
660487.500,1664662.500,689.665,29.139
660562.500,1664662.500,694.245,4.462
660637.500,1664662.500,699.098,58.853
660712.500,1664662.500,701.519,49.361
660787.500,1664662.500,696.122,72.404
660862.500,1664662.500,688.883,41.113
660937.500,1664662.500,682.457,83.051
661012.500,1664662.500,679.595,78.360
661087.500,1664662.500,679.127,97.684
661162.500,1664662.500,679.123,54.853
661237.500,1664662.500,680.785,87.830
661312.500,1664662.500,686.387,47.748
661387.500,1664662.500,688.114,67.148
661462.500,1664662.500,682.367,60.682
661537.500,1664662.500,676.616,95.115
661612.500,1664662.500,676.209,76.536
661687.500,1664662.500,677.167,109.855
661762.500,1664662.500,685.372,79.988
661837.500,1664662.500,702.779,79.064
661912.500,1664662.500,705.213,77.959
661987.500,1664662.500,692.004,89.278
662062.500,1664662.500,675.947,73.157
662137.500,1664662.500,671.143,72.088
662212.500,1664662.500,672.179,91.447
662287.500,1664662.500,674.792,104.636
662362.500,1664662.500,693.363,113.225
662437.500,1664662.500,729.498,186.349
662512.500,1664662.500,776.283,146.760
662587.500,1664662.500,812.689,155.035
662662.500,1664662.500,809.834,204.057
662737.500,1664662.500,781.502,214.764
662812.500,1664662.500,755.270,197.844
662887.500,1664662.500,759.809,252.470
662962.500,1664662.500,794.710,260.247
663037.500,1664662.500,823.124,213.780
663112.500,1664662.500,816.285,244.891
663187.500,1664662.500,785.839,307.956
663262.500,1664662.500,747.419,396.052
663337.500,1664662.500,719.592,479.158
663412.500,1664662.500,715.454,716.124
663487.500,1664662.500,739.035,793.184
663562.500,1664662.500,778.880,416.439
663637.500,1664662.500,823.808,-897.271
663712.500,1664662.500,861.928,-1609.029
663787.500,1664662.500,889.180,-3498.770
663862.500,1664662.500,905.963,-3305.791
663937.500,1664662.500,917.078,-1884.420
664012.500,1664662.500,926.082,-841.456
664087.500,1664662.500,912.634,-580.301
664162.500,1664662.500,881.501,-379.174
664237.500,1664662.500,854.046,-277.668
664312.500,1664662.500,851.349,-143.300
664387.500,1664662.500,873.611,-154.070
664462.500,1664662.500,884.936,-136.953
664537.500,1664662.500,877.919,-94.271
664612.500,1664662.500,865.215,-1.292
659662.500,1664587.500,687.267,15.667
659737.500,1664587.500,687.591,24.457
659812.500,1664587.500,688.406,-9.025
659887.500,1664587.500,688.868,9.272
659962.500,1664587.500,689.190,-12.577
660037.500,1664587.500,689.295,46.338
660112.500,1664587.500,688.998,16.717
660187.500,1664587.500,688.548,24.519
660262.500,1664587.500,688.088,39.305
660337.500,1664587.500,686.355,47.449
660412.500,1664587.500,685.125,85.107
660487.500,1664587.500,686.723,46.892
660562.500,1664587.500,690.378,70.643
660637.500,1664587.500,695.381,36.941
660712.500,1664587.500,700.122,33.261
660787.500,1664587.500,697.891,41.063
660862.500,1664587.500,691.809,56.438
660937.500,1664587.500,686.070,64.539
661012.500,1664587.500,681.835,82.145
661087.500,1664587.500,678.797,80.189
661162.500,1664587.500,676.868,50.109
661237.500,1664587.500,676.613,68.133
661312.500,1664587.500,679.054,84.512
661387.500,1664587.500,678.786,34.968
661462.500,1664587.500,676.314,49.070
661537.500,1664587.500,674.940,37.390
661612.500,1664587.500,675.925,77.219
661687.500,1664587.500,677.052,65.605
661762.500,1664587.500,680.476,50.056
661837.500,1664587.500,684.951,81.420
661912.500,1664587.500,684.783,66.643
661987.500,1664587.500,681.925,98.635
662062.500,1664587.500,679.078,78.571
662137.500,1664587.500,676.679,95.326
662212.500,1664587.500,680.438,65.777
662287.500,1664587.500,691.125,113.544
662362.500,1664587.500,718.886,105.829
662437.500,1664587.500,758.780,87.747
662512.500,1664587.500,802.473,94.533
662587.500,1664587.500,836.238,121.348
662662.500,1664587.500,837.792,170.861
662737.500,1664587.500,811.924,119.487
662812.500,1664587.500,781.164,212.214
662887.500,1664587.500,774.679,196.582
662962.500,1664587.500,799.091,214.019
663037.500,1664587.500,827.828,228.192
663112.500,1664587.500,830.210,202.045
663187.500,1664587.500,811.462,247.108
663262.500,1664587.500,779.236,298.691
663337.500,1664587.500,743.880,383.989
663412.500,1664587.500,723.109,571.534
663487.500,1664587.500,735.240,709.689
663562.500,1664587.500,770.613,689.463
663637.500,1664587.500,815.003,-76.370
663712.500,1664587.500,859.870,-1488.536
663787.500,1664587.500,901.222,-2162.399
663862.500,1664587.500,931.689,-1975.926
663937.500,1664587.500,947.337,-1499.949
664012.500,1664587.500,957.119,-965.282
664087.500,1664587.500,943.671,-784.983
664162.500,1664587.500,914.308,-547.947
664237.500,1664587.500,882.976,-369.512
664312.500,1664587.500,868.815,-276.489
664387.500,1664587.500,882.885,-209.627
664462.500,1664587.500,905.687,-222.405
664537.500,1664587.500,906.183,-183.775
664612.500,1664587.500,896.321,-141.694
