x,y,z,gz
641000.000,1704000.000,514.911,-75.579
642000.000,1704000.000,526.739,-76.197
643000.000,1704000.000,573.927,-76.984
644000.000,1704000.000,614.717,-78.011
645000.000,1704000.000,619.919,-78.984
646000.000,1704000.000,674.037,-79.840
647000.000,1704000.000,569.620,-80.672
648000.000,1704000.000,654.121,-81.620
649000.000,1704000.000,650.482,-82.748
650000.000,1704000.000,549.320,-83.809
651000.000,1704000.000,514.078,-84.808
652000.000,1704000.000,579.933,-85.981
653000.000,1704000.000,557.436,-87.265
654000.000,1704000.000,576.858,-88.382
655000.000,1704000.000,518.034,-89.277
656000.000,1704000.000,573.029,-89.885
657000.000,1704000.000,554.913,-90.374
658000.000,1704000.000,525.744,-90.749
659000.000,1704000.000,480.240,-91.135
660000.000,1704000.000,456.130,-91.613
661000.000,1704000.000,516.407,-92.027
662000.000,1704000.000,466.898,-92.014
663000.000,1704000.000,446.592,-91.985
664000.000,1704000.000,456.988,-92.069
665000.000,1704000.000,430.099,-91.414
666000.000,1704000.000,393.305,-89.881
667000.000,1704000.000,394.642,-88.959
668000.000,1704000.000,393.711,-89.069
669000.000,1704000.000,392.154,-87.709
670000.000,1704000.000,382.073,-85.044
671000.000,1704000.000,390.742,-82.854
672000.000,1704000.000,401.758,-80.856
673000.000,1704000.000,405.338,-83.220
674000.000,1704000.000,415.065,-84.615
675000.000,1704000.000,413.716,-83.708
676000.000,1704000.000,413.703,-83.344
677000.000,1704000.000,403.752,-82.139
678000.000,1704000.000,407.352,-81.097
679000.000,1704000.000,396.908,-81.051
680000.000,1704000.000,393.605,-82.188
681000.000,1704000.000,405.413,-84.511
682000.000,1704000.000,393.216,-86.742
683000.000,1704000.000,403.380,-87.796
684000.000,1704000.000,407.914,-88.677
685000.000,1704000.000,410.648,-89.430
686000.000,1704000.000,410.634,-89.555
687000.000,1704000.000,411.590,-90.389
688000.000,1704000.000,414.056,-91.255
689000.000,1704000.000,410.251,-92.019
690000.000,1704000.000,410.612,-91.857
691000.000,1704000.000,405.193,-90.929
692000.000,1704000.000,398.173,-90.084
693000.000,1704000.000,402.923,-89.708
694000.000,1704000.000,400.170,-89.407
695000.000,1704000.000,397.631,-88.810
696000.000,1704000.000,401.711,-88.973
697000.000,1704000.000,402.551,-88.956
698000.000,1704000.000,406.646,-88.701
699000.000,1704000.000,411.196,-88.260
700000.000,1704000.000,418.588,-87.711
701000.000,1704000.000,427.204,-85.469
702000.000,1704000.000,503.433,-82.767
703000.000,1704000.000,424.502,-81.018
704000.000,1704000.000,416.430,-78.924
705000.000,1704000.000,412.926,-77.962
706000.000,1704000.000,403.863,-77.057
707000.000,1704000.000,400.313,-77.527
708000.000,1704000.000,399.183,-79.224
709000.000,1704000.000,393.203,-80.537
710000.000,1704000.000,393.418,-81.145
711000.000,1704000.000,389.710,-81.063
641000.000,1703000.000,507.539,-75.087
642000.000,1703000.000,509.783,-75.514
643000.000,1703000.000,514.876,-76.060
644000.000,1703000.000,575.637,-77.220
645000.000,1703000.000,532.971,-78.552
646000.000,1703000.000,543.030,-79.706
647000.000,1703000.000,573.090,-80.659
648000.000,1703000.000,552.095,-81.624
649000.000,1703000.000,542.546,-82.804
650000.000,1703000.000,557.834,-83.987
651000.000,1703000.000,544.074,-84.969
652000.000,1703000.000,555.908,-86.063
653000.000,1703000.000,588.328,-87.220
654000.000,1703000.000,584.533,-88.308
655000.000,1703000.000,552.353,-89.154
656000.000,1703000.000,585.665,-89.853
657000.000,1703000.000,513.413,-90.423
658000.000,1703000.000,473.395,-90.728
659000.000,1703000.000,453.745,-91.153
660000.000,1703000.000,506.239,-91.390
661000.000,1703000.000,449.070,-92.587
662000.000,1703000.000,490.749,-92.809
663000.000,1703000.000,454.209,-92.733
664000.000,1703000.000,419.725,-92.778
665000.000,1703000.000,403.262,-92.412
666000.000,1703000.000,394.664,-91.507
667000.000,1703000.000,387.926,-90.484
668000.000,1703000.000,386.126,-89.984
669000.000,1703000.000,392.904,-89.277
670000.000,1703000.000,392.540,-86.979
671000.000,1703000.000,396.330,-84.794
672000.000,1703000.000,402.425,-82.279
673000.000,1703000.000,411.052,-83.987
674000.000,1703000.000,421.729,-85.097
675000.000,1703000.000,414.049,-84.002
676000.000,1703000.000,409.423,-83.546
677000.000,1703000.000,405.173,-82.740
678000.000,1703000.000,409.321,-81.479
679000.000,1703000.000,397.493,-80.710
680000.000,1703000.000,398.177,-81.602
681000.000,1703000.000,409.338,-83.757
682000.000,1703000.000,399.146,-85.609
683000.000,1703000.000,400.872,-86.801
684000.000,1703000.000,407.779,-87.740
685000.000,1703000.000,412.974,-88.281
686000.000,1703000.000,414.511,-88.629
687000.000,1703000.000,417.317,-89.782
688000.000,1703000.000,416.787,-90.921
689000.000,1703000.000,419.139,-91.842
690000.000,1703000.000,415.351,-91.827
691000.000,1703000.000,402.263,-90.958
692000.000,1703000.000,405.010,-90.418
693000.000,1703000.000,410.976,-90.222
694000.000,1703000.000,407.090,-90.085
695000.000,1703000.000,398.850,-89.455
696000.000,1703000.000,398.755,-89.169
697000.000,1703000.000,406.509,-88.940
698000.000,1703000.000,410.385,-88.616
699000.000,1703000.000,413.993,-88.321
700000.000,1703000.000,416.530,-87.907
701000.000,1703000.000,423.776,-86.223
702000.000,1703000.000,430.628,-83.258
703000.000,1703000.000,436.906,-81.261
704000.000,1703000.000,421.827,-79.598
705000.000,1703000.000,414.139,-79.949
706000.000,1703000.000,415.558,-77.892
707000.000,1703000.000,413.357,-78.235
708000.000,1703000.000,406.541,-79.845
709000.000,1703000.000,395.247,-80.655
710000.000,1703000.000,399.737,-81.193
711000.000,1703000.000,393.326,-81.218
641000.000,1702000.000,500.968,-73.746
642000.000,1702000.000,504.668,-74.005
643000.000,1702000.000,521.060,-75.151
644000.000,1702000.000,525.637,-76.563
645000.000,1702000.000,530.240,-78.262
646000.000,1702000.000,541.175,-79.619
647000.000,1702000.000,545.300,-80.631
648000.000,1702000.000,536.099,-81.428
649000.000,1702000.000,525.653,-82.673
650000.000,1702000.000,527.471,-83.859
651000.000,1702000.000,543.735,-84.830
652000.000,1702000.000,598.890,-85.862
653000.000,1702000.000,581.365,-86.992
654000.000,1702000.000,588.214,-88.040
655000.000,1702000.000,569.933,-88.972
656000.000,1702000.000,574.114,-89.770
657000.000,1702000.000,528.558,-90.403
658000.000,1702000.000,496.087,-90.798
659000.000,1702000.000,444.301,-91.230
660000.000,1702000.000,437.671,-91.441
661000.000,1702000.000,429.869,-92.626
662000.000,1702000.000,450.980,-92.957
663000.000,1702000.000,415.405,-92.947
664000.000,1702000.000,431.882,-92.966
665000.000,1702000.000,402.639,-92.903
666000.000,1702000.000,397.898,-92.288
667000.000,1702000.000,396.669,-91.082
668000.000,1702000.000,398.337,-89.608
669000.000,1702000.000,398.059,-89.045
670000.000,1702000.000,395.621,-87.705
671000.000,1702000.000,402.716,-85.919
672000.000,1702000.000,404.947,-83.886
673000.000,1702000.000,418.356,-83.312
674000.000,1702000.000,419.946,-84.907
675000.000,1702000.000,413.854,-84.739
676000.000,1702000.000,409.187,-84.526
677000.000,1702000.000,412.351,-83.981
678000.000,1702000.000,409.077,-82.095
679000.000,1702000.000,397.505,-80.162
680000.000,1702000.000,402.482,-80.806
681000.000,1702000.000,412.511,-83.000
682000.000,1702000.000,405.870,-84.301
683000.000,1702000.000,399.714,-85.315
684000.000,1702000.000,401.043,-85.957
685000.000,1702000.000,415.905,-86.601
686000.000,1702000.000,419.404,-87.663
687000.000,1702000.000,422.785,-88.981
688000.000,1702000.000,426.162,-90.234
689000.000,1702000.000,420.678,-91.296
690000.000,1702000.000,410.020,-91.623
691000.000,1702000.000,412.423,-91.084
692000.000,1702000.000,408.550,-90.793
693000.000,1702000.000,427.875,-90.653
694000.000,1702000.000,408.700,-90.483
695000.000,1702000.000,406.089,-90.026
696000.000,1702000.000,405.193,-89.334
697000.000,1702000.000,402.183,-88.877
698000.000,1702000.000,406.606,-88.277
699000.000,1702000.000,409.783,-88.042
700000.000,1702000.000,413.349,-88.025
701000.000,1702000.000,418.806,-86.335
702000.000,1702000.000,425.671,-84.376
703000.000,1702000.000,444.419,-82.725
704000.000,1702000.000,438.550,-81.417
705000.000,1702000.000,420.619,-80.065
706000.000,1702000.000,418.804,-78.132
707000.000,1702000.000,417.859,-77.103
708000.000,1702000.000,406.267,-78.685
709000.000,1702000.000,397.151,-80.710
710000.000,1702000.000,404.492,-81.798
711000.000,1702000.000,398.814,-82.112
641000.000,1701000.000,496.777,-72.981
642000.000,1701000.000,554.104,-73.595
643000.000,1701000.000,507.376,-74.667
644000.000,1701000.000,516.601,-76.043
645000.000,1701000.000,521.503,-77.743
646000.000,1701000.000,539.707,-79.136
647000.000,1701000.000,527.009,-80.160
648000.000,1701000.000,583.313,-81.116
649000.000,1701000.000,513.435,-82.249
650000.000,1701000.000,537.226,-83.387
651000.000,1701000.000,555.586,-84.412
652000.000,1701000.000,547.372,-85.467
653000.000,1701000.000,519.714,-86.577
654000.000,1701000.000,541.598,-87.668
655000.000,1701000.000,470.219,-88.726
656000.000,1701000.000,520.100,-89.745
657000.000,1701000.000,507.052,-90.317
658000.000,1701000.000,440.147,-90.916
659000.000,1701000.000,438.173,-91.388
660000.000,1701000.000,430.565,-91.794
661000.000,1701000.000,432.181,-92.362
662000.000,1701000.000,415.789,-92.791
663000.000,1701000.000,448.275,-92.944
664000.000,1701000.000,406.087,-93.072
665000.000,1701000.000,397.547,-93.283
666000.000,1701000.000,439.103,-93.010
667000.000,1701000.000,409.538,-91.933
668000.000,1701000.000,423.123,-89.885
669000.000,1701000.000,401.106,-89.370
670000.000,1701000.000,400.686,-88.733
671000.000,1701000.000,399.581,-88.063
672000.000,1701000.000,409.376,-86.551
673000.000,1701000.000,420.456,-85.490
674000.000,1701000.000,418.331,-85.882
675000.000,1701000.000,414.137,-85.335
676000.000,1701000.000,414.579,-85.236
677000.000,1701000.000,415.502,-85.080
678000.000,1701000.000,403.653,-83.741
679000.000,1701000.000,403.786,-82.458
680000.000,1701000.000,400.502,-81.179
681000.000,1701000.000,411.817,-83.621
682000.000,1701000.000,411.781,-83.787
683000.000,1701000.000,405.828,-84.001
684000.000,1701000.000,406.285,-84.787
685000.000,1701000.000,403.121,-85.650
686000.000,1701000.000,411.779,-86.653
687000.000,1701000.000,418.763,-88.077
688000.000,1701000.000,429.322,-89.532
689000.000,1701000.000,419.908,-90.536
690000.000,1701000.000,411.706,-91.020
691000.000,1701000.000,416.813,-90.983
692000.000,1701000.000,419.449,-91.083
693000.000,1701000.000,415.690,-91.035
694000.000,1701000.000,413.243,-90.898
695000.000,1701000.000,414.139,-90.635
696000.000,1701000.000,415.045,-89.145
697000.000,1701000.000,408.429,-88.050
698000.000,1701000.000,407.691,-87.398
699000.000,1701000.000,418.295,-86.909
700000.000,1701000.000,420.398,-86.197
701000.000,1701000.000,422.284,-85.654
702000.000,1701000.000,428.437,-84.863
703000.000,1701000.000,432.878,-84.023
704000.000,1701000.000,457.527,-82.447
705000.000,1701000.000,430.485,-80.063
706000.000,1701000.000,418.173,-78.691
707000.000,1701000.000,410.009,-77.632
708000.000,1701000.000,403.744,-78.951
709000.000,1701000.000,400.622,-81.268
710000.000,1701000.000,409.157,-82.922
711000.000,1701000.000,405.346,-83.334
641000.000,1700000.000,491.734,-72.924
642000.000,1700000.000,499.791,-73.458
643000.000,1700000.000,511.246,-74.278
644000.000,1700000.000,513.125,-75.462
645000.000,1700000.000,533.799,-76.930
646000.000,1700000.000,495.129,-78.332
647000.000,1700000.000,499.941,-79.540
648000.000,1700000.000,480.074,-80.633
649000.000,1700000.000,486.026,-81.724
650000.000,1700000.000,502.861,-82.814
651000.000,1700000.000,549.943,-83.823
652000.000,1700000.000,560.925,-84.876
653000.000,1700000.000,514.791,-86.018
654000.000,1700000.000,529.698,-87.150
655000.000,1700000.000,457.639,-88.064
656000.000,1700000.000,480.698,-89.291
657000.000,1700000.000,439.035,-90.011
658000.000,1700000.000,438.859,-90.519
659000.000,1700000.000,445.116,-90.950
660000.000,1700000.000,420.279,-91.403
661000.000,1700000.000,415.797,-91.910
662000.000,1700000.000,410.069,-92.471
663000.000,1700000.000,416.951,-92.819
664000.000,1700000.000,398.479,-93.285
665000.000,1700000.000,404.617,-93.647
666000.000,1700000.000,409.161,-93.784
667000.000,1700000.000,453.167,-93.545
668000.000,1700000.000,407.854,-91.284
669000.000,1700000.000,429.519,-89.212
670000.000,1700000.000,405.942,-87.387
671000.000,1700000.000,410.163,-87.979
672000.000,1700000.000,411.888,-87.266
673000.000,1700000.000,424.355,-86.669
674000.000,1700000.000,420.312,-86.252
675000.000,1700000.000,421.277,-85.560
676000.000,1700000.000,420.877,-85.692
677000.000,1700000.000,415.996,-85.363
678000.000,1700000.000,406.038,-84.646
679000.000,1700000.000,406.256,-84.013
680000.000,1700000.000,400.672,-82.572
681000.000,1700000.000,414.662,-82.877
682000.000,1700000.000,415.932,-83.287
683000.000,1700000.000,409.914,-83.593
684000.000,1700000.000,409.788,-84.563
685000.000,1700000.000,403.902,-85.956
686000.000,1700000.000,414.780,-86.593
687000.000,1700000.000,421.304,-87.430
688000.000,1700000.000,429.948,-88.809
689000.000,1700000.000,423.762,-89.974
690000.000,1700000.000,417.386,-90.726
691000.000,1700000.000,420.717,-91.350
692000.000,1700000.000,429.758,-91.841
693000.000,1700000.000,424.603,-91.972
694000.000,1700000.000,421.500,-91.154
695000.000,1700000.000,424.018,-90.899
696000.000,1700000.000,421.608,-89.167
697000.000,1700000.000,415.523,-87.673
698000.000,1700000.000,409.746,-86.706
699000.000,1700000.000,409.895,-85.900
700000.000,1700000.000,413.059,-85.115
701000.000,1700000.000,418.321,-85.040
702000.000,1700000.000,422.660,-85.253
703000.000,1700000.000,430.635,-85.312
704000.000,1700000.000,440.278,-84.038
705000.000,1700000.000,442.259,-80.555
706000.000,1700000.000,417.761,-79.223
707000.000,1700000.000,410.471,-79.923
708000.000,1700000.000,404.641,-80.482
709000.000,1700000.000,406.787,-82.034
710000.000,1700000.000,411.468,-84.500
711000.000,1700000.000,404.129,-84.757
641000.000,1699000.000,497.813,-72.357
642000.000,1699000.000,491.528,-72.958
643000.000,1699000.000,515.796,-73.755
644000.000,1699000.000,526.407,-74.856
645000.000,1699000.000,482.565,-76.197
646000.000,1699000.000,480.092,-77.630
647000.000,1699000.000,517.514,-78.973
648000.000,1699000.000,479.057,-80.100
649000.000,1699000.000,466.532,-81.266
650000.000,1699000.000,467.744,-82.252
651000.000,1699000.000,456.173,-83.123
652000.000,1699000.000,469.195,-84.173
653000.000,1699000.000,511.422,-85.417
654000.000,1699000.000,476.659,-86.776
655000.000,1699000.000,455.359,-87.473
656000.000,1699000.000,440.562,-88.551
657000.000,1699000.000,428.305,-89.535
658000.000,1699000.000,439.481,-90.244
659000.000,1699000.000,436.098,-90.607
660000.000,1699000.000,420.189,-91.003
661000.000,1699000.000,468.834,-91.580
662000.000,1699000.000,418.729,-92.198
663000.000,1699000.000,401.206,-92.911
664000.000,1699000.000,411.242,-93.444
665000.000,1699000.000,435.637,-93.763
666000.000,1699000.000,430.090,-94.092
667000.000,1699000.000,446.677,-94.460
668000.000,1699000.000,429.737,-93.174
669000.000,1699000.000,413.000,-89.973
670000.000,1699000.000,431.329,-87.389
671000.000,1699000.000,418.309,-87.318
672000.000,1699000.000,413.122,-87.623
673000.000,1699000.000,424.627,-88.717
674000.000,1699000.000,424.766,-87.546
675000.000,1699000.000,421.738,-86.545
676000.000,1699000.000,415.762,-86.001
677000.000,1699000.000,409.740,-85.929
678000.000,1699000.000,410.702,-85.384
679000.000,1699000.000,409.974,-84.061
680000.000,1699000.000,403.541,-82.554
681000.000,1699000.000,411.241,-82.467
682000.000,1699000.000,417.907,-83.013
683000.000,1699000.000,415.083,-83.511
684000.000,1699000.000,414.541,-84.218
685000.000,1699000.000,405.199,-85.407
686000.000,1699000.000,413.626,-86.359
687000.000,1699000.000,417.668,-86.768
688000.000,1699000.000,422.743,-87.985
689000.000,1699000.000,428.508,-89.390
690000.000,1699000.000,421.585,-90.144
691000.000,1699000.000,425.158,-91.084
692000.000,1699000.000,434.444,-91.870
693000.000,1699000.000,437.357,-92.262
694000.000,1699000.000,431.774,-91.703
695000.000,1699000.000,471.601,-90.897
696000.000,1699000.000,428.314,-89.579
697000.000,1699000.000,420.238,-88.227
698000.000,1699000.000,420.579,-86.798
699000.000,1699000.000,416.677,-85.190
700000.000,1699000.000,414.307,-84.094
701000.000,1699000.000,419.924,-84.463
702000.000,1699000.000,421.976,-85.321
703000.000,1699000.000,429.663,-85.973
704000.000,1699000.000,436.255,-84.369
705000.000,1699000.000,430.498,-80.437
706000.000,1699000.000,420.057,-78.752
707000.000,1699000.000,414.760,-79.489
708000.000,1699000.000,412.181,-80.042
709000.000,1699000.000,417.210,-80.896
710000.000,1699000.000,413.555,-84.467
711000.000,1699000.000,406.855,-85.992
641000.000,1698000.000,483.519,-71.444
642000.000,1698000.000,479.502,-72.036
643000.000,1698000.000,484.566,-73.089
644000.000,1698000.000,494.056,-74.265
645000.000,1698000.000,478.562,-75.604
646000.000,1698000.000,470.500,-77.169
647000.000,1698000.000,499.077,-78.542
648000.000,1698000.000,476.755,-79.596
649000.000,1698000.000,455.128,-80.958
650000.000,1698000.000,452.348,-81.779
651000.000,1698000.000,451.138,-82.399
652000.000,1698000.000,458.612,-83.526
653000.000,1698000.000,583.910,-84.731
654000.000,1698000.000,441.097,-85.875
655000.000,1698000.000,441.523,-86.889
656000.000,1698000.000,462.501,-87.847
657000.000,1698000.000,423.751,-88.868
658000.000,1698000.000,423.275,-89.671
659000.000,1698000.000,484.532,-89.926
660000.000,1698000.000,417.405,-90.221
661000.000,1698000.000,403.716,-90.897
662000.000,1698000.000,408.941,-91.655
663000.000,1698000.000,412.215,-92.572
664000.000,1698000.000,421.725,-93.445
665000.000,1698000.000,444.004,-93.622
666000.000,1698000.000,428.802,-93.761
667000.000,1698000.000,467.973,-94.183
668000.000,1698000.000,461.845,-93.783
669000.000,1698000.000,417.536,-91.157
670000.000,1698000.000,423.791,-87.781
671000.000,1698000.000,431.926,-87.463
672000.000,1698000.000,425.460,-86.904
673000.000,1698000.000,426.762,-87.608
674000.000,1698000.000,428.517,-88.408
675000.000,1698000.000,421.664,-88.623
676000.000,1698000.000,421.700,-87.754
677000.000,1698000.000,418.272,-86.717
678000.000,1698000.000,413.911,-85.957
679000.000,1698000.000,412.826,-84.478
680000.000,1698000.000,404.131,-82.386
681000.000,1698000.000,412.395,-82.167
682000.000,1698000.000,420.677,-82.885
683000.000,1698000.000,418.853,-83.593
684000.000,1698000.000,416.980,-83.969
685000.000,1698000.000,407.736,-84.107
686000.000,1698000.000,420.306,-85.591
687000.000,1698000.000,424.445,-86.259
688000.000,1698000.000,428.867,-87.019
689000.000,1698000.000,433.351,-88.001
690000.000,1698000.000,432.220,-88.984
691000.000,1698000.000,433.651,-89.682
692000.000,1698000.000,438.079,-90.362
693000.000,1698000.000,469.163,-90.987
694000.000,1698000.000,528.350,-91.059
695000.000,1698000.000,511.413,-90.565
696000.000,1698000.000,465.206,-89.648
697000.000,1698000.000,510.781,-88.581
698000.000,1698000.000,427.680,-87.009
699000.000,1698000.000,421.774,-84.789
700000.000,1698000.000,418.530,-83.175
701000.000,1698000.000,423.823,-83.278
702000.000,1698000.000,429.169,-84.106
703000.000,1698000.000,431.728,-84.411
704000.000,1698000.000,429.904,-83.021
705000.000,1698000.000,425.294,-80.132
706000.000,1698000.000,422.240,-78.117
707000.000,1698000.000,415.492,-78.382
708000.000,1698000.000,415.060,-79.071
709000.000,1698000.000,421.534,-77.850
710000.000,1698000.000,418.914,-82.643
711000.000,1698000.000,413.910,-84.687
641000.000,1697000.000,472.404,-71.377
642000.000,1697000.000,473.580,-70.944
643000.000,1697000.000,468.690,-72.583
644000.000,1697000.000,466.960,-73.843
645000.000,1697000.000,467.000,-75.035
646000.000,1697000.000,522.554,-76.865
647000.000,1697000.000,457.676,-78.193
648000.000,1697000.000,450.007,-79.195
649000.000,1697000.000,446.582,-80.777
650000.000,1697000.000,445.639,-81.899
651000.000,1697000.000,444.092,-82.728
652000.000,1697000.000,440.842,-83.691
653000.000,1697000.000,435.067,-84.521
654000.000,1697000.000,425.243,-85.445
655000.000,1697000.000,432.848,-86.533
656000.000,1697000.000,419.098,-87.334
657000.000,1697000.000,456.574,-88.217
658000.000,1697000.000,405.399,-88.958
659000.000,1697000.000,437.955,-89.019
660000.000,1697000.000,403.362,-89.273
661000.000,1697000.000,412.586,-90.002
662000.000,1697000.000,413.630,-90.673
663000.000,1697000.000,448.912,-91.484
664000.000,1697000.000,432.100,-92.783
665000.000,1697000.000,463.553,-92.775
666000.000,1697000.000,486.880,-92.859
667000.000,1697000.000,476.914,-93.208
668000.000,1697000.000,526.286,-93.115
669000.000,1697000.000,455.492,-91.682
670000.000,1697000.000,425.835,-88.887
671000.000,1697000.000,440.016,-88.121
672000.000,1697000.000,488.961,-86.819
673000.000,1697000.000,444.022,-86.777
674000.000,1697000.000,428.898,-87.624
675000.000,1697000.000,428.752,-88.523
676000.000,1697000.000,428.002,-88.317
677000.000,1697000.000,421.524,-86.831
678000.000,1697000.000,417.026,-85.554
679000.000,1697000.000,417.238,-83.946
680000.000,1697000.000,408.356,-81.360
681000.000,1697000.000,413.728,-81.700
682000.000,1697000.000,419.046,-82.783
683000.000,1697000.000,421.746,-83.520
684000.000,1697000.000,417.121,-84.121
685000.000,1697000.000,413.289,-84.605
686000.000,1697000.000,414.074,-85.618
687000.000,1697000.000,421.434,-86.325
688000.000,1697000.000,423.941,-86.669
689000.000,1697000.000,429.141,-86.872
690000.000,1697000.000,436.727,-87.839
691000.000,1697000.000,438.941,-88.073
692000.000,1697000.000,441.576,-88.474
693000.000,1697000.000,512.353,-89.508
694000.000,1697000.000,492.830,-90.097
695000.000,1697000.000,471.794,-90.025
696000.000,1697000.000,446.643,-89.455
697000.000,1697000.000,437.235,-88.711
698000.000,1697000.000,428.106,-87.055
699000.000,1697000.000,423.534,-84.332
700000.000,1697000.000,421.703,-81.763
701000.000,1697000.000,424.867,-81.523
702000.000,1697000.000,435.733,-82.089
703000.000,1697000.000,437.883,-82.160
704000.000,1697000.000,432.086,-81.517
705000.000,1697000.000,425.411,-80.569
706000.000,1697000.000,421.430,-78.748
707000.000,1697000.000,418.816,-77.389
708000.000,1697000.000,421.502,-77.549
709000.000,1697000.000,423.309,-77.430
710000.000,1697000.000,418.570,-79.666
711000.000,1697000.000,413.147,-82.128
641000.000,1696000.000,470.033,-71.820
642000.000,1696000.000,466.993,-71.764
643000.000,1696000.000,465.176,-72.489
644000.000,1696000.000,460.175,-73.189
645000.000,1696000.000,460.419,-74.613
646000.000,1696000.000,451.292,-76.320
647000.000,1696000.000,451.288,-77.556
648000.000,1696000.000,451.194,-78.974
649000.000,1696000.000,451.500,-80.765
650000.000,1696000.000,457.663,-81.636
651000.000,1696000.000,446.286,-82.787
652000.000,1696000.000,443.251,-83.782
653000.000,1696000.000,437.684,-84.425
654000.000,1696000.000,430.868,-85.180
655000.000,1696000.000,417.863,-86.098
656000.000,1696000.000,418.595,-86.960
657000.000,1696000.000,422.869,-87.747
658000.000,1696000.000,443.861,-88.399
659000.000,1696000.000,416.366,-88.689
660000.000,1696000.000,469.204,-89.025
661000.000,1696000.000,417.036,-89.521
662000.000,1696000.000,419.102,-89.766
663000.000,1696000.000,422.069,-89.852
664000.000,1696000.000,429.105,-91.017
665000.000,1696000.000,484.190,-91.636
666000.000,1696000.000,520.574,-91.970
667000.000,1696000.000,563.808,-92.225
668000.000,1696000.000,534.603,-92.223
669000.000,1696000.000,535.077,-91.686
670000.000,1696000.000,445.620,-90.440
671000.000,1696000.000,502.599,-89.335
672000.000,1696000.000,460.088,-88.128
673000.000,1696000.000,440.374,-86.821
674000.000,1696000.000,431.773,-86.520
675000.000,1696000.000,433.442,-87.520
676000.000,1696000.000,431.107,-87.912
677000.000,1696000.000,423.631,-86.939
678000.000,1696000.000,423.465,-85.753
679000.000,1696000.000,420.985,-84.482
680000.000,1696000.000,414.669,-81.998
681000.000,1696000.000,418.595,-82.690
682000.000,1696000.000,422.346,-83.698
683000.000,1696000.000,424.077,-83.817
684000.000,1696000.000,421.225,-84.244
685000.000,1696000.000,414.506,-84.854
686000.000,1696000.000,420.670,-86.150
687000.000,1696000.000,423.920,-86.972
688000.000,1696000.000,428.071,-86.954
689000.000,1696000.000,432.463,-86.912
690000.000,1696000.000,430.522,-87.090
691000.000,1696000.000,438.117,-87.208
692000.000,1696000.000,441.883,-87.555
693000.000,1696000.000,450.895,-88.734
694000.000,1696000.000,455.351,-89.317
695000.000,1696000.000,447.590,-89.371
696000.000,1696000.000,503.876,-88.678
697000.000,1696000.000,443.008,-87.820
698000.000,1696000.000,431.372,-86.559
699000.000,1696000.000,431.433,-84.245
700000.000,1696000.000,424.752,-80.550
701000.000,1696000.000,436.274,-78.458
702000.000,1696000.000,447.102,-77.206
703000.000,1696000.000,439.172,-75.983
704000.000,1696000.000,433.950,-76.417
705000.000,1696000.000,437.362,-79.506
706000.000,1696000.000,430.527,-78.746
707000.000,1696000.000,426.663,-76.126
708000.000,1696000.000,426.659,-76.074
709000.000,1696000.000,414.393,-75.609
710000.000,1696000.000,409.893,-76.416
711000.000,1696000.000,404.876,-79.541
641000.000,1695000.000,473.755,-71.650
642000.000,1695000.000,471.442,-72.031
643000.000,1695000.000,472.412,-72.779
644000.000,1695000.000,461.452,-73.373
645000.000,1695000.000,455.709,-74.535
646000.000,1695000.000,453.996,-75.734
647000.000,1695000.000,452.855,-76.829
648000.000,1695000.000,449.995,-78.257
649000.000,1695000.000,445.729,-79.737
650000.000,1695000.000,440.507,-80.674
651000.000,1695000.000,437.622,-81.686
652000.000,1695000.000,462.023,-82.928
653000.000,1695000.000,442.658,-83.912
654000.000,1695000.000,435.285,-84.680
655000.000,1695000.000,431.703,-85.430
656000.000,1695000.000,433.731,-86.197
657000.000,1695000.000,427.707,-87.230
658000.000,1695000.000,479.259,-87.967
659000.000,1695000.000,431.570,-88.610
660000.000,1695000.000,437.890,-89.340
661000.000,1695000.000,421.022,-89.623
662000.000,1695000.000,421.679,-89.692
663000.000,1695000.000,439.202,-89.797
664000.000,1695000.000,441.189,-90.470
665000.000,1695000.000,515.697,-91.171
666000.000,1695000.000,504.877,-91.568
667000.000,1695000.000,588.181,-91.719
668000.000,1695000.000,561.339,-91.716
669000.000,1695000.000,620.549,-91.974
670000.000,1695000.000,509.131,-91.548
671000.000,1695000.000,451.973,-90.555
672000.000,1695000.000,482.613,-89.414
673000.000,1695000.000,440.351,-87.916
674000.000,1695000.000,438.649,-86.843
675000.000,1695000.000,442.257,-87.693
676000.000,1695000.000,435.839,-88.343
677000.000,1695000.000,430.441,-87.875
678000.000,1695000.000,427.017,-86.795
679000.000,1695000.000,416.658,-85.528
680000.000,1695000.000,420.964,-83.780
681000.000,1695000.000,421.041,-83.430
682000.000,1695000.000,422.533,-83.911
683000.000,1695000.000,426.056,-83.949
684000.000,1695000.000,421.049,-84.278
685000.000,1695000.000,417.497,-84.877
686000.000,1695000.000,418.123,-85.935
687000.000,1695000.000,424.026,-86.752
688000.000,1695000.000,426.892,-86.864
689000.000,1695000.000,426.912,-86.698
690000.000,1695000.000,434.083,-86.587
691000.000,1695000.000,438.640,-86.593
692000.000,1695000.000,443.580,-86.975
693000.000,1695000.000,446.448,-88.015
694000.000,1695000.000,454.274,-88.594
695000.000,1695000.000,456.886,-88.806
696000.000,1695000.000,453.147,-88.392
697000.000,1695000.000,441.560,-87.643
698000.000,1695000.000,434.432,-86.356
699000.000,1695000.000,433.498,-83.663
700000.000,1695000.000,431.019,-79.199
701000.000,1695000.000,433.794,-75.746
702000.000,1695000.000,442.949,-72.412
703000.000,1695000.000,445.685,-70.042
704000.000,1695000.000,442.469,-70.856
705000.000,1695000.000,445.618,-76.771
706000.000,1695000.000,431.751,-77.630
707000.000,1695000.000,419.247,-75.582
708000.000,1695000.000,418.110,-75.613
709000.000,1695000.000,411.898,-74.912
710000.000,1695000.000,405.841,-74.507
711000.000,1695000.000,404.550,-78.701
641000.000,1694000.000,480.379,-71.751
642000.000,1694000.000,474.472,-72.482
643000.000,1694000.000,466.693,-73.384
644000.000,1694000.000,459.537,-74.176
645000.000,1694000.000,455.718,-74.914
646000.000,1694000.000,455.037,-75.544
647000.000,1694000.000,453.925,-76.203
648000.000,1694000.000,455.356,-77.743
649000.000,1694000.000,450.596,-78.944
650000.000,1694000.000,467.197,-79.581
651000.000,1694000.000,453.333,-80.301
652000.000,1694000.000,466.048,-81.619
653000.000,1694000.000,450.425,-82.684
654000.000,1694000.000,443.013,-83.822
655000.000,1694000.000,439.174,-84.588
656000.000,1694000.000,435.024,-85.248
657000.000,1694000.000,434.955,-86.664
658000.000,1694000.000,439.645,-87.336
659000.000,1694000.000,446.161,-88.237
660000.000,1694000.000,465.002,-89.225
661000.000,1694000.000,438.243,-89.582
662000.000,1694000.000,434.354,-89.778
663000.000,1694000.000,458.642,-89.979
664000.000,1694000.000,486.062,-90.508
665000.000,1694000.000,490.651,-91.250
666000.000,1694000.000,490.584,-91.639
667000.000,1694000.000,511.574,-91.674
668000.000,1694000.000,535.712,-92.005
669000.000,1694000.000,544.999,-92.483
670000.000,1694000.000,532.710,-92.329
671000.000,1694000.000,456.706,-91.229
672000.000,1694000.000,450.567,-89.984
673000.000,1694000.000,452.478,-89.506
674000.000,1694000.000,448.884,-88.093
675000.000,1694000.000,447.375,-88.898
676000.000,1694000.000,438.385,-89.446
677000.000,1694000.000,431.531,-88.705
678000.000,1694000.000,424.634,-87.786
679000.000,1694000.000,424.047,-86.351
680000.000,1694000.000,421.578,-85.083
681000.000,1694000.000,424.521,-84.699
682000.000,1694000.000,425.837,-84.682
683000.000,1694000.000,426.836,-84.056
684000.000,1694000.000,422.530,-84.260
685000.000,1694000.000,425.088,-84.788
686000.000,1694000.000,421.520,-85.457
687000.000,1694000.000,421.229,-85.985
688000.000,1694000.000,423.182,-86.234
689000.000,1694000.000,425.572,-86.060
690000.000,1694000.000,429.269,-85.841
691000.000,1694000.000,433.816,-85.629
692000.000,1694000.000,439.055,-85.739
693000.000,1694000.000,445.396,-86.701
694000.000,1694000.000,454.815,-87.683
695000.000,1694000.000,454.898,-88.133
696000.000,1694000.000,456.750,-88.022
697000.000,1694000.000,449.116,-87.658
698000.000,1694000.000,442.064,-86.627
699000.000,1694000.000,438.188,-84.150
700000.000,1694000.000,439.251,-78.839
701000.000,1694000.000,440.855,-74.595
702000.000,1694000.000,439.781,-70.141
703000.000,1694000.000,439.240,-67.119
704000.000,1694000.000,441.708,-68.383
705000.000,1694000.000,427.081,-74.309
706000.000,1694000.000,425.184,-75.374
707000.000,1694000.000,416.768,-73.245
708000.000,1694000.000,410.175,-73.756
709000.000,1694000.000,407.832,-73.933
710000.000,1694000.000,410.817,-73.846
711000.000,1694000.000,414.112,-78.118
641000.000,1693000.000,486.398,-70.884
642000.000,1693000.000,475.291,-72.160
643000.000,1693000.000,468.253,-73.340
644000.000,1693000.000,461.696,-74.415
645000.000,1693000.000,449.061,-75.327
646000.000,1693000.000,457.892,-75.805
647000.000,1693000.000,457.803,-76.110
648000.000,1693000.000,456.441,-76.869
649000.000,1693000.000,460.413,-78.313
650000.000,1693000.000,502.149,-79.319
651000.000,1693000.000,471.977,-79.946
652000.000,1693000.000,464.379,-80.629
653000.000,1693000.000,483.062,-81.390
654000.000,1693000.000,451.937,-82.832
655000.000,1693000.000,448.761,-83.990
656000.000,1693000.000,447.259,-84.735
657000.000,1693000.000,438.732,-85.349
658000.000,1693000.000,445.493,-86.254
659000.000,1693000.000,457.819,-87.232
660000.000,1693000.000,454.899,-88.360
661000.000,1693000.000,445.305,-89.022
662000.000,1693000.000,438.361,-89.404
663000.000,1693000.000,460.577,-89.911
664000.000,1693000.000,461.434,-90.575
665000.000,1693000.000,495.191,-91.382
666000.000,1693000.000,512.030,-91.826
667000.000,1693000.000,496.922,-91.750
668000.000,1693000.000,506.929,-92.193
669000.000,1693000.000,537.372,-92.670
670000.000,1693000.000,508.264,-92.264
671000.000,1693000.000,550.848,-91.365
672000.000,1693000.000,534.824,-90.561
673000.000,1693000.000,520.103,-89.232
674000.000,1693000.000,455.507,-87.983
675000.000,1693000.000,443.609,-87.742
676000.000,1693000.000,439.844,-88.095
677000.000,1693000.000,433.531,-88.825
678000.000,1693000.000,427.700,-88.488
679000.000,1693000.000,432.570,-87.494
680000.000,1693000.000,425.812,-86.033
681000.000,1693000.000,427.989,-84.817
682000.000,1693000.000,428.722,-84.946
683000.000,1693000.000,429.546,-84.843
684000.000,1693000.000,425.365,-84.236
685000.000,1693000.000,426.684,-84.148
686000.000,1693000.000,424.855,-84.487
687000.000,1693000.000,425.598,-84.792
688000.000,1693000.000,431.990,-85.028
689000.000,1693000.000,430.915,-84.848
690000.000,1693000.000,430.525,-84.818
691000.000,1693000.000,437.968,-84.921
692000.000,1693000.000,445.018,-85.149
693000.000,1693000.000,449.773,-85.982
694000.000,1693000.000,453.533,-86.925
695000.000,1693000.000,449.453,-87.573
696000.000,1693000.000,446.055,-87.720
697000.000,1693000.000,448.709,-87.345
698000.000,1693000.000,441.600,-86.373
699000.000,1693000.000,441.009,-84.383
700000.000,1693000.000,438.536,-79.437
701000.000,1693000.000,434.934,-74.082
702000.000,1693000.000,435.967,-69.352
703000.000,1693000.000,432.962,-66.229
704000.000,1693000.000,434.996,-66.663
705000.000,1693000.000,424.409,-71.357
706000.000,1693000.000,420.686,-72.028
707000.000,1693000.000,415.331,-70.290
708000.000,1693000.000,411.467,-70.884
709000.000,1693000.000,414.205,-71.991
710000.000,1693000.000,420.260,-73.269
711000.000,1693000.000,418.432,-76.490
641000.000,1692000.000,484.054,-69.715
642000.000,1692000.000,480.383,-71.392
643000.000,1692000.000,467.003,-72.792
644000.000,1692000.000,460.093,-74.169
645000.000,1692000.000,452.924,-75.176
646000.000,1692000.000,460.481,-75.804
647000.000,1692000.000,459.467,-76.595
648000.000,1692000.000,459.130,-76.820
649000.000,1692000.000,462.042,-77.604
650000.000,1692000.000,465.866,-78.702
651000.000,1692000.000,474.970,-79.528
652000.000,1692000.000,481.302,-80.377
653000.000,1692000.000,473.397,-81.210
654000.000,1692000.000,459.748,-82.502
655000.000,1692000.000,470.744,-83.763
656000.000,1692000.000,455.705,-84.680
657000.000,1692000.000,451.500,-84.957
658000.000,1692000.000,451.939,-85.938
659000.000,1692000.000,466.846,-87.338
660000.000,1692000.000,472.449,-88.040
661000.000,1692000.000,455.005,-88.636
662000.000,1692000.000,453.326,-89.052
663000.000,1692000.000,453.553,-89.724
664000.000,1692000.000,459.230,-90.613
665000.000,1692000.000,458.015,-91.342
666000.000,1692000.000,484.868,-91.833
667000.000,1692000.000,499.621,-91.822
668000.000,1692000.000,492.275,-92.186
669000.000,1692000.000,496.120,-92.618
670000.000,1692000.000,483.325,-91.832
671000.000,1692000.000,473.672,-91.512
672000.000,1692000.000,467.581,-91.315
673000.000,1692000.000,460.746,-89.463
674000.000,1692000.000,456.133,-87.834
675000.000,1692000.000,468.158,-86.616
676000.000,1692000.000,446.851,-86.559
677000.000,1692000.000,438.829,-88.777
678000.000,1692000.000,431.628,-89.038
679000.000,1692000.000,436.831,-88.493
680000.000,1692000.000,428.447,-86.602
681000.000,1692000.000,432.553,-84.082
682000.000,1692000.000,431.219,-85.010
683000.000,1692000.000,432.082,-84.920
684000.000,1692000.000,426.415,-84.308
685000.000,1692000.000,429.875,-83.895
686000.000,1692000.000,429.948,-83.877
687000.000,1692000.000,426.558,-84.009
688000.000,1692000.000,434.739,-83.907
689000.000,1692000.000,442.193,-83.753
690000.000,1692000.000,438.687,-84.056
691000.000,1692000.000,437.754,-84.786
692000.000,1692000.000,445.367,-85.261
693000.000,1692000.000,449.281,-85.966
694000.000,1692000.000,448.420,-86.324
695000.000,1692000.000,444.901,-86.659
696000.000,1692000.000,440.074,-86.916
697000.000,1692000.000,438.938,-86.689
698000.000,1692000.000,436.063,-86.043
699000.000,1692000.000,431.400,-84.182
700000.000,1692000.000,428.079,-80.506
701000.000,1692000.000,428.846,-75.423
702000.000,1692000.000,432.848,-70.601
703000.000,1692000.000,431.382,-67.163
704000.000,1692000.000,422.982,-66.565
705000.000,1692000.000,419.797,-69.598
706000.000,1692000.000,414.931,-69.575
707000.000,1692000.000,419.074,-68.450
708000.000,1692000.000,417.760,-68.782
709000.000,1692000.000,422.889,-70.297
710000.000,1692000.000,423.468,-71.689
711000.000,1692000.000,417.174,-74.241
641000.000,1691000.000,509.079,-68.419
642000.000,1691000.000,472.430,-69.950
643000.000,1691000.000,466.818,-71.962
644000.000,1691000.000,457.811,-73.885
645000.000,1691000.000,460.190,-74.921
646000.000,1691000.000,464.092,-75.363
647000.000,1691000.000,465.678,-75.848
648000.000,1691000.000,466.755,-76.301
649000.000,1691000.000,465.067,-76.956
650000.000,1691000.000,471.047,-77.804
651000.000,1691000.000,472.715,-78.474
652000.000,1691000.000,476.942,-80.054
653000.000,1691000.000,484.935,-81.415
654000.000,1691000.000,471.640,-82.316
655000.000,1691000.000,470.990,-83.422
656000.000,1691000.000,459.699,-84.284
657000.000,1691000.000,453.252,-84.915
658000.000,1691000.000,463.236,-85.900
659000.000,1691000.000,465.709,-86.857
660000.000,1691000.000,467.400,-87.750
661000.000,1691000.000,466.141,-88.601
662000.000,1691000.000,477.623,-88.911
663000.000,1691000.000,490.225,-89.301
664000.000,1691000.000,492.059,-90.024
665000.000,1691000.000,495.882,-90.550
666000.000,1691000.000,485.154,-91.262
667000.000,1691000.000,493.807,-91.844
668000.000,1691000.000,509.860,-92.300
669000.000,1691000.000,511.243,-92.636
670000.000,1691000.000,507.709,-91.829
671000.000,1691000.000,482.650,-92.473
672000.000,1691000.000,476.855,-92.545
673000.000,1691000.000,472.688,-91.021
674000.000,1691000.000,531.613,-89.613
675000.000,1691000.000,457.696,-88.226
676000.000,1691000.000,449.761,-85.975
677000.000,1691000.000,440.684,-86.461
678000.000,1691000.000,447.450,-88.425
679000.000,1691000.000,440.960,-88.607
680000.000,1691000.000,434.830,-87.885
681000.000,1691000.000,430.376,-87.003
682000.000,1691000.000,434.282,-87.011
683000.000,1691000.000,432.587,-85.884
684000.000,1691000.000,434.156,-85.082
685000.000,1691000.000,428.538,-84.321
686000.000,1691000.000,436.091,-83.831
687000.000,1691000.000,430.750,-84.162
688000.000,1691000.000,435.944,-83.963
689000.000,1691000.000,447.556,-83.601
690000.000,1691000.000,449.547,-84.017
691000.000,1691000.000,442.848,-84.820
692000.000,1691000.000,450.491,-85.099
693000.000,1691000.000,448.735,-85.626
694000.000,1691000.000,442.832,-85.817
695000.000,1691000.000,439.612,-85.856
696000.000,1691000.000,437.802,-85.949
697000.000,1691000.000,436.110,-85.808
698000.000,1691000.000,434.969,-86.018
699000.000,1691000.000,432.967,-84.727
700000.000,1691000.000,433.823,-81.162
701000.000,1691000.000,427.542,-77.072
702000.000,1691000.000,423.307,-72.990
703000.000,1691000.000,420.922,-69.831
704000.000,1691000.000,419.281,-68.900
705000.000,1691000.000,421.516,-69.552
706000.000,1691000.000,425.068,-68.477
707000.000,1691000.000,427.912,-66.891
708000.000,1691000.000,426.450,-66.566
709000.000,1691000.000,428.770,-68.275
710000.000,1691000.000,425.197,-70.126
711000.000,1691000.000,419.127,-72.393
641000.000,1690000.000,492.000,-66.480
642000.000,1690000.000,491.058,-67.322
643000.000,1690000.000,469.107,-70.807
644000.000,1690000.000,463.427,-73.252
645000.000,1690000.000,466.914,-74.196
646000.000,1690000.000,468.390,-74.725
647000.000,1690000.000,471.321,-74.927
648000.000,1690000.000,475.501,-75.668
649000.000,1690000.000,471.420,-76.688
650000.000,1690000.000,476.259,-77.500
651000.000,1690000.000,479.884,-78.354
652000.000,1690000.000,481.291,-79.534
653000.000,1690000.000,486.714,-80.930
654000.000,1690000.000,479.485,-81.551
655000.000,1690000.000,468.910,-82.737
656000.000,1690000.000,464.031,-83.722
657000.000,1690000.000,461.288,-84.569
658000.000,1690000.000,465.538,-85.655
659000.000,1690000.000,474.282,-86.042
660000.000,1690000.000,480.135,-87.119
661000.000,1690000.000,492.962,-88.524
662000.000,1690000.000,481.314,-88.869
663000.000,1690000.000,508.848,-89.073
664000.000,1690000.000,496.445,-89.312
665000.000,1690000.000,505.972,-89.449
666000.000,1690000.000,520.142,-90.618
667000.000,1690000.000,534.438,-91.544
668000.000,1690000.000,529.456,-92.358
669000.000,1690000.000,567.340,-92.985
670000.000,1690000.000,551.346,-93.140
671000.000,1690000.000,572.497,-93.407
672000.000,1690000.000,518.751,-93.157
673000.000,1690000.000,525.517,-92.308
674000.000,1690000.000,514.747,-91.507
675000.000,1690000.000,472.612,-90.222
676000.000,1690000.000,452.762,-87.534
677000.000,1690000.000,454.370,-86.034
678000.000,1690000.000,449.379,-86.883
679000.000,1690000.000,447.481,-85.612
680000.000,1690000.000,440.001,-86.481
681000.000,1690000.000,430.867,-87.561
682000.000,1690000.000,436.986,-88.287
683000.000,1690000.000,433.582,-87.158
684000.000,1690000.000,438.831,-85.815
685000.000,1690000.000,436.548,-84.912
686000.000,1690000.000,436.118,-84.656
687000.000,1690000.000,436.116,-84.981
688000.000,1690000.000,435.222,-84.707
689000.000,1690000.000,443.986,-83.652
690000.000,1690000.000,452.695,-83.374
691000.000,1690000.000,452.450,-83.993
692000.000,1690000.000,451.357,-84.243
693000.000,1690000.000,445.589,-84.388
694000.000,1690000.000,446.264,-84.744
695000.000,1690000.000,446.199,-85.002
696000.000,1690000.000,446.207,-84.971
697000.000,1690000.000,439.038,-84.800
698000.000,1690000.000,439.299,-84.967
699000.000,1690000.000,437.641,-84.204
700000.000,1690000.000,436.922,-81.751
701000.000,1690000.000,427.425,-78.921
702000.000,1690000.000,429.968,-76.405
703000.000,1690000.000,434.134,-73.549
704000.000,1690000.000,422.057,-72.067
705000.000,1690000.000,431.269,-70.734
706000.000,1690000.000,430.094,-68.476
707000.000,1690000.000,430.160,-66.070
708000.000,1690000.000,434.851,-64.328
709000.000,1690000.000,431.020,-65.313
710000.000,1690000.000,424.744,-67.518
711000.000,1690000.000,421.433,-70.492
641000.000,1689000.000,492.000,-64.857
642000.000,1689000.000,498.928,-64.563
643000.000,1689000.000,473.816,-68.071
644000.000,1689000.000,469.971,-71.138
645000.000,1689000.000,473.638,-71.762
646000.000,1689000.000,474.569,-73.222
647000.000,1689000.000,472.299,-74.165
648000.000,1689000.000,481.607,-74.999
649000.000,1689000.000,481.204,-76.239
650000.000,1689000.000,478.601,-77.060
651000.000,1689000.000,484.722,-78.429
652000.000,1689000.000,486.331,-79.205
653000.000,1689000.000,489.582,-79.739
654000.000,1689000.000,488.767,-80.378
655000.000,1689000.000,485.136,-81.965
656000.000,1689000.000,487.524,-83.041
657000.000,1689000.000,533.923,-83.826
658000.000,1689000.000,498.667,-84.939
659000.000,1689000.000,503.476,-85.399
660000.000,1689000.000,493.047,-86.609
661000.000,1689000.000,502.235,-87.998
662000.000,1689000.000,546.468,-88.651
663000.000,1689000.000,508.943,-89.089
664000.000,1689000.000,510.356,-89.378
665000.000,1689000.000,520.468,-89.602
666000.000,1689000.000,534.318,-90.730
667000.000,1689000.000,547.531,-91.823
668000.000,1689000.000,569.486,-92.808
669000.000,1689000.000,596.309,-93.140
670000.000,1689000.000,602.396,-93.656
671000.000,1689000.000,528.152,-94.082
672000.000,1689000.000,492.739,-93.880
673000.000,1689000.000,557.218,-93.478
674000.000,1689000.000,577.043,-92.960
675000.000,1689000.000,517.123,-92.034
676000.000,1689000.000,495.903,-90.499
677000.000,1689000.000,526.428,-88.378
678000.000,1689000.000,499.424,-86.626
679000.000,1689000.000,516.159,-82.577
680000.000,1689000.000,447.215,-81.874
681000.000,1689000.000,437.402,-84.485
682000.000,1689000.000,439.623,-87.053
683000.000,1689000.000,436.120,-87.630
684000.000,1689000.000,441.104,-87.893
685000.000,1689000.000,444.028,-87.402
686000.000,1689000.000,438.550,-87.187
687000.000,1689000.000,440.897,-86.648
688000.000,1689000.000,443.517,-85.997
689000.000,1689000.000,443.578,-84.513
690000.000,1689000.000,453.513,-83.458
691000.000,1689000.000,456.715,-83.693
692000.000,1689000.000,451.128,-83.918
693000.000,1689000.000,453.167,-83.823
694000.000,1689000.000,452.567,-84.026
695000.000,1689000.000,452.418,-84.249
696000.000,1689000.000,446.749,-84.244
697000.000,1689000.000,446.889,-84.094
698000.000,1689000.000,440.453,-83.964
699000.000,1689000.000,442.022,-83.453
700000.000,1689000.000,432.836,-82.151
701000.000,1689000.000,433.040,-80.781
702000.000,1689000.000,438.665,-80.120
703000.000,1689000.000,437.017,-78.720
704000.000,1689000.000,426.899,-76.241
705000.000,1689000.000,428.320,-74.169
706000.000,1689000.000,431.465,-71.005
707000.000,1689000.000,435.741,-67.342
708000.000,1689000.000,436.841,-64.700
709000.000,1689000.000,434.749,-64.632
710000.000,1689000.000,429.700,-65.990
711000.000,1689000.000,425.884,-68.248
641000.000,1688000.000,492.000,-64.468
642000.000,1688000.000,492.000,-63.399
643000.000,1688000.000,488.912,-64.878
644000.000,1688000.000,479.253,-66.938
645000.000,1688000.000,485.408,-68.007
646000.000,1688000.000,483.751,-70.700
647000.000,1688000.000,479.448,-72.083
648000.000,1688000.000,484.486,-73.796
649000.000,1688000.000,487.266,-74.987
650000.000,1688000.000,487.578,-75.712
651000.000,1688000.000,484.937,-76.632
652000.000,1688000.000,495.518,-77.632
653000.000,1688000.000,494.311,-78.707
654000.000,1688000.000,500.313,-79.688
655000.000,1688000.000,503.105,-80.808
656000.000,1688000.000,517.145,-81.814
657000.000,1688000.000,535.962,-82.765
658000.000,1688000.000,508.621,-83.604
659000.000,1688000.000,523.323,-83.875
660000.000,1688000.000,517.796,-85.182
661000.000,1688000.000,556.869,-86.753
662000.000,1688000.000,517.146,-87.796
663000.000,1688000.000,530.923,-88.730
664000.000,1688000.000,521.176,-89.428
665000.000,1688000.000,532.709,-90.095
666000.000,1688000.000,551.318,-90.790
667000.000,1688000.000,565.069,-91.680
668000.000,1688000.000,591.539,-92.698
669000.000,1688000.000,603.432,-93.033
670000.000,1688000.000,602.268,-93.554
671000.000,1688000.000,514.615,-94.403
672000.000,1688000.000,624.818,-94.396
673000.000,1688000.000,612.980,-94.212
674000.000,1688000.000,579.142,-93.974
675000.000,1688000.000,527.795,-93.404
676000.000,1688000.000,507.841,-92.422
677000.000,1688000.000,502.679,-89.412
678000.000,1688000.000,563.553,-85.681
679000.000,1688000.000,452.421,-81.620
680000.000,1688000.000,442.937,-78.755
681000.000,1688000.000,438.707,-80.451
682000.000,1688000.000,445.091,-83.046
683000.000,1688000.000,438.686,-85.266
684000.000,1688000.000,446.071,-87.414
685000.000,1688000.000,446.503,-88.522
686000.000,1688000.000,446.005,-88.728
687000.000,1688000.000,442.103,-87.975
688000.000,1688000.000,448.145,-87.331
689000.000,1688000.000,449.027,-85.929
690000.000,1688000.000,453.674,-84.438
691000.000,1688000.000,454.984,-84.485
692000.000,1688000.000,454.094,-84.349
693000.000,1688000.000,457.794,-84.055
694000.000,1688000.000,458.482,-83.862
695000.000,1688000.000,454.554,-83.979
696000.000,1688000.000,452.308,-83.989
697000.000,1688000.000,448.175,-83.965
698000.000,1688000.000,442.003,-83.833
699000.000,1688000.000,444.949,-83.075
700000.000,1688000.000,434.232,-82.572
701000.000,1688000.000,436.582,-82.048
702000.000,1688000.000,443.747,-81.711
703000.000,1688000.000,442.640,-80.785
704000.000,1688000.000,433.250,-78.903
705000.000,1688000.000,428.335,-76.652
706000.000,1688000.000,434.029,-73.707
707000.000,1688000.000,436.591,-70.251
708000.000,1688000.000,441.659,-67.379
709000.000,1688000.000,438.299,-66.026
710000.000,1688000.000,433.964,-65.919
711000.000,1688000.000,427.750,-67.011
641000.000,1687000.000,492.000,-64.982
642000.000,1687000.000,492.000,-63.768
643000.000,1687000.000,492.000,-63.782
644000.000,1687000.000,492.000,-64.289
645000.000,1687000.000,591.560,-64.871
646000.000,1687000.000,492.694,-64.793
647000.000,1687000.000,497.126,-66.067
648000.000,1687000.000,528.808,-68.600
649000.000,1687000.000,493.421,-71.051
650000.000,1687000.000,494.163,-73.202
651000.000,1687000.000,493.747,-74.731
652000.000,1687000.000,497.893,-74.991
653000.000,1687000.000,506.725,-76.489
654000.000,1687000.000,506.936,-78.360
655000.000,1687000.000,511.377,-79.546
656000.000,1687000.000,521.612,-80.483
657000.000,1687000.000,532.757,-81.619
658000.000,1687000.000,544.040,-82.533
659000.000,1687000.000,555.701,-82.971
660000.000,1687000.000,561.314,-84.148
661000.000,1687000.000,583.788,-85.268
662000.000,1687000.000,561.600,-86.209
663000.000,1687000.000,538.180,-87.422
664000.000,1687000.000,640.343,-88.482
665000.000,1687000.000,597.620,-89.222
666000.000,1687000.000,562.879,-89.911
667000.000,1687000.000,587.718,-90.924
668000.000,1687000.000,595.242,-92.631
669000.000,1687000.000,535.232,-92.765
670000.000,1687000.000,544.577,-93.064
671000.000,1687000.000,576.230,-93.940
672000.000,1687000.000,571.636,-94.255
673000.000,1687000.000,551.047,-94.304
674000.000,1687000.000,553.419,-94.323
675000.000,1687000.000,520.625,-94.105
676000.000,1687000.000,481.987,-93.145
677000.000,1687000.000,564.582,-90.090
678000.000,1687000.000,505.256,-85.719
679000.000,1687000.000,451.250,-81.497
680000.000,1687000.000,443.101,-77.749
681000.000,1687000.000,444.388,-77.029
682000.000,1687000.000,453.439,-78.851
683000.000,1687000.000,442.097,-81.721
684000.000,1687000.000,447.157,-85.214
685000.000,1687000.000,452.578,-87.761
686000.000,1687000.000,454.768,-88.508
687000.000,1687000.000,448.748,-88.311
688000.000,1687000.000,452.495,-88.075
689000.000,1687000.000,456.555,-87.046
690000.000,1687000.000,458.525,-85.757
691000.000,1687000.000,456.297,-85.731
692000.000,1687000.000,455.266,-85.084
693000.000,1687000.000,462.372,-84.637
694000.000,1687000.000,460.837,-84.196
695000.000,1687000.000,455.798,-83.991
696000.000,1687000.000,457.151,-83.941
697000.000,1687000.000,450.382,-83.919
698000.000,1687000.000,447.961,-83.754
699000.000,1687000.000,446.819,-83.233
700000.000,1687000.000,437.824,-83.190
701000.000,1687000.000,441.217,-83.161
702000.000,1687000.000,448.712,-83.074
703000.000,1687000.000,445.080,-82.261
704000.000,1687000.000,432.980,-81.082
705000.000,1687000.000,431.252,-79.552
706000.000,1687000.000,438.720,-77.124
707000.000,1687000.000,441.172,-74.375
708000.000,1687000.000,444.288,-71.466
709000.000,1687000.000,442.655,-69.265
710000.000,1687000.000,436.606,-69.629
711000.000,1687000.000,428.810,-69.622
641000.000,1686000.000,492.000,-66.015
642000.000,1686000.000,492.000,-64.704
643000.000,1686000.000,492.000,-63.806
644000.000,1686000.000,492.000,-63.100
645000.000,1686000.000,501.003,-62.210
646000.000,1686000.000,569.835,-59.774
647000.000,1686000.000,509.420,-58.828
648000.000,1686000.000,511.509,-58.789
649000.000,1686000.000,521.646,-63.640
650000.000,1686000.000,514.436,-68.142
651000.000,1686000.000,520.275,-70.517
652000.000,1686000.000,536.473,-70.039
653000.000,1686000.000,532.512,-70.980
654000.000,1686000.000,521.613,-74.571
655000.000,1686000.000,519.295,-77.060
656000.000,1686000.000,523.818,-78.194
657000.000,1686000.000,577.190,-79.705
658000.000,1686000.000,565.061,-81.143
659000.000,1686000.000,566.007,-81.538
660000.000,1686000.000,584.026,-82.717
661000.000,1686000.000,554.437,-83.171
662000.000,1686000.000,547.574,-83.617
663000.000,1686000.000,534.611,-84.624
664000.000,1686000.000,527.270,-86.185
665000.000,1686000.000,529.584,-87.537
666000.000,1686000.000,535.926,-88.291
667000.000,1686000.000,590.589,-89.522
668000.000,1686000.000,555.775,-91.550
669000.000,1686000.000,523.370,-92.220
670000.000,1686000.000,572.488,-92.453
671000.000,1686000.000,540.220,-93.114
672000.000,1686000.000,499.565,-93.584
673000.000,1686000.000,500.536,-93.809
674000.000,1686000.000,545.421,-94.080
675000.000,1686000.000,562.088,-94.206
676000.000,1686000.000,532.032,-93.540
677000.000,1686000.000,460.374,-90.686
678000.000,1686000.000,457.500,-86.290
679000.000,1686000.000,457.500,-81.401
680000.000,1686000.000,446.394,-77.333
681000.000,1686000.000,447.872,-74.757
682000.000,1686000.000,461.531,-75.636
683000.000,1686000.000,449.552,-78.058
684000.000,1686000.000,446.508,-81.624
685000.000,1686000.000,450.387,-84.735
686000.000,1686000.000,456.117,-86.722
687000.000,1686000.000,454.219,-87.642
688000.000,1686000.000,455.739,-88.201
689000.000,1686000.000,462.565,-87.755
690000.000,1686000.000,460.578,-86.607
691000.000,1686000.000,460.392,-85.813
692000.000,1686000.000,456.876,-85.105
693000.000,1686000.000,462.283,-84.950
694000.000,1686000.000,463.465,-84.629
695000.000,1686000.000,462.149,-84.051
696000.000,1686000.000,457.884,-83.828
697000.000,1686000.000,449.747,-83.862
698000.000,1686000.000,452.978,-83.919
699000.000,1686000.000,444.952,-83.927
700000.000,1686000.000,444.856,-84.035
701000.000,1686000.000,446.305,-84.175
702000.000,1686000.000,447.922,-84.150
703000.000,1686000.000,438.616,-83.690
704000.000,1686000.000,433.579,-82.916
705000.000,1686000.000,439.235,-82.282
706000.000,1686000.000,441.653,-80.847
707000.000,1686000.000,445.922,-79.113
708000.000,1686000.000,441.022,-77.024
709000.000,1686000.000,437.956,-75.941
710000.000,1686000.000,435.334,-75.919
711000.000,1686000.000,427.675,-74.708
641000.000,1685000.000,492.000,-67.411
642000.000,1685000.000,492.000,-66.194
643000.000,1685000.000,492.000,-65.016
644000.000,1685000.000,492.000,-63.577
645000.000,1685000.000,492.000,-61.112
646000.000,1685000.000,494.330,-57.550
647000.000,1685000.000,665.281,-56.993
648000.000,1685000.000,524.212,-56.300
649000.000,1685000.000,518.406,-56.542
650000.000,1685000.000,574.519,-59.419
651000.000,1685000.000,696.113,-61.831
652000.000,1685000.000,727.547,-62.700
653000.000,1685000.000,617.841,-64.226
654000.000,1685000.000,591.418,-68.182
655000.000,1685000.000,539.640,-71.423
656000.000,1685000.000,536.561,-73.240
657000.000,1685000.000,539.974,-75.366
658000.000,1685000.000,547.627,-77.898
659000.000,1685000.000,549.753,-77.892
660000.000,1685000.000,558.049,-78.876
661000.000,1685000.000,550.370,-79.732
662000.000,1685000.000,542.555,-80.810
663000.000,1685000.000,534.801,-82.087
664000.000,1685000.000,530.719,-83.665
665000.000,1685000.000,522.325,-84.851
666000.000,1685000.000,518.685,-85.938
667000.000,1685000.000,513.167,-87.076
668000.000,1685000.000,505.916,-89.505
669000.000,1685000.000,501.420,-90.678
670000.000,1685000.000,501.249,-90.647
671000.000,1685000.000,565.078,-91.421
672000.000,1685000.000,488.156,-92.222
673000.000,1685000.000,483.253,-92.568
674000.000,1685000.000,478.975,-93.160
675000.000,1685000.000,573.202,-93.746
676000.000,1685000.000,486.099,-93.476
677000.000,1685000.000,466.942,-91.000
678000.000,1685000.000,459.469,-87.231
679000.000,1685000.000,457.500,-82.791
680000.000,1685000.000,457.500,-78.439
681000.000,1685000.000,453.876,-74.975
682000.000,1685000.000,463.128,-73.852
683000.000,1685000.000,455.013,-75.050
684000.000,1685000.000,450.015,-78.828
685000.000,1685000.000,453.052,-81.872
686000.000,1685000.000,454.633,-84.391
687000.000,1685000.000,461.177,-85.919
688000.000,1685000.000,458.749,-87.731
689000.000,1685000.000,466.205,-87.813
690000.000,1685000.000,464.589,-86.589
691000.000,1685000.000,465.766,-85.883
692000.000,1685000.000,460.064,-85.333
693000.000,1685000.000,465.333,-84.940
694000.000,1685000.000,467.424,-84.997
695000.000,1685000.000,464.061,-84.047
696000.000,1685000.000,458.317,-83.883
697000.000,1685000.000,452.658,-84.137
698000.000,1685000.000,456.597,-84.611
699000.000,1685000.000,445.507,-84.740
700000.000,1685000.000,451.557,-84.957
701000.000,1685000.000,448.671,-85.209
702000.000,1685000.000,440.627,-85.303
703000.000,1685000.000,439.550,-84.998
704000.000,1685000.000,441.979,-84.327
705000.000,1685000.000,444.106,-83.700
706000.000,1685000.000,445.814,-83.932
707000.000,1685000.000,442.371,-83.623
708000.000,1685000.000,439.194,-81.623
709000.000,1685000.000,436.363,-80.550
710000.000,1685000.000,428.785,-80.413
711000.000,1685000.000,425.117,-79.055
642000.000,1684000.000,492.000,-68.189
643000.000,1684000.000,492.000,-67.170
644000.000,1684000.000,492.000,-65.816
645000.000,1684000.000,492.000,-63.604
646000.000,1684000.000,492.000,-60.855
647000.000,1684000.000,521.352,-59.188
648000.000,1684000.000,694.368,-56.456
649000.000,1684000.000,539.753,-54.368
650000.000,1684000.000,528.764,-53.873
651000.000,1684000.000,603.092,-54.960
652000.000,1684000.000,681.518,-57.072
653000.000,1684000.000,821.854,-59.273
654000.000,1684000.000,762.980,-62.196
655000.000,1684000.000,587.660,-64.677
656000.000,1684000.000,548.105,-66.279
657000.000,1684000.000,553.254,-68.042
658000.000,1684000.000,555.195,-70.175
659000.000,1684000.000,565.977,-71.086
660000.000,1684000.000,579.656,-72.001
661000.000,1684000.000,577.374,-75.075
662000.000,1684000.000,554.840,-77.948
663000.000,1684000.000,550.139,-80.326
664000.000,1684000.000,535.643,-82.380
665000.000,1684000.000,530.897,-83.129
666000.000,1684000.000,527.383,-83.572
667000.000,1684000.000,519.331,-84.521
668000.000,1684000.000,512.403,-86.392
669000.000,1684000.000,504.260,-87.734
670000.000,1684000.000,491.040,-87.532
671000.000,1684000.000,488.309,-89.141
672000.000,1684000.000,483.313,-90.267
673000.000,1684000.000,477.144,-90.391
674000.000,1684000.000,472.480,-91.454
675000.000,1684000.000,467.089,-92.556
676000.000,1684000.000,464.099,-92.713
677000.000,1684000.000,462.602,-91.337
678000.000,1684000.000,462.628,-88.480
679000.000,1684000.000,459.438,-84.880
680000.000,1684000.000,457.500,-81.437
681000.000,1684000.000,468.369,-77.931
682000.000,1684000.000,465.741,-73.720
683000.000,1684000.000,460.258,-73.944
684000.000,1684000.000,456.461,-76.239
685000.000,1684000.000,457.115,-79.676
686000.000,1684000.000,459.780,-82.413
687000.000,1684000.000,460.604,-83.421
688000.000,1684000.000,466.524,-86.128
689000.000,1684000.000,473.759,-87.447
690000.000,1684000.000,470.843,-87.035
691000.000,1684000.000,465.561,-86.752
692000.000,1684000.000,464.035,-86.022
693000.000,1684000.000,469.701,-85.351
694000.000,1684000.000,472.174,-85.236
695000.000,1684000.000,467.819,-84.991
696000.000,1684000.000,456.956,-84.512
697000.000,1684000.000,457.250,-84.515
698000.000,1684000.000,456.937,-85.266
699000.000,1684000.000,448.483,-85.659
700000.000,1684000.000,454.249,-85.968
701000.000,1684000.000,446.376,-86.288
702000.000,1684000.000,443.154,-86.434
703000.000,1684000.000,445.343,-86.190
704000.000,1684000.000,447.965,-85.650
705000.000,1684000.000,450.309,-85.290
706000.000,1684000.000,442.397,-86.125
707000.000,1684000.000,438.750,-86.914
708000.000,1684000.000,434.602,-84.285
709000.000,1684000.000,430.606,-82.510
710000.000,1684000.000,426.209,-82.441
711000.000,1684000.000,424.941,-81.907
641000.000,1683000.000,492.000,-71.181
642000.000,1683000.000,492.000,-70.535
643000.000,1683000.000,492.000,-69.849
644000.000,1683000.000,492.000,-69.048
645000.000,1683000.000,492.000,-67.778
646000.000,1683000.000,492.000,-66.055
647000.000,1683000.000,502.954,-63.989
648000.000,1683000.000,562.688,-58.457
649000.000,1683000.000,725.254,-54.919
650000.000,1683000.000,551.144,-53.108
651000.000,1683000.000,543.811,-52.824
652000.000,1683000.000,596.966,-54.019
653000.000,1683000.000,614.579,-55.442
654000.000,1683000.000,764.466,-57.054
655000.000,1683000.000,622.857,-58.708
656000.000,1683000.000,635.225,-59.996
657000.000,1683000.000,608.906,-61.587
658000.000,1683000.000,610.508,-63.685
659000.000,1683000.000,616.265,-65.095
660000.000,1683000.000,590.418,-65.531
661000.000,1683000.000,616.744,-70.755
662000.000,1683000.000,581.752,-75.065
663000.000,1683000.000,568.314,-78.247
664000.000,1683000.000,544.865,-80.843
665000.000,1683000.000,543.514,-81.662
666000.000,1683000.000,552.167,-81.657
667000.000,1683000.000,661.921,-81.975
668000.000,1683000.000,540.640,-82.965
669000.000,1683000.000,510.278,-83.955
670000.000,1683000.000,495.430,-84.619
671000.000,1683000.000,490.453,-85.872
672000.000,1683000.000,485.819,-86.970
673000.000,1683000.000,481.893,-87.336
674000.000,1683000.000,475.927,-89.022
675000.000,1683000.000,471.352,-90.462
676000.000,1683000.000,468.399,-91.361
677000.000,1683000.000,469.251,-91.368
678000.000,1683000.000,464.520,-89.637
679000.000,1683000.000,460.982,-87.064
680000.000,1683000.000,459.376,-84.384
681000.000,1683000.000,502.850,-81.458
682000.000,1683000.000,488.237,-77.817
683000.000,1683000.000,466.040,-75.798
684000.000,1683000.000,462.778,-76.198
685000.000,1683000.000,464.089,-79.009
686000.000,1683000.000,462.758,-81.764
687000.000,1683000.000,466.727,-81.197
688000.000,1683000.000,469.131,-85.127
689000.000,1683000.000,475.580,-87.865
690000.000,1683000.000,472.776,-88.310
691000.000,1683000.000,471.081,-87.855
692000.000,1683000.000,468.280,-87.121
693000.000,1683000.000,474.791,-86.374
694000.000,1683000.000,469.603,-85.868
695000.000,1683000.000,462.766,-85.569
696000.000,1683000.000,461.854,-85.598
697000.000,1683000.000,461.644,-85.813
698000.000,1683000.000,458.501,-86.377
699000.000,1683000.000,453.252,-86.731
700000.000,1683000.000,452.820,-87.039
701000.000,1683000.000,447.735,-87.371
702000.000,1683000.000,450.703,-87.526
703000.000,1683000.000,452.296,-87.210
704000.000,1683000.000,446.189,-86.764
705000.000,1683000.000,441.477,-86.648
706000.000,1683000.000,437.260,-86.776
707000.000,1683000.000,433.300,-86.906
708000.000,1683000.000,431.404,-85.334
709000.000,1683000.000,428.902,-84.186
710000.000,1683000.000,430.542,-84.241
711000.000,1683000.000,431.026,-84.188
641000.000,1682000.000,492.000,-73.276
642000.000,1682000.000,492.000,-72.997
643000.000,1682000.000,492.000,-72.616
644000.000,1682000.000,492.000,-72.125
645000.000,1682000.000,492.000,-71.607
646000.000,1682000.000,492.000,-70.884
647000.000,1682000.000,492.000,-69.519
648000.000,1682000.000,517.201,-64.323
649000.000,1682000.000,570.635,-58.478
650000.000,1682000.000,754.304,-54.442
651000.000,1682000.000,624.988,-52.948
652000.000,1682000.000,571.070,-52.424
653000.000,1682000.000,569.769,-52.880
654000.000,1682000.000,642.160,-53.285
655000.000,1682000.000,805.229,-54.109
656000.000,1682000.000,766.543,-54.785
657000.000,1682000.000,733.598,-56.407
658000.000,1682000.000,759.479,-59.353
659000.000,1682000.000,663.653,-61.001
660000.000,1682000.000,629.463,-63.285
661000.000,1682000.000,630.180,-68.514
662000.000,1682000.000,612.689,-72.668
663000.000,1682000.000,616.290,-75.490
664000.000,1682000.000,568.796,-77.934
665000.000,1682000.000,551.526,-79.125
666000.000,1682000.000,580.274,-79.172
667000.000,1682000.000,662.410,-78.803
668000.000,1682000.000,602.638,-78.835
669000.000,1682000.000,569.649,-79.276
670000.000,1682000.000,511.277,-79.974
671000.000,1682000.000,502.192,-81.001
672000.000,1682000.000,494.961,-82.114
673000.000,1682000.000,488.942,-83.201
674000.000,1682000.000,481.935,-85.110
675000.000,1682000.000,476.319,-87.053
676000.000,1682000.000,474.610,-88.823
677000.000,1682000.000,470.341,-90.053
678000.000,1682000.000,468.176,-89.804
679000.000,1682000.000,463.618,-88.416
680000.000,1682000.000,461.468,-86.426
681000.000,1682000.000,463.967,-83.520
682000.000,1682000.000,556.382,-80.125
683000.000,1682000.000,476.502,-77.428
684000.000,1682000.000,475.513,-76.933
685000.000,1682000.000,471.423,-78.283
686000.000,1682000.000,477.932,-79.329
687000.000,1682000.000,470.638,-81.061
688000.000,1682000.000,472.175,-86.079
689000.000,1682000.000,477.631,-88.721
690000.000,1682000.000,479.189,-89.123
691000.000,1682000.000,474.730,-88.532
692000.000,1682000.000,474.654,-87.787
693000.000,1682000.000,474.046,-87.094
694000.000,1682000.000,470.551,-86.418
695000.000,1682000.000,470.084,-85.815
696000.000,1682000.000,464.338,-85.977
697000.000,1682000.000,466.223,-86.931
698000.000,1682000.000,458.922,-87.598
699000.000,1682000.000,458.845,-87.714
700000.000,1682000.000,453.593,-87.997
701000.000,1682000.000,450.314,-88.129
702000.000,1682000.000,453.519,-88.040
703000.000,1682000.000,447.900,-87.714
704000.000,1682000.000,442.942,-87.098
705000.000,1682000.000,439.344,-86.555
706000.000,1682000.000,439.921,-86.589
707000.000,1682000.000,439.292,-86.564
708000.000,1682000.000,432.348,-86.150
709000.000,1682000.000,434.000,-85.462
710000.000,1682000.000,439.612,-85.559
711000.000,1682000.000,437.335,-85.920
641000.000,1681000.000,492.000,-75.149
642000.000,1681000.000,492.000,-75.240
643000.000,1681000.000,505.285,-75.172
644000.000,1681000.000,492.000,-74.688
645000.000,1681000.000,498.251,-74.243
646000.000,1681000.000,492.010,-73.946
647000.000,1681000.000,492.000,-73.418
648000.000,1681000.000,502.931,-70.296
649000.000,1681000.000,533.453,-62.626
650000.000,1681000.000,608.616,-56.069
651000.000,1681000.000,742.601,-53.109
652000.000,1681000.000,610.034,-52.292
653000.000,1681000.000,587.286,-52.078
654000.000,1681000.000,589.154,-51.080
655000.000,1681000.000,680.129,-51.052
656000.000,1681000.000,785.986,-50.672
657000.000,1681000.000,864.032,-52.412
658000.000,1681000.000,747.948,-57.059
659000.000,1681000.000,787.576,-61.310
660000.000,1681000.000,749.561,-65.822
661000.000,1681000.000,693.996,-68.956
662000.000,1681000.000,657.791,-70.615
663000.000,1681000.000,613.717,-72.384
664000.000,1681000.000,586.933,-74.465
665000.000,1681000.000,599.224,-76.295
666000.000,1681000.000,599.191,-76.229
667000.000,1681000.000,750.956,-74.792
668000.000,1681000.000,712.981,-73.871
669000.000,1681000.000,550.267,-73.878
670000.000,1681000.000,529.132,-74.540
671000.000,1681000.000,514.500,-75.534
672000.000,1681000.000,508.757,-76.753
673000.000,1681000.000,497.776,-78.184
674000.000,1681000.000,489.021,-80.237
675000.000,1681000.000,480.293,-82.670
676000.000,1681000.000,474.891,-85.072
677000.000,1681000.000,473.877,-87.199
678000.000,1681000.000,474.046,-88.480
679000.000,1681000.000,469.486,-88.332
680000.000,1681000.000,466.871,-87.198
681000.000,1681000.000,466.046,-84.165
682000.000,1681000.000,495.667,-80.777
683000.000,1681000.000,517.983,-77.492
684000.000,1681000.000,476.863,-76.199
685000.000,1681000.000,475.375,-76.567
686000.000,1681000.000,477.943,-76.814
687000.000,1681000.000,477.527,-80.780
688000.000,1681000.000,479.293,-86.183
689000.000,1681000.000,482.085,-88.304
690000.000,1681000.000,485.331,-88.440
691000.000,1681000.000,480.915,-87.985
692000.000,1681000.000,481.801,-87.591
693000.000,1681000.000,477.024,-87.294
694000.000,1681000.000,476.206,-86.783
695000.000,1681000.000,472.204,-86.006
696000.000,1681000.000,470.603,-86.030
697000.000,1681000.000,468.141,-87.173
698000.000,1681000.000,465.254,-87.470
699000.000,1681000.000,460.556,-87.503
700000.000,1681000.000,454.458,-88.420
701000.000,1681000.000,458.318,-88.951
702000.000,1681000.000,452.903,-88.543
703000.000,1681000.000,449.738,-88.097
704000.000,1681000.000,444.624,-87.380
705000.000,1681000.000,444.956,-86.578
706000.000,1681000.000,443.011,-86.306
707000.000,1681000.000,437.474,-86.038
708000.000,1681000.000,434.625,-85.845
709000.000,1681000.000,441.279,-85.487
710000.000,1681000.000,442.400,-85.811
711000.000,1681000.000,444.488,-86.188
641000.000,1680000.000,504.068,-76.601
642000.000,1680000.000,498.246,-76.852
643000.000,1680000.000,498.161,-76.942
644000.000,1680000.000,506.004,-76.427
645000.000,1680000.000,502.125,-75.957
646000.000,1680000.000,493.466,-75.590
647000.000,1680000.000,492.000,-74.803
648000.000,1680000.000,503.336,-72.304
649000.000,1680000.000,518.684,-65.194
650000.000,1680000.000,541.044,-58.373
651000.000,1680000.000,604.402,-54.278
652000.000,1680000.000,694.772,-52.585
653000.000,1680000.000,626.630,-52.385
654000.000,1680000.000,594.790,-51.237
655000.000,1680000.000,668.947,-49.898
656000.000,1680000.000,672.867,-49.158
657000.000,1680000.000,749.532,-50.825
658000.000,1680000.000,937.021,-55.211
659000.000,1680000.000,878.442,-62.140
660000.000,1680000.000,685.006,-70.408
661000.000,1680000.000,812.092,-67.773
662000.000,1680000.000,721.759,-66.659
663000.000,1680000.000,632.430,-67.459
664000.000,1680000.000,688.079,-69.409
665000.000,1680000.000,649.937,-71.561
666000.000,1680000.000,585.119,-72.935
667000.000,1680000.000,617.453,-69.807
668000.000,1680000.000,572.565,-68.296
669000.000,1680000.000,609.308,-68.129
670000.000,1680000.000,552.438,-68.834
671000.000,1680000.000,531.252,-69.983
672000.000,1680000.000,515.004,-71.345
673000.000,1680000.000,508.982,-72.701
674000.000,1680000.000,490.233,-74.968
675000.000,1680000.000,480.248,-77.793
676000.000,1680000.000,484.024,-80.653
677000.000,1680000.000,479.961,-83.216
678000.000,1680000.000,482.590,-85.329
679000.000,1680000.000,476.558,-86.063
680000.000,1680000.000,474.312,-85.432
681000.000,1680000.000,471.636,-82.846
682000.000,1680000.000,473.520,-80.045
683000.000,1680000.000,484.950,-75.333
684000.000,1680000.000,492.765,-73.368
685000.000,1680000.000,481.154,-73.433
686000.000,1680000.000,482.265,-72.141
687000.000,1680000.000,485.861,-78.228
688000.000,1680000.000,485.233,-83.915
689000.000,1680000.000,491.042,-86.377
690000.000,1680000.000,493.680,-86.529
691000.000,1680000.000,486.048,-86.260
692000.000,1680000.000,486.278,-86.312
693000.000,1680000.000,482.754,-86.633
694000.000,1680000.000,480.792,-86.734
695000.000,1680000.000,476.574,-86.699
696000.000,1680000.000,475.585,-87.039
697000.000,1680000.000,471.169,-87.784
698000.000,1680000.000,465.931,-88.243
699000.000,1680000.000,462.246,-88.311
700000.000,1680000.000,460.154,-88.707
701000.000,1680000.000,464.024,-88.912
702000.000,1680000.000,457.391,-88.913
703000.000,1680000.000,451.148,-88.637
704000.000,1680000.000,446.235,-87.850
705000.000,1680000.000,449.845,-87.107
706000.000,1680000.000,444.122,-86.257
707000.000,1680000.000,441.267,-85.360
708000.000,1680000.000,439.782,-85.021
709000.000,1680000.000,442.200,-85.063
710000.000,1680000.000,448.489,-86.006
711000.000,1680000.000,465.244,-86.487
641000.000,1679000.000,505.070,-77.558
642000.000,1679000.000,510.772,-77.700
643000.000,1679000.000,506.950,-77.834
644000.000,1679000.000,508.117,-77.160
645000.000,1679000.000,510.198,-77.100
646000.000,1679000.000,500.403,-76.383
647000.000,1679000.000,501.333,-75.655
648000.000,1679000.000,503.314,-73.218
649000.000,1679000.000,513.522,-67.811
650000.000,1679000.000,531.444,-61.515
651000.000,1679000.000,557.009,-56.810
652000.000,1679000.000,740.661,-54.123
653000.000,1679000.000,838.136,-52.610
654000.000,1679000.000,629.699,-50.752
655000.000,1679000.000,607.890,-50.003
656000.000,1679000.000,704.253,-49.590
657000.000,1679000.000,720.160,-50.138
658000.000,1679000.000,709.297,-51.894
659000.000,1679000.000,861.607,-54.610
660000.000,1679000.000,821.979,-58.013
661000.000,1679000.000,742.298,-58.544
662000.000,1679000.000,696.821,-59.245
663000.000,1679000.000,779.261,-60.884
664000.000,1679000.000,607.042,-62.594
665000.000,1679000.000,612.145,-63.254
666000.000,1679000.000,587.685,-63.569
667000.000,1679000.000,563.836,-63.354
668000.000,1679000.000,582.330,-62.688
669000.000,1679000.000,545.343,-62.657
670000.000,1679000.000,547.781,-63.316
671000.000,1679000.000,519.838,-64.695
672000.000,1679000.000,508.879,-66.366
673000.000,1679000.000,496.491,-67.553
674000.000,1679000.000,488.620,-69.754
675000.000,1679000.000,497.206,-72.862
676000.000,1679000.000,493.399,-76.172
677000.000,1679000.000,490.611,-79.156
678000.000,1679000.000,490.366,-81.433
679000.000,1679000.000,483.941,-82.500
680000.000,1679000.000,482.413,-82.072
681000.000,1679000.000,482.660,-80.207
682000.000,1679000.000,477.658,-76.951
683000.000,1679000.000,473.821,-71.989
684000.000,1679000.000,583.837,-70.580
685000.000,1679000.000,486.916,-71.189
686000.000,1679000.000,492.974,-71.603
687000.000,1679000.000,491.749,-75.716
688000.000,1679000.000,496.087,-80.226
689000.000,1679000.000,497.982,-82.918
690000.000,1679000.000,498.621,-83.130
691000.000,1679000.000,493.164,-83.251
692000.000,1679000.000,494.318,-83.958
693000.000,1679000.000,489.273,-84.990
694000.000,1679000.000,484.009,-85.985
695000.000,1679000.000,481.130,-86.941
696000.000,1679000.000,477.906,-87.877
697000.000,1679000.000,471.119,-88.595
698000.000,1679000.000,470.123,-89.366
699000.000,1679000.000,464.041,-89.849
700000.000,1679000.000,464.387,-89.796
701000.000,1679000.000,460.749,-89.545
702000.000,1679000.000,454.558,-89.701
703000.000,1679000.000,450.441,-89.263
704000.000,1679000.000,450.591,-87.917
705000.000,1679000.000,449.606,-86.909
706000.000,1679000.000,446.142,-86.142
707000.000,1679000.000,447.628,-85.197
708000.000,1679000.000,442.928,-85.067
709000.000,1679000.000,442.786,-85.632
710000.000,1679000.000,448.549,-86.082
711000.000,1679000.000,453.764,-86.308
641000.000,1678000.000,497.176,-77.824
642000.000,1678000.000,502.038,-77.959
643000.000,1678000.000,504.228,-78.798
644000.000,1678000.000,508.448,-78.460
645000.000,1678000.000,512.839,-78.299
646000.000,1678000.000,513.676,-77.753
647000.000,1678000.000,505.940,-77.366
648000.000,1678000.000,509.114,-75.545
649000.000,1678000.000,508.212,-71.444
650000.000,1678000.000,520.869,-66.074
651000.000,1678000.000,542.136,-60.954
652000.000,1678000.000,574.415,-56.939
653000.000,1678000.000,771.011,-54.038
654000.000,1678000.000,742.603,-51.331
655000.000,1678000.000,682.456,-50.139
656000.000,1678000.000,649.762,-50.014
657000.000,1678000.000,673.805,-49.596
658000.000,1678000.000,828.258,-49.204
659000.000,1678000.000,746.088,-48.341
660000.000,1678000.000,925.069,-48.534
661000.000,1678000.000,884.340,-49.988
662000.000,1678000.000,840.474,-52.367
663000.000,1678000.000,705.032,-55.055
664000.000,1678000.000,645.469,-57.380
665000.000,1678000.000,610.190,-58.121
666000.000,1678000.000,639.443,-58.435
667000.000,1678000.000,589.212,-58.679
668000.000,1678000.000,566.118,-58.726
669000.000,1678000.000,549.839,-58.707
670000.000,1678000.000,540.639,-59.351
671000.000,1678000.000,521.738,-60.580
672000.000,1678000.000,501.753,-62.343
673000.000,1678000.000,494.018,-63.498
674000.000,1678000.000,505.396,-64.975
675000.000,1678000.000,514.723,-68.512
676000.000,1678000.000,509.904,-72.230
677000.000,1678000.000,498.289,-75.563
678000.000,1678000.000,496.980,-78.111
679000.000,1678000.000,493.402,-79.230
680000.000,1678000.000,495.112,-78.857
681000.000,1678000.000,499.873,-77.265
682000.000,1678000.000,505.473,-74.407
683000.000,1678000.000,487.639,-70.478
684000.000,1678000.000,487.418,-68.766
685000.000,1678000.000,500.999,-69.625
686000.000,1678000.000,508.238,-71.113
687000.000,1678000.000,506.955,-74.086
688000.000,1678000.000,511.085,-76.850
689000.000,1678000.000,509.593,-78.463
690000.000,1678000.000,514.170,-78.279
691000.000,1678000.000,505.586,-79.374
692000.000,1678000.000,500.347,-81.147
693000.000,1678000.000,493.466,-83.105
694000.000,1678000.000,490.932,-85.120
695000.000,1678000.000,483.745,-86.890
696000.000,1678000.000,477.115,-88.374
697000.000,1678000.000,476.694,-89.542
698000.000,1678000.000,471.854,-90.793
699000.000,1678000.000,467.797,-91.827
700000.000,1678000.000,469.288,-92.069
701000.000,1678000.000,461.837,-92.023
702000.000,1678000.000,456.160,-91.230
703000.000,1678000.000,456.220,-90.312
704000.000,1678000.000,456.527,-88.902
705000.000,1678000.000,460.391,-87.012
706000.000,1678000.000,452.720,-85.860
707000.000,1678000.000,448.809,-85.579
708000.000,1678000.000,447.903,-85.370
709000.000,1678000.000,446.822,-85.544
710000.000,1678000.000,448.301,-85.463
711000.000,1678000.000,445.046,-85.286
641000.000,1677000.000,498.679,-77.724
642000.000,1677000.000,502.211,-78.419
643000.000,1677000.000,506.018,-79.065
644000.000,1677000.000,511.608,-79.384
645000.000,1677000.000,512.806,-79.843
646000.000,1677000.000,522.210,-79.860
647000.000,1677000.000,505.280,-79.622
648000.000,1677000.000,508.125,-78.721
649000.000,1677000.000,515.970,-75.692
650000.000,1677000.000,519.126,-70.857
651000.000,1677000.000,535.969,-65.553
652000.000,1677000.000,552.731,-60.977
653000.000,1677000.000,584.477,-56.841
654000.000,1677000.000,879.365,-52.845
655000.000,1677000.000,725.232,-50.266
656000.000,1677000.000,656.642,-49.670
657000.000,1677000.000,685.531,-48.930
658000.000,1677000.000,722.236,-47.630
659000.000,1677000.000,729.619,-46.185
660000.000,1677000.000,755.854,-45.720
661000.000,1677000.000,902.506,-46.179
662000.000,1677000.000,824.668,-48.346
663000.000,1677000.000,834.588,-51.226
664000.000,1677000.000,708.797,-53.945
665000.000,1677000.000,627.007,-55.154
666000.000,1677000.000,633.974,-55.517
667000.000,1677000.000,638.826,-55.718
668000.000,1677000.000,624.513,-55.792
669000.000,1677000.000,562.404,-55.917
670000.000,1677000.000,544.669,-56.484
671000.000,1677000.000,526.461,-57.510
672000.000,1677000.000,520.664,-59.025
673000.000,1677000.000,499.276,-60.503
674000.000,1677000.000,535.100,-62.363
675000.000,1677000.000,591.718,-65.640
676000.000,1677000.000,544.036,-69.376
677000.000,1677000.000,516.180,-72.940
678000.000,1677000.000,513.952,-75.713
679000.000,1677000.000,527.171,-76.875
680000.000,1677000.000,550.189,-76.514
681000.000,1677000.000,543.077,-75.081
682000.000,1677000.000,607.130,-72.676
683000.000,1677000.000,501.579,-69.255
684000.000,1677000.000,489.197,-66.905
685000.000,1677000.000,517.946,-68.193
686000.000,1677000.000,536.976,-70.281
687000.000,1677000.000,649.511,-72.572
688000.000,1677000.000,543.642,-74.198
689000.000,1677000.000,571.419,-74.644
690000.000,1677000.000,526.261,-74.516
691000.000,1677000.000,513.341,-76.311
692000.000,1677000.000,505.226,-78.729
693000.000,1677000.000,499.678,-81.494
694000.000,1677000.000,493.304,-84.448
695000.000,1677000.000,487.179,-86.841
696000.000,1677000.000,484.764,-88.696
697000.000,1677000.000,480.003,-90.352
698000.000,1677000.000,475.047,-91.889
699000.000,1677000.000,476.500,-92.931
700000.000,1677000.000,475.159,-93.480
701000.000,1677000.000,467.135,-93.738
702000.000,1677000.000,465.831,-92.563
703000.000,1677000.000,458.177,-91.693
704000.000,1677000.000,466.031,-90.356
705000.000,1677000.000,530.559,-88.779
706000.000,1677000.000,462.945,-87.128
707000.000,1677000.000,456.277,-86.049
708000.000,1677000.000,454.424,-85.121
709000.000,1677000.000,446.712,-84.291
710000.000,1677000.000,441.169,-84.060
711000.000,1677000.000,439.081,-84.081
641000.000,1676000.000,504.232,-77.612
642000.000,1676000.000,504.756,-78.422
643000.000,1676000.000,513.995,-79.168
644000.000,1676000.000,508.955,-79.924
645000.000,1676000.000,515.169,-80.576
646000.000,1676000.000,512.395,-81.016
647000.000,1676000.000,510.747,-81.327
648000.000,1676000.000,513.208,-81.259
649000.000,1676000.000,521.000,-79.449
650000.000,1676000.000,527.406,-75.445
651000.000,1676000.000,533.254,-70.538
652000.000,1676000.000,553.238,-65.618
653000.000,1676000.000,574.910,-61.046
654000.000,1676000.000,668.215,-56.552
655000.000,1676000.000,873.887,-52.340
656000.000,1676000.000,715.266,-49.133
657000.000,1676000.000,663.763,-48.281
658000.000,1676000.000,666.589,-47.997
659000.000,1676000.000,688.455,-46.858
660000.000,1676000.000,722.096,-45.854
661000.000,1676000.000,730.427,-45.693
662000.000,1676000.000,867.962,-46.726
663000.000,1676000.000,915.962,-48.633
664000.000,1676000.000,925.831,-50.688
665000.000,1676000.000,729.704,-51.935
666000.000,1676000.000,697.378,-52.722
667000.000,1676000.000,713.304,-53.126
668000.000,1676000.000,659.100,-53.370
669000.000,1676000.000,693.191,-53.743
670000.000,1676000.000,563.511,-54.351
671000.000,1676000.000,533.464,-55.393
672000.000,1676000.000,516.609,-56.883
673000.000,1676000.000,505.464,-58.801
674000.000,1676000.000,514.249,-61.112
675000.000,1676000.000,549.971,-64.100
676000.000,1676000.000,654.655,-67.622
677000.000,1676000.000,543.774,-71.271
678000.000,1676000.000,522.774,-74.210
679000.000,1676000.000,564.420,-75.422
680000.000,1676000.000,608.070,-75.279
681000.000,1676000.000,579.804,-74.230
682000.000,1676000.000,542.774,-72.363
683000.000,1676000.000,502.632,-69.737
684000.000,1676000.000,508.450,-67.991
685000.000,1676000.000,506.719,-68.610
686000.000,1676000.000,534.442,-70.213
687000.000,1676000.000,640.608,-71.776
688000.000,1676000.000,701.835,-72.703
689000.000,1676000.000,554.072,-72.848
690000.000,1676000.000,531.876,-73.242
691000.000,1676000.000,522.492,-74.831
692000.000,1676000.000,513.870,-76.990
693000.000,1676000.000,506.901,-80.218
694000.000,1676000.000,497.514,-84.110
695000.000,1676000.000,490.547,-86.800
696000.000,1676000.000,486.900,-88.487
697000.000,1676000.000,481.753,-90.350
698000.000,1676000.000,478.927,-92.313
699000.000,1676000.000,476.500,-93.357
700000.000,1676000.000,475.093,-93.769
701000.000,1676000.000,467.363,-94.041
702000.000,1676000.000,463.269,-93.926
703000.000,1676000.000,463.186,-93.137
704000.000,1676000.000,467.612,-91.597
705000.000,1676000.000,518.841,-90.280
706000.000,1676000.000,467.511,-88.803
707000.000,1676000.000,461.128,-87.024
708000.000,1676000.000,448.115,-84.963
709000.000,1676000.000,442.134,-83.978
710000.000,1676000.000,436.425,-83.510
711000.000,1676000.000,436.159,-83.455
641000.000,1675000.000,510.159,-77.830
642000.000,1675000.000,505.874,-78.525
643000.000,1675000.000,519.175,-79.343
644000.000,1675000.000,516.681,-80.168
645000.000,1675000.000,520.745,-80.695
646000.000,1675000.000,514.338,-81.287
647000.000,1675000.000,514.031,-82.035
648000.000,1675000.000,520.255,-82.417
649000.000,1675000.000,538.264,-81.750
650000.000,1675000.000,536.645,-79.067
651000.000,1675000.000,540.993,-75.106
652000.000,1675000.000,605.844,-70.781
653000.000,1675000.000,584.388,-66.413
654000.000,1675000.000,588.609,-62.205
655000.000,1675000.000,761.836,-56.792
656000.000,1675000.000,872.807,-50.304
657000.000,1675000.000,724.895,-48.396
658000.000,1675000.000,691.157,-48.457
659000.000,1675000.000,725.319,-47.818
660000.000,1675000.000,716.238,-46.698
661000.000,1675000.000,688.206,-46.259
662000.000,1675000.000,734.307,-46.416
663000.000,1675000.000,935.044,-47.463
664000.000,1675000.000,810.712,-48.694
665000.000,1675000.000,900.415,-49.587
666000.000,1675000.000,872.153,-50.477
667000.000,1675000.000,700.902,-51.003
668000.000,1675000.000,697.723,-51.367
669000.000,1675000.000,647.269,-51.927
670000.000,1675000.000,673.684,-52.706
671000.000,1675000.000,539.863,-53.845
672000.000,1675000.000,522.888,-55.516
673000.000,1675000.000,514.589,-57.862
674000.000,1675000.000,517.897,-60.783
675000.000,1675000.000,546.425,-63.346
676000.000,1675000.000,679.117,-66.629
677000.000,1675000.000,661.171,-70.037
678000.000,1675000.000,567.633,-72.924
679000.000,1675000.000,537.192,-74.689
680000.000,1675000.000,546.171,-75.189
681000.000,1675000.000,525.552,-75.156
682000.000,1675000.000,512.241,-73.945
683000.000,1675000.000,496.355,-71.584
684000.000,1675000.000,509.869,-69.948
685000.000,1675000.000,522.926,-70.223
686000.000,1675000.000,558.443,-71.182
687000.000,1675000.000,672.000,-71.943
688000.000,1675000.000,690.258,-72.196
689000.000,1675000.000,580.773,-72.038
690000.000,1675000.000,540.436,-72.410
691000.000,1675000.000,530.608,-73.595
692000.000,1675000.000,522.343,-75.331
693000.000,1675000.000,513.765,-78.730
694000.000,1675000.000,499.940,-84.169
695000.000,1675000.000,508.197,-86.651
696000.000,1675000.000,490.906,-87.450
697000.000,1675000.000,487.938,-89.150
698000.000,1675000.000,482.483,-91.950
699000.000,1675000.000,481.473,-93.135
700000.000,1675000.000,478.743,-93.709
701000.000,1675000.000,475.406,-94.014
702000.000,1675000.000,467.608,-93.652
703000.000,1675000.000,468.036,-92.959
704000.000,1675000.000,465.408,-92.086
705000.000,1675000.000,456.767,-90.609
706000.000,1675000.000,460.566,-89.438
707000.000,1675000.000,452.368,-88.001
708000.000,1675000.000,448.189,-85.989
709000.000,1675000.000,445.605,-83.616
710000.000,1675000.000,437.495,-82.760
711000.000,1675000.000,434.224,-82.792
641000.000,1674000.000,514.454,-78.404
642000.000,1674000.000,515.421,-79.587
643000.000,1674000.000,513.093,-79.841
644000.000,1674000.000,521.357,-80.555
645000.000,1674000.000,540.170,-80.914
646000.000,1674000.000,516.191,-81.703
647000.000,1674000.000,517.910,-82.576
648000.000,1674000.000,523.541,-83.064
649000.000,1674000.000,529.954,-82.701
650000.000,1674000.000,552.056,-81.155
651000.000,1674000.000,549.595,-78.464
652000.000,1674000.000,555.652,-75.266
653000.000,1674000.000,568.206,-72.124
654000.000,1674000.000,586.566,-68.518
655000.000,1674000.000,609.815,-63.687
656000.000,1674000.000,927.163,-55.588
657000.000,1674000.000,875.391,-51.247
658000.000,1674000.000,716.847,-49.599
659000.000,1674000.000,662.056,-48.552
660000.000,1674000.000,674.775,-47.483
661000.000,1674000.000,657.321,-46.983
662000.000,1674000.000,729.939,-46.922
663000.000,1674000.000,749.665,-47.053
664000.000,1674000.000,935.297,-47.820
665000.000,1674000.000,823.327,-48.204
666000.000,1674000.000,740.047,-48.921
667000.000,1674000.000,904.122,-49.289
668000.000,1674000.000,734.437,-49.728
669000.000,1674000.000,595.711,-50.383
670000.000,1674000.000,573.945,-51.346
671000.000,1674000.000,614.604,-52.595
672000.000,1674000.000,536.276,-54.370
673000.000,1674000.000,518.312,-56.829
674000.000,1674000.000,524.533,-59.650
675000.000,1674000.000,536.336,-62.628
676000.000,1674000.000,567.765,-66.166
677000.000,1674000.000,634.535,-69.510
678000.000,1674000.000,637.772,-72.436
679000.000,1674000.000,597.383,-75.011
680000.000,1674000.000,533.064,-77.104
681000.000,1674000.000,517.284,-78.615
682000.000,1674000.000,505.702,-78.164
683000.000,1674000.000,508.478,-74.958
684000.000,1674000.000,508.089,-72.752
685000.000,1674000.000,518.400,-72.833
686000.000,1674000.000,545.446,-73.092
687000.000,1674000.000,640.364,-72.894
688000.000,1674000.000,719.500,-72.243
689000.000,1674000.000,658.277,-71.557
690000.000,1674000.000,556.249,-71.331
691000.000,1674000.000,547.307,-72.126
692000.000,1674000.000,525.233,-73.713
693000.000,1674000.000,515.151,-76.979
694000.000,1674000.000,508.494,-82.323
695000.000,1674000.000,504.787,-84.921
696000.000,1674000.000,507.487,-86.040
697000.000,1674000.000,506.958,-87.836
698000.000,1674000.000,489.918,-89.978
699000.000,1674000.000,482.878,-92.074
700000.000,1674000.000,474.945,-93.026
701000.000,1674000.000,472.749,-93.566
702000.000,1674000.000,466.202,-93.767
703000.000,1674000.000,462.558,-93.530
704000.000,1674000.000,459.437,-92.588
705000.000,1674000.000,456.622,-91.418
706000.000,1674000.000,451.497,-90.291
707000.000,1674000.000,448.536,-88.460
708000.000,1674000.000,444.615,-86.634
709000.000,1674000.000,438.246,-84.652
710000.000,1674000.000,435.817,-83.286
711000.000,1674000.000,432.562,-82.513
641000.000,1673000.000,517.275,-78.878
642000.000,1673000.000,521.680,-79.704
643000.000,1673000.000,524.651,-80.086
644000.000,1673000.000,523.730,-80.773
645000.000,1673000.000,531.068,-81.301
646000.000,1673000.000,520.159,-82.111
647000.000,1673000.000,524.100,-83.018
648000.000,1673000.000,523.969,-83.542
649000.000,1673000.000,526.445,-83.826
650000.000,1673000.000,534.800,-83.058
651000.000,1673000.000,551.763,-81.421
652000.000,1673000.000,566.014,-79.103
653000.000,1673000.000,626.175,-76.891
654000.000,1673000.000,594.715,-74.083
655000.000,1673000.000,622.000,-70.405
656000.000,1673000.000,718.096,-62.589
657000.000,1673000.000,973.742,-55.765
658000.000,1673000.000,802.870,-52.320
659000.000,1673000.000,726.336,-50.175
660000.000,1673000.000,643.992,-48.760
661000.000,1673000.000,676.472,-47.751
662000.000,1673000.000,717.403,-47.156
663000.000,1673000.000,634.082,-47.178
664000.000,1673000.000,676.246,-47.674
665000.000,1673000.000,688.345,-47.932
666000.000,1673000.000,623.833,-48.055
667000.000,1673000.000,920.407,-48.208
668000.000,1673000.000,909.544,-48.399
669000.000,1673000.000,664.911,-49.047
670000.000,1673000.000,665.663,-50.146
671000.000,1673000.000,554.387,-51.393
672000.000,1673000.000,618.348,-53.168
673000.000,1673000.000,523.971,-55.594
674000.000,1673000.000,536.076,-58.468
675000.000,1673000.000,538.424,-61.778
676000.000,1673000.000,553.547,-65.434
677000.000,1673000.000,565.149,-68.714
678000.000,1673000.000,707.448,-71.955
679000.000,1673000.000,597.839,-76.137
680000.000,1673000.000,534.330,-80.881
681000.000,1673000.000,518.035,-84.045
682000.000,1673000.000,540.088,-83.975
683000.000,1673000.000,533.013,-80.721
684000.000,1673000.000,524.764,-77.620
685000.000,1673000.000,518.057,-76.653
686000.000,1673000.000,525.379,-75.801
687000.000,1673000.000,586.237,-74.303
688000.000,1673000.000,661.574,-72.530
689000.000,1673000.000,688.058,-71.133
690000.000,1673000.000,589.375,-70.491
691000.000,1673000.000,551.884,-70.820
692000.000,1673000.000,538.131,-72.215
693000.000,1673000.000,528.658,-74.873
694000.000,1673000.000,521.690,-78.442
695000.000,1673000.000,516.459,-81.419
696000.000,1673000.000,507.025,-84.347
697000.000,1673000.000,497.495,-87.433
698000.000,1673000.000,489.978,-89.398
699000.000,1673000.000,480.934,-90.752
700000.000,1673000.000,475.797,-91.610
701000.000,1673000.000,468.355,-92.517
702000.000,1673000.000,465.087,-93.363
703000.000,1673000.000,463.119,-93.608
704000.000,1673000.000,457.350,-92.804
705000.000,1673000.000,451.027,-91.680
706000.000,1673000.000,448.284,-89.860
707000.000,1673000.000,442.374,-87.167
708000.000,1673000.000,440.384,-86.034
709000.000,1673000.000,439.495,-84.859
710000.000,1673000.000,438.219,-83.502
711000.000,1673000.000,434.899,-82.611
641000.000,1672000.000,524.416,-79.192
642000.000,1672000.000,599.983,-79.744
643000.000,1672000.000,559.599,-80.241
644000.000,1672000.000,532.902,-80.858
645000.000,1672000.000,527.099,-81.773
646000.000,1672000.000,529.636,-82.951
647000.000,1672000.000,527.758,-82.976
648000.000,1672000.000,527.644,-83.675
649000.000,1672000.000,528.897,-84.609
650000.000,1672000.000,531.612,-84.450
651000.000,1672000.000,541.076,-83.510
652000.000,1672000.000,545.155,-81.977
653000.000,1672000.000,563.446,-80.144
654000.000,1672000.000,575.476,-77.904
655000.000,1672000.000,607.464,-74.693
656000.000,1672000.000,624.347,-68.222
657000.000,1672000.000,881.719,-60.708
658000.000,1672000.000,972.122,-55.387
659000.000,1672000.000,698.156,-51.985
660000.000,1672000.000,676.805,-50.043
661000.000,1672000.000,624.737,-48.497
662000.000,1672000.000,633.812,-47.374
663000.000,1672000.000,726.552,-47.494
664000.000,1672000.000,606.740,-47.967
665000.000,1672000.000,615.437,-48.042
666000.000,1672000.000,588.165,-47.899
667000.000,1672000.000,627.986,-47.630
668000.000,1672000.000,737.316,-47.384
669000.000,1672000.000,859.038,-47.927
670000.000,1672000.000,572.249,-49.041
671000.000,1672000.000,660.905,-50.115
672000.000,1672000.000,538.500,-51.801
673000.000,1672000.000,724.611,-54.334
674000.000,1672000.000,555.824,-57.089
675000.000,1672000.000,586.803,-60.152
676000.000,1672000.000,638.570,-63.591
677000.000,1672000.000,584.291,-66.899
678000.000,1672000.000,610.881,-70.720
679000.000,1672000.000,601.407,-76.455
680000.000,1672000.000,566.764,-81.741
681000.000,1672000.000,525.275,-85.687
682000.000,1672000.000,526.573,-86.847
683000.000,1672000.000,589.450,-85.829
684000.000,1672000.000,518.897,-83.002
685000.000,1672000.000,525.615,-80.707
686000.000,1672000.000,555.723,-78.701
687000.000,1672000.000,593.679,-75.896
688000.000,1672000.000,558.978,-72.777
689000.000,1672000.000,642.357,-70.695
690000.000,1672000.000,707.007,-69.878
691000.000,1672000.000,684.760,-69.805
692000.000,1672000.000,674.540,-70.659
693000.000,1672000.000,556.407,-72.392
694000.000,1672000.000,539.462,-74.644
695000.000,1672000.000,528.760,-77.496
696000.000,1672000.000,514.584,-81.813
697000.000,1672000.000,512.759,-86.051
698000.000,1672000.000,496.328,-88.331
699000.000,1672000.000,487.192,-89.349
700000.000,1672000.000,479.343,-90.184
701000.000,1672000.000,476.583,-91.262
702000.000,1672000.000,471.518,-92.455
703000.000,1672000.000,464.891,-93.084
704000.000,1672000.000,461.483,-92.616
705000.000,1672000.000,458.067,-91.257
706000.000,1672000.000,448.523,-89.054
707000.000,1672000.000,448.372,-87.572
708000.000,1672000.000,447.389,-87.104
709000.000,1672000.000,441.917,-84.937
710000.000,1672000.000,438.524,-83.331
711000.000,1672000.000,438.861,-82.575
641000.000,1671000.000,535.120,-79.627
642000.000,1671000.000,542.457,-79.995
643000.000,1671000.000,542.255,-80.406
644000.000,1671000.000,540.545,-80.902
645000.000,1671000.000,530.535,-82.041
646000.000,1671000.000,539.249,-83.130
647000.000,1671000.000,528.045,-83.748
648000.000,1671000.000,537.155,-83.935
649000.000,1671000.000,532.375,-84.949
650000.000,1671000.000,535.568,-84.889
651000.000,1671000.000,536.947,-84.850
652000.000,1671000.000,545.673,-84.018
653000.000,1671000.000,551.252,-82.651
654000.000,1671000.000,604.099,-80.833
655000.000,1671000.000,591.384,-77.968
656000.000,1671000.000,598.466,-72.682
657000.000,1671000.000,658.881,-64.900
658000.000,1671000.000,980.560,-57.719
659000.000,1671000.000,778.452,-53.520
660000.000,1671000.000,673.811,-50.995
661000.000,1671000.000,634.348,-48.928
662000.000,1671000.000,614.090,-47.935
663000.000,1671000.000,595.706,-48.385
664000.000,1671000.000,591.480,-48.512
665000.000,1671000.000,583.354,-48.490
666000.000,1671000.000,569.563,-48.364
667000.000,1671000.000,562.244,-47.611
668000.000,1671000.000,562.808,-47.176
669000.000,1671000.000,625.222,-47.296
670000.000,1671000.000,629.774,-48.124
671000.000,1671000.000,538.601,-49.340
672000.000,1671000.000,623.727,-50.784
673000.000,1671000.000,694.692,-52.958
674000.000,1671000.000,574.180,-55.653
675000.000,1671000.000,781.293,-58.723
676000.000,1671000.000,681.428,-62.304
677000.000,1671000.000,590.327,-65.763
678000.000,1671000.000,606.339,-69.923
679000.000,1671000.000,596.046,-75.445
680000.000,1671000.000,560.782,-81.220
681000.000,1671000.000,588.073,-84.958
682000.000,1671000.000,541.174,-86.313
683000.000,1671000.000,533.074,-86.531
684000.000,1671000.000,532.455,-85.015
685000.000,1671000.000,523.221,-83.317
686000.000,1671000.000,542.197,-81.178
687000.000,1671000.000,550.008,-77.610
688000.000,1671000.000,557.617,-72.992
689000.000,1671000.000,590.515,-70.464
690000.000,1671000.000,599.726,-70.026
691000.000,1671000.000,643.665,-69.621
692000.000,1671000.000,659.620,-69.904
693000.000,1671000.000,779.782,-70.843
694000.000,1671000.000,565.669,-72.158
695000.000,1671000.000,547.759,-75.083
696000.000,1671000.000,527.231,-79.652
697000.000,1671000.000,520.817,-84.068
698000.000,1671000.000,507.804,-86.811
699000.000,1671000.000,512.639,-88.125
700000.000,1671000.000,495.772,-89.806
701000.000,1671000.000,481.454,-90.301
702000.000,1671000.000,477.625,-90.905
703000.000,1671000.000,467.252,-92.146
704000.000,1671000.000,464.068,-92.214
705000.000,1671000.000,459.950,-91.278
706000.000,1671000.000,455.982,-89.190
707000.000,1671000.000,455.896,-87.765
708000.000,1671000.000,448.490,-87.069
709000.000,1671000.000,447.004,-84.259
710000.000,1671000.000,443.358,-82.113
711000.000,1671000.000,449.504,-81.814
641000.000,1670000.000,525.355,-80.303
642000.000,1670000.000,564.356,-80.535
643000.000,1670000.000,536.235,-80.873
644000.000,1670000.000,544.222,-81.271
645000.000,1670000.000,538.044,-82.258
646000.000,1670000.000,546.721,-83.216
647000.000,1670000.000,535.252,-84.147
648000.000,1670000.000,536.874,-84.816
649000.000,1670000.000,540.427,-85.516
650000.000,1670000.000,539.402,-85.929
651000.000,1670000.000,541.848,-85.902
652000.000,1670000.000,541.322,-85.502
653000.000,1670000.000,554.508,-84.597
654000.000,1670000.000,560.772,-83.334
655000.000,1670000.000,575.950,-80.854
656000.000,1670000.000,592.840,-76.551
657000.000,1670000.000,629.183,-69.759
658000.000,1670000.000,860.294,-61.709
659000.000,1670000.000,950.409,-56.229
660000.000,1670000.000,691.687,-53.255
661000.000,1670000.000,743.275,-50.980
662000.000,1670000.000,640.679,-49.483
663000.000,1670000.000,632.756,-48.818
664000.000,1670000.000,604.763,-48.589
665000.000,1670000.000,589.759,-48.470
666000.000,1670000.000,580.242,-48.238
667000.000,1670000.000,564.791,-47.787
668000.000,1670000.000,552.272,-47.567
669000.000,1670000.000,550.150,-46.971
670000.000,1670000.000,624.283,-47.225
671000.000,1670000.000,770.787,-47.840
672000.000,1670000.000,725.295,-49.137
673000.000,1670000.000,675.624,-51.226
674000.000,1670000.000,675.802,-53.990
675000.000,1670000.000,681.918,-57.190
676000.000,1670000.000,679.002,-61.106
677000.000,1670000.000,614.910,-64.943
678000.000,1670000.000,623.508,-69.284
679000.000,1670000.000,589.237,-74.512
680000.000,1670000.000,570.024,-79.558
681000.000,1670000.000,560.088,-83.099
682000.000,1670000.000,556.156,-84.404
683000.000,1670000.000,551.984,-84.999
684000.000,1670000.000,540.591,-85.527
685000.000,1670000.000,529.659,-85.147
686000.000,1670000.000,535.747,-83.463
687000.000,1670000.000,542.975,-79.959
688000.000,1670000.000,629.358,-75.295
689000.000,1670000.000,720.384,-72.889
690000.000,1670000.000,616.466,-72.022
691000.000,1670000.000,607.405,-71.336
692000.000,1670000.000,672.557,-71.307
693000.000,1670000.000,740.755,-71.756
694000.000,1670000.000,780.165,-72.842
695000.000,1670000.000,727.413,-75.346
696000.000,1670000.000,555.242,-78.897
697000.000,1670000.000,538.281,-82.356
698000.000,1670000.000,520.195,-84.762
699000.000,1670000.000,505.430,-86.023
700000.000,1670000.000,495.366,-87.596
701000.000,1670000.000,483.812,-88.622
702000.000,1670000.000,484.581,-89.041
703000.000,1670000.000,479.513,-89.813
704000.000,1670000.000,470.576,-90.399
705000.000,1670000.000,460.377,-90.296
706000.000,1670000.000,458.693,-89.014
707000.000,1670000.000,458.885,-87.675
708000.000,1670000.000,455.506,-86.717
709000.000,1670000.000,451.851,-84.847
710000.000,1670000.000,449.986,-83.878
711000.000,1670000.000,446.550,-81.513
641000.000,1669000.000,523.620,-81.373
642000.000,1669000.000,529.236,-81.139
643000.000,1669000.000,531.061,-81.261
644000.000,1669000.000,535.917,-81.893
645000.000,1669000.000,549.309,-82.631
646000.000,1669000.000,546.159,-83.365
647000.000,1669000.000,538.891,-84.376
648000.000,1669000.000,543.242,-85.274
649000.000,1669000.000,542.742,-85.746
650000.000,1669000.000,549.202,-86.324
651000.000,1669000.000,546.487,-86.641
652000.000,1669000.000,546.108,-86.777
653000.000,1669000.000,553.854,-85.919
654000.000,1669000.000,564.056,-85.018
655000.000,1669000.000,576.731,-83.478
656000.000,1669000.000,591.373,-80.267
657000.000,1669000.000,609.625,-74.412
658000.000,1669000.000,786.567,-67.002
659000.000,1669000.000,863.972,-60.513
660000.000,1669000.000,932.890,-56.394
661000.000,1669000.000,802.487,-53.213
662000.000,1669000.000,650.495,-50.630
663000.000,1669000.000,627.995,-48.906
664000.000,1669000.000,603.836,-47.953
665000.000,1669000.000,582.168,-47.457
666000.000,1669000.000,571.003,-47.341
667000.000,1669000.000,557.086,-47.283
668000.000,1669000.000,555.487,-46.756
669000.000,1669000.000,560.671,-46.133
670000.000,1669000.000,562.755,-45.707
671000.000,1669000.000,641.841,-46.062
672000.000,1669000.000,818.853,-47.321
673000.000,1669000.000,894.047,-49.359
674000.000,1669000.000,784.718,-52.131
675000.000,1669000.000,730.727,-55.425
676000.000,1669000.000,920.986,-59.654
677000.000,1669000.000,705.743,-63.748
678000.000,1669000.000,636.797,-68.137
679000.000,1669000.000,597.600,-73.248
680000.000,1669000.000,588.786,-78.035
681000.000,1669000.000,575.969,-81.890
682000.000,1669000.000,573.053,-83.015
683000.000,1669000.000,574.578,-84.337
684000.000,1669000.000,568.250,-85.928
685000.000,1669000.000,540.096,-86.555
686000.000,1669000.000,544.314,-85.483
687000.000,1669000.000,541.520,-82.935
688000.000,1669000.000,584.834,-79.422
689000.000,1669000.000,723.562,-77.034
690000.000,1669000.000,714.792,-75.829
691000.000,1669000.000,635.310,-75.014
692000.000,1669000.000,726.184,-74.731
693000.000,1669000.000,722.351,-74.545
694000.000,1669000.000,732.057,-75.181
695000.000,1669000.000,752.342,-76.978
696000.000,1669000.000,589.011,-79.196
697000.000,1669000.000,618.515,-81.101
698000.000,1669000.000,550.636,-82.306
699000.000,1669000.000,521.828,-83.118
700000.000,1669000.000,580.992,-84.157
701000.000,1669000.000,533.685,-85.315
702000.000,1669000.000,485.931,-85.731
703000.000,1669000.000,475.103,-86.099
704000.000,1669000.000,472.205,-87.253
705000.000,1669000.000,467.734,-88.282
706000.000,1669000.000,463.084,-88.172
707000.000,1669000.000,457.274,-87.100
708000.000,1669000.000,452.359,-85.874
709000.000,1669000.000,447.783,-84.819
710000.000,1669000.000,443.261,-85.259
711000.000,1669000.000,441.965,-84.390
641000.000,1668000.000,526.457,-82.066
642000.000,1668000.000,534.007,-81.770
643000.000,1668000.000,532.214,-81.954
644000.000,1668000.000,536.764,-82.778
645000.000,1668000.000,542.722,-83.528
646000.000,1668000.000,550.178,-83.923
647000.000,1668000.000,547.669,-84.759
648000.000,1668000.000,546.225,-85.876
649000.000,1668000.000,549.834,-86.051
650000.000,1668000.000,551.356,-86.520
651000.000,1668000.000,552.364,-87.063
652000.000,1668000.000,550.090,-87.255
653000.000,1668000.000,555.135,-86.749
654000.000,1668000.000,566.238,-86.109
655000.000,1668000.000,580.426,-85.065
656000.000,1668000.000,607.840,-82.804
657000.000,1668000.000,599.442,-78.196
658000.000,1668000.000,625.900,-71.921
659000.000,1668000.000,765.842,-65.640
660000.000,1668000.000,974.016,-60.404
661000.000,1668000.000,1001.091,-55.680
662000.000,1668000.000,753.895,-51.491
663000.000,1668000.000,639.503,-48.605
664000.000,1668000.000,688.615,-47.274
665000.000,1668000.000,598.165,-46.821
666000.000,1668000.000,567.403,-46.598
667000.000,1668000.000,563.295,-46.441
668000.000,1668000.000,600.583,-45.750
669000.000,1668000.000,606.065,-44.842
670000.000,1668000.000,568.467,-43.902
671000.000,1668000.000,588.315,-44.493
672000.000,1668000.000,735.806,-45.785
673000.000,1668000.000,950.681,-47.698
674000.000,1668000.000,951.730,-50.336
675000.000,1668000.000,644.967,-53.620
676000.000,1668000.000,827.282,-57.862
677000.000,1668000.000,706.633,-61.976
678000.000,1668000.000,687.287,-66.933
679000.000,1668000.000,634.333,-72.147
680000.000,1668000.000,609.576,-76.448
681000.000,1668000.000,586.766,-79.960
682000.000,1668000.000,583.838,-82.606
683000.000,1668000.000,574.618,-84.912
684000.000,1668000.000,558.086,-86.301
685000.000,1668000.000,552.203,-86.936
686000.000,1668000.000,547.954,-86.628
687000.000,1668000.000,547.000,-85.167
688000.000,1668000.000,561.467,-82.550
689000.000,1668000.000,599.360,-81.133
690000.000,1668000.000,802.876,-80.312
691000.000,1668000.000,832.605,-79.425
692000.000,1668000.000,775.463,-78.961
693000.000,1668000.000,671.170,-78.234
694000.000,1668000.000,675.134,-78.474
695000.000,1668000.000,713.546,-79.576
696000.000,1668000.000,795.131,-80.305
697000.000,1668000.000,862.370,-80.382
698000.000,1668000.000,664.263,-79.945
699000.000,1668000.000,567.406,-79.680
700000.000,1668000.000,506.526,-80.134
701000.000,1668000.000,491.195,-81.636
702000.000,1668000.000,484.087,-84.207
703000.000,1668000.000,481.569,-83.911
704000.000,1668000.000,477.508,-83.944
705000.000,1668000.000,468.219,-85.406
706000.000,1668000.000,465.002,-85.682
707000.000,1668000.000,460.967,-85.438
708000.000,1668000.000,454.111,-84.472
709000.000,1668000.000,454.777,-82.803
710000.000,1668000.000,447.618,-84.242
711000.000,1668000.000,444.681,-85.700
641000.000,1667000.000,530.875,-82.696
642000.000,1667000.000,538.070,-82.630
643000.000,1667000.000,535.998,-82.833
644000.000,1667000.000,539.896,-83.622
645000.000,1667000.000,549.877,-83.925
646000.000,1667000.000,562.685,-84.057
647000.000,1667000.000,559.016,-84.809
648000.000,1667000.000,562.903,-85.666
649000.000,1667000.000,578.628,-86.122
650000.000,1667000.000,562.138,-86.606
651000.000,1667000.000,573.870,-87.101
652000.000,1667000.000,565.711,-87.373
653000.000,1667000.000,564.143,-87.326
654000.000,1667000.000,564.026,-86.768
655000.000,1667000.000,568.916,-85.642
656000.000,1667000.000,650.967,-83.514
657000.000,1667000.000,630.495,-80.461
658000.000,1667000.000,627.885,-75.643
659000.000,1667000.000,648.646,-70.235
660000.000,1667000.000,736.911,-64.279
661000.000,1667000.000,910.908,-58.344
662000.000,1667000.000,967.314,-52.381
663000.000,1667000.000,684.751,-48.218
664000.000,1667000.000,606.093,-46.863
665000.000,1667000.000,583.521,-47.174
666000.000,1667000.000,566.807,-46.963
667000.000,1667000.000,574.296,-46.714
668000.000,1667000.000,632.353,-45.502
669000.000,1667000.000,841.223,-44.322
670000.000,1667000.000,627.070,-43.558
671000.000,1667000.000,582.783,-43.680
672000.000,1667000.000,624.383,-44.642
673000.000,1667000.000,739.404,-46.328
674000.000,1667000.000,990.875,-48.791
675000.000,1667000.000,723.253,-51.820
676000.000,1667000.000,831.346,-55.646
677000.000,1667000.000,791.912,-59.634
678000.000,1667000.000,691.004,-65.324
679000.000,1667000.000,658.035,-71.303
680000.000,1667000.000,639.459,-75.012
681000.000,1667000.000,596.130,-77.828
682000.000,1667000.000,581.779,-81.219
683000.000,1667000.000,576.101,-83.975
684000.000,1667000.000,567.788,-85.922
685000.000,1667000.000,561.685,-86.840
686000.000,1667000.000,559.696,-87.144
687000.000,1667000.000,553.353,-86.361
688000.000,1667000.000,556.047,-85.014
689000.000,1667000.000,583.464,-84.897
690000.000,1667000.000,603.250,-84.628
691000.000,1667000.000,685.022,-83.763
692000.000,1667000.000,874.579,-83.430
693000.000,1667000.000,728.912,-82.884
694000.000,1667000.000,622.470,-82.733
695000.000,1667000.000,593.836,-82.813
696000.000,1667000.000,698.688,-81.927
697000.000,1667000.000,768.203,-79.989
698000.000,1667000.000,585.425,-77.553
699000.000,1667000.000,690.143,-76.134
700000.000,1667000.000,515.943,-76.205
701000.000,1667000.000,498.178,-77.087
702000.000,1667000.000,492.110,-79.374
703000.000,1667000.000,486.081,-79.874
704000.000,1667000.000,480.376,-80.475
705000.000,1667000.000,473.892,-82.567
706000.000,1667000.000,470.297,-81.174
707000.000,1667000.000,464.420,-81.530
708000.000,1667000.000,462.199,-81.834
709000.000,1667000.000,459.539,-81.226
710000.000,1667000.000,454.786,-83.023
711000.000,1667000.000,446.909,-83.481
641000.000,1666000.000,541.239,-83.741
642000.000,1666000.000,547.093,-83.327
643000.000,1666000.000,541.354,-83.026
644000.000,1666000.000,543.287,-83.765
645000.000,1666000.000,547.756,-83.924
646000.000,1666000.000,555.039,-84.072
647000.000,1666000.000,557.675,-84.596
648000.000,1666000.000,580.283,-85.254
649000.000,1666000.000,640.442,-85.832
650000.000,1666000.000,609.410,-86.399
651000.000,1666000.000,587.947,-86.919
652000.000,1666000.000,572.950,-87.279
653000.000,1666000.000,581.928,-87.405
654000.000,1666000.000,577.307,-86.990
655000.000,1666000.000,585.083,-86.047
656000.000,1666000.000,618.374,-84.371
657000.000,1666000.000,656.321,-81.799
658000.000,1666000.000,636.064,-78.686
659000.000,1666000.000,632.472,-74.156
660000.000,1666000.000,674.213,-68.545
661000.000,1666000.000,767.087,-62.343
662000.000,1666000.000,756.741,-55.847
663000.000,1666000.000,797.213,-49.722
664000.000,1666000.000,575.037,-48.185
665000.000,1666000.000,577.334,-48.241
666000.000,1666000.000,640.261,-48.039
667000.000,1666000.000,589.421,-47.449
668000.000,1666000.000,612.222,-45.744
669000.000,1666000.000,857.846,-44.593
670000.000,1666000.000,770.006,-43.522
671000.000,1666000.000,618.066,-43.140
672000.000,1666000.000,622.200,-43.932
673000.000,1666000.000,653.398,-45.384
674000.000,1666000.000,856.710,-47.381
675000.000,1666000.000,959.320,-50.113
676000.000,1666000.000,942.756,-53.357
677000.000,1666000.000,846.918,-56.748
678000.000,1666000.000,687.189,-62.034
679000.000,1666000.000,647.243,-69.709
680000.000,1666000.000,629.418,-73.845
681000.000,1666000.000,604.260,-75.544
682000.000,1666000.000,598.597,-79.574
683000.000,1666000.000,577.622,-82.885
684000.000,1666000.000,565.136,-85.262
685000.000,1666000.000,561.722,-86.782
686000.000,1666000.000,566.985,-87.709
687000.000,1666000.000,555.762,-87.056
688000.000,1666000.000,560.146,-86.672
689000.000,1666000.000,566.002,-86.977
690000.000,1666000.000,584.363,-87.162
691000.000,1666000.000,596.214,-86.959
692000.000,1666000.000,585.865,-86.853
693000.000,1666000.000,574.770,-86.433
694000.000,1666000.000,568.068,-86.131
695000.000,1666000.000,565.316,-85.397
696000.000,1666000.000,575.739,-83.639
697000.000,1666000.000,651.929,-79.855
698000.000,1666000.000,637.967,-75.367
699000.000,1666000.000,537.861,-72.935
700000.000,1666000.000,518.734,-72.619
701000.000,1666000.000,523.421,-73.354
702000.000,1666000.000,500.014,-74.840
703000.000,1666000.000,493.710,-75.595
704000.000,1666000.000,493.051,-76.156
705000.000,1666000.000,484.983,-76.227
706000.000,1666000.000,480.774,-75.766
707000.000,1666000.000,473.172,-76.548
708000.000,1666000.000,472.836,-77.205
709000.000,1666000.000,465.098,-78.403
710000.000,1666000.000,460.944,-81.135
711000.000,1666000.000,454.328,-81.915
641000.000,1665000.000,546.133,-84.080
642000.000,1665000.000,552.169,-83.804
643000.000,1665000.000,548.649,-83.527
644000.000,1665000.000,554.092,-83.666
645000.000,1665000.000,547.988,-83.778
646000.000,1665000.000,555.471,-83.955
647000.000,1665000.000,566.682,-84.413
648000.000,1665000.000,586.729,-84.922
649000.000,1665000.000,605.669,-85.509
650000.000,1665000.000,615.882,-86.135
651000.000,1665000.000,626.125,-86.720
652000.000,1665000.000,611.674,-87.162
653000.000,1665000.000,582.642,-87.312
654000.000,1665000.000,615.465,-87.184
655000.000,1665000.000,585.319,-86.470
656000.000,1665000.000,624.160,-85.230
657000.000,1665000.000,663.115,-83.277
658000.000,1665000.000,644.121,-80.610
659000.000,1665000.000,615.055,-76.897
660000.000,1665000.000,615.271,-72.547
661000.000,1665000.000,618.279,-66.907
662000.000,1665000.000,602.869,-61.206
663000.000,1665000.000,640.624,-54.689
664000.000,1665000.000,706.962,-51.884
665000.000,1665000.000,625.169,-50.792
666000.000,1665000.000,631.369,-49.567
667000.000,1665000.000,666.841,-48.339
668000.000,1665000.000,603.226,-47.161
669000.000,1665000.000,643.004,-45.480
670000.000,1665000.000,812.507,-43.985
671000.000,1665000.000,629.755,-43.386
672000.000,1665000.000,614.036,-44.114
673000.000,1665000.000,672.684,-44.839
674000.000,1665000.000,789.752,-46.282
675000.000,1665000.000,1008.470,-48.625
676000.000,1665000.000,900.559,-51.376
677000.000,1665000.000,885.934,-54.498
678000.000,1665000.000,679.416,-58.315
679000.000,1665000.000,654.578,-65.280
680000.000,1665000.000,631.728,-71.936
681000.000,1665000.000,609.486,-75.924
682000.000,1665000.000,592.880,-79.400
683000.000,1665000.000,588.560,-82.373
684000.000,1665000.000,575.488,-84.888
685000.000,1665000.000,572.490,-86.662
686000.000,1665000.000,573.380,-87.613
687000.000,1665000.000,572.957,-87.306
688000.000,1665000.000,576.450,-87.042
689000.000,1665000.000,576.404,-86.975
690000.000,1665000.000,570.552,-87.179
691000.000,1665000.000,583.221,-87.376
692000.000,1665000.000,565.818,-87.124
693000.000,1665000.000,552.455,-86.652
694000.000,1665000.000,549.616,-86.043
695000.000,1665000.000,548.311,-86.078
696000.000,1665000.000,549.663,-85.000
697000.000,1665000.000,545.579,-80.666
698000.000,1665000.000,541.715,-75.639
699000.000,1665000.000,525.224,-73.067
700000.000,1665000.000,524.020,-71.672
701000.000,1665000.000,514.266,-70.842
702000.000,1665000.000,516.456,-72.201
703000.000,1665000.000,537.734,-73.333
704000.000,1665000.000,521.198,-73.860
705000.000,1665000.000,513.966,-73.599
706000.000,1665000.000,495.550,-72.615
707000.000,1665000.000,484.408,-72.241
708000.000,1665000.000,485.415,-73.149
709000.000,1665000.000,478.649,-75.902
710000.000,1665000.000,467.335,-79.713
711000.000,1665000.000,461.781,-80.524
641000.000,1664000.000,590.923,-83.942
642000.000,1664000.000,565.221,-83.933
643000.000,1664000.000,556.067,-83.927
644000.000,1664000.000,564.241,-83.943
645000.000,1664000.000,555.591,-83.932
646000.000,1664000.000,556.083,-83.977
647000.000,1664000.000,568.620,-84.588
648000.000,1664000.000,601.180,-84.836
649000.000,1664000.000,601.274,-85.357
650000.000,1664000.000,607.080,-85.915
651000.000,1664000.000,624.678,-86.555
652000.000,1664000.000,612.628,-87.129
653000.000,1664000.000,595.667,-87.409
654000.000,1664000.000,609.902,-87.365
655000.000,1664000.000,626.294,-87.028
656000.000,1664000.000,612.999,-86.163
657000.000,1664000.000,656.839,-84.732
658000.000,1664000.000,631.642,-82.681
659000.000,1664000.000,606.135,-79.552
660000.000,1664000.000,600.447,-76.260
661000.000,1664000.000,595.797,-70.876
662000.000,1664000.000,643.673,-65.642
663000.000,1664000.000,905.855,-60.194
664000.000,1664000.000,864.575,-56.179
665000.000,1664000.000,851.851,-53.524
666000.000,1664000.000,726.227,-51.251
667000.000,1664000.000,679.747,-49.194
668000.000,1664000.000,618.642,-47.514
669000.000,1664000.000,618.872,-45.860
670000.000,1664000.000,694.398,-44.380
671000.000,1664000.000,717.802,-43.899
672000.000,1664000.000,647.405,-44.327
673000.000,1664000.000,639.442,-44.462
674000.000,1664000.000,700.498,-45.726
675000.000,1664000.000,968.732,-47.528
676000.000,1664000.000,809.332,-50.147
677000.000,1664000.000,836.782,-53.677
678000.000,1664000.000,680.109,-58.268
679000.000,1664000.000,651.950,-65.006
680000.000,1664000.000,635.178,-71.728
681000.000,1664000.000,623.305,-76.129
682000.000,1664000.000,601.716,-79.527
683000.000,1664000.000,620.803,-82.160
684000.000,1664000.000,581.961,-84.593
685000.000,1664000.000,576.036,-86.572
686000.000,1664000.000,588.535,-87.622
687000.000,1664000.000,591.936,-87.830
688000.000,1664000.000,572.266,-87.643
689000.000,1664000.000,577.814,-87.089
690000.000,1664000.000,575.564,-86.862
691000.000,1664000.000,587.542,-86.776
692000.000,1664000.000,567.181,-86.148
693000.000,1664000.000,551.785,-85.876
694000.000,1664000.000,541.424,-85.808
695000.000,1664000.000,536.402,-85.876
696000.000,1664000.000,535.367,-85.471
697000.000,1664000.000,531.228,-83.134
698000.000,1664000.000,526.546,-80.118
699000.000,1664000.000,534.645,-77.912
700000.000,1664000.000,533.713,-75.227
701000.000,1664000.000,536.505,-73.266
702000.000,1664000.000,563.906,-73.425
703000.000,1664000.000,634.825,-74.041
704000.000,1664000.000,663.826,-74.365
705000.000,1664000.000,554.451,-74.038
706000.000,1664000.000,536.939,-73.207
707000.000,1664000.000,592.352,-72.724
708000.000,1664000.000,499.672,-73.626
709000.000,1664000.000,483.979,-75.222
710000.000,1664000.000,476.244,-77.446
711000.000,1664000.000,463.184,-79.497
641000.000,1663000.000,574.401,-83.921
642000.000,1663000.000,566.248,-84.008
643000.000,1663000.000,572.597,-84.277
644000.000,1663000.000,587.946,-84.409
645000.000,1663000.000,570.447,-84.507
646000.000,1663000.000,562.711,-84.688
647000.000,1663000.000,564.586,-85.038
648000.000,1663000.000,574.537,-84.997
649000.000,1663000.000,590.185,-85.571
650000.000,1663000.000,593.774,-85.819
651000.000,1663000.000,621.522,-86.343
652000.000,1663000.000,623.241,-87.189
653000.000,1663000.000,629.356,-87.762
654000.000,1663000.000,624.261,-87.846
655000.000,1663000.000,640.231,-87.586
656000.000,1663000.000,661.606,-87.074
657000.000,1663000.000,654.372,-86.077
658000.000,1663000.000,632.010,-84.317
659000.000,1663000.000,611.127,-82.166
660000.000,1663000.000,604.191,-79.415
661000.000,1663000.000,604.126,-74.513
662000.000,1663000.000,626.045,-69.100
663000.000,1663000.000,695.423,-64.034
664000.000,1663000.000,935.009,-59.696
665000.000,1663000.000,843.871,-56.169
666000.000,1663000.000,715.400,-53.117
667000.000,1663000.000,691.426,-50.169
668000.000,1663000.000,704.336,-47.700
669000.000,1663000.000,645.663,-45.872
670000.000,1663000.000,679.631,-44.610
671000.000,1663000.000,947.971,-44.055
672000.000,1663000.000,729.164,-44.276
673000.000,1663000.000,650.030,-44.948
674000.000,1663000.000,655.776,-45.881
675000.000,1663000.000,790.384,-47.000
676000.000,1663000.000,961.356,-49.401
677000.000,1663000.000,873.958,-53.072
678000.000,1663000.000,724.648,-58.234
679000.000,1663000.000,669.382,-63.836
680000.000,1663000.000,646.866,-69.931
681000.000,1663000.000,632.223,-76.306
682000.000,1663000.000,616.287,-79.648
683000.000,1663000.000,600.326,-81.905
684000.000,1663000.000,584.802,-83.940
685000.000,1663000.000,591.846,-85.992
686000.000,1663000.000,595.980,-87.228
687000.000,1663000.000,608.773,-87.693
688000.000,1663000.000,589.313,-87.814
689000.000,1663000.000,579.275,-86.920
690000.000,1663000.000,579.719,-86.293
691000.000,1663000.000,587.773,-86.179
692000.000,1663000.000,568.887,-85.489
693000.000,1663000.000,570.894,-85.263
694000.000,1663000.000,551.838,-85.619
695000.000,1663000.000,533.220,-85.894
696000.000,1663000.000,523.547,-86.078
697000.000,1663000.000,522.846,-85.537
698000.000,1663000.000,517.725,-84.523
699000.000,1663000.000,518.957,-84.069
700000.000,1663000.000,517.230,-81.252
701000.000,1663000.000,582.188,-78.150
702000.000,1663000.000,680.812,-76.994
703000.000,1663000.000,603.620,-76.806
704000.000,1663000.000,575.448,-76.793
705000.000,1663000.000,654.766,-76.513
706000.000,1663000.000,590.522,-75.994
707000.000,1663000.000,572.228,-75.591
708000.000,1663000.000,536.645,-75.673
709000.000,1663000.000,611.044,-76.135
710000.000,1663000.000,601.330,-77.136
711000.000,1663000.000,505.930,-79.193
641000.000,1662000.000,563.604,-84.522
642000.000,1662000.000,616.108,-84.613
643000.000,1662000.000,595.596,-84.922
644000.000,1662000.000,586.248,-85.092
645000.000,1662000.000,583.042,-85.194
646000.000,1662000.000,578.726,-85.364
647000.000,1662000.000,571.821,-85.646
648000.000,1662000.000,583.553,-85.941
649000.000,1662000.000,594.580,-86.383
650000.000,1662000.000,619.247,-86.563
651000.000,1662000.000,597.903,-86.890
652000.000,1662000.000,623.254,-87.755
653000.000,1662000.000,628.055,-88.509
654000.000,1662000.000,637.695,-88.509
655000.000,1662000.000,636.640,-88.311
656000.000,1662000.000,650.373,-87.968
657000.000,1662000.000,645.490,-87.157
658000.000,1662000.000,643.801,-85.566
659000.000,1662000.000,624.231,-83.805
660000.000,1662000.000,612.734,-81.644
661000.000,1662000.000,606.903,-77.053
662000.000,1662000.000,622.042,-72.331
663000.000,1662000.000,659.556,-67.382
664000.000,1662000.000,850.549,-63.006
665000.000,1662000.000,894.679,-59.344
666000.000,1662000.000,908.269,-55.766
667000.000,1662000.000,899.880,-52.105
668000.000,1662000.000,745.993,-49.101
669000.000,1662000.000,656.440,-46.980
670000.000,1662000.000,670.131,-45.541
671000.000,1662000.000,872.389,-44.732
672000.000,1662000.000,975.637,-44.845
673000.000,1662000.000,702.873,-45.566
674000.000,1662000.000,796.196,-46.134
675000.000,1662000.000,680.968,-46.263
676000.000,1662000.000,764.850,-49.376
677000.000,1662000.000,895.862,-52.657
678000.000,1662000.000,781.106,-56.851
679000.000,1662000.000,805.243,-62.182
680000.000,1662000.000,655.172,-68.100
681000.000,1662000.000,630.204,-74.771
682000.000,1662000.000,641.403,-79.175
683000.000,1662000.000,612.019,-81.621
684000.000,1662000.000,594.537,-82.939
685000.000,1662000.000,600.191,-84.616
686000.000,1662000.000,606.166,-86.068
687000.000,1662000.000,610.288,-86.915
688000.000,1662000.000,592.444,-87.238
689000.000,1662000.000,587.870,-86.572
690000.000,1662000.000,593.529,-85.789
691000.000,1662000.000,588.217,-85.829
692000.000,1662000.000,584.985,-85.574
693000.000,1662000.000,561.531,-85.355
694000.000,1662000.000,541.756,-85.649
695000.000,1662000.000,528.355,-85.990
696000.000,1662000.000,523.349,-86.683
697000.000,1662000.000,516.426,-86.851
698000.000,1662000.000,513.938,-86.696
699000.000,1662000.000,508.639,-86.762
700000.000,1662000.000,508.769,-84.873
701000.000,1662000.000,584.795,-82.190
702000.000,1662000.000,632.566,-80.475
703000.000,1662000.000,576.757,-79.928
704000.000,1662000.000,532.615,-79.821
705000.000,1662000.000,573.956,-79.803
706000.000,1662000.000,534.293,-79.643
707000.000,1662000.000,502.412,-79.377
708000.000,1662000.000,509.520,-78.244
709000.000,1662000.000,510.395,-77.538
710000.000,1662000.000,514.132,-77.001
711000.000,1662000.000,474.811,-78.375
641000.000,1661000.000,564.884,-85.423
642000.000,1661000.000,574.628,-85.617
643000.000,1661000.000,669.008,-85.836
644000.000,1661000.000,606.663,-85.959
645000.000,1661000.000,637.561,-86.020
646000.000,1661000.000,590.847,-86.134
647000.000,1661000.000,573.860,-86.327
648000.000,1661000.000,591.772,-86.731
649000.000,1661000.000,598.207,-87.272
650000.000,1661000.000,607.032,-87.471
651000.000,1661000.000,626.764,-87.599
652000.000,1661000.000,613.409,-88.154
653000.000,1661000.000,631.761,-88.891
654000.000,1661000.000,627.588,-88.931
655000.000,1661000.000,634.491,-88.835
656000.000,1661000.000,650.598,-88.707
657000.000,1661000.000,663.202,-88.095
658000.000,1661000.000,656.039,-86.600
659000.000,1661000.000,645.312,-84.567
660000.000,1661000.000,623.892,-83.002
661000.000,1661000.000,613.563,-79.302
662000.000,1661000.000,620.851,-74.804
663000.000,1661000.000,663.292,-70.313
664000.000,1661000.000,783.369,-66.620
665000.000,1661000.000,1031.396,-62.935
666000.000,1661000.000,919.713,-59.226
667000.000,1661000.000,1070.651,-55.545
668000.000,1661000.000,887.470,-52.337
669000.000,1661000.000,806.533,-49.814
670000.000,1661000.000,773.617,-47.627
671000.000,1661000.000,802.426,-46.418
672000.000,1661000.000,834.421,-46.462
673000.000,1661000.000,961.921,-47.214
674000.000,1661000.000,1006.826,-47.977
675000.000,1661000.000,889.444,-48.819
676000.000,1661000.000,740.182,-51.010
677000.000,1661000.000,735.980,-53.077
678000.000,1661000.000,735.235,-55.690
679000.000,1661000.000,730.729,-59.949
680000.000,1661000.000,673.041,-65.468
681000.000,1661000.000,689.141,-72.491
682000.000,1661000.000,656.358,-78.933
683000.000,1661000.000,610.494,-81.719
684000.000,1661000.000,605.120,-82.633
685000.000,1661000.000,621.852,-83.672
686000.000,1661000.000,620.631,-85.155
687000.000,1661000.000,608.734,-86.215
688000.000,1661000.000,602.351,-86.704
689000.000,1661000.000,606.798,-86.989
690000.000,1661000.000,603.541,-86.400
691000.000,1661000.000,598.388,-85.838
692000.000,1661000.000,602.091,-85.780
693000.000,1661000.000,583.335,-85.770
694000.000,1661000.000,542.576,-85.791
695000.000,1661000.000,554.087,-85.793
696000.000,1661000.000,527.583,-86.131
697000.000,1661000.000,515.305,-86.873
698000.000,1661000.000,510.289,-87.042
699000.000,1661000.000,505.395,-87.207
700000.000,1661000.000,500.116,-86.400
701000.000,1661000.000,509.250,-84.381
702000.000,1661000.000,527.737,-82.396
703000.000,1661000.000,515.560,-82.163
704000.000,1661000.000,512.036,-82.451
705000.000,1661000.000,501.857,-82.789
706000.000,1661000.000,490.049,-83.042
707000.000,1661000.000,484.723,-83.121
708000.000,1661000.000,488.876,-80.272
709000.000,1661000.000,523.406,-78.158
710000.000,1661000.000,503.956,-77.884
711000.000,1661000.000,465.308,-78.762
641000.000,1660000.000,571.739,-86.474
642000.000,1660000.000,588.129,-86.714
643000.000,1660000.000,608.781,-86.863
644000.000,1660000.000,635.860,-86.945
645000.000,1660000.000,634.453,-86.988
646000.000,1660000.000,608.669,-87.058
647000.000,1660000.000,592.324,-86.967
648000.000,1660000.000,595.750,-87.228
649000.000,1660000.000,604.283,-87.828
650000.000,1660000.000,602.893,-87.882
651000.000,1660000.000,611.041,-88.264
652000.000,1660000.000,631.979,-88.748
653000.000,1660000.000,643.143,-89.213
654000.000,1660000.000,633.719,-89.103
655000.000,1660000.000,642.986,-89.160
656000.000,1660000.000,646.036,-89.441
657000.000,1660000.000,667.348,-89.121
658000.000,1660000.000,646.603,-88.247
659000.000,1660000.000,653.907,-87.149
660000.000,1660000.000,623.012,-85.779
661000.000,1660000.000,625.490,-82.826
662000.000,1660000.000,623.128,-78.567
663000.000,1660000.000,656.018,-74.471
664000.000,1660000.000,858.222,-70.974
665000.000,1660000.000,829.438,-67.378
666000.000,1660000.000,906.501,-63.639
667000.000,1660000.000,1005.639,-60.294
668000.000,1660000.000,915.044,-57.159
669000.000,1660000.000,967.405,-54.115
670000.000,1660000.000,1064.498,-50.973
671000.000,1660000.000,1063.633,-49.093
672000.000,1660000.000,1042.564,-49.134
673000.000,1660000.000,1039.103,-50.271
674000.000,1660000.000,1004.138,-51.758
675000.000,1660000.000,987.790,-52.995
676000.000,1660000.000,941.958,-54.158
677000.000,1660000.000,754.389,-54.539
678000.000,1660000.000,804.530,-55.235
679000.000,1660000.000,845.559,-58.228
680000.000,1660000.000,724.417,-63.799
681000.000,1660000.000,642.739,-72.109
682000.000,1660000.000,625.893,-78.803
683000.000,1660000.000,611.807,-81.224
684000.000,1660000.000,616.128,-82.707
685000.000,1660000.000,618.028,-82.954
686000.000,1660000.000,632.200,-84.457
687000.000,1660000.000,612.388,-85.465
688000.000,1660000.000,608.955,-85.655
689000.000,1660000.000,619.934,-85.937
690000.000,1660000.000,640.476,-85.802
691000.000,1660000.000,621.134,-85.450
692000.000,1660000.000,617.170,-85.471
693000.000,1660000.000,586.604,-85.565
694000.000,1660000.000,609.768,-85.630
695000.000,1660000.000,583.276,-85.807
696000.000,1660000.000,552.835,-86.217
697000.000,1660000.000,517.338,-86.789
698000.000,1660000.000,508.539,-86.974
699000.000,1660000.000,501.281,-87.157
700000.000,1660000.000,497.479,-86.799
701000.000,1660000.000,496.058,-84.685
702000.000,1660000.000,526.952,-82.147
703000.000,1660000.000,506.788,-83.435
704000.000,1660000.000,497.482,-84.139
705000.000,1660000.000,494.967,-84.646
706000.000,1660000.000,485.792,-84.912
707000.000,1660000.000,480.876,-85.129
708000.000,1660000.000,476.917,-82.783
709000.000,1660000.000,479.112,-80.465
710000.000,1660000.000,466.360,-80.989
711000.000,1660000.000,458.523,-81.704
641000.000,1659000.000,574.879,-87.700
642000.000,1659000.000,588.375,-87.802
643000.000,1659000.000,585.909,-87.856
644000.000,1659000.000,620.200,-87.910
645000.000,1659000.000,611.875,-87.956
646000.000,1659000.000,623.800,-88.061
647000.000,1659000.000,598.062,-87.527
648000.000,1659000.000,591.251,-87.607
649000.000,1659000.000,599.594,-88.504
650000.000,1659000.000,610.356,-88.568
651000.000,1659000.000,623.187,-89.026
652000.000,1659000.000,630.971,-89.618
653000.000,1659000.000,638.648,-89.750
654000.000,1659000.000,647.565,-89.772
655000.000,1659000.000,645.800,-90.007
656000.000,1659000.000,656.026,-90.412
657000.000,1659000.000,652.420,-90.210
658000.000,1659000.000,640.929,-89.709
659000.000,1659000.000,624.484,-89.223
660000.000,1659000.000,627.457,-88.591
661000.000,1659000.000,640.831,-87.019
662000.000,1659000.000,630.542,-83.574
663000.000,1659000.000,642.493,-79.655
664000.000,1659000.000,707.807,-75.787
665000.000,1659000.000,707.066,-72.274
666000.000,1659000.000,943.072,-69.026
667000.000,1659000.000,1016.781,-66.284
668000.000,1659000.000,974.515,-63.748
669000.000,1659000.000,1019.946,-60.194
670000.000,1659000.000,996.599,-55.412
671000.000,1659000.000,1026.002,-52.684
672000.000,1659000.000,953.693,-52.580
673000.000,1659000.000,998.608,-54.244
674000.000,1659000.000,928.228,-56.520
675000.000,1659000.000,893.148,-58.213
676000.000,1659000.000,796.768,-58.823
677000.000,1659000.000,900.368,-57.634
678000.000,1659000.000,798.867,-56.150
679000.000,1659000.000,827.982,-58.005
680000.000,1659000.000,796.787,-62.590
681000.000,1659000.000,668.098,-69.087
682000.000,1659000.000,639.780,-75.624
683000.000,1659000.000,620.133,-80.163
684000.000,1659000.000,635.288,-81.959
685000.000,1659000.000,628.609,-82.726
686000.000,1659000.000,632.071,-84.445
687000.000,1659000.000,617.770,-84.951
688000.000,1659000.000,618.327,-84.882
689000.000,1659000.000,618.082,-84.805
690000.000,1659000.000,621.430,-84.626
691000.000,1659000.000,630.672,-84.516
692000.000,1659000.000,591.718,-84.862
693000.000,1659000.000,606.519,-85.138
694000.000,1659000.000,605.408,-85.257
695000.000,1659000.000,554.038,-85.435
696000.000,1659000.000,537.965,-85.853
697000.000,1659000.000,518.862,-86.439
698000.000,1659000.000,503.077,-86.703
699000.000,1659000.000,498.463,-86.818
700000.000,1659000.000,494.929,-86.440
701000.000,1659000.000,490.672,-83.966
702000.000,1659000.000,497.288,-80.071
703000.000,1659000.000,494.561,-83.759
704000.000,1659000.000,491.097,-84.465
705000.000,1659000.000,487.830,-84.946
706000.000,1659000.000,484.414,-85.142
707000.000,1659000.000,491.065,-85.153
708000.000,1659000.000,470.692,-84.146
709000.000,1659000.000,467.437,-83.161
710000.000,1659000.000,459.613,-84.100
711000.000,1659000.000,454.092,-84.573
641000.000,1658000.000,569.935,-88.711
642000.000,1658000.000,580.129,-88.648
643000.000,1658000.000,581.700,-88.658
644000.000,1658000.000,585.008,-88.701
645000.000,1658000.000,588.837,-88.704
646000.000,1658000.000,610.115,-88.742
647000.000,1658000.000,610.681,-88.930
648000.000,1658000.000,603.460,-88.916
649000.000,1658000.000,607.362,-89.095
650000.000,1658000.000,619.688,-89.241
651000.000,1658000.000,616.892,-89.497
652000.000,1658000.000,629.726,-89.883
653000.000,1658000.000,656.525,-89.899
654000.000,1658000.000,664.335,-90.122
655000.000,1658000.000,675.710,-90.690
656000.000,1658000.000,664.523,-91.020
657000.000,1658000.000,646.651,-90.971
658000.000,1658000.000,641.051,-90.963
659000.000,1658000.000,638.849,-90.544
660000.000,1658000.000,641.096,-90.345
661000.000,1658000.000,637.009,-89.849
662000.000,1658000.000,646.596,-86.807
663000.000,1658000.000,640.253,-83.065
664000.000,1658000.000,648.880,-80.028
665000.000,1658000.000,670.868,-77.115
666000.000,1658000.000,719.028,-74.621
667000.000,1658000.000,736.545,-72.934
668000.000,1658000.000,824.680,-71.760
669000.000,1658000.000,835.658,-67.965
670000.000,1658000.000,923.807,-62.489
671000.000,1658000.000,948.005,-58.957
672000.000,1658000.000,992.568,-56.650
673000.000,1658000.000,923.912,-59.191
674000.000,1658000.000,910.164,-62.017
675000.000,1658000.000,718.935,-64.393
676000.000,1658000.000,740.423,-65.114
677000.000,1658000.000,695.965,-64.066
678000.000,1658000.000,891.218,-61.643
679000.000,1658000.000,814.059,-61.225
680000.000,1658000.000,840.161,-64.323
681000.000,1658000.000,686.170,-68.153
682000.000,1658000.000,664.337,-73.201
683000.000,1658000.000,636.311,-78.210
684000.000,1658000.000,650.163,-81.271
685000.000,1658000.000,660.309,-83.182
686000.000,1658000.000,640.369,-84.731
687000.000,1658000.000,629.755,-84.888
688000.000,1658000.000,625.583,-84.908
689000.000,1658000.000,633.704,-84.750
690000.000,1658000.000,636.779,-84.117
691000.000,1658000.000,635.741,-83.794
692000.000,1658000.000,584.076,-84.501
693000.000,1658000.000,566.926,-84.888
694000.000,1658000.000,552.108,-84.911
695000.000,1658000.000,543.089,-84.979
696000.000,1658000.000,549.479,-85.109
697000.000,1658000.000,512.626,-85.737
698000.000,1658000.000,502.196,-86.171
699000.000,1658000.000,495.568,-86.130
700000.000,1658000.000,492.384,-85.531
701000.000,1658000.000,488.077,-84.218
702000.000,1658000.000,487.123,-82.186
703000.000,1658000.000,485.344,-83.478
704000.000,1658000.000,485.114,-84.423
705000.000,1658000.000,482.444,-84.986
706000.000,1658000.000,476.374,-85.181
707000.000,1658000.000,485.906,-85.352
708000.000,1658000.000,470.947,-85.249
709000.000,1658000.000,465.186,-85.333
710000.000,1658000.000,459.514,-86.214
711000.000,1658000.000,454.807,-86.291
641000.000,1657000.000,563.130,-89.099
642000.000,1657000.000,568.471,-89.075
643000.000,1657000.000,573.493,-89.231
644000.000,1657000.000,581.694,-89.329
645000.000,1657000.000,591.065,-89.214
646000.000,1657000.000,607.260,-89.007
647000.000,1657000.000,636.169,-88.883
648000.000,1657000.000,620.177,-89.058
649000.000,1657000.000,645.573,-89.112
650000.000,1657000.000,624.835,-89.163
651000.000,1657000.000,634.643,-89.248
652000.000,1657000.000,645.314,-89.375
653000.000,1657000.000,683.635,-89.478
654000.000,1657000.000,702.212,-89.769
655000.000,1657000.000,667.604,-90.375
656000.000,1657000.000,662.612,-90.866
657000.000,1657000.000,653.505,-91.060
658000.000,1657000.000,660.058,-90.994
659000.000,1657000.000,641.679,-90.809
660000.000,1657000.000,646.516,-90.638
661000.000,1657000.000,659.360,-89.946
662000.000,1657000.000,664.045,-87.912
663000.000,1657000.000,663.168,-85.254
664000.000,1657000.000,671.750,-83.340
665000.000,1657000.000,669.361,-81.258
666000.000,1657000.000,692.442,-79.379
667000.000,1657000.000,781.824,-78.158
668000.000,1657000.000,760.410,-78.015
669000.000,1657000.000,749.972,-74.476
670000.000,1657000.000,778.289,-70.664
671000.000,1657000.000,841.227,-68.251
672000.000,1657000.000,831.751,-66.608
673000.000,1657000.000,882.658,-66.095
674000.000,1657000.000,738.895,-68.353
675000.000,1657000.000,707.795,-71.757
676000.000,1657000.000,697.260,-72.856
677000.000,1657000.000,672.691,-72.927
678000.000,1657000.000,672.026,-72.220
679000.000,1657000.000,843.659,-69.835
680000.000,1657000.000,758.052,-68.744
681000.000,1657000.000,759.845,-68.766
682000.000,1657000.000,658.986,-72.126
683000.000,1657000.000,647.941,-77.609
684000.000,1657000.000,647.560,-81.605
685000.000,1657000.000,692.148,-83.708
686000.000,1657000.000,715.905,-84.768
687000.000,1657000.000,637.305,-85.430
688000.000,1657000.000,638.553,-85.423
689000.000,1657000.000,631.016,-85.194
690000.000,1657000.000,618.444,-84.414
691000.000,1657000.000,614.063,-83.954
692000.000,1657000.000,639.651,-84.324
693000.000,1657000.000,587.439,-84.603
694000.000,1657000.000,614.497,-84.608
695000.000,1657000.000,564.632,-84.643
696000.000,1657000.000,543.186,-84.749
697000.000,1657000.000,509.048,-85.175
698000.000,1657000.000,496.395,-85.736
699000.000,1657000.000,493.924,-85.640
700000.000,1657000.000,486.462,-85.105
701000.000,1657000.000,485.264,-84.188
702000.000,1657000.000,479.255,-82.872
703000.000,1657000.000,479.529,-83.098
704000.000,1657000.000,478.906,-83.811
705000.000,1657000.000,477.345,-84.623
706000.000,1657000.000,473.794,-85.065
707000.000,1657000.000,468.271,-85.461
708000.000,1657000.000,465.842,-85.925
709000.000,1657000.000,466.488,-86.395
710000.000,1657000.000,466.570,-86.912
711000.000,1657000.000,462.024,-86.304
641000.000,1656000.000,571.276,-89.135
642000.000,1656000.000,570.878,-89.342
643000.000,1656000.000,575.308,-89.581
644000.000,1656000.000,585.292,-89.784
645000.000,1656000.000,585.102,-89.504
646000.000,1656000.000,595.387,-89.167
647000.000,1656000.000,606.623,-88.998
648000.000,1656000.000,598.089,-89.038
649000.000,1656000.000,608.814,-89.017
650000.000,1656000.000,619.204,-88.861
651000.000,1656000.000,644.516,-88.713
652000.000,1656000.000,647.884,-88.665
653000.000,1656000.000,657.793,-88.752
654000.000,1656000.000,676.934,-89.042
655000.000,1656000.000,684.262,-89.671
656000.000,1656000.000,665.916,-90.272
657000.000,1656000.000,673.779,-90.674
658000.000,1656000.000,670.626,-90.542
659000.000,1656000.000,660.736,-90.291
660000.000,1656000.000,648.456,-90.312
661000.000,1656000.000,655.730,-89.839
662000.000,1656000.000,664.719,-88.534
663000.000,1656000.000,680.217,-87.098
664000.000,1656000.000,692.983,-85.834
665000.000,1656000.000,694.625,-83.838
666000.000,1656000.000,691.827,-81.602
667000.000,1656000.000,741.104,-80.700
668000.000,1656000.000,726.400,-80.557
669000.000,1656000.000,738.107,-78.572
670000.000,1656000.000,781.865,-76.069
671000.000,1656000.000,748.146,-74.565
672000.000,1656000.000,762.847,-73.290
673000.000,1656000.000,767.941,-73.772
674000.000,1656000.000,758.754,-74.946
675000.000,1656000.000,747.193,-77.398
676000.000,1656000.000,726.701,-78.127
677000.000,1656000.000,671.668,-78.466
678000.000,1656000.000,689.964,-78.501
679000.000,1656000.000,655.808,-76.449
680000.000,1656000.000,825.689,-73.382
681000.000,1656000.000,798.958,-71.038
682000.000,1656000.000,686.400,-72.634
683000.000,1656000.000,652.495,-78.772
684000.000,1656000.000,665.344,-82.755
685000.000,1656000.000,673.746,-83.831
686000.000,1656000.000,651.351,-84.802
687000.000,1656000.000,645.946,-85.593
688000.000,1656000.000,644.871,-85.521
689000.000,1656000.000,647.279,-85.448
690000.000,1656000.000,663.248,-84.896
691000.000,1656000.000,631.110,-84.185
692000.000,1656000.000,597.013,-83.818
693000.000,1656000.000,566.722,-84.111
694000.000,1656000.000,555.261,-84.290
695000.000,1656000.000,530.105,-84.464
696000.000,1656000.000,524.370,-84.845
697000.000,1656000.000,513.388,-84.748
698000.000,1656000.000,496.514,-85.046
699000.000,1656000.000,492.912,-84.914
700000.000,1656000.000,485.400,-84.986
701000.000,1656000.000,480.678,-84.251
702000.000,1656000.000,476.706,-82.244
703000.000,1656000.000,477.063,-82.589
704000.000,1656000.000,472.281,-83.337
705000.000,1656000.000,473.658,-84.137
706000.000,1656000.000,472.219,-84.659
707000.000,1656000.000,467.072,-85.118
708000.000,1656000.000,461.122,-85.903
709000.000,1656000.000,458.778,-86.279
710000.000,1656000.000,459.278,-86.168
711000.000,1656000.000,457.956,-85.688
641000.000,1655000.000,567.103,-88.690
642000.000,1655000.000,571.970,-89.131
643000.000,1655000.000,581.359,-89.327
644000.000,1655000.000,577.542,-89.747
645000.000,1655000.000,584.404,-89.240
646000.000,1655000.000,594.038,-89.089
647000.000,1655000.000,603.263,-89.009
648000.000,1655000.000,591.600,-89.019
649000.000,1655000.000,596.887,-88.901
650000.000,1655000.000,603.287,-88.479
651000.000,1655000.000,617.606,-88.081
652000.000,1655000.000,626.724,-87.944
653000.000,1655000.000,626.606,-88.105
654000.000,1655000.000,641.261,-88.519
655000.000,1655000.000,673.399,-89.145
656000.000,1655000.000,681.180,-89.576
657000.000,1655000.000,673.960,-89.913
658000.000,1655000.000,669.034,-89.965
659000.000,1655000.000,666.091,-89.916
660000.000,1655000.000,661.305,-89.973
661000.000,1655000.000,672.670,-89.406
662000.000,1655000.000,666.275,-88.267
663000.000,1655000.000,673.903,-87.290
664000.000,1655000.000,681.405,-86.536
665000.000,1655000.000,699.696,-84.899
666000.000,1655000.000,702.031,-83.344
667000.000,1655000.000,712.295,-82.696
668000.000,1655000.000,720.008,-81.798
669000.000,1655000.000,723.095,-80.767
670000.000,1655000.000,732.434,-79.681
671000.000,1655000.000,725.246,-78.886
672000.000,1655000.000,733.650,-78.205
673000.000,1655000.000,742.813,-78.505
674000.000,1655000.000,730.498,-79.203
675000.000,1655000.000,755.345,-79.858
676000.000,1655000.000,739.148,-80.315
677000.000,1655000.000,717.929,-80.838
678000.000,1655000.000,695.009,-80.680
679000.000,1655000.000,696.233,-79.481
680000.000,1655000.000,629.030,-77.154
681000.000,1655000.000,688.353,-74.966
682000.000,1655000.000,679.414,-75.465
683000.000,1655000.000,660.267,-80.515
684000.000,1655000.000,677.377,-83.325
685000.000,1655000.000,685.286,-84.470
686000.000,1655000.000,749.774,-85.173
687000.000,1655000.000,677.878,-85.356
688000.000,1655000.000,646.030,-85.123
689000.000,1655000.000,658.323,-84.973
690000.000,1655000.000,678.749,-84.635
691000.000,1655000.000,666.887,-84.044
692000.000,1655000.000,565.375,-83.626
693000.000,1655000.000,547.761,-83.778
694000.000,1655000.000,532.454,-83.921
695000.000,1655000.000,521.844,-83.885
696000.000,1655000.000,517.116,-83.919
697000.000,1655000.000,511.854,-83.895
698000.000,1655000.000,501.648,-84.426
699000.000,1655000.000,493.992,-84.656
700000.000,1655000.000,491.176,-84.871
701000.000,1655000.000,483.397,-84.739
702000.000,1655000.000,477.151,-83.424
703000.000,1655000.000,472.028,-83.473
704000.000,1655000.000,469.719,-83.542
705000.000,1655000.000,467.213,-83.718
706000.000,1655000.000,463.347,-83.854
707000.000,1655000.000,465.882,-84.336
708000.000,1655000.000,463.949,-85.069
709000.000,1655000.000,455.481,-85.557
710000.000,1655000.000,452.040,-85.665
711000.000,1655000.000,451.462,-85.443
641000.000,1654000.000,570.663,-87.797
642000.000,1654000.000,563.819,-88.512
643000.000,1654000.000,571.143,-88.688
644000.000,1654000.000,571.177,-88.721
645000.000,1654000.000,577.748,-88.487
646000.000,1654000.000,590.742,-88.892
647000.000,1654000.000,587.231,-88.913
648000.000,1654000.000,591.497,-88.599
649000.000,1654000.000,613.489,-88.404
650000.000,1654000.000,614.945,-88.069
651000.000,1654000.000,618.193,-87.803
652000.000,1654000.000,623.400,-87.791
653000.000,1654000.000,634.882,-87.874
654000.000,1654000.000,693.570,-88.253
655000.000,1654000.000,669.018,-88.679
656000.000,1654000.000,667.261,-88.866
657000.000,1654000.000,676.922,-89.154
658000.000,1654000.000,686.536,-89.256
659000.000,1654000.000,677.623,-89.527
660000.000,1654000.000,692.019,-89.552
661000.000,1654000.000,677.846,-88.534
662000.000,1654000.000,671.066,-87.245
663000.000,1654000.000,679.862,-86.810
664000.000,1654000.000,687.603,-86.293
665000.000,1654000.000,687.211,-85.654
666000.000,1654000.000,690.919,-85.350
667000.000,1654000.000,702.097,-85.480
668000.000,1654000.000,706.701,-84.458
669000.000,1654000.000,717.113,-83.519
670000.000,1654000.000,725.888,-82.837
671000.000,1654000.000,717.692,-82.219
672000.000,1654000.000,710.581,-81.832
673000.000,1654000.000,711.320,-81.785
674000.000,1654000.000,710.283,-81.715
675000.000,1654000.000,737.622,-81.543
676000.000,1654000.000,713.076,-81.343
677000.000,1654000.000,703.497,-81.704
678000.000,1654000.000,706.705,-81.663
679000.000,1654000.000,665.121,-80.730
680000.000,1654000.000,645.068,-79.278
681000.000,1654000.000,616.893,-78.113
682000.000,1654000.000,643.337,-78.024
683000.000,1654000.000,707.022,-80.544
684000.000,1654000.000,693.426,-82.870
685000.000,1654000.000,751.006,-84.124
686000.000,1654000.000,740.473,-84.986
687000.000,1654000.000,742.943,-85.230
688000.000,1654000.000,673.817,-85.011
689000.000,1654000.000,593.977,-84.516
690000.000,1654000.000,620.224,-84.214
691000.000,1654000.000,645.708,-83.786
692000.000,1654000.000,610.998,-83.364
693000.000,1654000.000,534.280,-83.277
694000.000,1654000.000,527.625,-83.202
695000.000,1654000.000,516.707,-83.062
696000.000,1654000.000,509.411,-83.026
697000.000,1654000.000,507.271,-83.309
698000.000,1654000.000,501.439,-84.013
699000.000,1654000.000,492.567,-84.187
700000.000,1654000.000,485.443,-84.325
701000.000,1654000.000,486.132,-84.225
702000.000,1654000.000,482.349,-83.826
703000.000,1654000.000,477.667,-83.928
704000.000,1654000.000,472.580,-83.971
705000.000,1654000.000,468.605,-83.451
706000.000,1654000.000,462.685,-83.483
707000.000,1654000.000,459.764,-84.121
708000.000,1654000.000,463.757,-84.309
709000.000,1654000.000,458.859,-84.628
710000.000,1654000.000,452.002,-85.276
711000.000,1654000.000,446.615,-85.633
641000.000,1653000.000,557.155,-87.116
642000.000,1653000.000,560.383,-87.785
643000.000,1653000.000,563.081,-88.366
644000.000,1653000.000,573.977,-88.648
645000.000,1653000.000,583.485,-88.339
646000.000,1653000.000,578.633,-88.747
647000.000,1653000.000,584.012,-88.785
648000.000,1653000.000,594.179,-88.206
649000.000,1653000.000,600.990,-87.949
650000.000,1653000.000,612.994,-87.823
651000.000,1653000.000,616.524,-87.765
652000.000,1653000.000,626.749,-87.858
653000.000,1653000.000,648.964,-87.869
654000.000,1653000.000,658.767,-87.938
655000.000,1653000.000,687.793,-88.078
656000.000,1653000.000,667.541,-88.089
657000.000,1653000.000,682.095,-87.955
658000.000,1653000.000,688.207,-87.763
659000.000,1653000.000,687.132,-88.090
660000.000,1653000.000,695.262,-88.470
661000.000,1653000.000,684.580,-87.605
662000.000,1653000.000,672.766,-85.636
663000.000,1653000.000,676.749,-85.725
664000.000,1653000.000,681.200,-85.949
665000.000,1653000.000,691.355,-85.880
666000.000,1653000.000,694.369,-85.880
667000.000,1653000.000,698.226,-86.270
668000.000,1653000.000,701.348,-86.042
669000.000,1653000.000,712.756,-85.582
670000.000,1653000.000,716.608,-85.099
671000.000,1653000.000,714.484,-84.544
672000.000,1653000.000,699.439,-84.102
673000.000,1653000.000,687.192,-84.042
674000.000,1653000.000,671.950,-83.225
675000.000,1653000.000,677.864,-82.626
676000.000,1653000.000,651.754,-81.782
677000.000,1653000.000,684.359,-82.282
678000.000,1653000.000,691.463,-82.313
679000.000,1653000.000,694.074,-81.741
680000.000,1653000.000,658.172,-80.901
681000.000,1653000.000,613.379,-80.283
682000.000,1653000.000,618.018,-80.271
683000.000,1653000.000,682.790,-81.409
684000.000,1653000.000,719.732,-82.942
685000.000,1653000.000,735.257,-83.924
686000.000,1653000.000,649.533,-84.585
687000.000,1653000.000,662.061,-84.854
688000.000,1653000.000,616.224,-84.675
689000.000,1653000.000,564.911,-84.109
690000.000,1653000.000,571.933,-83.753
691000.000,1653000.000,555.442,-83.457
692000.000,1653000.000,533.350,-82.808
693000.000,1653000.000,519.014,-82.630
694000.000,1653000.000,515.147,-82.361
695000.000,1653000.000,510.868,-82.596
696000.000,1653000.000,505.580,-82.926
697000.000,1653000.000,503.725,-83.228
698000.000,1653000.000,495.933,-83.593
699000.000,1653000.000,491.677,-83.790
700000.000,1653000.000,484.722,-84.062
701000.000,1653000.000,477.862,-84.075
702000.000,1653000.000,476.485,-83.731
703000.000,1653000.000,474.801,-83.713
704000.000,1653000.000,471.185,-83.757
705000.000,1653000.000,468.046,-83.595
706000.000,1653000.000,462.848,-83.702
707000.000,1653000.000,457.089,-84.006
708000.000,1653000.000,454.697,-83.951
709000.000,1653000.000,454.572,-84.195
710000.000,1653000.000,449.056,-84.880
711000.000,1653000.000,445.603,-85.186
641000.000,1652000.000,555.320,-86.992
642000.000,1652000.000,559.165,-87.423
643000.000,1652000.000,563.555,-88.085
644000.000,1652000.000,569.232,-88.600
645000.000,1652000.000,572.618,-88.483
646000.000,1652000.000,576.186,-88.631
647000.000,1652000.000,583.346,-88.563
648000.000,1652000.000,588.599,-88.188
649000.000,1652000.000,599.055,-87.935
650000.000,1652000.000,600.549,-87.733
651000.000,1652000.000,620.664,-87.771
652000.000,1652000.000,633.850,-87.900
653000.000,1652000.000,661.503,-87.819
654000.000,1652000.000,683.743,-87.713
655000.000,1652000.000,678.741,-87.624
656000.000,1652000.000,686.004,-87.367
657000.000,1652000.000,678.531,-86.827
658000.000,1652000.000,693.761,-86.501
659000.000,1652000.000,707.121,-86.697
660000.000,1652000.000,689.227,-87.342
661000.000,1652000.000,687.269,-87.364
662000.000,1652000.000,676.326,-85.746
663000.000,1652000.000,677.622,-85.647
664000.000,1652000.000,682.187,-85.986
665000.000,1652000.000,689.946,-86.064
666000.000,1652000.000,705.831,-86.399
667000.000,1652000.000,697.934,-86.731
668000.000,1652000.000,706.097,-86.790
669000.000,1652000.000,713.730,-86.740
670000.000,1652000.000,720.066,-86.252
671000.000,1652000.000,721.739,-85.758
672000.000,1652000.000,734.554,-85.142
673000.000,1652000.000,700.340,-84.788
674000.000,1652000.000,674.197,-83.945
675000.000,1652000.000,698.076,-83.193
676000.000,1652000.000,639.699,-82.410
677000.000,1652000.000,681.905,-82.940
678000.000,1652000.000,657.021,-82.922
679000.000,1652000.000,649.149,-82.496
680000.000,1652000.000,623.343,-82.002
681000.000,1652000.000,679.408,-81.488
682000.000,1652000.000,588.123,-81.532
683000.000,1652000.000,661.455,-82.312
684000.000,1652000.000,653.574,-83.199
685000.000,1652000.000,661.836,-83.964
686000.000,1652000.000,596.265,-84.552
687000.000,1652000.000,679.608,-84.525
688000.000,1652000.000,583.996,-84.380
689000.000,1652000.000,557.626,-84.045
690000.000,1652000.000,552.730,-83.839
691000.000,1652000.000,541.601,-83.641
692000.000,1652000.000,528.964,-83.012
693000.000,1652000.000,518.161,-82.559
694000.000,1652000.000,512.972,-82.011
695000.000,1652000.000,503.858,-82.044
696000.000,1652000.000,501.180,-82.444
697000.000,1652000.000,497.512,-82.870
698000.000,1652000.000,494.899,-83.145
699000.000,1652000.000,490.218,-83.144
700000.000,1652000.000,484.804,-83.289
701000.000,1652000.000,477.400,-83.540
702000.000,1652000.000,471.534,-83.287
703000.000,1652000.000,468.371,-83.228
704000.000,1652000.000,467.456,-83.300
705000.000,1652000.000,462.554,-83.287
706000.000,1652000.000,463.494,-83.118
707000.000,1652000.000,455.979,-83.176
708000.000,1652000.000,452.345,-83.376
709000.000,1652000.000,452.097,-84.151
710000.000,1652000.000,449.874,-84.905
711000.000,1652000.000,445.715,-84.948
641000.000,1651000.000,556.256,-86.902
642000.000,1651000.000,559.634,-87.082
643000.000,1651000.000,568.259,-87.700
644000.000,1651000.000,573.188,-88.095
645000.000,1651000.000,574.052,-88.110
646000.000,1651000.000,585.562,-88.142
647000.000,1651000.000,583.231,-88.145
648000.000,1651000.000,593.641,-88.063
649000.000,1651000.000,608.034,-87.944
650000.000,1651000.000,610.935,-87.638
651000.000,1651000.000,620.399,-87.522
652000.000,1651000.000,635.915,-87.633
653000.000,1651000.000,633.891,-87.586
654000.000,1651000.000,679.602,-87.487
655000.000,1651000.000,647.459,-87.359
656000.000,1651000.000,668.643,-87.093
657000.000,1651000.000,687.661,-86.488
658000.000,1651000.000,700.054,-85.768
659000.000,1651000.000,703.136,-85.473
660000.000,1651000.000,691.373,-86.142
661000.000,1651000.000,685.656,-86.478
662000.000,1651000.000,678.387,-85.941
663000.000,1651000.000,692.997,-85.814
664000.000,1651000.000,695.076,-85.958
665000.000,1651000.000,705.287,-86.011
666000.000,1651000.000,707.725,-86.636
667000.000,1651000.000,719.285,-86.987
668000.000,1651000.000,716.983,-87.042
669000.000,1651000.000,712.939,-87.117
670000.000,1651000.000,717.746,-86.765
671000.000,1651000.000,719.949,-86.351
672000.000,1651000.000,734.804,-85.500
673000.000,1651000.000,732.373,-84.866
674000.000,1651000.000,662.942,-84.581
675000.000,1651000.000,633.253,-84.045
676000.000,1651000.000,622.176,-83.501
677000.000,1651000.000,613.362,-83.542
678000.000,1651000.000,605.780,-83.256
679000.000,1651000.000,595.365,-82.953
680000.000,1651000.000,587.681,-82.683
681000.000,1651000.000,588.000,-82.419
682000.000,1651000.000,610.919,-82.422
683000.000,1651000.000,592.488,-82.868
684000.000,1651000.000,605.618,-83.359
685000.000,1651000.000,609.406,-83.795
686000.000,1651000.000,622.914,-84.006
687000.000,1651000.000,585.186,-83.874
688000.000,1651000.000,572.063,-83.870
689000.000,1651000.000,554.024,-83.872
690000.000,1651000.000,544.570,-83.829
691000.000,1651000.000,540.803,-83.596
692000.000,1651000.000,525.972,-82.864
693000.000,1651000.000,517.854,-82.854
694000.000,1651000.000,513.041,-82.038
695000.000,1651000.000,504.277,-81.447
696000.000,1651000.000,497.905,-81.794
697000.000,1651000.000,490.537,-82.444
698000.000,1651000.000,491.408,-82.730
699000.000,1651000.000,482.823,-82.897
700000.000,1651000.000,484.523,-82.660
701000.000,1651000.000,501.886,-82.410
702000.000,1651000.000,479.874,-82.417
703000.000,1651000.000,471.145,-82.650
704000.000,1651000.000,462.792,-82.983
705000.000,1651000.000,459.661,-83.027
706000.000,1651000.000,456.994,-82.956
707000.000,1651000.000,455.563,-82.979
708000.000,1651000.000,451.322,-83.142
709000.000,1651000.000,449.213,-84.096
710000.000,1651000.000,447.965,-84.810
711000.000,1651000.000,444.709,-84.824
641000.000,1650000.000,567.482,-86.862
642000.000,1650000.000,562.495,-87.032
643000.000,1650000.000,566.806,-87.559
644000.000,1650000.000,567.369,-87.878
645000.000,1650000.000,574.587,-87.920
646000.000,1650000.000,581.798,-87.920
647000.000,1650000.000,586.638,-87.978
648000.000,1650000.000,599.478,-88.005
649000.000,1650000.000,600.500,-87.928
650000.000,1650000.000,598.303,-87.419
651000.000,1650000.000,614.328,-87.023
652000.000,1650000.000,615.944,-87.147
653000.000,1650000.000,625.291,-87.243
654000.000,1650000.000,628.991,-87.208
655000.000,1650000.000,632.326,-87.066
656000.000,1650000.000,641.986,-86.852
657000.000,1650000.000,658.805,-86.328
658000.000,1650000.000,692.426,-85.642
659000.000,1650000.000,701.572,-85.071
660000.000,1650000.000,697.284,-85.522
661000.000,1650000.000,687.563,-85.970
662000.000,1650000.000,685.678,-85.448
663000.000,1650000.000,685.711,-85.263
664000.000,1650000.000,688.742,-85.452
665000.000,1650000.000,693.000,-85.924
666000.000,1650000.000,698.930,-86.535
667000.000,1650000.000,705.506,-86.856
668000.000,1650000.000,724.383,-86.881
669000.000,1650000.000,721.233,-87.003
670000.000,1650000.000,726.671,-86.971
671000.000,1650000.000,742.741,-86.860
672000.000,1650000.000,742.955,-86.612
673000.000,1650000.000,766.056,-86.028
674000.000,1650000.000,743.742,-85.400
675000.000,1650000.000,694.180,-84.987
676000.000,1650000.000,698.401,-84.340
677000.000,1650000.000,658.678,-83.719
678000.000,1650000.000,634.752,-83.328
679000.000,1650000.000,649.596,-83.153
680000.000,1650000.000,622.528,-83.032
681000.000,1650000.000,709.761,-83.002
682000.000,1650000.000,692.568,-83.070
683000.000,1650000.000,649.704,-83.248
684000.000,1650000.000,565.783,-83.386
685000.000,1650000.000,562.000,-83.405
686000.000,1650000.000,558.974,-83.260
687000.000,1650000.000,555.646,-82.872
688000.000,1650000.000,548.934,-83.219
689000.000,1650000.000,542.067,-83.451
690000.000,1650000.000,533.590,-83.345
691000.000,1650000.000,527.281,-83.058
692000.000,1650000.000,531.407,-82.686
693000.000,1650000.000,542.052,-82.338
694000.000,1650000.000,510.644,-81.732
695000.000,1650000.000,501.208,-81.095
696000.000,1650000.000,494.626,-81.424
697000.000,1650000.000,488.869,-82.026
698000.000,1650000.000,485.077,-82.142
699000.000,1650000.000,481.710,-82.265
700000.000,1650000.000,476.166,-82.230
701000.000,1650000.000,474.052,-82.382
702000.000,1650000.000,472.679,-82.030
703000.000,1650000.000,469.724,-82.332
704000.000,1650000.000,467.490,-82.935
705000.000,1650000.000,462.592,-82.977
706000.000,1650000.000,457.714,-82.977
707000.000,1650000.000,452.619,-82.951
708000.000,1650000.000,452.079,-83.119
709000.000,1650000.000,451.192,-83.835
710000.000,1650000.000,449.869,-84.209
711000.000,1650000.000,450.036,-84.382
641000.000,1649000.000,568.277,-87.197
642000.000,1649000.000,568.472,-87.482
643000.000,1649000.000,574.113,-87.845
644000.000,1649000.000,571.211,-87.963
645000.000,1649000.000,574.828,-87.956
646000.000,1649000.000,578.531,-87.975
647000.000,1649000.000,582.520,-88.038
648000.000,1649000.000,586.781,-88.040
649000.000,1649000.000,591.278,-87.934
650000.000,1649000.000,596.204,-87.569
651000.000,1649000.000,604.074,-87.020
652000.000,1649000.000,610.968,-86.632
653000.000,1649000.000,615.019,-86.865
654000.000,1649000.000,625.767,-86.832
655000.000,1649000.000,651.420,-86.706
656000.000,1649000.000,650.619,-86.461
657000.000,1649000.000,683.347,-85.991
658000.000,1649000.000,708.747,-85.415
659000.000,1649000.000,703.265,-85.042
660000.000,1649000.000,699.123,-85.111
661000.000,1649000.000,688.985,-84.924
662000.000,1649000.000,691.144,-84.215
663000.000,1649000.000,694.853,-84.207
664000.000,1649000.000,691.646,-84.891
665000.000,1649000.000,701.726,-85.879
666000.000,1649000.000,700.701,-86.481
667000.000,1649000.000,712.337,-86.695
668000.000,1649000.000,745.949,-86.754
669000.000,1649000.000,735.411,-86.734
670000.000,1649000.000,738.612,-86.690
671000.000,1649000.000,758.603,-86.633
672000.000,1649000.000,755.949,-86.564
673000.000,1649000.000,761.274,-86.085
674000.000,1649000.000,772.803,-85.536
675000.000,1649000.000,759.451,-85.563
676000.000,1649000.000,747.951,-85.037
677000.000,1649000.000,688.679,-84.309
678000.000,1649000.000,717.061,-83.658
679000.000,1649000.000,693.614,-83.205
680000.000,1649000.000,687.827,-83.256
681000.000,1649000.000,705.269,-83.432
682000.000,1649000.000,712.437,-83.563
683000.000,1649000.000,658.708,-83.617
684000.000,1649000.000,656.219,-83.430
685000.000,1649000.000,605.015,-83.016
686000.000,1649000.000,551.322,-82.812
687000.000,1649000.000,541.896,-82.708
688000.000,1649000.000,541.578,-82.917
689000.000,1649000.000,534.439,-83.120
690000.000,1649000.000,526.830,-83.043
691000.000,1649000.000,522.841,-82.826
692000.000,1649000.000,517.337,-82.448
693000.000,1649000.000,516.150,-82.009
694000.000,1649000.000,506.263,-81.413
695000.000,1649000.000,500.876,-80.984
696000.000,1649000.000,498.294,-81.050
697000.000,1649000.000,493.247,-81.302
698000.000,1649000.000,490.478,-81.625
699000.000,1649000.000,480.991,-81.514
700000.000,1649000.000,479.518,-81.701
701000.000,1649000.000,474.894,-82.510
702000.000,1649000.000,469.995,-81.800
703000.000,1649000.000,467.633,-81.819
704000.000,1649000.000,462.632,-82.456
705000.000,1649000.000,459.984,-82.767
706000.000,1649000.000,456.700,-82.912
707000.000,1649000.000,455.450,-82.639
708000.000,1649000.000,457.479,-82.418
709000.000,1649000.000,454.834,-82.787
710000.000,1649000.000,448.983,-83.141
711000.000,1649000.000,453.861,-83.415
641000.000,1648000.000,576.136,-87.747
642000.000,1648000.000,581.578,-87.924
643000.000,1648000.000,583.893,-87.991
644000.000,1648000.000,578.196,-88.009
645000.000,1648000.000,580.750,-87.968
646000.000,1648000.000,582.814,-88.013
647000.000,1648000.000,582.502,-88.031
648000.000,1648000.000,586.975,-87.972
649000.000,1648000.000,594.104,-87.404
650000.000,1648000.000,600.918,-87.035
651000.000,1648000.000,609.039,-86.652
652000.000,1648000.000,619.171,-85.345
653000.000,1648000.000,649.415,-85.722
654000.000,1648000.000,652.151,-86.165
655000.000,1648000.000,665.726,-86.303
656000.000,1648000.000,670.123,-86.186
657000.000,1648000.000,677.067,-85.901
658000.000,1648000.000,688.530,-85.237
659000.000,1648000.000,700.323,-84.932
660000.000,1648000.000,694.883,-84.737
661000.000,1648000.000,696.258,-83.927
662000.000,1648000.000,696.318,-83.310
663000.000,1648000.000,710.098,-83.608
664000.000,1648000.000,713.998,-84.451
665000.000,1648000.000,704.358,-85.576
666000.000,1648000.000,705.830,-86.156
667000.000,1648000.000,709.681,-86.245
668000.000,1648000.000,732.898,-86.181
669000.000,1648000.000,748.343,-86.158
670000.000,1648000.000,748.351,-86.111
671000.000,1648000.000,777.850,-85.971
672000.000,1648000.000,777.297,-85.726
673000.000,1648000.000,770.554,-85.356
674000.000,1648000.000,779.201,-84.816
675000.000,1648000.000,762.468,-85.003
676000.000,1648000.000,763.518,-84.956
677000.000,1648000.000,755.814,-84.642
678000.000,1648000.000,738.230,-83.900
679000.000,1648000.000,727.883,-83.258
680000.000,1648000.000,703.495,-83.538
681000.000,1648000.000,640.356,-83.852
682000.000,1648000.000,652.380,-84.061
683000.000,1648000.000,623.518,-84.102
684000.000,1648000.000,642.833,-83.643
685000.000,1648000.000,625.493,-82.632
686000.000,1648000.000,585.465,-82.535
687000.000,1648000.000,539.907,-82.449
688000.000,1648000.000,536.452,-82.550
689000.000,1648000.000,534.382,-82.921
690000.000,1648000.000,529.394,-82.731
691000.000,1648000.000,526.756,-82.402
692000.000,1648000.000,519.251,-82.008
693000.000,1648000.000,513.589,-81.717
694000.000,1648000.000,512.336,-80.985
695000.000,1648000.000,509.630,-80.753
696000.000,1648000.000,502.806,-80.673
697000.000,1648000.000,498.564,-80.914
698000.000,1648000.000,490.958,-81.319
699000.000,1648000.000,485.874,-81.530
700000.000,1648000.000,479.637,-81.497
701000.000,1648000.000,474.164,-81.666
702000.000,1648000.000,468.880,-80.961
703000.000,1648000.000,465.208,-81.068
704000.000,1648000.000,461.988,-82.020
705000.000,1648000.000,460.499,-82.520
706000.000,1648000.000,458.129,-82.814
707000.000,1648000.000,461.858,-82.694
708000.000,1648000.000,459.006,-82.121
709000.000,1648000.000,454.988,-81.969
710000.000,1648000.000,451.081,-82.019
711000.000,1648000.000,457.740,-82.241
641000.000,1647000.000,574.622,-87.899
642000.000,1647000.000,586.035,-87.974
643000.000,1647000.000,588.466,-87.983
644000.000,1647000.000,584.680,-87.998
645000.000,1647000.000,590.111,-87.987
646000.000,1647000.000,588.942,-87.898
647000.000,1647000.000,592.561,-87.658
648000.000,1647000.000,608.079,-87.429
649000.000,1647000.000,593.519,-87.045
650000.000,1647000.000,598.748,-86.518
651000.000,1647000.000,603.772,-85.732
652000.000,1647000.000,620.011,-84.512
653000.000,1647000.000,648.442,-84.417
654000.000,1647000.000,639.712,-85.614
655000.000,1647000.000,665.398,-86.025
656000.000,1647000.000,698.720,-85.897
657000.000,1647000.000,698.011,-85.540
658000.000,1647000.000,707.275,-84.968
659000.000,1647000.000,702.032,-84.766
660000.000,1647000.000,703.073,-84.393
661000.000,1647000.000,700.581,-83.366
662000.000,1647000.000,705.066,-82.780
663000.000,1647000.000,689.110,-82.997
664000.000,1647000.000,704.347,-83.737
665000.000,1647000.000,708.722,-84.582
666000.000,1647000.000,721.566,-85.307
667000.000,1647000.000,729.088,-85.691
668000.000,1647000.000,738.423,-85.784
669000.000,1647000.000,760.762,-85.704
670000.000,1647000.000,756.265,-85.411
671000.000,1647000.000,733.479,-85.254
672000.000,1647000.000,731.793,-85.034
673000.000,1647000.000,740.138,-84.837
674000.000,1647000.000,756.778,-84.682
675000.000,1647000.000,756.063,-84.891
676000.000,1647000.000,715.881,-84.906
677000.000,1647000.000,692.839,-84.697
678000.000,1647000.000,653.142,-84.292
679000.000,1647000.000,659.692,-84.074
680000.000,1647000.000,613.498,-84.144
681000.000,1647000.000,587.453,-84.270
682000.000,1647000.000,575.243,-84.400
683000.000,1647000.000,568.332,-84.428
684000.000,1647000.000,560.372,-83.698
685000.000,1647000.000,551.846,-82.426
686000.000,1647000.000,542.231,-81.763
687000.000,1647000.000,533.011,-81.525
688000.000,1647000.000,529.133,-81.741
689000.000,1647000.000,526.677,-81.796
690000.000,1647000.000,526.040,-81.702
691000.000,1647000.000,521.022,-81.231
692000.000,1647000.000,515.330,-81.143
693000.000,1647000.000,513.271,-81.173
694000.000,1647000.000,510.398,-80.956
695000.000,1647000.000,505.495,-80.583
696000.000,1647000.000,503.112,-80.043
697000.000,1647000.000,496.817,-80.568
698000.000,1647000.000,488.150,-80.791
699000.000,1647000.000,485.677,-80.946
700000.000,1647000.000,480.549,-80.717
701000.000,1647000.000,478.690,-80.016
702000.000,1647000.000,480.105,-80.563
703000.000,1647000.000,470.525,-81.096
704000.000,1647000.000,469.771,-81.947
705000.000,1647000.000,462.243,-82.275
706000.000,1647000.000,460.225,-82.377
707000.000,1647000.000,461.891,-82.426
708000.000,1647000.000,459.751,-81.800
709000.000,1647000.000,456.261,-81.232
710000.000,1647000.000,456.833,-81.166
711000.000,1647000.000,460.524,-81.325
641000.000,1646000.000,585.268,-87.905
642000.000,1646000.000,593.738,-87.973
643000.000,1646000.000,601.482,-87.857
644000.000,1646000.000,594.185,-87.852
645000.000,1646000.000,594.395,-88.013
646000.000,1646000.000,594.508,-87.878
647000.000,1646000.000,598.808,-87.080
648000.000,1646000.000,617.383,-86.724
649000.000,1646000.000,603.316,-86.525
650000.000,1646000.000,610.594,-86.196
651000.000,1646000.000,641.941,-85.597
652000.000,1646000.000,611.750,-84.733
653000.000,1646000.000,616.358,-84.687
654000.000,1646000.000,625.703,-85.788
655000.000,1646000.000,639.158,-85.957
656000.000,1646000.000,659.915,-85.645
657000.000,1646000.000,703.983,-85.235
658000.000,1646000.000,715.919,-84.672
659000.000,1646000.000,714.385,-84.096
660000.000,1646000.000,699.749,-83.475
661000.000,1646000.000,694.742,-82.522
662000.000,1646000.000,690.063,-82.108
663000.000,1646000.000,680.658,-82.406
664000.000,1646000.000,685.304,-83.050
665000.000,1646000.000,730.775,-83.963
666000.000,1646000.000,707.860,-84.897
667000.000,1646000.000,738.339,-85.330
668000.000,1646000.000,705.072,-85.686
669000.000,1646000.000,700.161,-85.449
670000.000,1646000.000,713.271,-84.593
671000.000,1646000.000,724.846,-84.643
672000.000,1646000.000,747.516,-84.431
673000.000,1646000.000,742.446,-84.382
674000.000,1646000.000,745.722,-84.433
675000.000,1646000.000,727.237,-84.603
676000.000,1646000.000,709.090,-84.639
677000.000,1646000.000,709.284,-84.551
678000.000,1646000.000,663.596,-84.465
679000.000,1646000.000,659.353,-84.594
680000.000,1646000.000,612.624,-84.476
681000.000,1646000.000,669.515,-84.353
682000.000,1646000.000,706.102,-84.289
683000.000,1646000.000,700.875,-84.123
684000.000,1646000.000,625.640,-83.524
685000.000,1646000.000,657.011,-82.492
686000.000,1646000.000,674.013,-81.364
687000.000,1646000.000,620.563,-80.921
688000.000,1646000.000,534.210,-81.150
689000.000,1646000.000,525.086,-81.490
690000.000,1646000.000,521.356,-81.488
691000.000,1646000.000,518.481,-80.730
692000.000,1646000.000,514.389,-80.593
693000.000,1646000.000,509.541,-80.923
694000.000,1646000.000,502.443,-80.954
695000.000,1646000.000,499.036,-80.571
696000.000,1646000.000,495.023,-80.020
697000.000,1646000.000,497.058,-80.146
698000.000,1646000.000,493.488,-80.209
699000.000,1646000.000,491.193,-80.373
700000.000,1646000.000,489.244,-80.504
701000.000,1646000.000,486.161,-80.831
702000.000,1646000.000,478.395,-80.841
703000.000,1646000.000,474.933,-81.047
704000.000,1646000.000,465.084,-81.364
705000.000,1646000.000,461.513,-81.497
706000.000,1646000.000,465.297,-81.397
707000.000,1646000.000,462.733,-81.401
708000.000,1646000.000,459.979,-80.934
709000.000,1646000.000,457.730,-80.565
710000.000,1646000.000,462.162,-80.917
711000.000,1646000.000,460.753,-80.931
641000.000,1645000.000,589.426,-87.964
642000.000,1645000.000,592.553,-87.958
643000.000,1645000.000,597.475,-87.511
644000.000,1645000.000,607.986,-87.494
645000.000,1645000.000,613.989,-87.981
646000.000,1645000.000,610.053,-88.002
647000.000,1645000.000,608.534,-87.034
648000.000,1645000.000,624.499,-86.476
649000.000,1645000.000,615.865,-86.178
650000.000,1645000.000,627.989,-86.069
651000.000,1645000.000,621.421,-85.931
652000.000,1645000.000,638.074,-85.463
653000.000,1645000.000,620.230,-85.009
654000.000,1645000.000,624.570,-85.353
655000.000,1645000.000,633.113,-85.622
656000.000,1645000.000,706.878,-85.268
657000.000,1645000.000,660.189,-85.024
658000.000,1645000.000,702.885,-84.645
659000.000,1645000.000,712.168,-84.055
660000.000,1645000.000,685.577,-83.268
661000.000,1645000.000,702.131,-82.214
662000.000,1645000.000,672.038,-81.550
663000.000,1645000.000,663.984,-81.780
664000.000,1645000.000,668.225,-82.450
665000.000,1645000.000,685.142,-83.456
666000.000,1645000.000,707.928,-84.675
667000.000,1645000.000,684.865,-84.956
668000.000,1645000.000,681.865,-85.067
669000.000,1645000.000,684.815,-84.949
670000.000,1645000.000,704.522,-84.470
671000.000,1645000.000,737.330,-84.289
672000.000,1645000.000,666.919,-83.935
673000.000,1645000.000,751.623,-83.894
674000.000,1645000.000,736.208,-83.951
675000.000,1645000.000,705.904,-84.080
676000.000,1645000.000,780.108,-84.108
677000.000,1645000.000,782.372,-84.015
678000.000,1645000.000,700.542,-83.945
679000.000,1645000.000,687.095,-84.018
680000.000,1645000.000,662.974,-84.053
681000.000,1645000.000,603.673,-83.902
682000.000,1645000.000,641.683,-83.809
683000.000,1645000.000,646.432,-83.645
684000.000,1645000.000,618.579,-83.449
685000.000,1645000.000,592.784,-82.828
686000.000,1645000.000,582.627,-81.846
687000.000,1645000.000,576.217,-81.360
688000.000,1645000.000,552.903,-81.094
689000.000,1645000.000,565.848,-81.560
690000.000,1645000.000,579.029,-81.894
691000.000,1645000.000,570.843,-80.908
692000.000,1645000.000,511.603,-80.133
693000.000,1645000.000,509.732,-80.242
694000.000,1645000.000,504.410,-80.285
695000.000,1645000.000,500.022,-80.080
696000.000,1645000.000,496.028,-79.758
697000.000,1645000.000,491.738,-79.777
698000.000,1645000.000,488.510,-79.362
699000.000,1645000.000,484.530,-79.440
700000.000,1645000.000,485.120,-79.452
701000.000,1645000.000,478.490,-79.865
702000.000,1645000.000,474.177,-80.289
703000.000,1645000.000,468.042,-80.566
704000.000,1645000.000,464.737,-80.537
705000.000,1645000.000,464.370,-80.500
706000.000,1645000.000,465.512,-80.698
707000.000,1645000.000,464.957,-80.798
708000.000,1645000.000,462.737,-80.313
709000.000,1645000.000,459.489,-79.955
710000.000,1645000.000,467.326,-80.727
711000.000,1645000.000,461.500,-81.032
641000.000,1644000.000,600.538,-88.231
642000.000,1644000.000,591.426,-88.001
643000.000,1644000.000,598.682,-87.335
644000.000,1644000.000,600.031,-87.074
645000.000,1644000.000,604.156,-87.506
646000.000,1644000.000,611.133,-87.601
647000.000,1644000.000,612.115,-86.967
648000.000,1644000.000,615.793,-86.374
649000.000,1644000.000,619.789,-85.963
650000.000,1644000.000,626.320,-85.962
651000.000,1644000.000,630.407,-86.005
652000.000,1644000.000,633.540,-86.035
653000.000,1644000.000,636.009,-85.499
654000.000,1644000.000,638.264,-84.701
655000.000,1644000.000,657.514,-84.547
656000.000,1644000.000,637.793,-84.702
657000.000,1644000.000,646.664,-84.893
658000.000,1644000.000,686.859,-84.830
659000.000,1644000.000,694.871,-84.268
660000.000,1644000.000,681.846,-83.461
661000.000,1644000.000,667.685,-82.113
662000.000,1644000.000,660.876,-80.881
663000.000,1644000.000,667.629,-81.363
664000.000,1644000.000,652.070,-81.983
665000.000,1644000.000,670.466,-82.649
666000.000,1644000.000,663.034,-83.569
667000.000,1644000.000,645.217,-84.099
668000.000,1644000.000,654.813,-84.105
669000.000,1644000.000,662.291,-84.193
670000.000,1644000.000,683.520,-84.311
671000.000,1644000.000,681.494,-83.791
672000.000,1644000.000,694.628,-83.502
673000.000,1644000.000,649.828,-83.325
674000.000,1644000.000,669.586,-83.310
675000.000,1644000.000,637.090,-83.440
676000.000,1644000.000,712.637,-83.395
677000.000,1644000.000,727.161,-83.263
678000.000,1644000.000,656.756,-83.159
679000.000,1644000.000,614.086,-83.156
680000.000,1644000.000,683.852,-83.251
681000.000,1644000.000,587.216,-83.212
682000.000,1644000.000,621.954,-83.174
683000.000,1644000.000,600.252,-83.071
684000.000,1644000.000,587.621,-83.530
685000.000,1644000.000,570.286,-83.303
686000.000,1644000.000,562.123,-82.643
687000.000,1644000.000,553.986,-82.389
688000.000,1644000.000,561.041,-80.979
689000.000,1644000.000,538.884,-81.766
690000.000,1644000.000,528.591,-82.143
691000.000,1644000.000,558.288,-81.890
692000.000,1644000.000,548.417,-80.499
693000.000,1644000.000,510.122,-79.776
694000.000,1644000.000,500.883,-79.096
695000.000,1644000.000,497.929,-79.021
696000.000,1644000.000,495.285,-79.113
697000.000,1644000.000,491.432,-78.854
698000.000,1644000.000,485.097,-78.493
699000.000,1644000.000,483.096,-78.395
700000.000,1644000.000,478.468,-78.204
701000.000,1644000.000,474.462,-78.690
702000.000,1644000.000,472.964,-79.374
703000.000,1644000.000,468.330,-79.958
704000.000,1644000.000,467.288,-79.505
705000.000,1644000.000,465.709,-79.569
706000.000,1644000.000,468.316,-79.809
707000.000,1644000.000,467.209,-79.920
708000.000,1644000.000,463.772,-80.034
709000.000,1644000.000,465.255,-79.956
710000.000,1644000.000,469.400,-80.337
711000.000,1644000.000,462.224,-80.846
641000.000,1643000.000,604.133,-88.738
642000.000,1643000.000,600.175,-88.094
643000.000,1643000.000,601.592,-87.411
644000.000,1643000.000,606.024,-86.963
645000.000,1643000.000,613.306,-87.053
646000.000,1643000.000,620.706,-86.962
647000.000,1643000.000,614.219,-86.659
648000.000,1643000.000,630.313,-86.280
649000.000,1643000.000,630.838,-85.968
650000.000,1643000.000,635.407,-85.627
651000.000,1643000.000,640.277,-85.539
652000.000,1643000.000,637.460,-85.746
653000.000,1643000.000,646.599,-85.507
654000.000,1643000.000,653.717,-84.601
655000.000,1643000.000,655.124,-84.134
656000.000,1643000.000,695.252,-84.229
657000.000,1643000.000,704.588,-84.611
658000.000,1643000.000,662.305,-84.704
659000.000,1643000.000,665.796,-84.282
660000.000,1643000.000,672.213,-83.696
661000.000,1643000.000,668.032,-82.319
662000.000,1643000.000,659.962,-81.017
663000.000,1643000.000,658.327,-81.011
664000.000,1643000.000,640.754,-81.276
665000.000,1643000.000,649.592,-81.737
666000.000,1643000.000,659.844,-82.562
667000.000,1643000.000,634.359,-83.264
668000.000,1643000.000,672.393,-83.587
669000.000,1643000.000,651.471,-83.679
670000.000,1643000.000,646.012,-83.621
671000.000,1643000.000,666.892,-83.349
672000.000,1643000.000,659.823,-82.880
673000.000,1643000.000,638.519,-82.536
674000.000,1643000.000,675.048,-82.498
675000.000,1643000.000,662.941,-82.679
676000.000,1643000.000,621.365,-82.606
677000.000,1643000.000,615.257,-82.418
678000.000,1643000.000,594.581,-82.365
679000.000,1643000.000,598.534,-82.469
680000.000,1643000.000,593.466,-82.817
681000.000,1643000.000,581.387,-82.769
682000.000,1643000.000,571.415,-82.751
683000.000,1643000.000,566.139,-82.788
684000.000,1643000.000,573.864,-83.190
685000.000,1643000.000,572.983,-83.231
686000.000,1643000.000,572.500,-82.511
687000.000,1643000.000,551.545,-82.126
688000.000,1643000.000,544.295,-81.513
689000.000,1643000.000,550.564,-81.690
690000.000,1643000.000,558.395,-82.041
691000.000,1643000.000,535.465,-81.919
692000.000,1643000.000,579.085,-80.977
693000.000,1643000.000,542.966,-80.071
694000.000,1643000.000,542.971,-79.626
695000.000,1643000.000,497.956,-79.191
696000.000,1643000.000,491.731,-78.680
697000.000,1643000.000,489.396,-78.169
698000.000,1643000.000,487.848,-78.075
699000.000,1643000.000,479.298,-77.789
700000.000,1643000.000,475.918,-76.996
701000.000,1643000.000,472.224,-77.508
702000.000,1643000.000,471.230,-78.172
703000.000,1643000.000,470.280,-78.665
704000.000,1643000.000,467.965,-78.635
705000.000,1643000.000,470.504,-78.998
706000.000,1643000.000,471.318,-79.119
707000.000,1643000.000,467.469,-79.164
708000.000,1643000.000,475.285,-79.828
709000.000,1643000.000,471.143,-79.838
710000.000,1643000.000,470.551,-79.654
711000.000,1643000.000,466.808,-80.106
641000.000,1642000.000,612.707,-89.299
642000.000,1642000.000,613.133,-88.381
643000.000,1642000.000,608.981,-87.573
644000.000,1642000.000,614.160,-87.050
645000.000,1642000.000,616.090,-86.977
646000.000,1642000.000,624.271,-86.840
647000.000,1642000.000,626.868,-86.510
648000.000,1642000.000,629.813,-86.186
649000.000,1642000.000,664.375,-85.929
650000.000,1642000.000,634.654,-85.397
651000.000,1642000.000,643.862,-85.054
652000.000,1642000.000,655.363,-85.176
653000.000,1642000.000,652.462,-85.132
654000.000,1642000.000,661.592,-84.646
655000.000,1642000.000,669.538,-83.769
656000.000,1642000.000,713.354,-83.529
657000.000,1642000.000,693.946,-84.140
658000.000,1642000.000,683.184,-84.244
659000.000,1642000.000,695.064,-83.999
660000.000,1642000.000,671.688,-83.763
661000.000,1642000.000,675.474,-82.472
662000.000,1642000.000,668.446,-80.901
663000.000,1642000.000,646.857,-80.856
664000.000,1642000.000,643.250,-80.810
665000.000,1642000.000,645.873,-80.912
666000.000,1642000.000,642.779,-81.907
667000.000,1642000.000,626.929,-82.655
668000.000,1642000.000,641.181,-82.859
669000.000,1642000.000,641.664,-82.902
670000.000,1642000.000,625.937,-82.568
671000.000,1642000.000,633.534,-82.297
672000.000,1642000.000,632.939,-81.872
673000.000,1642000.000,627.714,-81.540
674000.000,1642000.000,618.788,-81.512
675000.000,1642000.000,606.191,-81.932
676000.000,1642000.000,599.809,-81.796
677000.000,1642000.000,592.350,-81.527
678000.000,1642000.000,584.217,-81.681
679000.000,1642000.000,576.513,-81.633
680000.000,1642000.000,580.176,-82.024
681000.000,1642000.000,601.094,-82.194
682000.000,1642000.000,570.665,-82.384
683000.000,1642000.000,570.182,-82.684
684000.000,1642000.000,608.226,-82.762
685000.000,1642000.000,603.430,-82.894
686000.000,1642000.000,544.529,-82.769
687000.000,1642000.000,658.368,-82.353
688000.000,1642000.000,563.789,-81.748
689000.000,1642000.000,551.593,-81.626
690000.000,1642000.000,561.095,-81.673
691000.000,1642000.000,544.189,-81.627
692000.000,1642000.000,510.471,-81.048
693000.000,1642000.000,526.538,-80.346
694000.000,1642000.000,509.306,-79.887
695000.000,1642000.000,541.058,-79.178
696000.000,1642000.000,493.558,-78.351
697000.000,1642000.000,485.761,-77.820
698000.000,1642000.000,482.511,-77.712
699000.000,1642000.000,479.888,-77.282
700000.000,1642000.000,477.036,-76.868
701000.000,1642000.000,477.182,-76.763
702000.000,1642000.000,473.322,-77.176
703000.000,1642000.000,470.773,-77.774
704000.000,1642000.000,473.467,-78.266
705000.000,1642000.000,475.208,-78.622
706000.000,1642000.000,473.020,-78.378
707000.000,1642000.000,469.110,-78.110
708000.000,1642000.000,476.777,-78.848
709000.000,1642000.000,478.560,-78.941
710000.000,1642000.000,472.168,-79.066
711000.000,1642000.000,474.550,-79.265
641000.000,1641000.000,623.169,-89.593
642000.000,1641000.000,622.944,-88.606
643000.000,1641000.000,622.384,-87.797
644000.000,1641000.000,624.833,-87.275
645000.000,1641000.000,627.730,-86.944
646000.000,1641000.000,625.936,-86.686
647000.000,1641000.000,635.044,-86.385
648000.000,1641000.000,647.229,-86.107
649000.000,1641000.000,686.550,-86.003
650000.000,1641000.000,649.139,-85.793
651000.000,1641000.000,662.740,-85.288
652000.000,1641000.000,651.980,-85.016
653000.000,1641000.000,660.693,-84.710
654000.000,1641000.000,660.696,-84.200
655000.000,1641000.000,674.975,-83.534
656000.000,1641000.000,692.690,-83.212
657000.000,1641000.000,695.795,-83.830
658000.000,1641000.000,689.057,-83.878
659000.000,1641000.000,682.063,-83.840
660000.000,1641000.000,670.915,-83.718
661000.000,1641000.000,663.771,-82.839
662000.000,1641000.000,658.116,-80.875
663000.000,1641000.000,647.078,-80.533
664000.000,1641000.000,648.906,-80.494
665000.000,1641000.000,636.522,-80.319
666000.000,1641000.000,628.672,-80.857
667000.000,1641000.000,624.825,-81.605
668000.000,1641000.000,631.320,-81.947
669000.000,1641000.000,627.637,-82.011
670000.000,1641000.000,621.407,-81.511
671000.000,1641000.000,616.764,-81.242
672000.000,1641000.000,616.095,-80.869
673000.000,1641000.000,615.560,-80.864
674000.000,1641000.000,615.894,-80.528
675000.000,1641000.000,639.280,-80.931
676000.000,1641000.000,637.828,-81.066
677000.000,1641000.000,645.699,-80.883
678000.000,1641000.000,607.956,-80.958
679000.000,1641000.000,592.698,-80.838
680000.000,1641000.000,567.029,-81.023
681000.000,1641000.000,560.577,-81.579
682000.000,1641000.000,557.052,-81.599
683000.000,1641000.000,554.799,-81.860
684000.000,1641000.000,554.925,-82.120
685000.000,1641000.000,548.042,-82.351
686000.000,1641000.000,536.496,-82.416
687000.000,1641000.000,529.203,-82.222
688000.000,1641000.000,524.106,-81.600
689000.000,1641000.000,517.412,-81.223
690000.000,1641000.000,516.184,-80.865
691000.000,1641000.000,520.947,-80.550
692000.000,1641000.000,503.997,-80.287
693000.000,1641000.000,499.448,-80.157
694000.000,1641000.000,496.759,-79.888
695000.000,1641000.000,491.431,-79.339
696000.000,1641000.000,485.759,-78.846
697000.000,1641000.000,483.834,-78.273
698000.000,1641000.000,480.734,-77.518
699000.000,1641000.000,479.366,-76.706
700000.000,1641000.000,481.335,-75.851
701000.000,1641000.000,477.925,-76.092
702000.000,1641000.000,481.081,-76.413
703000.000,1641000.000,475.757,-76.832
704000.000,1641000.000,476.934,-77.332
705000.000,1641000.000,478.002,-77.618
706000.000,1641000.000,474.766,-77.859
707000.000,1641000.000,476.399,-77.877
708000.000,1641000.000,475.869,-78.024
709000.000,1641000.000,483.104,-78.263
710000.000,1641000.000,478.831,-78.495
711000.000,1641000.000,479.748,-78.089
641000.000,1640000.000,614.240,-89.463
642000.000,1640000.000,615.354,-88.622
643000.000,1640000.000,614.509,-87.965
644000.000,1640000.000,609.521,-87.558
645000.000,1640000.000,618.359,-87.061
646000.000,1640000.000,620.941,-86.551
647000.000,1640000.000,634.283,-86.237
648000.000,1640000.000,634.352,-85.983
649000.000,1640000.000,643.605,-85.934
650000.000,1640000.000,644.217,-85.802
651000.000,1640000.000,640.891,-85.268
652000.000,1640000.000,648.069,-84.985
653000.000,1640000.000,652.842,-84.671
654000.000,1640000.000,662.317,-84.078
655000.000,1640000.000,669.095,-83.835
656000.000,1640000.000,685.332,-83.269
657000.000,1640000.000,719.820,-83.115
658000.000,1640000.000,698.401,-83.242
659000.000,1640000.000,692.245,-83.466
660000.000,1640000.000,679.965,-83.338
661000.000,1640000.000,666.975,-82.474
662000.000,1640000.000,663.648,-80.833
663000.000,1640000.000,642.935,-79.987
664000.000,1640000.000,655.025,-79.829
665000.000,1640000.000,624.244,-80.126
666000.000,1640000.000,622.849,-80.911
667000.000,1640000.000,615.957,-81.094
668000.000,1640000.000,617.318,-81.100
669000.000,1640000.000,614.422,-80.927
670000.000,1640000.000,619.041,-79.902
671000.000,1640000.000,608.161,-80.282
672000.000,1640000.000,609.269,-80.130
673000.000,1640000.000,611.415,-79.690
674000.000,1640000.000,603.868,-79.576
675000.000,1640000.000,646.461,-79.864
676000.000,1640000.000,604.508,-80.286
677000.000,1640000.000,611.410,-80.311
678000.000,1640000.000,643.683,-80.328
679000.000,1640000.000,630.222,-80.329
680000.000,1640000.000,606.271,-80.558
681000.000,1640000.000,618.623,-80.958
682000.000,1640000.000,559.045,-80.766
683000.000,1640000.000,545.551,-81.029
684000.000,1640000.000,538.657,-81.371
685000.000,1640000.000,537.919,-81.851
686000.000,1640000.000,539.151,-81.593
687000.000,1640000.000,529.474,-81.129
688000.000,1640000.000,535.990,-80.925
689000.000,1640000.000,525.112,-80.547
690000.000,1640000.000,508.996,-80.084
691000.000,1640000.000,504.816,-79.743
692000.000,1640000.000,499.574,-79.547
693000.000,1640000.000,494.288,-79.915
694000.000,1640000.000,496.214,-79.755
695000.000,1640000.000,487.563,-79.409
696000.000,1640000.000,487.069,-79.031
697000.000,1640000.000,484.593,-78.194
698000.000,1640000.000,484.027,-77.119
699000.000,1640000.000,484.355,-76.473
700000.000,1640000.000,487.155,-75.931
701000.000,1640000.000,483.956,-75.902
702000.000,1640000.000,487.325,-75.947
703000.000,1640000.000,483.488,-75.948
704000.000,1640000.000,478.284,-76.214
705000.000,1640000.000,482.701,-76.618
706000.000,1640000.000,477.850,-77.117
707000.000,1640000.000,478.389,-77.418
708000.000,1640000.000,483.306,-78.008
709000.000,1640000.000,487.449,-78.113
710000.000,1640000.000,483.872,-78.607
711000.000,1640000.000,477.483,-78.896
641000.000,1639000.000,604.139,-89.389
642000.000,1639000.000,602.186,-88.590
643000.000,1639000.000,606.795,-88.083
644000.000,1639000.000,615.169,-87.814
645000.000,1639000.000,615.053,-87.274
646000.000,1639000.000,622.215,-86.392
647000.000,1639000.000,623.192,-86.061
648000.000,1639000.000,627.133,-85.772
649000.000,1639000.000,633.509,-85.380
650000.000,1639000.000,673.698,-85.219
651000.000,1639000.000,658.904,-84.917
652000.000,1639000.000,654.576,-84.760
653000.000,1639000.000,654.760,-84.482
654000.000,1639000.000,665.095,-83.856
655000.000,1639000.000,682.105,-83.557
656000.000,1639000.000,688.273,-82.904
657000.000,1639000.000,710.720,-82.482
658000.000,1639000.000,713.863,-82.437
659000.000,1639000.000,734.015,-82.577
660000.000,1639000.000,810.193,-82.510
661000.000,1639000.000,717.387,-81.692
662000.000,1639000.000,643.816,-80.799
663000.000,1639000.000,645.922,-80.141
664000.000,1639000.000,653.192,-79.820
665000.000,1639000.000,638.230,-80.082
666000.000,1639000.000,615.771,-80.486
667000.000,1639000.000,610.870,-80.281
668000.000,1639000.000,611.489,-80.216
669000.000,1639000.000,608.939,-80.192
670000.000,1639000.000,626.942,-79.347
671000.000,1639000.000,641.138,-79.092
672000.000,1639000.000,601.281,-79.104
673000.000,1639000.000,599.043,-78.969
674000.000,1639000.000,593.690,-79.044
675000.000,1639000.000,612.223,-79.166
676000.000,1639000.000,618.244,-79.716
677000.000,1639000.000,594.181,-79.586
678000.000,1639000.000,613.886,-79.469
679000.000,1639000.000,608.038,-79.515
680000.000,1639000.000,615.505,-79.769
681000.000,1639000.000,597.059,-79.969
682000.000,1639000.000,580.416,-80.068
683000.000,1639000.000,563.497,-80.023
684000.000,1639000.000,562.491,-80.326
685000.000,1639000.000,534.369,-80.773
686000.000,1639000.000,526.317,-80.913
687000.000,1639000.000,519.473,-80.619
688000.000,1639000.000,515.027,-80.347
689000.000,1639000.000,524.136,-79.846
690000.000,1639000.000,509.584,-79.491
691000.000,1639000.000,500.638,-79.039
692000.000,1639000.000,496.257,-78.841
693000.000,1639000.000,491.903,-79.227
694000.000,1639000.000,492.184,-79.229
695000.000,1639000.000,491.365,-79.099
696000.000,1639000.000,489.700,-78.817
697000.000,1639000.000,491.789,-77.929
698000.000,1639000.000,489.744,-77.063
699000.000,1639000.000,489.506,-76.946
700000.000,1639000.000,495.762,-76.472
701000.000,1639000.000,490.773,-75.909
702000.000,1639000.000,491.637,-75.811
703000.000,1639000.000,484.342,-75.847
704000.000,1639000.000,482.083,-75.989
705000.000,1639000.000,486.160,-76.075
706000.000,1639000.000,483.326,-76.448
707000.000,1639000.000,480.847,-76.930
708000.000,1639000.000,481.341,-77.590
709000.000,1639000.000,487.942,-77.738
710000.000,1639000.000,488.517,-78.145
711000.000,1639000.000,486.018,-78.754
641000.000,1638000.000,597.524,-89.192
642000.000,1638000.000,601.649,-88.412
643000.000,1638000.000,607.864,-87.741
644000.000,1638000.000,617.222,-86.988
645000.000,1638000.000,630.125,-86.909
646000.000,1638000.000,625.467,-86.128
647000.000,1638000.000,626.126,-85.679
648000.000,1638000.000,634.089,-85.229
649000.000,1638000.000,642.575,-84.413
650000.000,1638000.000,660.807,-84.341
651000.000,1638000.000,670.040,-84.530
652000.000,1638000.000,669.882,-84.408
653000.000,1638000.000,662.936,-84.046
654000.000,1638000.000,662.082,-83.277
655000.000,1638000.000,667.751,-82.741
656000.000,1638000.000,684.392,-82.213
657000.000,1638000.000,692.927,-82.013
658000.000,1638000.000,746.660,-81.967
659000.000,1638000.000,723.724,-82.043
660000.000,1638000.000,677.146,-82.142
661000.000,1638000.000,702.649,-81.743
662000.000,1638000.000,639.550,-80.915
663000.000,1638000.000,628.578,-80.015
664000.000,1638000.000,638.430,-79.899
665000.000,1638000.000,636.120,-79.729
666000.000,1638000.000,625.380,-79.508
667000.000,1638000.000,610.395,-79.586
668000.000,1638000.000,600.516,-79.441
669000.000,1638000.000,601.102,-79.268
670000.000,1638000.000,614.003,-78.582
671000.000,1638000.000,616.729,-77.979
672000.000,1638000.000,608.953,-77.928
673000.000,1638000.000,597.526,-78.204
674000.000,1638000.000,585.151,-78.483
675000.000,1638000.000,582.731,-78.267
676000.000,1638000.000,607.261,-78.189
677000.000,1638000.000,575.947,-78.542
678000.000,1638000.000,576.627,-78.523
679000.000,1638000.000,607.165,-78.701
680000.000,1638000.000,601.171,-78.919
681000.000,1638000.000,592.257,-78.918
682000.000,1638000.000,564.559,-79.182
683000.000,1638000.000,543.192,-79.445
684000.000,1638000.000,529.958,-79.575
685000.000,1638000.000,545.884,-79.852
686000.000,1638000.000,522.201,-80.268
687000.000,1638000.000,512.968,-80.213
688000.000,1638000.000,513.345,-79.963
689000.000,1638000.000,507.588,-79.425
690000.000,1638000.000,503.116,-79.018
691000.000,1638000.000,496.888,-78.587
692000.000,1638000.000,496.049,-78.626
693000.000,1638000.000,498.557,-78.872
694000.000,1638000.000,508.394,-78.596
695000.000,1638000.000,538.051,-78.362
696000.000,1638000.000,495.915,-78.342
697000.000,1638000.000,500.072,-77.817
698000.000,1638000.000,496.150,-77.395
699000.000,1638000.000,496.913,-77.148
700000.000,1638000.000,503.469,-76.711
701000.000,1638000.000,511.522,-76.096
702000.000,1638000.000,490.247,-75.792
703000.000,1638000.000,487.945,-75.637
704000.000,1638000.000,487.536,-75.367
705000.000,1638000.000,489.354,-75.363
706000.000,1638000.000,490.905,-75.991
707000.000,1638000.000,489.421,-76.668
708000.000,1638000.000,485.890,-77.049
709000.000,1638000.000,485.194,-77.272
710000.000,1638000.000,491.191,-77.579
711000.000,1638000.000,499.643,-77.961
641000.000,1637000.000,610.815,-89.091
642000.000,1637000.000,604.391,-88.120
643000.000,1637000.000,617.268,-87.278
644000.000,1637000.000,616.276,-87.035
645000.000,1637000.000,620.528,-86.642
646000.000,1637000.000,639.474,-85.866
647000.000,1637000.000,638.727,-85.274
648000.000,1637000.000,637.217,-84.930
649000.000,1637000.000,652.806,-84.633
650000.000,1637000.000,696.168,-84.548
651000.000,1637000.000,687.787,-84.495
652000.000,1637000.000,685.753,-84.365
653000.000,1637000.000,675.268,-84.064
654000.000,1637000.000,677.113,-83.076
655000.000,1637000.000,696.868,-82.375
656000.000,1637000.000,689.195,-81.912
657000.000,1637000.000,710.869,-81.677
658000.000,1637000.000,686.464,-81.303
659000.000,1637000.000,662.925,-81.318
660000.000,1637000.000,654.022,-81.547
661000.000,1637000.000,645.190,-81.415
662000.000,1637000.000,640.534,-80.669
663000.000,1637000.000,633.859,-80.054
664000.000,1637000.000,628.275,-79.850
665000.000,1637000.000,616.520,-79.497
666000.000,1637000.000,608.740,-78.936
667000.000,1637000.000,603.111,-78.817
668000.000,1637000.000,602.284,-78.118
669000.000,1637000.000,594.558,-78.207
670000.000,1637000.000,609.388,-77.647
671000.000,1637000.000,603.676,-76.898
672000.000,1637000.000,602.987,-77.052
673000.000,1637000.000,599.807,-77.271
674000.000,1637000.000,592.310,-77.485
675000.000,1637000.000,572.913,-77.376
676000.000,1637000.000,575.947,-76.967
677000.000,1637000.000,567.861,-77.690
678000.000,1637000.000,575.189,-77.636
679000.000,1637000.000,554.759,-77.738
680000.000,1637000.000,582.338,-77.844
681000.000,1637000.000,564.283,-77.923
682000.000,1637000.000,537.979,-78.285
683000.000,1637000.000,533.681,-78.715
684000.000,1637000.000,524.708,-78.702
685000.000,1637000.000,518.969,-78.655
686000.000,1637000.000,513.577,-78.807
687000.000,1637000.000,509.351,-79.263
688000.000,1637000.000,505.078,-79.254
689000.000,1637000.000,505.231,-78.897
690000.000,1637000.000,502.886,-78.662
691000.000,1637000.000,503.041,-78.060
692000.000,1637000.000,501.500,-78.096
693000.000,1637000.000,510.023,-78.889
694000.000,1637000.000,520.302,-78.354
695000.000,1637000.000,669.075,-77.475
696000.000,1637000.000,507.803,-76.549
697000.000,1637000.000,502.561,-77.629
698000.000,1637000.000,505.617,-77.655
699000.000,1637000.000,510.879,-77.222
700000.000,1637000.000,506.270,-76.732
701000.000,1637000.000,498.699,-76.180
702000.000,1637000.000,520.383,-75.879
703000.000,1637000.000,494.996,-75.738
704000.000,1637000.000,489.677,-75.086
705000.000,1637000.000,489.808,-74.945
706000.000,1637000.000,491.668,-75.414
707000.000,1637000.000,495.654,-75.950
708000.000,1637000.000,492.743,-76.371
709000.000,1637000.000,491.526,-76.719
710000.000,1637000.000,490.933,-77.115
711000.000,1637000.000,495.025,-77.257
641000.000,1636000.000,618.410,-89.268
642000.000,1636000.000,608.648,-88.046
643000.000,1636000.000,609.628,-87.073
644000.000,1636000.000,621.746,-86.877
645000.000,1636000.000,637.226,-86.397
646000.000,1636000.000,636.855,-85.549
647000.000,1636000.000,651.579,-85.007
648000.000,1636000.000,643.718,-84.948
649000.000,1636000.000,647.404,-84.994
650000.000,1636000.000,657.174,-84.811
651000.000,1636000.000,661.787,-84.546
652000.000,1636000.000,681.179,-84.418
653000.000,1636000.000,675.225,-83.967
654000.000,1636000.000,684.107,-83.008
655000.000,1636000.000,716.141,-82.438
656000.000,1636000.000,694.723,-82.081
657000.000,1636000.000,696.887,-81.622
658000.000,1636000.000,685.677,-80.580
659000.000,1636000.000,669.213,-80.157
660000.000,1636000.000,664.943,-80.482
661000.000,1636000.000,663.351,-80.490
662000.000,1636000.000,682.055,-80.098
663000.000,1636000.000,677.004,-79.563
664000.000,1636000.000,637.404,-78.979
665000.000,1636000.000,634.537,-79.042
666000.000,1636000.000,624.607,-78.719
667000.000,1636000.000,615.967,-78.329
668000.000,1636000.000,604.280,-77.921
669000.000,1636000.000,587.498,-77.826
670000.000,1636000.000,590.888,-77.570
671000.000,1636000.000,590.685,-77.285
672000.000,1636000.000,602.008,-77.048
673000.000,1636000.000,609.556,-76.897
674000.000,1636000.000,593.395,-76.902
675000.000,1636000.000,581.935,-76.923
676000.000,1636000.000,569.409,-76.895
677000.000,1636000.000,558.499,-76.869
678000.000,1636000.000,553.528,-76.869
679000.000,1636000.000,560.476,-76.763
680000.000,1636000.000,551.511,-76.743
681000.000,1636000.000,537.655,-76.977
682000.000,1636000.000,528.748,-77.291
683000.000,1636000.000,524.270,-77.734
684000.000,1636000.000,524.351,-77.938
685000.000,1636000.000,515.510,-77.922
686000.000,1636000.000,514.444,-77.922
687000.000,1636000.000,513.090,-78.490
688000.000,1636000.000,514.913,-78.826
689000.000,1636000.000,513.105,-78.901
690000.000,1636000.000,512.681,-78.704
691000.000,1636000.000,509.742,-77.629
692000.000,1636000.000,504.986,-77.353
693000.000,1636000.000,521.743,-78.091
694000.000,1636000.000,526.615,-78.051
695000.000,1636000.000,546.398,-77.823
696000.000,1636000.000,517.972,-77.481
697000.000,1636000.000,510.044,-77.899
698000.000,1636000.000,511.536,-77.773
699000.000,1636000.000,525.749,-77.148
700000.000,1636000.000,506.825,-76.682
701000.000,1636000.000,508.047,-76.203
702000.000,1636000.000,502.150,-75.957
703000.000,1636000.000,497.002,-76.009
704000.000,1636000.000,493.274,-75.548
705000.000,1636000.000,501.888,-75.133
706000.000,1636000.000,496.275,-75.166
707000.000,1636000.000,498.494,-75.330
708000.000,1636000.000,510.141,-75.643
709000.000,1636000.000,498.375,-76.322
710000.000,1636000.000,495.951,-76.920
711000.000,1636000.000,493.917,-76.917
641000.000,1635000.000,625.759,-89.327
642000.000,1635000.000,611.550,-88.379
643000.000,1635000.000,617.247,-87.453
644000.000,1635000.000,618.683,-86.878
645000.000,1635000.000,629.375,-86.265
646000.000,1635000.000,629.014,-85.368
647000.000,1635000.000,634.746,-84.907
648000.000,1635000.000,647.302,-84.692
649000.000,1635000.000,656.455,-84.532
650000.000,1635000.000,664.070,-84.455
651000.000,1635000.000,687.440,-84.367
652000.000,1635000.000,685.768,-84.472
653000.000,1635000.000,697.800,-84.027
654000.000,1635000.000,711.053,-83.084
655000.000,1635000.000,687.791,-82.608
656000.000,1635000.000,681.606,-82.239
657000.000,1635000.000,676.975,-81.831
658000.000,1635000.000,675.993,-80.790
659000.000,1635000.000,697.892,-80.149
660000.000,1635000.000,664.384,-80.020
661000.000,1635000.000,722.492,-79.929
662000.000,1635000.000,674.797,-79.573
663000.000,1635000.000,650.472,-79.138
664000.000,1635000.000,635.290,-78.858
665000.000,1635000.000,617.271,-78.795
666000.000,1635000.000,611.397,-78.547
667000.000,1635000.000,616.363,-78.171
668000.000,1635000.000,608.361,-77.945
669000.000,1635000.000,597.649,-77.852
670000.000,1635000.000,586.865,-77.777
671000.000,1635000.000,594.813,-77.568
672000.000,1635000.000,589.644,-77.119
673000.000,1635000.000,580.763,-76.863
674000.000,1635000.000,584.398,-76.579
675000.000,1635000.000,574.711,-76.395
676000.000,1635000.000,570.181,-76.241
677000.000,1635000.000,565.178,-76.102
678000.000,1635000.000,562.712,-75.996
679000.000,1635000.000,553.343,-76.065
680000.000,1635000.000,539.161,-76.415
681000.000,1635000.000,530.569,-76.590
682000.000,1635000.000,523.644,-76.620
683000.000,1635000.000,520.488,-77.254
684000.000,1635000.000,519.530,-77.893
685000.000,1635000.000,518.589,-77.890
686000.000,1635000.000,524.162,-77.907
687000.000,1635000.000,533.530,-78.183
688000.000,1635000.000,516.486,-78.594
689000.000,1635000.000,518.579,-78.941
690000.000,1635000.000,521.586,-78.640
691000.000,1635000.000,521.629,-77.695
692000.000,1635000.000,519.264,-77.358
693000.000,1635000.000,514.804,-77.390
694000.000,1635000.000,529.898,-77.555
695000.000,1635000.000,537.026,-77.957
696000.000,1635000.000,518.865,-77.653
697000.000,1635000.000,527.911,-77.583
698000.000,1635000.000,518.654,-77.569
699000.000,1635000.000,517.576,-76.994
700000.000,1635000.000,516.743,-76.907
701000.000,1635000.000,508.419,-76.477
702000.000,1635000.000,503.735,-76.098
703000.000,1635000.000,500.408,-76.024
704000.000,1635000.000,497.094,-75.841
705000.000,1635000.000,501.749,-75.272
706000.000,1635000.000,508.399,-75.010
707000.000,1635000.000,506.137,-74.753
708000.000,1635000.000,507.867,-74.996
709000.000,1635000.000,501.252,-75.896
710000.000,1635000.000,494.368,-76.146
711000.000,1635000.000,487.410,-76.861
641000.000,1634000.000,620.205,-89.042
642000.000,1634000.000,621.538,-88.511
643000.000,1634000.000,619.643,-87.559
644000.000,1634000.000,629.836,-86.855
645000.000,1634000.000,636.637,-86.199
646000.000,1634000.000,637.004,-85.290
647000.000,1634000.000,648.214,-84.546
648000.000,1634000.000,660.487,-84.105
649000.000,1634000.000,655.805,-83.929
650000.000,1634000.000,661.607,-83.946
651000.000,1634000.000,672.772,-83.995
652000.000,1634000.000,677.238,-84.575
653000.000,1634000.000,717.641,-84.382
654000.000,1634000.000,679.460,-83.439
655000.000,1634000.000,682.161,-82.734
656000.000,1634000.000,676.560,-82.156
657000.000,1634000.000,666.562,-81.456
658000.000,1634000.000,665.658,-80.569
659000.000,1634000.000,666.755,-80.094
660000.000,1634000.000,661.920,-79.913
661000.000,1634000.000,676.942,-79.695
662000.000,1634000.000,662.232,-79.288
663000.000,1634000.000,675.677,-79.179
664000.000,1634000.000,629.539,-79.132
665000.000,1634000.000,617.338,-78.825
666000.000,1634000.000,609.936,-78.470
667000.000,1634000.000,605.490,-78.089
668000.000,1634000.000,599.572,-77.917
669000.000,1634000.000,593.288,-77.898
670000.000,1634000.000,583.092,-77.776
671000.000,1634000.000,579.583,-77.320
672000.000,1634000.000,590.880,-76.997
673000.000,1634000.000,573.452,-76.643
674000.000,1634000.000,571.578,-76.194
675000.000,1634000.000,579.669,-75.819
676000.000,1634000.000,566.975,-75.505
677000.000,1634000.000,573.353,-75.034
678000.000,1634000.000,559.749,-74.603
679000.000,1634000.000,553.834,-75.473
680000.000,1634000.000,548.213,-75.877
681000.000,1634000.000,546.245,-75.845
682000.000,1634000.000,531.740,-75.965
683000.000,1634000.000,531.396,-76.933
684000.000,1634000.000,536.539,-77.497
685000.000,1634000.000,537.106,-77.757
686000.000,1634000.000,525.198,-77.815
687000.000,1634000.000,535.011,-77.871
688000.000,1634000.000,528.869,-78.124
689000.000,1634000.000,527.193,-78.186
690000.000,1634000.000,538.442,-77.832
691000.000,1634000.000,531.290,-77.078
692000.000,1634000.000,520.542,-76.768
693000.000,1634000.000,521.114,-76.692
694000.000,1634000.000,525.672,-76.824
695000.000,1634000.000,530.813,-77.641
696000.000,1634000.000,529.643,-77.263
697000.000,1634000.000,526.872,-76.821
698000.000,1634000.000,524.351,-76.873
699000.000,1634000.000,527.525,-76.839
700000.000,1634000.000,522.559,-76.591
701000.000,1634000.000,517.983,-76.216
702000.000,1634000.000,512.175,-76.023
703000.000,1634000.000,502.766,-76.000
704000.000,1634000.000,501.899,-76.017
705000.000,1634000.000,509.609,-75.445
706000.000,1634000.000,515.032,-75.043
707000.000,1634000.000,509.172,-74.642
708000.000,1634000.000,527.817,-74.580
709000.000,1634000.000,509.376,-74.876
710000.000,1634000.000,508.436,-75.685
711000.000,1634000.000,494.305,-76.793
