x,y,z,gz
641000.000,1704000.000,514.911,-75.679
642000.000,1704000.000,526.739,-76.512
643000.000,1704000.000,573.927,-77.424
644000.000,1704000.000,614.717,-78.340
645000.000,1704000.000,619.919,-79.277
646000.000,1704000.000,674.037,-80.149
647000.000,1704000.000,569.620,-81.045
648000.000,1704000.000,654.121,-82.101
649000.000,1704000.000,650.482,-83.319
650000.000,1704000.000,549.320,-84.457
651000.000,1704000.000,514.078,-85.449
652000.000,1704000.000,579.933,-86.529
653000.000,1704000.000,557.436,-87.740
654000.000,1704000.000,576.858,-88.800
655000.000,1704000.000,518.034,-89.688
656000.000,1704000.000,573.029,-90.428
657000.000,1704000.000,554.913,-90.986
658000.000,1704000.000,525.744,-91.329
659000.000,1704000.000,480.240,-91.653
660000.000,1704000.000,456.130,-92.017
661000.000,1704000.000,516.407,-92.391
662000.000,1704000.000,466.898,-92.335
663000.000,1704000.000,446.592,-92.190
664000.000,1704000.000,456.988,-92.303
665000.000,1704000.000,430.099,-91.736
666000.000,1704000.000,393.305,-90.088
667000.000,1704000.000,394.642,-89.048
668000.000,1704000.000,393.711,-89.131
669000.000,1704000.000,392.154,-87.778
670000.000,1704000.000,382.073,-85.120
671000.000,1704000.000,390.742,-82.928
672000.000,1704000.000,401.758,-80.924
673000.000,1704000.000,405.338,-83.278
674000.000,1704000.000,415.065,-84.664
675000.000,1704000.000,413.716,-83.752
676000.000,1704000.000,413.703,-83.383
677000.000,1704000.000,403.752,-82.176
678000.000,1704000.000,407.352,-81.136
679000.000,1704000.000,396.908,-81.094
680000.000,1704000.000,393.605,-82.228
681000.000,1704000.000,405.413,-84.548
682000.000,1704000.000,393.216,-86.780
683000.000,1704000.000,403.380,-87.830
684000.000,1704000.000,407.914,-88.704
685000.000,1704000.000,410.648,-89.455
686000.000,1704000.000,410.634,-89.580
687000.000,1704000.000,411.590,-90.414
688000.000,1704000.000,414.056,-91.279
689000.000,1704000.000,410.251,-92.044
690000.000,1704000.000,410.612,-91.883
691000.000,1704000.000,405.193,-90.957
692000.000,1704000.000,398.173,-90.114
693000.000,1704000.000,402.923,-89.737
694000.000,1704000.000,400.170,-89.438
695000.000,1704000.000,397.631,-88.840
696000.000,1704000.000,401.711,-88.998
697000.000,1704000.000,402.551,-88.981
698000.000,1704000.000,406.646,-88.724
699000.000,1704000.000,411.196,-88.283
700000.000,1704000.000,418.588,-87.734
701000.000,1704000.000,427.204,-85.516
702000.000,1704000.000,503.433,-82.857
703000.000,1704000.000,424.502,-81.070
704000.000,1704000.000,416.430,-78.954
705000.000,1704000.000,412.926,-77.986
706000.000,1704000.000,403.863,-77.079
707000.000,1704000.000,400.313,-77.548
708000.000,1704000.000,399.183,-79.246
709000.000,1704000.000,393.203,-80.560
710000.000,1704000.000,393.418,-81.167
711000.000,1704000.000,389.710,-81.083
641000.000,1703000.000,507.539,-75.151
642000.000,1703000.000,509.783,-75.622
643000.000,1703000.000,514.876,-76.325
644000.000,1703000.000,575.637,-77.466
645000.000,1703000.000,532.971,-78.785
646000.000,1703000.000,543.030,-79.956
647000.000,1703000.000,573.090,-80.961
648000.000,1703000.000,552.095,-82.015
649000.000,1703000.000,542.546,-83.150
650000.000,1703000.000,557.834,-84.314
651000.000,1703000.000,544.074,-85.356
652000.000,1703000.000,555.908,-86.449
653000.000,1703000.000,588.328,-87.624
654000.000,1703000.000,584.533,-88.724
655000.000,1703000.000,552.353,-89.686
656000.000,1703000.000,585.665,-90.530
657000.000,1703000.000,513.413,-91.198
658000.000,1703000.000,473.395,-91.537
659000.000,1703000.000,453.745,-91.739
660000.000,1703000.000,506.239,-91.752
661000.000,1703000.000,449.070,-92.869
662000.000,1703000.000,490.749,-93.019
663000.000,1703000.000,454.209,-92.882
664000.000,1703000.000,419.725,-92.936
665000.000,1703000.000,403.262,-92.689
666000.000,1703000.000,394.664,-91.763
667000.000,1703000.000,387.926,-90.645
668000.000,1703000.000,386.126,-90.073
669000.000,1703000.000,392.904,-89.347
670000.000,1703000.000,392.540,-87.053
671000.000,1703000.000,396.330,-84.864
672000.000,1703000.000,402.425,-82.344
673000.000,1703000.000,411.052,-84.044
674000.000,1703000.000,421.729,-85.143
675000.000,1703000.000,414.049,-84.043
676000.000,1703000.000,409.423,-83.586
677000.000,1703000.000,405.173,-82.779
678000.000,1703000.000,409.321,-81.518
679000.000,1703000.000,397.493,-80.753
680000.000,1703000.000,398.177,-81.642
681000.000,1703000.000,409.338,-83.792
682000.000,1703000.000,399.146,-85.648
683000.000,1703000.000,400.872,-86.838
684000.000,1703000.000,407.779,-87.771
685000.000,1703000.000,412.974,-88.309
686000.000,1703000.000,414.511,-88.655
687000.000,1703000.000,417.317,-89.808
688000.000,1703000.000,416.787,-90.948
689000.000,1703000.000,419.139,-91.870
690000.000,1703000.000,415.351,-91.858
691000.000,1703000.000,402.263,-90.990
692000.000,1703000.000,405.010,-90.444
693000.000,1703000.000,410.976,-90.243
694000.000,1703000.000,407.090,-90.106
695000.000,1703000.000,398.850,-89.480
696000.000,1703000.000,398.755,-89.196
697000.000,1703000.000,406.509,-88.967
698000.000,1703000.000,410.385,-88.638
699000.000,1703000.000,413.993,-88.343
700000.000,1703000.000,416.530,-87.930
701000.000,1703000.000,423.776,-86.269
702000.000,1703000.000,430.628,-83.393
703000.000,1703000.000,436.906,-81.346
704000.000,1703000.000,421.827,-79.645
705000.000,1703000.000,414.139,-79.983
706000.000,1703000.000,415.558,-77.922
707000.000,1703000.000,413.357,-78.259
708000.000,1703000.000,406.541,-79.867
709000.000,1703000.000,395.247,-80.675
710000.000,1703000.000,399.737,-81.214
711000.000,1703000.000,393.326,-81.241
641000.000,1702000.000,500.968,-73.826
642000.000,1702000.000,504.668,-74.114
643000.000,1702000.000,521.060,-75.266
644000.000,1702000.000,525.637,-76.697
645000.000,1702000.000,530.240,-78.394
646000.000,1702000.000,541.175,-79.798
647000.000,1702000.000,545.300,-80.799
648000.000,1702000.000,536.099,-81.855
649000.000,1702000.000,525.653,-82.871
650000.000,1702000.000,527.471,-83.985
651000.000,1702000.000,543.735,-85.033
652000.000,1702000.000,598.890,-86.138
653000.000,1702000.000,581.365,-87.305
654000.000,1702000.000,588.214,-88.440
655000.000,1702000.000,569.933,-89.524
656000.000,1702000.000,574.114,-90.532
657000.000,1702000.000,528.558,-91.332
658000.000,1702000.000,496.087,-91.758
659000.000,1702000.000,444.301,-91.721
660000.000,1702000.000,437.671,-91.577
661000.000,1702000.000,429.869,-92.796
662000.000,1702000.000,450.980,-93.114
663000.000,1702000.000,415.405,-93.085
664000.000,1702000.000,431.882,-93.112
665000.000,1702000.000,402.639,-93.116
666000.000,1702000.000,397.898,-92.548
667000.000,1702000.000,396.669,-91.310
668000.000,1702000.000,398.337,-89.721
669000.000,1702000.000,398.059,-89.105
670000.000,1702000.000,395.621,-87.775
671000.000,1702000.000,402.716,-85.988
672000.000,1702000.000,404.947,-83.950
673000.000,1702000.000,418.356,-83.369
674000.000,1702000.000,419.946,-84.954
675000.000,1702000.000,413.854,-84.782
676000.000,1702000.000,409.187,-84.568
677000.000,1702000.000,412.351,-84.020
678000.000,1702000.000,409.077,-82.136
679000.000,1702000.000,397.505,-80.208
680000.000,1702000.000,402.482,-80.849
681000.000,1702000.000,412.511,-83.035
682000.000,1702000.000,405.870,-84.337
683000.000,1702000.000,399.714,-85.352
684000.000,1702000.000,401.043,-85.993
685000.000,1702000.000,415.905,-86.637
686000.000,1702000.000,419.404,-87.694
687000.000,1702000.000,422.785,-89.013
688000.000,1702000.000,426.162,-90.269
689000.000,1702000.000,420.678,-91.329
690000.000,1702000.000,410.020,-91.654
691000.000,1702000.000,412.423,-91.112
692000.000,1702000.000,408.550,-90.812
693000.000,1702000.000,427.875,-90.662
694000.000,1702000.000,408.700,-90.491
695000.000,1702000.000,406.089,-90.046
696000.000,1702000.000,405.193,-89.365
697000.000,1702000.000,402.183,-88.908
698000.000,1702000.000,406.606,-88.301
699000.000,1702000.000,409.783,-88.061
700000.000,1702000.000,413.349,-88.047
701000.000,1702000.000,418.806,-86.392
702000.000,1702000.000,425.671,-84.478
703000.000,1702000.000,444.419,-82.822
704000.000,1702000.000,438.550,-81.493
705000.000,1702000.000,420.619,-80.137
706000.000,1702000.000,418.804,-78.194
707000.000,1702000.000,417.859,-77.135
708000.000,1702000.000,406.267,-78.702
709000.000,1702000.000,397.151,-80.726
710000.000,1702000.000,404.492,-81.816
711000.000,1702000.000,398.814,-82.134
641000.000,1701000.000,496.777,-73.066
642000.000,1701000.000,554.104,-73.685
643000.000,1701000.000,507.376,-74.747
644000.000,1701000.000,516.601,-76.131
645000.000,1701000.000,521.503,-77.849
646000.000,1701000.000,539.707,-79.289
647000.000,1701000.000,527.009,-80.342
648000.000,1701000.000,583.313,-81.438
649000.000,1701000.000,513.435,-82.494
650000.000,1701000.000,537.226,-83.520
651000.000,1701000.000,555.586,-84.551
652000.000,1701000.000,547.372,-85.661
653000.000,1701000.000,519.714,-86.835
654000.000,1701000.000,541.598,-87.988
655000.000,1701000.000,470.219,-89.149
656000.000,1701000.000,520.100,-90.363
657000.000,1701000.000,507.052,-91.189
658000.000,1701000.000,440.147,-91.894
659000.000,1701000.000,438.173,-91.783
660000.000,1701000.000,430.565,-91.919
661000.000,1701000.000,432.181,-92.517
662000.000,1701000.000,415.789,-92.935
663000.000,1701000.000,448.275,-93.072
664000.000,1701000.000,406.087,-93.217
665000.000,1701000.000,397.547,-93.465
666000.000,1701000.000,439.103,-93.267
667000.000,1701000.000,409.538,-92.277
668000.000,1701000.000,423.123,-90.062
669000.000,1701000.000,401.106,-89.446
670000.000,1701000.000,400.686,-88.819
671000.000,1701000.000,399.581,-88.139
672000.000,1701000.000,409.376,-86.615
673000.000,1701000.000,420.456,-85.545
674000.000,1701000.000,418.331,-85.930
675000.000,1701000.000,414.137,-85.381
676000.000,1701000.000,414.579,-85.279
677000.000,1701000.000,415.502,-85.122
678000.000,1701000.000,403.653,-83.786
679000.000,1701000.000,403.786,-82.505
680000.000,1701000.000,400.502,-81.225
681000.000,1701000.000,411.817,-83.659
682000.000,1701000.000,411.781,-83.821
683000.000,1701000.000,405.828,-84.036
684000.000,1701000.000,406.285,-84.824
685000.000,1701000.000,403.121,-85.689
686000.000,1701000.000,411.779,-86.689
687000.000,1701000.000,418.763,-88.119
688000.000,1701000.000,429.322,-89.578
689000.000,1701000.000,419.908,-90.569
690000.000,1701000.000,411.706,-91.051
691000.000,1701000.000,416.813,-91.014
692000.000,1701000.000,419.449,-91.126
693000.000,1701000.000,415.690,-91.071
694000.000,1701000.000,413.243,-90.916
695000.000,1701000.000,414.139,-90.673
696000.000,1701000.000,415.045,-89.186
697000.000,1701000.000,408.429,-88.086
698000.000,1701000.000,407.691,-87.428
699000.000,1701000.000,418.295,-86.930
700000.000,1701000.000,420.398,-86.218
701000.000,1701000.000,422.284,-85.697
702000.000,1701000.000,428.437,-84.935
703000.000,1701000.000,432.878,-84.109
704000.000,1701000.000,457.527,-82.553
705000.000,1701000.000,430.485,-80.200
706000.000,1701000.000,418.173,-78.782
707000.000,1701000.000,410.009,-77.667
708000.000,1701000.000,403.744,-78.965
709000.000,1701000.000,400.622,-81.282
710000.000,1701000.000,409.157,-82.938
711000.000,1701000.000,405.346,-83.353
641000.000,1700000.000,491.734,-73.012
642000.000,1700000.000,499.791,-73.545
643000.000,1700000.000,511.246,-74.360
644000.000,1700000.000,513.125,-75.555
645000.000,1700000.000,533.799,-77.044
646000.000,1700000.000,495.129,-78.480
647000.000,1700000.000,499.941,-79.759
648000.000,1700000.000,480.074,-80.903
649000.000,1700000.000,486.026,-81.982
650000.000,1700000.000,502.861,-83.010
651000.000,1700000.000,549.943,-83.999
652000.000,1700000.000,560.925,-85.073
653000.000,1700000.000,514.791,-86.249
654000.000,1700000.000,529.698,-87.395
655000.000,1700000.000,457.639,-88.388
656000.000,1700000.000,480.698,-89.725
657000.000,1700000.000,439.035,-90.580
658000.000,1700000.000,438.859,-91.024
659000.000,1700000.000,445.116,-91.239
660000.000,1700000.000,420.279,-91.704
661000.000,1700000.000,415.797,-92.181
662000.000,1700000.000,410.069,-92.625
663000.000,1700000.000,416.951,-92.946
664000.000,1700000.000,398.479,-93.440
665000.000,1700000.000,404.617,-93.822
666000.000,1700000.000,409.161,-93.968
667000.000,1700000.000,453.167,-93.887
668000.000,1700000.000,407.854,-91.501
669000.000,1700000.000,429.519,-89.309
670000.000,1700000.000,405.942,-87.489
671000.000,1700000.000,410.163,-88.061
672000.000,1700000.000,411.888,-87.332
673000.000,1700000.000,424.355,-86.726
674000.000,1700000.000,420.312,-86.303
675000.000,1700000.000,421.277,-85.609
676000.000,1700000.000,420.877,-85.738
677000.000,1700000.000,415.996,-85.409
678000.000,1700000.000,406.038,-84.692
679000.000,1700000.000,406.256,-84.059
680000.000,1700000.000,400.672,-82.619
681000.000,1700000.000,414.662,-82.918
682000.000,1700000.000,415.932,-83.322
683000.000,1700000.000,409.914,-83.626
684000.000,1700000.000,409.788,-84.599
685000.000,1700000.000,403.902,-85.994
686000.000,1700000.000,414.780,-86.627
687000.000,1700000.000,421.304,-87.471
688000.000,1700000.000,429.948,-88.856
689000.000,1700000.000,423.762,-90.003
690000.000,1700000.000,417.386,-90.759
691000.000,1700000.000,420.717,-91.397
692000.000,1700000.000,429.758,-91.956
693000.000,1700000.000,424.603,-92.149
694000.000,1700000.000,421.500,-91.248
695000.000,1700000.000,424.018,-90.978
696000.000,1700000.000,421.608,-89.231
697000.000,1700000.000,415.523,-87.722
698000.000,1700000.000,409.746,-86.746
699000.000,1700000.000,409.895,-85.928
700000.000,1700000.000,413.059,-85.138
701000.000,1700000.000,418.321,-85.071
702000.000,1700000.000,422.660,-85.297
703000.000,1700000.000,430.635,-85.367
704000.000,1700000.000,440.278,-84.111
705000.000,1700000.000,442.259,-80.640
706000.000,1700000.000,417.761,-79.284
707000.000,1700000.000,410.471,-79.948
708000.000,1700000.000,404.641,-80.499
709000.000,1700000.000,406.787,-82.052
710000.000,1700000.000,411.468,-84.517
711000.000,1700000.000,404.129,-84.775
641000.000,1699000.000,497.813,-72.437
642000.000,1699000.000,491.528,-73.042
643000.000,1699000.000,515.796,-73.846
644000.000,1699000.000,526.407,-74.940
645000.000,1699000.000,482.565,-76.330
646000.000,1699000.000,480.092,-77.820
647000.000,1699000.000,517.514,-79.184
648000.000,1699000.000,479.057,-80.324
649000.000,1699000.000,466.532,-81.488
650000.000,1699000.000,467.744,-82.487
651000.000,1699000.000,456.173,-83.354
652000.000,1699000.000,469.195,-84.408
653000.000,1699000.000,511.422,-85.713
654000.000,1699000.000,476.659,-87.002
655000.000,1699000.000,455.359,-87.702
656000.000,1699000.000,440.562,-88.857
657000.000,1699000.000,428.305,-89.888
658000.000,1699000.000,439.481,-90.620
659000.000,1699000.000,436.098,-91.116
660000.000,1699000.000,420.189,-91.366
661000.000,1699000.000,468.834,-91.913
662000.000,1699000.000,418.729,-92.390
663000.000,1699000.000,401.206,-93.072
664000.000,1699000.000,411.242,-93.654
665000.000,1699000.000,435.637,-94.024
666000.000,1699000.000,430.090,-94.346
667000.000,1699000.000,446.677,-94.755
668000.000,1699000.000,429.737,-93.413
669000.000,1699000.000,413.000,-90.109
670000.000,1699000.000,431.329,-87.485
671000.000,1699000.000,418.309,-87.412
672000.000,1699000.000,413.122,-87.710
673000.000,1699000.000,424.627,-88.784
674000.000,1699000.000,424.766,-87.606
675000.000,1699000.000,421.738,-86.599
676000.000,1699000.000,415.762,-86.053
677000.000,1699000.000,409.740,-85.978
678000.000,1699000.000,410.702,-85.432
679000.000,1699000.000,409.974,-84.109
680000.000,1699000.000,403.541,-82.602
681000.000,1699000.000,411.241,-82.510
682000.000,1699000.000,417.907,-83.048
683000.000,1699000.000,415.083,-83.544
684000.000,1699000.000,414.541,-84.255
685000.000,1699000.000,405.199,-85.447
686000.000,1699000.000,413.626,-86.394
687000.000,1699000.000,417.668,-86.802
688000.000,1699000.000,422.743,-88.018
689000.000,1699000.000,428.508,-89.419
690000.000,1699000.000,421.585,-90.176
691000.000,1699000.000,425.158,-91.130
692000.000,1699000.000,434.444,-91.990
693000.000,1699000.000,437.357,-92.541
694000.000,1699000.000,431.774,-91.908
695000.000,1699000.000,471.601,-91.032
696000.000,1699000.000,428.314,-89.673
697000.000,1699000.000,420.238,-88.298
698000.000,1699000.000,420.579,-86.853
699000.000,1699000.000,416.677,-85.223
700000.000,1699000.000,414.307,-84.121
701000.000,1699000.000,419.924,-84.487
702000.000,1699000.000,421.976,-85.347
703000.000,1699000.000,429.663,-86.000
704000.000,1699000.000,436.255,-84.395
705000.000,1699000.000,430.498,-80.467
706000.000,1699000.000,420.057,-78.781
707000.000,1699000.000,414.760,-79.513
708000.000,1699000.000,412.181,-80.063
709000.000,1699000.000,417.210,-80.917
710000.000,1699000.000,413.555,-84.485
711000.000,1699000.000,406.855,-86.010
641000.000,1698000.000,483.519,-71.518
642000.000,1698000.000,479.502,-72.127
643000.000,1698000.000,484.566,-73.195
644000.000,1698000.000,494.056,-74.392
645000.000,1698000.000,478.562,-75.776
646000.000,1698000.000,470.500,-77.364
647000.000,1698000.000,499.077,-78.718
648000.000,1698000.000,476.755,-79.760
649000.000,1698000.000,455.128,-81.107
650000.000,1698000.000,452.348,-81.982
651000.000,1698000.000,451.138,-82.618
652000.000,1698000.000,458.612,-83.732
653000.000,1698000.000,583.910,-85.218
654000.000,1698000.000,441.097,-86.268
655000.000,1698000.000,441.523,-87.085
656000.000,1698000.000,462.501,-88.151
657000.000,1698000.000,423.751,-89.131
658000.000,1698000.000,423.275,-89.905
659000.000,1698000.000,484.532,-90.408
660000.000,1698000.000,417.405,-90.482
661000.000,1698000.000,403.716,-91.035
662000.000,1698000.000,408.941,-91.807
663000.000,1698000.000,412.215,-92.741
664000.000,1698000.000,421.725,-93.679
665000.000,1698000.000,444.004,-93.924
666000.000,1698000.000,428.802,-94.087
667000.000,1698000.000,467.973,-94.529
668000.000,1698000.000,461.845,-94.128
669000.000,1698000.000,417.536,-91.445
670000.000,1698000.000,423.791,-87.963
671000.000,1698000.000,431.926,-87.577
672000.000,1698000.000,425.460,-87.027
673000.000,1698000.000,426.762,-87.723
674000.000,1698000.000,428.517,-88.490
675000.000,1698000.000,421.664,-88.683
676000.000,1698000.000,421.700,-87.811
677000.000,1698000.000,418.272,-86.769
678000.000,1698000.000,413.911,-86.008
679000.000,1698000.000,412.826,-84.528
680000.000,1698000.000,404.131,-82.435
681000.000,1698000.000,412.395,-82.211
682000.000,1698000.000,420.677,-82.923
683000.000,1698000.000,418.853,-83.628
684000.000,1698000.000,416.980,-84.008
685000.000,1698000.000,407.736,-84.150
686000.000,1698000.000,420.306,-85.628
687000.000,1698000.000,424.445,-86.291
688000.000,1698000.000,428.867,-87.049
689000.000,1698000.000,433.351,-88.031
690000.000,1698000.000,432.220,-89.016
691000.000,1698000.000,433.651,-89.728
692000.000,1698000.000,438.079,-90.474
693000.000,1698000.000,469.163,-91.186
694000.000,1698000.000,528.350,-91.253
695000.000,1698000.000,511.413,-90.713
696000.000,1698000.000,465.206,-89.758
697000.000,1698000.000,510.781,-88.663
698000.000,1698000.000,427.680,-87.071
699000.000,1698000.000,421.774,-84.828
700000.000,1698000.000,418.530,-83.202
701000.000,1698000.000,423.823,-83.305
702000.000,1698000.000,429.169,-84.139
703000.000,1698000.000,431.728,-84.441
704000.000,1698000.000,429.904,-83.041
705000.000,1698000.000,425.294,-80.153
706000.000,1698000.000,422.240,-78.140
707000.000,1698000.000,415.492,-78.403
708000.000,1698000.000,415.060,-79.091
709000.000,1698000.000,421.534,-77.870
710000.000,1698000.000,418.914,-82.662
711000.000,1698000.000,413.910,-84.704
641000.000,1697000.000,472.404,-71.443
642000.000,1697000.000,473.580,-71.024
643000.000,1697000.000,468.690,-72.679
644000.000,1697000.000,466.960,-73.952
645000.000,1697000.000,467.000,-75.186
646000.000,1697000.000,522.554,-77.091
647000.000,1697000.000,457.676,-78.315
648000.000,1697000.000,450.007,-79.318
649000.000,1697000.000,446.582,-80.882
650000.000,1697000.000,445.639,-82.029
651000.000,1697000.000,444.092,-82.862
652000.000,1697000.000,440.842,-83.864
653000.000,1697000.000,435.067,-84.992
654000.000,1697000.000,425.243,-85.848
655000.000,1697000.000,432.848,-86.796
656000.000,1697000.000,419.098,-87.632
657000.000,1697000.000,456.574,-88.425
658000.000,1697000.000,405.399,-89.127
659000.000,1697000.000,437.955,-89.264
660000.000,1697000.000,403.362,-89.471
661000.000,1697000.000,412.586,-90.138
662000.000,1697000.000,413.630,-90.809
663000.000,1697000.000,448.912,-91.649
664000.000,1697000.000,432.100,-93.007
665000.000,1697000.000,463.553,-93.075
666000.000,1697000.000,486.880,-93.212
667000.000,1697000.000,476.914,-93.601
668000.000,1697000.000,526.286,-93.545
669000.000,1697000.000,455.492,-92.091
670000.000,1697000.000,425.835,-89.158
671000.000,1697000.000,440.016,-88.283
672000.000,1697000.000,488.961,-86.955
673000.000,1697000.000,444.022,-86.908
674000.000,1697000.000,428.898,-87.712
675000.000,1697000.000,428.752,-88.583
676000.000,1697000.000,428.002,-88.376
677000.000,1697000.000,421.524,-86.889
678000.000,1697000.000,417.026,-85.608
679000.000,1697000.000,417.238,-83.997
680000.000,1697000.000,408.356,-81.413
681000.000,1697000.000,413.728,-81.747
682000.000,1697000.000,419.046,-82.824
683000.000,1697000.000,421.746,-83.557
684000.000,1697000.000,417.121,-84.159
685000.000,1697000.000,413.289,-84.646
686000.000,1697000.000,414.074,-85.655
687000.000,1697000.000,421.434,-86.358
688000.000,1697000.000,423.941,-86.700
689000.000,1697000.000,429.141,-86.903
690000.000,1697000.000,436.727,-87.872
691000.000,1697000.000,438.941,-88.113
692000.000,1697000.000,441.576,-88.554
693000.000,1697000.000,512.353,-89.632
694000.000,1697000.000,492.830,-90.229
695000.000,1697000.000,471.794,-90.151
696000.000,1697000.000,446.643,-89.561
697000.000,1697000.000,437.235,-88.790
698000.000,1697000.000,428.106,-87.116
699000.000,1697000.000,423.534,-84.368
700000.000,1697000.000,421.703,-81.789
701000.000,1697000.000,424.867,-81.553
702000.000,1697000.000,435.733,-82.135
703000.000,1697000.000,437.883,-82.201
704000.000,1697000.000,432.086,-81.538
705000.000,1697000.000,425.411,-80.591
706000.000,1697000.000,421.430,-78.770
707000.000,1697000.000,418.816,-77.408
708000.000,1697000.000,421.502,-77.567
709000.000,1697000.000,423.309,-77.450
710000.000,1697000.000,418.570,-79.685
711000.000,1697000.000,413.147,-82.147
641000.000,1696000.000,470.033,-71.878
642000.000,1696000.000,466.993,-71.832
643000.000,1696000.000,465.176,-72.565
644000.000,1696000.000,460.175,-73.273
645000.000,1696000.000,460.419,-74.751
646000.000,1696000.000,451.292,-76.495
647000.000,1696000.000,451.288,-77.639
648000.000,1696000.000,451.194,-79.064
649000.000,1696000.000,451.500,-80.855
650000.000,1696000.000,457.663,-81.745
651000.000,1696000.000,446.286,-82.885
652000.000,1696000.000,443.251,-83.924
653000.000,1696000.000,437.684,-84.700
654000.000,1696000.000,430.868,-85.473
655000.000,1696000.000,417.863,-86.335
656000.000,1696000.000,418.595,-87.131
657000.000,1696000.000,422.869,-87.889
658000.000,1696000.000,443.861,-88.531
659000.000,1696000.000,416.366,-88.862
660000.000,1696000.000,469.204,-89.217
661000.000,1696000.000,417.036,-89.699
662000.000,1696000.000,419.102,-89.928
663000.000,1696000.000,422.069,-90.029
664000.000,1696000.000,429.105,-91.237
665000.000,1696000.000,484.190,-91.920
666000.000,1696000.000,520.574,-92.323
667000.000,1696000.000,563.808,-92.613
668000.000,1696000.000,534.603,-92.619
669000.000,1696000.000,535.077,-92.066
670000.000,1696000.000,445.620,-90.735
671000.000,1696000.000,502.599,-89.524
672000.000,1696000.000,460.088,-88.260
673000.000,1696000.000,440.374,-86.915
674000.000,1696000.000,431.773,-86.577
675000.000,1696000.000,433.442,-87.578
676000.000,1696000.000,431.107,-87.973
677000.000,1696000.000,423.631,-87.001
678000.000,1696000.000,423.465,-85.810
679000.000,1696000.000,420.985,-84.538
680000.000,1696000.000,414.669,-82.054
681000.000,1696000.000,418.595,-82.739
682000.000,1696000.000,422.346,-83.740
683000.000,1696000.000,424.077,-83.856
684000.000,1696000.000,421.225,-84.283
685000.000,1696000.000,414.506,-84.895
686000.000,1696000.000,420.670,-86.188
687000.000,1696000.000,423.920,-87.006
688000.000,1696000.000,428.071,-86.986
689000.000,1696000.000,432.463,-86.943
690000.000,1696000.000,430.522,-87.122
691000.000,1696000.000,438.117,-87.244
692000.000,1696000.000,441.883,-87.607
693000.000,1696000.000,450.895,-88.799
694000.000,1696000.000,455.351,-89.386
695000.000,1696000.000,447.590,-89.471
696000.000,1696000.000,503.876,-88.788
697000.000,1696000.000,443.008,-87.903
698000.000,1696000.000,431.372,-86.613
699000.000,1696000.000,431.433,-84.276
700000.000,1696000.000,424.752,-80.576
701000.000,1696000.000,436.274,-78.487
702000.000,1696000.000,447.102,-77.245
703000.000,1696000.000,439.172,-76.019
704000.000,1696000.000,433.950,-76.442
705000.000,1696000.000,437.362,-79.535
706000.000,1696000.000,430.527,-78.772
707000.000,1696000.000,426.663,-76.147
708000.000,1696000.000,426.659,-76.094
709000.000,1696000.000,414.393,-75.630
710000.000,1696000.000,409.893,-76.436
711000.000,1696000.000,404.876,-79.560
641000.000,1695000.000,473.755,-71.703
642000.000,1695000.000,471.442,-72.087
643000.000,1695000.000,472.412,-72.842
644000.000,1695000.000,461.452,-73.446
645000.000,1695000.000,455.709,-74.633
646000.000,1695000.000,453.996,-75.831
647000.000,1695000.000,452.855,-76.899
648000.000,1695000.000,449.995,-78.334
649000.000,1695000.000,445.729,-79.845
650000.000,1695000.000,440.507,-80.843
651000.000,1695000.000,437.622,-81.859
652000.000,1695000.000,462.023,-83.057
653000.000,1695000.000,442.658,-84.060
654000.000,1695000.000,435.285,-84.850
655000.000,1695000.000,431.703,-85.580
656000.000,1695000.000,433.731,-86.323
657000.000,1695000.000,427.707,-87.343
658000.000,1695000.000,479.259,-88.092
659000.000,1695000.000,431.570,-88.774
660000.000,1695000.000,437.890,-89.566
661000.000,1695000.000,421.022,-89.859
662000.000,1695000.000,421.679,-89.903
663000.000,1695000.000,439.202,-90.004
664000.000,1695000.000,441.189,-90.678
665000.000,1695000.000,515.697,-91.429
666000.000,1695000.000,504.877,-91.911
667000.000,1695000.000,588.181,-92.100
668000.000,1695000.000,561.339,-92.076
669000.000,1695000.000,620.549,-92.338
670000.000,1695000.000,509.131,-91.866
671000.000,1695000.000,451.973,-90.772
672000.000,1695000.000,482.613,-89.588
673000.000,1695000.000,440.351,-88.183
674000.000,1695000.000,438.649,-87.060
675000.000,1695000.000,442.257,-87.811
676000.000,1695000.000,435.839,-88.413
677000.000,1695000.000,430.441,-87.940
678000.000,1695000.000,427.017,-86.857
679000.000,1695000.000,416.658,-85.590
680000.000,1695000.000,420.964,-83.837
681000.000,1695000.000,421.041,-83.478
682000.000,1695000.000,422.533,-83.955
683000.000,1695000.000,426.056,-83.990
684000.000,1695000.000,421.049,-84.318
685000.000,1695000.000,417.497,-84.919
686000.000,1695000.000,418.123,-85.976
687000.000,1695000.000,424.026,-86.790
688000.000,1695000.000,426.892,-86.899
689000.000,1695000.000,426.912,-86.732
690000.000,1695000.000,434.083,-86.621
691000.000,1695000.000,438.640,-86.629
692000.000,1695000.000,443.580,-87.011
693000.000,1695000.000,446.448,-88.053
694000.000,1695000.000,454.274,-88.637
695000.000,1695000.000,456.886,-88.901
696000.000,1695000.000,453.147,-88.489
697000.000,1695000.000,441.560,-87.710
698000.000,1695000.000,434.432,-86.399
699000.000,1695000.000,433.498,-83.693
700000.000,1695000.000,431.019,-79.225
701000.000,1695000.000,433.794,-75.771
702000.000,1695000.000,442.949,-72.441
703000.000,1695000.000,445.685,-70.069
704000.000,1695000.000,442.469,-70.883
705000.000,1695000.000,445.618,-76.802
706000.000,1695000.000,431.751,-77.658
707000.000,1695000.000,419.247,-75.605
708000.000,1695000.000,418.110,-75.636
709000.000,1695000.000,411.898,-74.935
710000.000,1695000.000,405.841,-74.527
711000.000,1695000.000,404.550,-78.720
641000.000,1694000.000,480.379,-71.805
642000.000,1694000.000,474.472,-72.537
643000.000,1694000.000,466.693,-73.447
644000.000,1694000.000,459.537,-74.246
645000.000,1694000.000,455.718,-74.991
646000.000,1694000.000,455.037,-75.618
647000.000,1694000.000,453.925,-76.272
648000.000,1694000.000,455.356,-77.820
649000.000,1694000.000,450.596,-79.047
650000.000,1694000.000,467.197,-79.797
651000.000,1694000.000,453.333,-80.551
652000.000,1694000.000,466.048,-81.752
653000.000,1694000.000,450.425,-82.796
654000.000,1694000.000,443.013,-83.935
655000.000,1694000.000,439.174,-84.697
656000.000,1694000.000,435.024,-85.367
657000.000,1694000.000,434.955,-86.780
658000.000,1694000.000,439.645,-87.448
659000.000,1694000.000,446.161,-88.380
660000.000,1694000.000,465.002,-89.425
661000.000,1694000.000,438.243,-89.827
662000.000,1694000.000,434.354,-90.062
663000.000,1694000.000,458.642,-90.222
664000.000,1694000.000,486.062,-90.700
665000.000,1694000.000,490.651,-91.451
666000.000,1694000.000,490.584,-91.919
667000.000,1694000.000,511.574,-92.036
668000.000,1694000.000,535.712,-92.372
669000.000,1694000.000,544.999,-92.868
670000.000,1694000.000,532.710,-92.733
671000.000,1694000.000,456.706,-91.539
672000.000,1694000.000,450.567,-90.210
673000.000,1694000.000,452.478,-90.111
674000.000,1694000.000,448.884,-88.551
675000.000,1694000.000,447.375,-89.047
676000.000,1694000.000,438.385,-89.518
677000.000,1694000.000,431.531,-88.777
678000.000,1694000.000,424.634,-87.856
679000.000,1694000.000,424.047,-86.416
680000.000,1694000.000,421.578,-85.142
681000.000,1694000.000,424.521,-84.751
682000.000,1694000.000,425.837,-84.729
683000.000,1694000.000,426.836,-84.099
684000.000,1694000.000,422.530,-84.303
685000.000,1694000.000,425.088,-84.830
686000.000,1694000.000,421.520,-85.501
687000.000,1694000.000,421.229,-86.027
688000.000,1694000.000,423.182,-86.273
689000.000,1694000.000,425.572,-86.097
690000.000,1694000.000,429.269,-85.877
691000.000,1694000.000,433.816,-85.663
692000.000,1694000.000,439.055,-85.774
693000.000,1694000.000,445.396,-86.735
694000.000,1694000.000,454.815,-87.723
695000.000,1694000.000,454.898,-88.187
696000.000,1694000.000,456.750,-88.067
697000.000,1694000.000,449.116,-87.696
698000.000,1694000.000,442.064,-86.658
699000.000,1694000.000,438.188,-84.177
700000.000,1694000.000,439.251,-78.864
701000.000,1694000.000,440.855,-74.620
702000.000,1694000.000,439.781,-70.167
703000.000,1694000.000,439.240,-67.143
704000.000,1694000.000,441.708,-68.411
705000.000,1694000.000,427.081,-74.337
706000.000,1694000.000,425.184,-75.401
707000.000,1694000.000,416.768,-73.269
708000.000,1694000.000,410.175,-73.779
709000.000,1694000.000,407.832,-73.956
710000.000,1694000.000,410.817,-73.866
711000.000,1694000.000,414.112,-78.137
641000.000,1693000.000,486.398,-70.939
642000.000,1693000.000,475.291,-72.216
643000.000,1693000.000,468.253,-73.402
644000.000,1693000.000,461.696,-74.483
645000.000,1693000.000,449.061,-75.398
646000.000,1693000.000,457.892,-75.873
647000.000,1693000.000,457.803,-76.179
648000.000,1693000.000,456.441,-76.945
649000.000,1693000.000,460.413,-78.401
650000.000,1693000.000,502.149,-79.458
651000.000,1693000.000,471.977,-80.101
652000.000,1693000.000,464.379,-80.760
653000.000,1693000.000,483.062,-81.516
654000.000,1693000.000,451.937,-82.948
655000.000,1693000.000,448.761,-84.103
656000.000,1693000.000,447.259,-84.848
657000.000,1693000.000,438.732,-85.466
658000.000,1693000.000,445.493,-86.360
659000.000,1693000.000,457.819,-87.339
660000.000,1693000.000,454.899,-88.486
661000.000,1693000.000,445.305,-89.181
662000.000,1693000.000,438.361,-89.641
663000.000,1693000.000,460.577,-90.132
664000.000,1693000.000,461.434,-90.755
665000.000,1693000.000,495.191,-91.560
666000.000,1693000.000,512.030,-92.011
667000.000,1693000.000,496.922,-91.984
668000.000,1693000.000,506.929,-92.466
669000.000,1693000.000,537.372,-93.024
670000.000,1693000.000,508.264,-92.769
671000.000,1693000.000,550.848,-91.838
672000.000,1693000.000,534.824,-90.917
673000.000,1693000.000,520.103,-89.656
674000.000,1693000.000,455.507,-88.281
675000.000,1693000.000,443.609,-87.840
676000.000,1693000.000,439.844,-88.184
677000.000,1693000.000,433.531,-88.911
678000.000,1693000.000,427.700,-88.567
679000.000,1693000.000,432.570,-87.568
680000.000,1693000.000,425.812,-86.099
681000.000,1693000.000,427.989,-84.874
682000.000,1693000.000,428.722,-84.996
683000.000,1693000.000,429.546,-84.890
684000.000,1693000.000,425.365,-84.282
685000.000,1693000.000,426.684,-84.191
686000.000,1693000.000,424.855,-84.530
687000.000,1693000.000,425.598,-84.835
688000.000,1693000.000,431.990,-85.068
689000.000,1693000.000,430.915,-84.886
690000.000,1693000.000,430.525,-84.854
691000.000,1693000.000,437.968,-84.954
692000.000,1693000.000,445.018,-85.180
693000.000,1693000.000,449.773,-86.013
694000.000,1693000.000,453.533,-86.957
695000.000,1693000.000,449.453,-87.604
696000.000,1693000.000,446.055,-87.750
697000.000,1693000.000,448.709,-87.375
698000.000,1693000.000,441.600,-86.401
699000.000,1693000.000,441.009,-84.411
700000.000,1693000.000,438.536,-79.463
701000.000,1693000.000,434.934,-74.105
702000.000,1693000.000,435.967,-69.376
703000.000,1693000.000,432.962,-66.254
704000.000,1693000.000,434.996,-66.690
705000.000,1693000.000,424.409,-71.384
706000.000,1693000.000,420.686,-72.055
707000.000,1693000.000,415.331,-70.314
708000.000,1693000.000,411.467,-70.906
709000.000,1693000.000,414.205,-72.013
710000.000,1693000.000,420.260,-73.288
711000.000,1693000.000,418.432,-76.507
641000.000,1692000.000,484.054,-69.775
642000.000,1692000.000,480.383,-71.449
643000.000,1692000.000,467.003,-72.857
644000.000,1692000.000,460.093,-74.238
645000.000,1692000.000,452.924,-75.245
646000.000,1692000.000,460.481,-75.872
647000.000,1692000.000,459.467,-76.667
648000.000,1692000.000,459.130,-76.896
649000.000,1692000.000,462.042,-77.685
650000.000,1692000.000,465.866,-78.790
651000.000,1692000.000,474.970,-79.621
652000.000,1692000.000,481.302,-80.479
653000.000,1692000.000,473.397,-81.325
654000.000,1692000.000,459.748,-82.622
655000.000,1692000.000,470.744,-83.880
656000.000,1692000.000,455.705,-84.796
657000.000,1692000.000,451.500,-85.091
658000.000,1692000.000,451.939,-86.063
659000.000,1692000.000,466.846,-87.479
660000.000,1692000.000,472.449,-88.179
661000.000,1692000.000,455.005,-88.748
662000.000,1692000.000,453.326,-89.191
663000.000,1692000.000,453.553,-89.895
664000.000,1692000.000,459.230,-90.800
665000.000,1692000.000,458.015,-91.577
666000.000,1692000.000,484.868,-92.036
667000.000,1692000.000,499.621,-91.968
668000.000,1692000.000,492.275,-92.349
669000.000,1692000.000,496.120,-92.884
670000.000,1692000.000,483.325,-92.298
671000.000,1692000.000,473.672,-91.947
672000.000,1692000.000,467.581,-91.594
673000.000,1692000.000,460.746,-89.691
674000.000,1692000.000,456.133,-88.022
675000.000,1692000.000,468.158,-86.794
676000.000,1692000.000,446.851,-86.710
677000.000,1692000.000,438.829,-88.880
678000.000,1692000.000,431.628,-89.125
679000.000,1692000.000,436.831,-88.575
680000.000,1692000.000,428.447,-86.675
681000.000,1692000.000,432.553,-84.149
682000.000,1692000.000,431.219,-85.065
683000.000,1692000.000,432.082,-84.970
684000.000,1692000.000,426.415,-84.359
685000.000,1692000.000,429.875,-83.942
686000.000,1692000.000,429.948,-83.921
687000.000,1692000.000,426.558,-84.053
688000.000,1692000.000,434.739,-83.948
689000.000,1692000.000,442.193,-83.792
690000.000,1692000.000,438.687,-84.093
691000.000,1692000.000,437.754,-84.820
692000.000,1692000.000,445.367,-85.293
693000.000,1692000.000,449.281,-85.996
694000.000,1692000.000,448.420,-86.353
695000.000,1692000.000,444.901,-86.688
696000.000,1692000.000,440.074,-86.945
697000.000,1692000.000,438.938,-86.717
698000.000,1692000.000,436.063,-86.072
699000.000,1692000.000,431.400,-84.211
700000.000,1692000.000,428.079,-80.534
701000.000,1692000.000,428.846,-75.448
702000.000,1692000.000,432.848,-70.626
703000.000,1692000.000,431.382,-67.188
704000.000,1692000.000,422.982,-66.591
705000.000,1692000.000,419.797,-69.625
706000.000,1692000.000,414.931,-69.603
707000.000,1692000.000,419.074,-68.475
708000.000,1692000.000,417.760,-68.805
709000.000,1692000.000,422.889,-70.317
710000.000,1692000.000,423.468,-71.708
711000.000,1692000.000,417.174,-74.258
641000.000,1691000.000,509.079,-68.516
642000.000,1691000.000,472.430,-70.037
643000.000,1691000.000,466.818,-72.038
644000.000,1691000.000,457.811,-73.957
645000.000,1691000.000,460.190,-74.993
646000.000,1691000.000,464.092,-75.437
647000.000,1691000.000,465.678,-75.924
648000.000,1691000.000,466.755,-76.382
649000.000,1691000.000,465.067,-77.042
650000.000,1691000.000,471.047,-77.890
651000.000,1691000.000,472.715,-78.562
652000.000,1691000.000,476.942,-80.144
653000.000,1691000.000,484.935,-81.516
654000.000,1691000.000,471.640,-82.433
655000.000,1691000.000,470.990,-83.533
656000.000,1691000.000,459.699,-84.426
657000.000,1691000.000,453.252,-85.104
658000.000,1691000.000,463.236,-86.059
659000.000,1691000.000,465.709,-87.012
660000.000,1691000.000,467.400,-87.897
661000.000,1691000.000,466.141,-88.733
662000.000,1691000.000,477.623,-89.048
663000.000,1691000.000,490.225,-89.465
664000.000,1691000.000,492.059,-90.210
665000.000,1691000.000,495.882,-90.738
666000.000,1691000.000,485.154,-91.424
667000.000,1691000.000,493.807,-91.995
668000.000,1691000.000,509.860,-92.463
669000.000,1691000.000,511.243,-92.852
670000.000,1691000.000,507.709,-92.196
671000.000,1691000.000,482.650,-92.742
672000.000,1691000.000,476.855,-92.758
673000.000,1691000.000,472.688,-91.227
674000.000,1691000.000,531.613,-89.827
675000.000,1691000.000,457.696,-88.470
676000.000,1691000.000,449.761,-86.148
677000.000,1691000.000,440.684,-86.565
678000.000,1691000.000,447.450,-88.524
679000.000,1691000.000,440.960,-88.700
680000.000,1691000.000,434.830,-87.965
681000.000,1691000.000,430.376,-87.071
682000.000,1691000.000,434.282,-87.068
683000.000,1691000.000,432.587,-85.938
684000.000,1691000.000,434.156,-85.134
685000.000,1691000.000,428.538,-84.369
686000.000,1691000.000,436.091,-83.876
687000.000,1691000.000,430.750,-84.207
688000.000,1691000.000,435.944,-84.006
689000.000,1691000.000,447.556,-83.641
690000.000,1691000.000,449.547,-84.055
691000.000,1691000.000,442.848,-84.856
692000.000,1691000.000,450.491,-85.134
693000.000,1691000.000,448.735,-85.659
694000.000,1691000.000,442.832,-85.848
695000.000,1691000.000,439.612,-85.886
696000.000,1691000.000,437.802,-85.979
697000.000,1691000.000,436.110,-85.838
698000.000,1691000.000,434.969,-86.047
699000.000,1691000.000,432.967,-84.755
700000.000,1691000.000,433.823,-81.189
701000.000,1691000.000,427.542,-77.099
702000.000,1691000.000,423.307,-73.017
703000.000,1691000.000,420.922,-69.858
704000.000,1691000.000,419.281,-68.927
705000.000,1691000.000,421.516,-69.580
706000.000,1691000.000,425.068,-68.505
707000.000,1691000.000,427.912,-66.915
708000.000,1691000.000,426.450,-66.588
709000.000,1691000.000,428.770,-68.295
710000.000,1691000.000,425.197,-70.146
711000.000,1691000.000,419.127,-72.412
641000.000,1690000.000,492.000,-66.581
642000.000,1690000.000,491.058,-67.398
643000.000,1690000.000,469.107,-70.891
644000.000,1690000.000,463.427,-73.328
645000.000,1690000.000,466.914,-74.269
646000.000,1690000.000,468.390,-74.805
647000.000,1690000.000,471.321,-75.009
648000.000,1690000.000,475.501,-75.755
649000.000,1690000.000,471.420,-76.783
650000.000,1690000.000,476.259,-77.598
651000.000,1690000.000,479.884,-78.456
652000.000,1690000.000,481.291,-79.641
653000.000,1690000.000,486.714,-81.040
654000.000,1690000.000,479.485,-81.670
655000.000,1690000.000,468.910,-82.897
656000.000,1690000.000,464.031,-84.062
657000.000,1690000.000,461.288,-84.914
658000.000,1690000.000,465.538,-85.852
659000.000,1690000.000,474.282,-86.207
660000.000,1690000.000,480.135,-87.277
661000.000,1690000.000,492.962,-88.689
662000.000,1690000.000,481.314,-89.055
663000.000,1690000.000,508.848,-89.265
664000.000,1690000.000,496.445,-89.479
665000.000,1690000.000,505.972,-89.588
666000.000,1690000.000,520.142,-90.759
667000.000,1690000.000,534.438,-91.727
668000.000,1690000.000,529.456,-92.579
669000.000,1690000.000,567.340,-93.255
670000.000,1690000.000,551.346,-93.487
671000.000,1690000.000,572.497,-93.740
672000.000,1690000.000,518.751,-93.496
673000.000,1690000.000,525.517,-92.644
674000.000,1690000.000,514.747,-91.821
675000.000,1690000.000,472.612,-90.545
676000.000,1690000.000,452.762,-87.826
677000.000,1690000.000,454.370,-86.239
678000.000,1690000.000,449.379,-87.110
679000.000,1690000.000,447.481,-85.777
680000.000,1690000.000,440.001,-86.591
681000.000,1690000.000,430.867,-87.642
682000.000,1690000.000,436.986,-88.354
683000.000,1690000.000,433.582,-87.216
684000.000,1690000.000,438.831,-85.868
685000.000,1690000.000,436.548,-84.963
686000.000,1690000.000,436.118,-84.705
687000.000,1690000.000,436.116,-85.027
688000.000,1690000.000,435.222,-84.751
689000.000,1690000.000,443.986,-83.694
690000.000,1690000.000,452.695,-83.414
691000.000,1690000.000,452.450,-84.032
692000.000,1690000.000,451.357,-84.279
693000.000,1690000.000,445.589,-84.422
694000.000,1690000.000,446.264,-84.776
695000.000,1690000.000,446.199,-85.033
696000.000,1690000.000,446.207,-85.001
697000.000,1690000.000,439.038,-84.830
698000.000,1690000.000,439.299,-84.995
699000.000,1690000.000,437.641,-84.232
700000.000,1690000.000,436.922,-81.779
701000.000,1690000.000,427.425,-78.949
702000.000,1690000.000,429.968,-76.433
703000.000,1690000.000,434.134,-73.577
704000.000,1690000.000,422.057,-72.094
705000.000,1690000.000,431.269,-70.761
706000.000,1690000.000,430.094,-68.501
707000.000,1690000.000,430.160,-66.093
708000.000,1690000.000,434.851,-64.349
709000.000,1690000.000,431.020,-65.333
710000.000,1690000.000,424.744,-67.538
711000.000,1690000.000,421.433,-70.513
641000.000,1689000.000,492.000,-64.989
642000.000,1689000.000,498.928,-64.661
643000.000,1689000.000,473.816,-68.178
644000.000,1689000.000,469.971,-71.230
645000.000,1689000.000,473.638,-71.847
646000.000,1689000.000,474.569,-73.306
647000.000,1689000.000,472.299,-74.250
648000.000,1689000.000,481.607,-75.102
649000.000,1689000.000,481.204,-76.348
650000.000,1689000.000,478.601,-77.180
651000.000,1689000.000,484.722,-78.553
652000.000,1689000.000,486.331,-79.336
653000.000,1689000.000,489.582,-79.875
654000.000,1689000.000,488.767,-80.528
655000.000,1689000.000,485.136,-82.153
656000.000,1689000.000,487.524,-83.555
657000.000,1689000.000,533.923,-84.337
658000.000,1689000.000,498.667,-85.193
659000.000,1689000.000,503.476,-85.603
660000.000,1689000.000,493.047,-86.802
661000.000,1689000.000,502.235,-88.221
662000.000,1689000.000,546.468,-88.926
663000.000,1689000.000,508.943,-89.370
664000.000,1689000.000,510.356,-89.569
665000.000,1689000.000,520.468,-89.753
666000.000,1689000.000,534.318,-90.891
667000.000,1689000.000,547.531,-92.004
668000.000,1689000.000,569.486,-93.041
669000.000,1689000.000,596.309,-93.437
670000.000,1689000.000,602.396,-94.079
671000.000,1689000.000,528.152,-94.562
672000.000,1689000.000,492.739,-94.303
673000.000,1689000.000,557.218,-93.910
674000.000,1689000.000,577.043,-93.356
675000.000,1689000.000,517.123,-92.332
676000.000,1689000.000,495.903,-90.845
677000.000,1689000.000,526.428,-88.773
678000.000,1689000.000,499.424,-87.124
679000.000,1689000.000,516.159,-82.963
680000.000,1689000.000,447.215,-82.022
681000.000,1689000.000,437.402,-84.567
682000.000,1689000.000,439.623,-87.121
683000.000,1689000.000,436.120,-87.690
684000.000,1689000.000,441.104,-87.949
685000.000,1689000.000,444.028,-87.455
686000.000,1689000.000,438.550,-87.239
687000.000,1689000.000,440.897,-86.694
688000.000,1689000.000,443.517,-86.041
689000.000,1689000.000,443.578,-84.557
690000.000,1689000.000,453.513,-83.500
691000.000,1689000.000,456.715,-83.733
692000.000,1689000.000,451.128,-83.954
693000.000,1689000.000,453.167,-83.858
694000.000,1689000.000,452.567,-84.058
695000.000,1689000.000,452.418,-84.281
696000.000,1689000.000,446.749,-84.275
697000.000,1689000.000,446.889,-84.124
698000.000,1689000.000,440.453,-83.994
699000.000,1689000.000,442.022,-83.483
700000.000,1689000.000,432.836,-82.180
701000.000,1689000.000,433.040,-80.810
702000.000,1689000.000,438.665,-80.147
703000.000,1689000.000,437.017,-78.747
704000.000,1689000.000,426.899,-76.267
705000.000,1689000.000,428.320,-74.194
706000.000,1689000.000,431.465,-71.029
707000.000,1689000.000,435.741,-67.365
708000.000,1689000.000,436.841,-64.722
709000.000,1689000.000,434.749,-64.653
710000.000,1689000.000,429.700,-66.012
711000.000,1689000.000,425.884,-68.269
641000.000,1688000.000,492.000,-64.653
642000.000,1688000.000,492.000,-63.590
643000.000,1688000.000,488.912,-65.071
644000.000,1688000.000,479.253,-67.113
645000.000,1688000.000,485.408,-68.154
646000.000,1688000.000,483.751,-70.820
647000.000,1688000.000,479.448,-72.211
648000.000,1688000.000,484.486,-73.978
649000.000,1688000.000,487.266,-75.128
650000.000,1688000.000,487.578,-75.874
651000.000,1688000.000,484.937,-76.809
652000.000,1688000.000,495.518,-77.818
653000.000,1688000.000,494.311,-78.879
654000.000,1688000.000,500.313,-79.879
655000.000,1688000.000,503.105,-81.043
656000.000,1688000.000,517.145,-82.213
657000.000,1688000.000,535.962,-83.208
658000.000,1688000.000,508.621,-83.903
659000.000,1688000.000,523.323,-84.096
660000.000,1688000.000,517.796,-85.395
661000.000,1688000.000,556.869,-87.023
662000.000,1688000.000,517.146,-88.168
663000.000,1688000.000,530.923,-89.181
664000.000,1688000.000,521.176,-89.775
665000.000,1688000.000,532.709,-90.352
666000.000,1688000.000,551.318,-90.981
667000.000,1688000.000,565.069,-91.888
668000.000,1688000.000,591.539,-93.012
669000.000,1688000.000,603.432,-93.364
670000.000,1688000.000,602.268,-93.975
671000.000,1688000.000,514.615,-94.939
672000.000,1688000.000,624.818,-94.880
673000.000,1688000.000,612.980,-94.681
674000.000,1688000.000,579.142,-94.419
675000.000,1688000.000,527.795,-93.717
676000.000,1688000.000,507.841,-92.755
677000.000,1688000.000,502.679,-89.875
678000.000,1688000.000,563.553,-86.291
679000.000,1688000.000,452.421,-82.167
680000.000,1688000.000,442.937,-78.923
681000.000,1688000.000,438.707,-80.545
682000.000,1688000.000,445.091,-83.119
683000.000,1688000.000,438.686,-85.333
684000.000,1688000.000,446.071,-87.473
685000.000,1688000.000,446.503,-88.576
686000.000,1688000.000,446.005,-88.781
687000.000,1688000.000,442.103,-88.025
688000.000,1688000.000,448.145,-87.378
689000.000,1688000.000,449.027,-85.974
690000.000,1688000.000,453.674,-84.481
691000.000,1688000.000,454.984,-84.524
692000.000,1688000.000,454.094,-84.386
693000.000,1688000.000,457.794,-84.091
694000.000,1688000.000,458.482,-83.896
695000.000,1688000.000,454.554,-84.012
696000.000,1688000.000,452.308,-84.021
697000.000,1688000.000,448.175,-83.996
698000.000,1688000.000,442.003,-83.864
699000.000,1688000.000,444.949,-83.107
700000.000,1688000.000,434.232,-82.603
701000.000,1688000.000,436.582,-82.078
702000.000,1688000.000,443.747,-81.739
703000.000,1688000.000,442.640,-80.812
704000.000,1688000.000,433.250,-78.930
705000.000,1688000.000,428.335,-76.677
706000.000,1688000.000,434.029,-73.731
707000.000,1688000.000,436.591,-70.274
708000.000,1688000.000,441.659,-67.401
709000.000,1688000.000,438.299,-66.048
710000.000,1688000.000,433.964,-65.941
711000.000,1688000.000,427.750,-67.032
641000.000,1687000.000,492.000,-65.212
642000.000,1687000.000,492.000,-64.032
643000.000,1687000.000,492.000,-64.063
644000.000,1687000.000,492.000,-64.585
645000.000,1687000.000,591.560,-65.154
646000.000,1687000.000,492.694,-64.997
647000.000,1687000.000,497.126,-66.299
648000.000,1687000.000,528.808,-68.954
649000.000,1687000.000,493.421,-71.283
650000.000,1687000.000,494.163,-73.471
651000.000,1687000.000,493.747,-74.897
652000.000,1687000.000,497.893,-75.277
653000.000,1687000.000,506.725,-76.769
654000.000,1687000.000,506.936,-78.623
655000.000,1687000.000,511.377,-79.844
656000.000,1687000.000,521.612,-80.798
657000.000,1687000.000,532.757,-81.934
658000.000,1687000.000,544.040,-82.798
659000.000,1687000.000,555.701,-83.194
660000.000,1687000.000,561.314,-84.373
661000.000,1687000.000,583.788,-85.543
662000.000,1687000.000,561.600,-86.579
663000.000,1687000.000,538.180,-87.938
664000.000,1687000.000,640.343,-88.973
665000.000,1687000.000,597.620,-89.625
666000.000,1687000.000,562.879,-90.211
667000.000,1687000.000,587.718,-91.260
668000.000,1687000.000,595.242,-93.121
669000.000,1687000.000,535.232,-93.185
670000.000,1687000.000,544.577,-93.350
671000.000,1687000.000,576.230,-94.261
672000.000,1687000.000,571.636,-94.632
673000.000,1687000.000,551.047,-94.730
674000.000,1687000.000,553.419,-94.768
675000.000,1687000.000,520.625,-94.539
676000.000,1687000.000,481.987,-93.592
677000.000,1687000.000,564.582,-90.549
678000.000,1687000.000,505.256,-86.188
679000.000,1687000.000,451.250,-81.800
680000.000,1687000.000,443.101,-77.873
681000.000,1687000.000,444.388,-77.106
682000.000,1687000.000,453.439,-78.926
683000.000,1687000.000,442.097,-81.797
684000.000,1687000.000,447.157,-85.278
685000.000,1687000.000,452.578,-87.819
686000.000,1687000.000,454.768,-88.563
687000.000,1687000.000,448.748,-88.363
688000.000,1687000.000,452.495,-88.124
689000.000,1687000.000,456.555,-87.092
690000.000,1687000.000,458.525,-85.800
691000.000,1687000.000,456.297,-85.771
692000.000,1687000.000,455.266,-85.123
693000.000,1687000.000,462.372,-84.674
694000.000,1687000.000,460.837,-84.231
695000.000,1687000.000,455.798,-84.025
696000.000,1687000.000,457.151,-83.975
697000.000,1687000.000,450.382,-83.952
698000.000,1687000.000,447.961,-83.786
699000.000,1687000.000,446.819,-83.266
700000.000,1687000.000,437.824,-83.222
701000.000,1687000.000,441.217,-83.192
702000.000,1687000.000,448.712,-83.102
703000.000,1687000.000,445.080,-82.288
704000.000,1687000.000,432.980,-81.108
705000.000,1687000.000,431.252,-79.577
706000.000,1687000.000,438.720,-77.148
707000.000,1687000.000,441.172,-74.399
708000.000,1687000.000,444.288,-71.490
709000.000,1687000.000,442.655,-69.287
710000.000,1687000.000,436.606,-69.651
711000.000,1687000.000,428.810,-69.643
641000.000,1686000.000,492.000,-66.257
642000.000,1686000.000,492.000,-64.993
643000.000,1686000.000,492.000,-64.180
644000.000,1686000.000,492.000,-63.552
645000.000,1686000.000,501.003,-62.735
646000.000,1686000.000,569.835,-60.250
647000.000,1686000.000,509.420,-59.250
648000.000,1686000.000,511.509,-59.314
649000.000,1686000.000,521.646,-64.084
650000.000,1686000.000,514.436,-69.176
651000.000,1686000.000,520.275,-71.209
652000.000,1686000.000,536.473,-70.744
653000.000,1686000.000,532.512,-71.646
654000.000,1686000.000,521.613,-75.055
655000.000,1686000.000,519.295,-77.391
656000.000,1686000.000,523.818,-78.466
657000.000,1686000.000,577.190,-79.952
658000.000,1686000.000,565.061,-81.339
659000.000,1686000.000,566.007,-81.766
660000.000,1686000.000,584.026,-82.943
661000.000,1686000.000,554.437,-83.390
662000.000,1686000.000,547.574,-83.840
663000.000,1686000.000,534.611,-84.872
664000.000,1686000.000,527.270,-86.457
665000.000,1686000.000,529.584,-87.933
666000.000,1686000.000,535.926,-88.621
667000.000,1686000.000,590.589,-89.845
668000.000,1686000.000,555.775,-91.942
669000.000,1686000.000,523.370,-92.617
670000.000,1686000.000,572.488,-92.723
671000.000,1686000.000,540.220,-93.331
672000.000,1686000.000,499.565,-93.851
673000.000,1686000.000,500.536,-94.165
674000.000,1686000.000,545.421,-94.512
675000.000,1686000.000,562.088,-94.719
676000.000,1686000.000,532.032,-94.113
677000.000,1686000.000,460.374,-91.200
678000.000,1686000.000,457.500,-86.693
679000.000,1686000.000,457.500,-81.614
680000.000,1686000.000,446.394,-77.442
681000.000,1686000.000,447.872,-74.843
682000.000,1686000.000,461.531,-75.718
683000.000,1686000.000,449.552,-78.138
684000.000,1686000.000,446.508,-81.696
685000.000,1686000.000,450.387,-84.799
686000.000,1686000.000,456.117,-86.781
687000.000,1686000.000,454.219,-87.696
688000.000,1686000.000,455.739,-88.252
689000.000,1686000.000,462.565,-87.803
690000.000,1686000.000,460.578,-86.652
691000.000,1686000.000,460.392,-85.856
692000.000,1686000.000,456.876,-85.146
693000.000,1686000.000,462.283,-84.989
694000.000,1686000.000,463.465,-84.666
695000.000,1686000.000,462.149,-84.088
696000.000,1686000.000,457.884,-83.865
697000.000,1686000.000,449.747,-83.898
698000.000,1686000.000,452.978,-83.955
699000.000,1686000.000,444.952,-83.961
700000.000,1686000.000,444.856,-84.068
701000.000,1686000.000,446.305,-84.206
702000.000,1686000.000,447.922,-84.179
703000.000,1686000.000,438.616,-83.718
704000.000,1686000.000,433.579,-82.943
705000.000,1686000.000,439.235,-82.308
706000.000,1686000.000,441.653,-80.872
707000.000,1686000.000,445.922,-79.137
708000.000,1686000.000,441.022,-77.047
709000.000,1686000.000,437.956,-75.964
710000.000,1686000.000,435.334,-75.941
711000.000,1686000.000,427.675,-74.729
641000.000,1685000.000,492.000,-67.665
642000.000,1685000.000,492.000,-66.515
643000.000,1685000.000,492.000,-65.436
644000.000,1685000.000,492.000,-64.137
645000.000,1685000.000,492.000,-61.817
646000.000,1685000.000,494.330,-58.371
647000.000,1685000.000,665.281,-57.636
648000.000,1685000.000,524.212,-56.797
649000.000,1685000.000,518.406,-57.096
650000.000,1685000.000,574.519,-60.824
651000.000,1685000.000,696.113,-63.411
652000.000,1685000.000,727.547,-63.873
653000.000,1685000.000,617.841,-65.116
654000.000,1685000.000,591.418,-68.894
655000.000,1685000.000,539.640,-71.969
656000.000,1685000.000,536.561,-73.698
657000.000,1685000.000,539.974,-75.780
658000.000,1685000.000,547.627,-78.208
659000.000,1685000.000,549.753,-78.165
660000.000,1685000.000,558.049,-79.095
661000.000,1685000.000,550.370,-79.929
662000.000,1685000.000,542.555,-80.982
663000.000,1685000.000,534.801,-82.258
664000.000,1685000.000,530.719,-83.858
665000.000,1685000.000,522.325,-85.133
666000.000,1685000.000,518.685,-86.244
667000.000,1685000.000,513.167,-87.326
668000.000,1685000.000,505.916,-89.748
669000.000,1685000.000,501.420,-90.933
670000.000,1685000.000,501.249,-90.884
671000.000,1685000.000,565.078,-91.631
672000.000,1685000.000,488.156,-92.441
673000.000,1685000.000,483.253,-92.835
674000.000,1685000.000,478.975,-93.501
675000.000,1685000.000,573.202,-94.183
676000.000,1685000.000,486.099,-94.127
677000.000,1685000.000,466.942,-91.599
678000.000,1685000.000,459.469,-87.675
679000.000,1685000.000,457.500,-83.124
680000.000,1685000.000,457.500,-78.686
681000.000,1685000.000,453.876,-75.092
682000.000,1685000.000,463.128,-73.920
683000.000,1685000.000,455.013,-75.131
684000.000,1685000.000,450.015,-78.906
685000.000,1685000.000,453.052,-81.942
686000.000,1685000.000,454.633,-84.454
687000.000,1685000.000,461.177,-85.977
688000.000,1685000.000,458.749,-87.787
689000.000,1685000.000,466.205,-87.865
690000.000,1685000.000,464.589,-86.636
691000.000,1685000.000,465.766,-85.929
692000.000,1685000.000,460.064,-85.377
693000.000,1685000.000,465.333,-84.982
694000.000,1685000.000,467.424,-85.037
695000.000,1685000.000,464.061,-84.086
696000.000,1685000.000,458.317,-83.922
697000.000,1685000.000,452.658,-84.177
698000.000,1685000.000,456.597,-84.650
699000.000,1685000.000,445.507,-84.775
700000.000,1685000.000,451.557,-84.991
701000.000,1685000.000,448.671,-85.241
702000.000,1685000.000,440.627,-85.333
703000.000,1685000.000,439.550,-85.027
704000.000,1685000.000,441.979,-84.354
705000.000,1685000.000,444.106,-83.726
706000.000,1685000.000,445.814,-83.957
707000.000,1685000.000,442.371,-83.647
708000.000,1685000.000,439.194,-81.647
709000.000,1685000.000,436.363,-80.574
710000.000,1685000.000,428.785,-80.436
711000.000,1685000.000,425.117,-79.076
642000.000,1684000.000,492.000,-68.485
643000.000,1684000.000,492.000,-67.550
644000.000,1684000.000,492.000,-66.320
645000.000,1684000.000,492.000,-64.213
646000.000,1684000.000,492.000,-61.497
647000.000,1684000.000,521.352,-59.744
648000.000,1684000.000,694.368,-56.982
649000.000,1684000.000,539.753,-54.892
650000.000,1684000.000,528.764,-54.473
651000.000,1684000.000,603.092,-55.959
652000.000,1684000.000,681.518,-58.064
653000.000,1684000.000,821.854,-60.239
654000.000,1684000.000,762.980,-63.127
655000.000,1684000.000,587.660,-65.661
656000.000,1684000.000,548.105,-67.416
657000.000,1684000.000,553.254,-69.175
658000.000,1684000.000,555.195,-71.040
659000.000,1684000.000,565.977,-71.592
660000.000,1684000.000,579.656,-72.291
661000.000,1684000.000,577.374,-75.281
662000.000,1684000.000,554.840,-78.173
663000.000,1684000.000,550.139,-80.589
664000.000,1684000.000,535.643,-82.610
665000.000,1684000.000,530.897,-83.373
666000.000,1684000.000,527.383,-83.996
667000.000,1684000.000,519.331,-84.850
668000.000,1684000.000,512.403,-86.647
669000.000,1684000.000,504.260,-87.972
670000.000,1684000.000,491.040,-87.775
671000.000,1684000.000,488.309,-89.349
672000.000,1684000.000,483.313,-90.456
673000.000,1684000.000,477.144,-90.581
674000.000,1684000.000,472.480,-91.663
675000.000,1684000.000,467.089,-92.755
676000.000,1684000.000,464.099,-92.877
677000.000,1684000.000,462.602,-91.675
678000.000,1684000.000,462.628,-88.879
679000.000,1684000.000,459.438,-85.321
680000.000,1684000.000,457.500,-81.922
681000.000,1684000.000,468.369,-78.276
682000.000,1684000.000,465.741,-73.859
683000.000,1684000.000,460.258,-74.043
684000.000,1684000.000,456.461,-76.319
685000.000,1684000.000,457.115,-79.752
686000.000,1684000.000,459.780,-82.481
687000.000,1684000.000,460.604,-83.484
688000.000,1684000.000,466.524,-86.187
689000.000,1684000.000,473.759,-87.502
690000.000,1684000.000,470.843,-87.087
691000.000,1684000.000,465.561,-86.801
692000.000,1684000.000,464.035,-86.070
693000.000,1684000.000,469.701,-85.397
694000.000,1684000.000,472.174,-85.279
695000.000,1684000.000,467.819,-85.034
696000.000,1684000.000,456.956,-84.553
697000.000,1684000.000,457.250,-84.554
698000.000,1684000.000,456.937,-85.307
699000.000,1684000.000,448.483,-85.697
700000.000,1684000.000,454.249,-86.004
701000.000,1684000.000,446.376,-86.321
702000.000,1684000.000,443.154,-86.465
703000.000,1684000.000,445.343,-86.220
704000.000,1684000.000,447.965,-85.678
705000.000,1684000.000,450.309,-85.318
706000.000,1684000.000,442.397,-86.151
707000.000,1684000.000,438.750,-86.938
708000.000,1684000.000,434.602,-84.309
709000.000,1684000.000,430.606,-82.534
710000.000,1684000.000,426.209,-82.465
711000.000,1684000.000,424.941,-81.929
641000.000,1683000.000,492.000,-71.366
642000.000,1683000.000,492.000,-70.766
643000.000,1683000.000,492.000,-70.130
644000.000,1683000.000,492.000,-69.374
645000.000,1683000.000,492.000,-68.175
646000.000,1683000.000,492.000,-66.403
647000.000,1683000.000,502.954,-64.385
648000.000,1683000.000,562.688,-59.177
649000.000,1683000.000,725.254,-55.879
650000.000,1683000.000,551.144,-54.158
651000.000,1683000.000,543.811,-53.724
652000.000,1683000.000,596.966,-54.748
653000.000,1683000.000,614.579,-56.281
654000.000,1683000.000,764.466,-58.192
655000.000,1683000.000,622.857,-60.205
656000.000,1683000.000,635.225,-61.997
657000.000,1683000.000,608.906,-63.787
658000.000,1683000.000,610.508,-65.477
659000.000,1683000.000,616.265,-66.133
660000.000,1683000.000,590.418,-66.031
661000.000,1683000.000,616.744,-71.130
662000.000,1683000.000,581.752,-75.501
663000.000,1683000.000,568.314,-78.707
664000.000,1683000.000,544.865,-81.169
665000.000,1683000.000,543.514,-81.959
666000.000,1683000.000,552.167,-82.098
667000.000,1683000.000,661.921,-82.413
668000.000,1683000.000,540.640,-83.318
669000.000,1683000.000,510.278,-84.251
670000.000,1683000.000,495.430,-84.880
671000.000,1683000.000,490.453,-86.085
672000.000,1683000.000,485.819,-87.145
673000.000,1683000.000,481.893,-87.482
674000.000,1683000.000,475.927,-89.164
675000.000,1683000.000,471.352,-90.599
676000.000,1683000.000,468.399,-91.488
677000.000,1683000.000,469.251,-91.550
678000.000,1683000.000,464.520,-89.929
679000.000,1683000.000,460.982,-87.475
680000.000,1683000.000,459.376,-84.909
681000.000,1683000.000,502.850,-81.944
682000.000,1683000.000,488.237,-78.078
683000.000,1683000.000,466.040,-75.943
684000.000,1683000.000,462.778,-76.300
685000.000,1683000.000,464.089,-79.096
686000.000,1683000.000,462.758,-81.840
687000.000,1683000.000,466.727,-81.266
688000.000,1683000.000,469.131,-85.191
689000.000,1683000.000,475.580,-87.925
690000.000,1683000.000,472.776,-88.366
691000.000,1683000.000,471.081,-87.909
692000.000,1683000.000,468.280,-87.173
693000.000,1683000.000,474.791,-86.423
694000.000,1683000.000,469.603,-85.915
695000.000,1683000.000,462.766,-85.615
696000.000,1683000.000,461.854,-85.641
697000.000,1683000.000,461.644,-85.853
698000.000,1683000.000,458.501,-86.417
699000.000,1683000.000,453.252,-86.769
700000.000,1683000.000,452.820,-87.075
701000.000,1683000.000,447.735,-87.406
702000.000,1683000.000,450.703,-87.559
703000.000,1683000.000,452.296,-87.242
704000.000,1683000.000,446.189,-86.795
705000.000,1683000.000,441.477,-86.677
706000.000,1683000.000,437.260,-86.804
707000.000,1683000.000,433.300,-86.932
708000.000,1683000.000,431.404,-85.359
709000.000,1683000.000,428.902,-84.211
710000.000,1683000.000,430.542,-84.267
711000.000,1683000.000,431.026,-84.213
641000.000,1682000.000,492.000,-73.402
642000.000,1682000.000,492.000,-73.148
643000.000,1682000.000,492.000,-72.786
644000.000,1682000.000,492.000,-72.340
645000.000,1682000.000,492.000,-71.790
646000.000,1682000.000,492.000,-70.962
647000.000,1682000.000,492.000,-69.663
648000.000,1682000.000,517.201,-65.062
649000.000,1682000.000,570.635,-60.228
650000.000,1682000.000,754.304,-56.704
651000.000,1682000.000,624.988,-54.259
652000.000,1682000.000,571.070,-53.114
653000.000,1682000.000,569.769,-53.685
654000.000,1682000.000,642.160,-54.432
655000.000,1682000.000,805.229,-55.899
656000.000,1682000.000,766.543,-57.639
657000.000,1682000.000,733.598,-59.822
658000.000,1682000.000,759.479,-62.286
659000.000,1682000.000,663.653,-63.014
660000.000,1682000.000,629.463,-64.443
661000.000,1682000.000,630.180,-69.382
662000.000,1682000.000,612.689,-73.389
663000.000,1682000.000,616.290,-76.279
664000.000,1682000.000,568.796,-78.406
665000.000,1682000.000,551.526,-79.510
666000.000,1682000.000,580.274,-79.589
667000.000,1682000.000,662.410,-79.249
668000.000,1682000.000,602.638,-79.236
669000.000,1682000.000,569.649,-79.620
670000.000,1682000.000,511.277,-80.264
671000.000,1682000.000,502.192,-81.230
672000.000,1682000.000,494.961,-82.295
673000.000,1682000.000,488.942,-83.343
674000.000,1682000.000,481.935,-85.240
675000.000,1682000.000,476.319,-87.174
676000.000,1682000.000,474.610,-88.935
677000.000,1682000.000,470.341,-90.174
678000.000,1682000.000,468.176,-89.986
679000.000,1682000.000,463.618,-88.670
680000.000,1682000.000,461.468,-86.706
681000.000,1682000.000,463.967,-83.781
682000.000,1682000.000,556.382,-80.340
683000.000,1682000.000,476.502,-77.598
684000.000,1682000.000,475.513,-77.071
685000.000,1682000.000,471.423,-78.390
686000.000,1682000.000,477.932,-79.417
687000.000,1682000.000,470.638,-81.141
688000.000,1682000.000,472.175,-86.151
689000.000,1682000.000,477.631,-88.788
690000.000,1682000.000,479.189,-89.187
691000.000,1682000.000,474.730,-88.592
692000.000,1682000.000,474.654,-87.843
693000.000,1682000.000,474.046,-87.147
694000.000,1682000.000,470.551,-86.469
695000.000,1682000.000,470.084,-85.863
696000.000,1682000.000,464.338,-86.023
697000.000,1682000.000,466.223,-86.975
698000.000,1682000.000,458.922,-87.640
699000.000,1682000.000,458.845,-87.754
700000.000,1682000.000,453.593,-88.035
701000.000,1682000.000,450.314,-88.165
702000.000,1682000.000,453.519,-88.075
703000.000,1682000.000,447.900,-87.747
704000.000,1682000.000,442.942,-87.130
705000.000,1682000.000,439.344,-86.586
706000.000,1682000.000,439.921,-86.617
707000.000,1682000.000,439.292,-86.591
708000.000,1682000.000,432.348,-86.178
709000.000,1682000.000,434.000,-85.490
710000.000,1682000.000,439.612,-85.589
711000.000,1682000.000,437.335,-85.952
641000.000,1681000.000,492.000,-75.242
642000.000,1681000.000,492.000,-75.325
643000.000,1681000.000,505.285,-75.254
644000.000,1681000.000,492.000,-74.810
645000.000,1681000.000,498.251,-74.359
646000.000,1681000.000,492.010,-73.946
647000.000,1681000.000,492.000,-73.418
648000.000,1681000.000,502.931,-70.859
649000.000,1681000.000,533.453,-65.220
650000.000,1681000.000,608.616,-60.525
651000.000,1681000.000,742.601,-56.095
652000.000,1681000.000,610.034,-53.755
653000.000,1681000.000,587.286,-52.964
654000.000,1681000.000,589.154,-52.108
655000.000,1681000.000,680.129,-52.778
656000.000,1681000.000,785.986,-54.039
657000.000,1681000.000,864.032,-56.684
658000.000,1681000.000,747.948,-60.654
659000.000,1681000.000,787.576,-64.140
660000.000,1681000.000,749.561,-67.952
661000.000,1681000.000,693.996,-70.484
662000.000,1681000.000,657.791,-71.892
663000.000,1681000.000,613.717,-73.431
664000.000,1681000.000,586.933,-75.173
665000.000,1681000.000,599.224,-76.687
666000.000,1681000.000,599.191,-76.683
667000.000,1681000.000,750.956,-75.267
668000.000,1681000.000,712.981,-74.332
669000.000,1681000.000,550.267,-74.276
670000.000,1681000.000,529.132,-74.852
671000.000,1681000.000,514.500,-75.774
672000.000,1681000.000,508.757,-76.943
673000.000,1681000.000,497.776,-78.344
674000.000,1681000.000,489.021,-80.373
675000.000,1681000.000,480.293,-82.784
676000.000,1681000.000,474.891,-85.172
677000.000,1681000.000,473.877,-87.294
678000.000,1681000.000,474.046,-88.593
679000.000,1681000.000,469.486,-88.483
680000.000,1681000.000,466.871,-87.341
681000.000,1681000.000,466.046,-84.290
682000.000,1681000.000,495.667,-80.928
683000.000,1681000.000,517.983,-77.684
684000.000,1681000.000,476.863,-76.385
685000.000,1681000.000,475.375,-76.697
686000.000,1681000.000,477.943,-76.910
687000.000,1681000.000,477.527,-80.868
688000.000,1681000.000,479.293,-86.266
689000.000,1681000.000,482.085,-88.381
690000.000,1681000.000,485.331,-88.514
691000.000,1681000.000,480.915,-88.055
692000.000,1681000.000,481.801,-87.653
693000.000,1681000.000,477.024,-87.352
694000.000,1681000.000,476.206,-86.838
695000.000,1681000.000,472.204,-86.059
696000.000,1681000.000,470.603,-86.080
697000.000,1681000.000,468.141,-87.221
698000.000,1681000.000,465.254,-87.515
699000.000,1681000.000,460.556,-87.546
700000.000,1681000.000,454.458,-88.461
701000.000,1681000.000,458.318,-88.989
702000.000,1681000.000,452.903,-88.579
703000.000,1681000.000,449.738,-88.129
704000.000,1681000.000,444.624,-87.411
705000.000,1681000.000,444.956,-86.609
706000.000,1681000.000,443.011,-86.335
707000.000,1681000.000,437.474,-86.067
708000.000,1681000.000,434.625,-85.874
709000.000,1681000.000,441.279,-85.516
710000.000,1681000.000,442.400,-85.844
711000.000,1681000.000,444.488,-86.228
641000.000,1680000.000,504.068,-76.663
642000.000,1680000.000,498.246,-76.909
643000.000,1680000.000,498.161,-77.001
644000.000,1680000.000,506.004,-76.512
645000.000,1680000.000,502.125,-76.047
646000.000,1680000.000,493.466,-75.590
647000.000,1680000.000,492.000,-74.803
648000.000,1680000.000,503.336,-72.636
649000.000,1680000.000,518.684,-67.971
650000.000,1680000.000,541.044,-63.659
651000.000,1680000.000,604.402,-59.762
652000.000,1680000.000,694.772,-55.947
653000.000,1680000.000,626.630,-53.855
654000.000,1680000.000,594.790,-52.063
655000.000,1680000.000,668.947,-51.205
656000.000,1680000.000,672.867,-51.777
657000.000,1680000.000,749.532,-54.197
658000.000,1680000.000,937.021,-58.201
659000.000,1680000.000,878.442,-64.632
660000.000,1680000.000,685.006,-72.492
661000.000,1680000.000,812.092,-69.998
662000.000,1680000.000,721.759,-68.707
663000.000,1680000.000,632.430,-69.091
664000.000,1680000.000,688.079,-70.426
665000.000,1680000.000,649.937,-72.116
666000.000,1680000.000,585.119,-73.422
667000.000,1680000.000,617.453,-70.362
668000.000,1680000.000,572.565,-68.823
669000.000,1680000.000,609.308,-68.565
670000.000,1680000.000,552.438,-69.159
671000.000,1680000.000,531.252,-70.230
672000.000,1680000.000,515.004,-71.552
673000.000,1680000.000,508.982,-72.884
674000.000,1680000.000,490.233,-75.132
675000.000,1680000.000,480.248,-77.930
676000.000,1680000.000,484.024,-80.772
677000.000,1680000.000,479.961,-83.329
678000.000,1680000.000,482.590,-85.453
679000.000,1680000.000,476.558,-86.221
680000.000,1680000.000,474.312,-85.613
681000.000,1680000.000,471.636,-83.007
682000.000,1680000.000,473.520,-80.202
683000.000,1680000.000,484.950,-75.604
684000.000,1680000.000,492.765,-73.631
685000.000,1680000.000,481.154,-73.584
686000.000,1680000.000,482.265,-72.252
687000.000,1680000.000,485.861,-78.332
688000.000,1680000.000,485.233,-84.016
689000.000,1680000.000,491.042,-86.467
690000.000,1680000.000,493.680,-86.614
691000.000,1680000.000,486.048,-86.341
692000.000,1680000.000,486.278,-86.384
693000.000,1680000.000,482.754,-86.699
694000.000,1680000.000,480.792,-86.796
695000.000,1680000.000,476.574,-86.756
696000.000,1680000.000,475.585,-87.093
697000.000,1680000.000,471.169,-87.836
698000.000,1680000.000,465.931,-88.292
699000.000,1680000.000,462.246,-88.356
700000.000,1680000.000,460.154,-88.750
701000.000,1680000.000,464.024,-88.953
702000.000,1680000.000,457.391,-88.948
703000.000,1680000.000,451.148,-88.667
704000.000,1680000.000,446.235,-87.880
705000.000,1680000.000,449.845,-87.141
706000.000,1680000.000,444.122,-86.289
707000.000,1680000.000,441.267,-85.388
708000.000,1680000.000,439.782,-85.050
709000.000,1680000.000,442.200,-85.090
710000.000,1680000.000,448.489,-86.040
711000.000,1680000.000,465.244,-86.532
641000.000,1679000.000,505.070,-77.617
642000.000,1679000.000,510.772,-77.756
643000.000,1679000.000,506.950,-77.893
644000.000,1679000.000,508.117,-77.229
645000.000,1679000.000,510.198,-77.193
646000.000,1679000.000,500.403,-76.383
647000.000,1679000.000,501.333,-75.655
648000.000,1679000.000,503.314,-73.559
649000.000,1679000.000,513.522,-70.101
650000.000,1679000.000,531.444,-65.859
651000.000,1679000.000,557.009,-61.761
652000.000,1679000.000,740.661,-58.050
653000.000,1679000.000,838.136,-54.931
654000.000,1679000.000,629.699,-51.934
655000.000,1679000.000,607.890,-50.760
656000.000,1679000.000,704.253,-50.800
657000.000,1679000.000,720.160,-51.782
658000.000,1679000.000,709.297,-53.713
659000.000,1679000.000,861.607,-56.691
660000.000,1679000.000,821.979,-60.867
661000.000,1679000.000,742.298,-61.982
662000.000,1679000.000,696.821,-62.389
663000.000,1679000.000,779.261,-63.154
664000.000,1679000.000,607.042,-63.967
665000.000,1679000.000,612.145,-63.949
666000.000,1679000.000,587.685,-64.113
667000.000,1679000.000,563.836,-63.970
668000.000,1679000.000,582.330,-63.295
669000.000,1679000.000,545.343,-63.168
670000.000,1679000.000,547.781,-63.693
671000.000,1679000.000,519.838,-64.983
672000.000,1679000.000,508.879,-66.607
673000.000,1679000.000,496.491,-67.764
674000.000,1679000.000,488.620,-69.956
675000.000,1679000.000,497.206,-73.051
676000.000,1679000.000,493.399,-76.331
677000.000,1679000.000,490.611,-79.314
678000.000,1679000.000,490.366,-81.603
679000.000,1679000.000,483.941,-82.688
680000.000,1679000.000,482.413,-82.279
681000.000,1679000.000,482.660,-80.414
682000.000,1679000.000,477.658,-77.183
683000.000,1679000.000,473.821,-72.322
684000.000,1679000.000,583.837,-70.887
685000.000,1679000.000,486.916,-71.396
686000.000,1679000.000,492.974,-71.767
687000.000,1679000.000,491.749,-75.856
688000.000,1679000.000,496.087,-80.353
689000.000,1679000.000,497.982,-83.033
690000.000,1679000.000,498.621,-83.237
691000.000,1679000.000,493.164,-83.347
692000.000,1679000.000,494.318,-84.048
693000.000,1679000.000,489.273,-85.071
694000.000,1679000.000,484.009,-86.057
695000.000,1679000.000,481.130,-87.006
696000.000,1679000.000,477.906,-87.937
697000.000,1679000.000,471.119,-88.651
698000.000,1679000.000,470.123,-89.419
699000.000,1679000.000,464.041,-89.899
700000.000,1679000.000,464.387,-89.842
701000.000,1679000.000,460.749,-89.589
702000.000,1679000.000,454.558,-89.738
703000.000,1679000.000,450.441,-89.294
704000.000,1679000.000,450.591,-87.951
705000.000,1679000.000,449.606,-86.949
706000.000,1679000.000,446.142,-86.168
707000.000,1679000.000,447.628,-85.223
708000.000,1679000.000,442.928,-85.099
709000.000,1679000.000,442.786,-85.661
710000.000,1679000.000,448.549,-86.113
711000.000,1679000.000,453.764,-86.349
641000.000,1678000.000,497.176,-77.880
642000.000,1678000.000,502.038,-78.016
643000.000,1678000.000,504.228,-78.861
644000.000,1678000.000,508.448,-78.528
645000.000,1678000.000,512.839,-78.380
646000.000,1678000.000,513.676,-77.860
647000.000,1678000.000,505.940,-77.469
648000.000,1678000.000,509.114,-76.032
649000.000,1678000.000,508.212,-73.084
650000.000,1678000.000,520.869,-69.141
651000.000,1678000.000,542.136,-64.868
652000.000,1678000.000,574.415,-60.751
653000.000,1678000.000,771.011,-57.000
654000.000,1678000.000,742.603,-53.453
655000.000,1678000.000,682.456,-51.466
656000.000,1678000.000,649.762,-50.585
657000.000,1678000.000,673.805,-50.010
658000.000,1678000.000,828.258,-49.900
659000.000,1678000.000,746.088,-49.949
660000.000,1678000.000,925.069,-52.105
661000.000,1678000.000,884.340,-54.687
662000.000,1678000.000,840.474,-56.343
663000.000,1678000.000,705.032,-57.809
664000.000,1678000.000,645.469,-58.981
665000.000,1678000.000,610.190,-58.990
666000.000,1678000.000,639.443,-59.086
667000.000,1678000.000,589.212,-59.360
668000.000,1678000.000,566.118,-59.413
669000.000,1678000.000,549.839,-59.351
670000.000,1678000.000,540.639,-59.856
671000.000,1678000.000,521.738,-60.974
672000.000,1678000.000,501.753,-62.655
673000.000,1678000.000,494.018,-63.758
674000.000,1678000.000,505.396,-65.230
675000.000,1678000.000,514.723,-68.741
676000.000,1678000.000,509.904,-72.441
677000.000,1678000.000,498.289,-75.792
678000.000,1678000.000,496.980,-78.336
679000.000,1678000.000,493.402,-79.454
680000.000,1678000.000,495.112,-79.081
681000.000,1678000.000,499.873,-77.498
682000.000,1678000.000,505.473,-74.655
683000.000,1678000.000,487.639,-70.770
684000.000,1678000.000,487.418,-69.054
685000.000,1678000.000,500.999,-69.894
686000.000,1678000.000,508.238,-71.330
687000.000,1678000.000,506.955,-74.266
688000.000,1678000.000,511.085,-77.011
689000.000,1678000.000,509.593,-78.609
690000.000,1678000.000,514.170,-78.412
691000.000,1678000.000,505.586,-79.496
692000.000,1678000.000,500.347,-81.260
693000.000,1678000.000,493.466,-83.203
694000.000,1678000.000,490.932,-85.191
695000.000,1678000.000,483.745,-86.967
696000.000,1678000.000,477.115,-88.443
697000.000,1678000.000,476.694,-89.604
698000.000,1678000.000,471.854,-90.850
699000.000,1678000.000,467.797,-91.883
700000.000,1678000.000,469.288,-92.123
701000.000,1678000.000,461.837,-92.073
702000.000,1678000.000,456.160,-91.274
703000.000,1678000.000,456.220,-90.352
704000.000,1678000.000,456.527,-88.964
705000.000,1678000.000,460.391,-87.115
706000.000,1678000.000,452.720,-85.913
707000.000,1678000.000,448.809,-85.602
708000.000,1678000.000,447.903,-85.406
709000.000,1678000.000,446.822,-85.573
710000.000,1678000.000,448.301,-85.491
711000.000,1678000.000,445.046,-85.318
641000.000,1677000.000,498.679,-77.778
642000.000,1677000.000,502.211,-78.477
643000.000,1677000.000,506.018,-79.129
644000.000,1677000.000,511.608,-79.451
645000.000,1677000.000,512.806,-79.920
646000.000,1677000.000,522.210,-79.953
647000.000,1677000.000,505.280,-79.749
648000.000,1677000.000,508.125,-78.980
649000.000,1677000.000,515.970,-76.587
650000.000,1677000.000,519.126,-72.857
651000.000,1677000.000,535.969,-68.552
652000.000,1677000.000,552.731,-64.252
653000.000,1677000.000,584.477,-60.229
654000.000,1677000.000,879.365,-56.296
655000.000,1677000.000,725.232,-53.175
656000.000,1677000.000,656.642,-50.872
657000.000,1677000.000,685.531,-49.164
658000.000,1677000.000,722.236,-47.843
659000.000,1677000.000,729.619,-47.313
660000.000,1677000.000,755.854,-48.851
661000.000,1677000.000,902.506,-50.476
662000.000,1677000.000,824.668,-52.111
663000.000,1677000.000,834.588,-53.933
664000.000,1677000.000,708.797,-55.630
665000.000,1677000.000,627.007,-56.266
666000.000,1677000.000,633.974,-56.394
667000.000,1677000.000,638.826,-56.601
668000.000,1677000.000,624.513,-56.652
669000.000,1677000.000,562.404,-56.768
670000.000,1677000.000,544.669,-57.216
671000.000,1677000.000,526.461,-58.098
672000.000,1677000.000,520.664,-59.472
673000.000,1677000.000,499.276,-60.857
674000.000,1677000.000,535.100,-62.654
675000.000,1677000.000,591.718,-65.882
676000.000,1677000.000,544.036,-69.609
677000.000,1677000.000,516.180,-73.217
678000.000,1677000.000,513.952,-75.992
679000.000,1677000.000,527.171,-77.143
680000.000,1677000.000,550.189,-76.751
681000.000,1677000.000,543.077,-75.305
682000.000,1677000.000,607.130,-72.904
683000.000,1677000.000,501.579,-69.478
684000.000,1677000.000,489.197,-67.131
685000.000,1677000.000,517.946,-68.431
686000.000,1677000.000,536.976,-70.509
687000.000,1677000.000,649.511,-72.789
688000.000,1677000.000,543.642,-74.395
689000.000,1677000.000,571.419,-74.824
690000.000,1677000.000,526.261,-74.684
691000.000,1677000.000,513.341,-76.442
692000.000,1677000.000,505.226,-78.820
693000.000,1677000.000,499.678,-81.577
694000.000,1677000.000,493.304,-84.501
695000.000,1677000.000,487.179,-86.898
696000.000,1677000.000,484.764,-88.768
697000.000,1677000.000,480.003,-90.422
698000.000,1677000.000,475.047,-91.953
699000.000,1677000.000,476.500,-92.992
700000.000,1677000.000,475.159,-93.541
701000.000,1677000.000,467.135,-93.794
702000.000,1677000.000,465.831,-92.612
703000.000,1677000.000,458.177,-91.744
704000.000,1677000.000,466.031,-90.455
705000.000,1677000.000,530.559,-89.024
706000.000,1677000.000,462.945,-87.319
707000.000,1677000.000,456.277,-86.085
708000.000,1677000.000,454.424,-85.155
709000.000,1677000.000,446.712,-84.322
710000.000,1677000.000,441.169,-84.090
711000.000,1677000.000,439.081,-84.111
641000.000,1676000.000,504.232,-77.663
642000.000,1676000.000,504.756,-78.479
643000.000,1676000.000,513.995,-79.229
644000.000,1676000.000,508.955,-79.991
645000.000,1676000.000,515.169,-80.651
646000.000,1676000.000,512.395,-81.106
647000.000,1676000.000,510.747,-81.443
648000.000,1676000.000,513.208,-81.371
649000.000,1676000.000,521.000,-79.784
650000.000,1676000.000,527.406,-76.504
651000.000,1676000.000,533.254,-72.402
652000.000,1676000.000,553.238,-68.237
653000.000,1676000.000,574.910,-64.312
654000.000,1676000.000,668.215,-60.377
655000.000,1676000.000,873.887,-56.260
656000.000,1676000.000,715.266,-52.157
657000.000,1676000.000,663.763,-49.630
658000.000,1676000.000,666.589,-48.467
659000.000,1676000.000,688.455,-47.496
660000.000,1676000.000,722.096,-47.555
661000.000,1676000.000,730.427,-48.289
662000.000,1676000.000,867.962,-49.435
663000.000,1676000.000,915.962,-50.830
664000.000,1676000.000,925.831,-52.253
665000.000,1676000.000,729.704,-53.231
666000.000,1676000.000,697.378,-53.839
667000.000,1676000.000,713.304,-54.275
668000.000,1676000.000,659.100,-54.582
669000.000,1676000.000,693.191,-54.876
670000.000,1676000.000,563.511,-55.350
671000.000,1676000.000,533.464,-56.214
672000.000,1676000.000,516.609,-57.504
673000.000,1676000.000,505.464,-59.213
674000.000,1676000.000,514.249,-61.379
675000.000,1676000.000,549.971,-64.342
676000.000,1676000.000,654.655,-67.868
677000.000,1676000.000,543.774,-71.557
678000.000,1676000.000,522.774,-74.540
679000.000,1676000.000,564.420,-75.735
680000.000,1676000.000,608.070,-75.553
681000.000,1676000.000,579.804,-74.464
682000.000,1676000.000,542.774,-72.569
683000.000,1676000.000,502.632,-69.928
684000.000,1676000.000,508.450,-68.189
685000.000,1676000.000,506.719,-68.835
686000.000,1676000.000,534.442,-70.451
687000.000,1676000.000,640.608,-72.025
688000.000,1676000.000,701.835,-72.939
689000.000,1676000.000,554.072,-73.067
690000.000,1676000.000,531.876,-73.439
691000.000,1676000.000,522.492,-74.982
692000.000,1676000.000,513.870,-77.097
693000.000,1676000.000,506.901,-80.299
694000.000,1676000.000,497.514,-84.188
695000.000,1676000.000,490.547,-86.875
696000.000,1676000.000,486.900,-88.571
697000.000,1676000.000,481.753,-90.435
698000.000,1676000.000,478.927,-92.388
699000.000,1676000.000,476.500,-93.424
700000.000,1676000.000,475.093,-93.832
701000.000,1676000.000,467.363,-94.099
702000.000,1676000.000,463.269,-93.979
703000.000,1676000.000,463.186,-93.188
704000.000,1676000.000,467.612,-91.666
705000.000,1676000.000,518.841,-90.497
706000.000,1676000.000,467.511,-89.034
707000.000,1676000.000,461.128,-87.100
708000.000,1676000.000,448.115,-85.000
709000.000,1676000.000,442.134,-84.010
710000.000,1676000.000,436.425,-83.542
711000.000,1676000.000,436.159,-83.488
641000.000,1675000.000,510.159,-77.881
642000.000,1675000.000,505.874,-78.580
643000.000,1675000.000,519.175,-79.404
644000.000,1675000.000,516.681,-80.237
645000.000,1675000.000,520.745,-80.771
646000.000,1675000.000,514.338,-81.375
647000.000,1675000.000,514.031,-82.143
648000.000,1675000.000,520.255,-82.547
649000.000,1675000.000,538.264,-81.868
650000.000,1675000.000,536.645,-79.477
651000.000,1675000.000,540.993,-75.978
652000.000,1675000.000,605.844,-72.322
653000.000,1675000.000,584.388,-68.873
654000.000,1675000.000,588.609,-65.344
655000.000,1675000.000,761.836,-60.571
656000.000,1675000.000,872.807,-53.768
657000.000,1675000.000,724.895,-51.022
658000.000,1675000.000,691.157,-49.765
659000.000,1675000.000,725.319,-48.232
660000.000,1675000.000,716.238,-47.276
661000.000,1675000.000,688.206,-47.261
662000.000,1675000.000,734.307,-47.897
663000.000,1675000.000,935.044,-48.893
664000.000,1675000.000,810.712,-49.990
665000.000,1675000.000,900.415,-51.015
666000.000,1675000.000,872.153,-51.800
667000.000,1675000.000,700.902,-52.380
668000.000,1675000.000,697.723,-52.846
669000.000,1675000.000,647.269,-53.350
670000.000,1675000.000,673.684,-54.003
671000.000,1675000.000,539.863,-54.946
672000.000,1675000.000,522.888,-56.360
673000.000,1675000.000,514.589,-58.419
674000.000,1675000.000,517.897,-61.134
675000.000,1675000.000,546.425,-63.594
676000.000,1675000.000,679.117,-66.911
677000.000,1675000.000,661.171,-70.367
678000.000,1675000.000,567.633,-73.313
679000.000,1675000.000,537.192,-75.054
680000.000,1675000.000,546.171,-75.494
681000.000,1675000.000,525.552,-75.392
682000.000,1675000.000,512.241,-74.145
683000.000,1675000.000,496.355,-71.777
684000.000,1675000.000,509.869,-70.148
685000.000,1675000.000,522.926,-70.452
686000.000,1675000.000,558.443,-71.433
687000.000,1675000.000,672.000,-72.221
688000.000,1675000.000,690.258,-72.473
689000.000,1675000.000,580.773,-72.306
690000.000,1675000.000,540.436,-72.644
691000.000,1675000.000,530.608,-73.777
692000.000,1675000.000,522.343,-75.474
693000.000,1675000.000,513.765,-78.852
694000.000,1675000.000,499.940,-84.269
695000.000,1675000.000,508.197,-86.759
696000.000,1675000.000,490.906,-87.566
697000.000,1675000.000,487.938,-89.258
698000.000,1675000.000,482.483,-92.036
699000.000,1675000.000,481.473,-93.211
700000.000,1675000.000,478.743,-93.778
701000.000,1675000.000,475.406,-94.077
702000.000,1675000.000,467.608,-93.709
703000.000,1675000.000,468.036,-93.010
704000.000,1675000.000,465.408,-92.151
705000.000,1675000.000,456.767,-90.739
706000.000,1675000.000,460.566,-89.563
707000.000,1675000.000,452.368,-88.041
708000.000,1675000.000,448.189,-86.017
709000.000,1675000.000,445.605,-83.649
710000.000,1675000.000,437.495,-82.793
711000.000,1675000.000,434.224,-82.825
641000.000,1674000.000,514.454,-78.454
642000.000,1674000.000,515.421,-79.644
643000.000,1674000.000,513.093,-79.909
644000.000,1674000.000,521.357,-80.630
645000.000,1674000.000,540.170,-80.990
646000.000,1674000.000,516.191,-81.789
647000.000,1674000.000,517.910,-82.677
648000.000,1674000.000,523.541,-83.187
649000.000,1674000.000,529.954,-82.850
650000.000,1674000.000,552.056,-81.434
651000.000,1674000.000,549.595,-78.977
652000.000,1674000.000,555.652,-76.088
653000.000,1674000.000,568.206,-73.290
654000.000,1674000.000,586.566,-70.329
655000.000,1674000.000,609.815,-66.685
656000.000,1674000.000,927.163,-60.239
657000.000,1674000.000,875.391,-56.004
658000.000,1674000.000,716.847,-52.618
659000.000,1674000.000,662.056,-49.781
660000.000,1674000.000,674.775,-47.738
661000.000,1674000.000,657.321,-47.041
662000.000,1674000.000,729.939,-47.172
663000.000,1674000.000,749.665,-47.849
664000.000,1674000.000,935.297,-48.756
665000.000,1674000.000,823.327,-49.629
666000.000,1674000.000,740.047,-50.352
667000.000,1674000.000,904.122,-50.919
668000.000,1674000.000,734.437,-51.428
669000.000,1674000.000,595.711,-52.078
670000.000,1674000.000,573.945,-52.937
671000.000,1674000.000,614.604,-53.998
672000.000,1674000.000,536.276,-55.477
673000.000,1674000.000,518.312,-57.605
674000.000,1674000.000,524.533,-60.173
675000.000,1674000.000,536.336,-63.002
676000.000,1674000.000,567.765,-66.531
677000.000,1674000.000,634.535,-69.934
678000.000,1674000.000,637.772,-72.897
679000.000,1674000.000,597.383,-75.450
680000.000,1674000.000,533.064,-77.428
681000.000,1674000.000,517.284,-78.840
682000.000,1674000.000,505.702,-78.371
683000.000,1674000.000,508.478,-75.149
684000.000,1674000.000,508.089,-72.953
685000.000,1674000.000,518.400,-73.066
686000.000,1674000.000,545.446,-73.371
687000.000,1674000.000,640.364,-73.211
688000.000,1674000.000,719.500,-72.599
689000.000,1674000.000,658.277,-71.898
690000.000,1674000.000,556.249,-71.662
691000.000,1674000.000,547.307,-72.439
692000.000,1674000.000,525.233,-74.016
693000.000,1674000.000,515.151,-77.254
694000.000,1674000.000,508.494,-82.539
695000.000,1674000.000,504.787,-85.085
696000.000,1674000.000,507.487,-86.183
697000.000,1674000.000,506.958,-87.966
698000.000,1674000.000,489.918,-90.080
699000.000,1674000.000,482.878,-92.163
700000.000,1674000.000,474.945,-93.107
701000.000,1674000.000,472.749,-93.637
702000.000,1674000.000,466.202,-93.830
703000.000,1674000.000,462.558,-93.589
704000.000,1674000.000,459.437,-92.652
705000.000,1674000.000,456.622,-91.495
706000.000,1674000.000,451.497,-90.350
707000.000,1674000.000,448.536,-88.501
708000.000,1674000.000,444.615,-86.671
709000.000,1674000.000,438.246,-84.691
710000.000,1674000.000,435.817,-83.325
711000.000,1674000.000,432.562,-82.546
641000.000,1673000.000,517.275,-78.930
642000.000,1673000.000,521.680,-79.764
643000.000,1673000.000,524.651,-80.157
644000.000,1673000.000,523.730,-80.852
645000.000,1673000.000,531.068,-81.374
646000.000,1673000.000,520.159,-82.192
647000.000,1673000.000,524.100,-83.110
648000.000,1673000.000,523.969,-83.659
649000.000,1673000.000,526.445,-83.972
650000.000,1673000.000,534.800,-83.294
651000.000,1673000.000,551.763,-81.513
652000.000,1673000.000,566.014,-79.321
653000.000,1673000.000,626.175,-77.036
654000.000,1673000.000,594.715,-74.279
655000.000,1673000.000,622.000,-71.245
656000.000,1673000.000,718.096,-66.290
657000.000,1673000.000,973.742,-61.125
658000.000,1673000.000,802.870,-57.181
659000.000,1673000.000,726.336,-53.055
660000.000,1673000.000,643.992,-49.590
661000.000,1673000.000,676.472,-47.751
662000.000,1673000.000,717.403,-47.156
663000.000,1673000.000,634.082,-47.590
664000.000,1673000.000,676.246,-48.336
665000.000,1673000.000,688.345,-48.974
666000.000,1673000.000,623.833,-49.468
667000.000,1673000.000,920.407,-49.837
668000.000,1673000.000,909.544,-50.218
669000.000,1673000.000,664.911,-50.975
670000.000,1673000.000,665.663,-51.993
671000.000,1673000.000,554.387,-53.063
672000.000,1673000.000,618.348,-54.480
673000.000,1673000.000,523.971,-56.574
674000.000,1673000.000,536.076,-59.215
675000.000,1673000.000,538.424,-62.372
676000.000,1673000.000,553.547,-65.972
677000.000,1673000.000,565.149,-69.307
678000.000,1673000.000,707.448,-72.548
679000.000,1673000.000,597.839,-76.661
680000.000,1673000.000,534.330,-81.274
681000.000,1673000.000,518.035,-84.301
682000.000,1673000.000,540.088,-84.232
683000.000,1673000.000,533.013,-80.939
684000.000,1673000.000,524.764,-77.838
685000.000,1673000.000,518.057,-76.900
686000.000,1673000.000,525.379,-76.088
687000.000,1673000.000,586.237,-74.686
688000.000,1673000.000,661.574,-72.972
689000.000,1673000.000,688.058,-71.582
690000.000,1673000.000,589.375,-70.939
691000.000,1673000.000,551.884,-71.325
692000.000,1673000.000,538.131,-72.785
693000.000,1673000.000,528.658,-75.418
694000.000,1673000.000,521.690,-78.850
695000.000,1673000.000,516.459,-81.674
696000.000,1673000.000,507.025,-84.519
697000.000,1673000.000,497.495,-87.584
698000.000,1673000.000,489.978,-89.531
699000.000,1673000.000,480.934,-90.866
700000.000,1673000.000,475.797,-91.708
701000.000,1673000.000,468.355,-92.599
702000.000,1673000.000,465.087,-93.435
703000.000,1673000.000,463.119,-93.674
704000.000,1673000.000,457.350,-92.866
705000.000,1673000.000,451.027,-91.739
706000.000,1673000.000,448.284,-89.910
707000.000,1673000.000,442.374,-87.212
708000.000,1673000.000,440.384,-86.076
709000.000,1673000.000,439.495,-84.899
710000.000,1673000.000,438.219,-83.539
711000.000,1673000.000,434.899,-82.644
641000.000,1672000.000,524.416,-79.244
642000.000,1672000.000,599.983,-79.803
643000.000,1672000.000,559.599,-80.306
644000.000,1672000.000,532.902,-80.928
645000.000,1672000.000,527.099,-81.845
646000.000,1672000.000,529.636,-83.028
647000.000,1672000.000,527.758,-83.065
648000.000,1672000.000,527.644,-83.782
649000.000,1672000.000,528.897,-84.740
650000.000,1672000.000,531.612,-84.603
651000.000,1672000.000,541.076,-83.520
652000.000,1672000.000,545.155,-81.977
653000.000,1672000.000,563.446,-80.144
654000.000,1672000.000,575.476,-77.904
655000.000,1672000.000,607.464,-74.708
656000.000,1672000.000,624.347,-70.516
657000.000,1672000.000,881.719,-65.697
658000.000,1672000.000,972.122,-61.493
659000.000,1672000.000,698.156,-56.471
660000.000,1672000.000,676.805,-52.207
661000.000,1672000.000,624.737,-48.997
662000.000,1672000.000,633.812,-47.471
663000.000,1672000.000,726.552,-47.871
664000.000,1672000.000,606.740,-48.539
665000.000,1672000.000,615.437,-48.882
666000.000,1672000.000,588.165,-49.035
667000.000,1672000.000,627.986,-49.035
668000.000,1672000.000,737.316,-49.146
669000.000,1672000.000,859.038,-50.035
670000.000,1672000.000,572.249,-51.099
671000.000,1672000.000,660.905,-51.710
672000.000,1672000.000,538.500,-53.164
673000.000,1672000.000,724.611,-55.466
674000.000,1672000.000,555.824,-58.024
675000.000,1672000.000,586.803,-61.011
676000.000,1672000.000,638.570,-64.388
677000.000,1672000.000,584.291,-67.661
678000.000,1672000.000,610.881,-71.242
679000.000,1672000.000,601.407,-76.936
680000.000,1672000.000,566.764,-82.240
681000.000,1672000.000,525.275,-86.016
682000.000,1672000.000,526.573,-87.115
683000.000,1672000.000,589.450,-86.045
684000.000,1672000.000,518.897,-83.227
685000.000,1672000.000,525.615,-80.962
686000.000,1672000.000,555.723,-78.995
687000.000,1672000.000,593.679,-76.319
688000.000,1672000.000,558.978,-73.346
689000.000,1672000.000,642.357,-71.249
690000.000,1672000.000,707.007,-70.408
691000.000,1672000.000,684.760,-70.510
692000.000,1672000.000,674.540,-71.552
693000.000,1672000.000,556.407,-73.278
694000.000,1672000.000,539.462,-75.319
695000.000,1672000.000,528.760,-77.856
696000.000,1672000.000,514.584,-82.039
697000.000,1672000.000,512.759,-86.246
698000.000,1672000.000,496.328,-88.511
699000.000,1672000.000,487.192,-89.501
700000.000,1672000.000,479.343,-90.307
701000.000,1672000.000,476.583,-91.358
702000.000,1672000.000,471.518,-92.537
703000.000,1672000.000,464.891,-93.157
704000.000,1672000.000,461.483,-92.681
705000.000,1672000.000,458.067,-91.316
706000.000,1672000.000,448.523,-89.106
707000.000,1672000.000,448.372,-87.618
708000.000,1672000.000,447.389,-87.147
709000.000,1672000.000,441.917,-84.978
710000.000,1672000.000,438.524,-83.369
711000.000,1672000.000,438.861,-82.608
641000.000,1671000.000,535.120,-79.680
642000.000,1671000.000,542.457,-80.052
643000.000,1671000.000,542.255,-80.463
644000.000,1671000.000,540.545,-80.961
645000.000,1671000.000,530.535,-82.113
646000.000,1671000.000,539.249,-83.203
647000.000,1671000.000,528.045,-83.834
648000.000,1671000.000,537.155,-84.029
649000.000,1671000.000,532.375,-85.065
650000.000,1671000.000,535.568,-85.023
651000.000,1671000.000,536.947,-84.907
652000.000,1671000.000,545.673,-84.018
653000.000,1671000.000,551.252,-82.651
654000.000,1671000.000,604.099,-80.833
655000.000,1671000.000,591.384,-77.968
656000.000,1671000.000,598.466,-74.245
657000.000,1671000.000,658.881,-69.088
658000.000,1671000.000,980.560,-63.590
659000.000,1671000.000,778.452,-59.335
660000.000,1671000.000,673.811,-55.185
661000.000,1671000.000,634.348,-51.350
662000.000,1671000.000,614.090,-49.226
663000.000,1671000.000,595.706,-49.065
664000.000,1671000.000,591.480,-49.016
665000.000,1671000.000,583.354,-49.010
666000.000,1671000.000,569.563,-49.049
667000.000,1671000.000,562.244,-48.552
668000.000,1671000.000,562.808,-48.485
669000.000,1671000.000,625.222,-49.387
670000.000,1671000.000,629.774,-50.795
671000.000,1671000.000,538.601,-51.212
672000.000,1671000.000,623.727,-52.306
673000.000,1671000.000,694.692,-54.237
674000.000,1671000.000,574.180,-56.766
675000.000,1671000.000,781.293,-59.792
676000.000,1671000.000,681.428,-63.090
677000.000,1671000.000,590.327,-66.448
678000.000,1671000.000,606.339,-70.318
679000.000,1671000.000,596.046,-75.758
680000.000,1671000.000,560.782,-81.532
681000.000,1671000.000,588.073,-85.208
682000.000,1671000.000,541.174,-86.531
683000.000,1671000.000,533.074,-86.724
684000.000,1671000.000,532.455,-85.198
685000.000,1671000.000,523.221,-83.553
686000.000,1671000.000,542.197,-81.472
687000.000,1671000.000,550.008,-78.025
688000.000,1671000.000,557.617,-73.765
689000.000,1671000.000,590.515,-71.136
690000.000,1671000.000,599.726,-70.565
691000.000,1671000.000,643.665,-70.507
692000.000,1671000.000,659.620,-71.116
693000.000,1671000.000,779.782,-72.043
694000.000,1671000.000,565.669,-73.138
695000.000,1671000.000,547.759,-75.640
696000.000,1671000.000,527.231,-79.999
697000.000,1671000.000,520.817,-84.348
698000.000,1671000.000,507.804,-87.056
699000.000,1671000.000,512.639,-88.328
700000.000,1671000.000,495.772,-89.962
701000.000,1671000.000,481.454,-90.416
702000.000,1671000.000,477.625,-90.998
703000.000,1671000.000,467.252,-92.225
704000.000,1671000.000,464.068,-92.283
705000.000,1671000.000,459.950,-91.339
706000.000,1671000.000,455.982,-89.243
707000.000,1671000.000,455.896,-87.814
708000.000,1671000.000,448.490,-87.116
709000.000,1671000.000,447.004,-84.300
710000.000,1671000.000,443.358,-82.151
711000.000,1671000.000,449.504,-81.848
641000.000,1670000.000,525.355,-80.354
642000.000,1670000.000,564.356,-80.593
643000.000,1670000.000,536.235,-80.930
644000.000,1670000.000,544.222,-81.330
645000.000,1670000.000,538.044,-82.326
646000.000,1670000.000,546.721,-83.292
647000.000,1670000.000,535.252,-84.230
648000.000,1670000.000,536.874,-84.910
649000.000,1670000.000,540.427,-85.626
650000.000,1670000.000,539.402,-86.051
651000.000,1670000.000,541.848,-86.065
652000.000,1670000.000,541.322,-85.558
653000.000,1670000.000,554.508,-84.597
654000.000,1670000.000,560.772,-83.334
655000.000,1670000.000,575.950,-80.942
656000.000,1670000.000,592.840,-77.790
657000.000,1670000.000,629.183,-73.173
658000.000,1670000.000,860.294,-67.399
659000.000,1670000.000,950.409,-62.897
660000.000,1670000.000,691.687,-58.999
661000.000,1670000.000,743.275,-55.233
662000.000,1670000.000,640.679,-52.234
663000.000,1670000.000,632.756,-50.288
664000.000,1670000.000,604.763,-49.165
665000.000,1670000.000,589.759,-48.874
666000.000,1670000.000,580.242,-48.695
667000.000,1670000.000,564.791,-48.353
668000.000,1670000.000,552.272,-48.187
669000.000,1670000.000,550.150,-48.287
670000.000,1670000.000,624.283,-49.530
671000.000,1670000.000,770.787,-49.957
672000.000,1670000.000,725.295,-50.879
673000.000,1670000.000,675.624,-52.662
674000.000,1670000.000,675.802,-55.221
675000.000,1670000.000,681.918,-58.410
676000.000,1670000.000,679.002,-61.932
677000.000,1670000.000,614.910,-65.708
678000.000,1670000.000,623.508,-69.834
679000.000,1670000.000,589.237,-74.904
680000.000,1670000.000,570.024,-79.840
681000.000,1670000.000,560.088,-83.333
682000.000,1670000.000,556.156,-84.609
683000.000,1670000.000,551.984,-85.186
684000.000,1670000.000,540.591,-85.702
685000.000,1670000.000,529.659,-85.359
686000.000,1670000.000,535.747,-83.719
687000.000,1670000.000,542.975,-80.362
688000.000,1670000.000,629.358,-76.096
689000.000,1670000.000,720.384,-73.653
690000.000,1670000.000,616.466,-72.713
691000.000,1670000.000,607.405,-72.342
692000.000,1670000.000,672.557,-72.600
693000.000,1670000.000,740.755,-73.023
694000.000,1670000.000,780.165,-73.888
695000.000,1670000.000,727.413,-76.067
696000.000,1670000.000,555.242,-79.386
697000.000,1670000.000,538.281,-82.728
698000.000,1670000.000,520.195,-85.068
699000.000,1670000.000,505.430,-86.266
700000.000,1670000.000,495.366,-87.784
701000.000,1670000.000,483.812,-88.759
702000.000,1670000.000,484.581,-89.146
703000.000,1670000.000,479.513,-89.902
704000.000,1670000.000,470.576,-90.473
705000.000,1670000.000,460.377,-90.361
706000.000,1670000.000,458.693,-89.071
707000.000,1670000.000,458.885,-87.727
708000.000,1670000.000,455.506,-86.765
709000.000,1670000.000,451.851,-84.890
710000.000,1670000.000,449.986,-83.917
711000.000,1670000.000,446.550,-81.549
641000.000,1669000.000,523.620,-81.421
642000.000,1669000.000,529.236,-81.190
643000.000,1669000.000,531.061,-81.321
644000.000,1669000.000,535.917,-81.961
645000.000,1669000.000,549.309,-82.695
646000.000,1669000.000,546.159,-83.434
647000.000,1669000.000,538.891,-84.456
648000.000,1669000.000,543.242,-85.369
649000.000,1669000.000,542.742,-85.855
650000.000,1669000.000,549.202,-86.443
651000.000,1669000.000,546.487,-86.773
652000.000,1669000.000,546.108,-86.959
653000.000,1669000.000,553.854,-86.082
654000.000,1669000.000,564.056,-85.220
655000.000,1669000.000,576.731,-83.800
656000.000,1669000.000,591.373,-81.093
657000.000,1669000.000,609.625,-76.696
658000.000,1669000.000,786.567,-71.319
659000.000,1669000.000,863.972,-66.351
660000.000,1669000.000,932.890,-62.532
661000.000,1669000.000,802.487,-58.653
662000.000,1669000.000,650.495,-54.727
663000.000,1669000.000,627.995,-51.459
664000.000,1669000.000,603.836,-49.194
665000.000,1669000.000,582.168,-47.989
666000.000,1669000.000,571.003,-47.770
667000.000,1669000.000,557.086,-47.821
668000.000,1669000.000,555.487,-47.327
669000.000,1669000.000,560.671,-46.804
670000.000,1669000.000,562.755,-47.107
671000.000,1669000.000,641.841,-47.819
672000.000,1669000.000,818.853,-48.992
673000.000,1669000.000,894.047,-50.848
674000.000,1669000.000,784.718,-53.448
675000.000,1669000.000,730.727,-56.735
676000.000,1669000.000,920.986,-60.478
677000.000,1669000.000,705.743,-64.558
678000.000,1669000.000,636.797,-68.803
679000.000,1669000.000,597.600,-73.742
680000.000,1669000.000,588.786,-78.367
681000.000,1669000.000,575.969,-82.139
682000.000,1669000.000,573.053,-83.230
683000.000,1669000.000,574.578,-84.517
684000.000,1669000.000,568.250,-86.095
685000.000,1669000.000,540.096,-86.734
686000.000,1669000.000,544.314,-85.702
687000.000,1669000.000,541.520,-83.310
688000.000,1669000.000,584.834,-80.014
689000.000,1669000.000,723.562,-77.729
690000.000,1669000.000,714.792,-76.634
691000.000,1669000.000,635.310,-76.020
692000.000,1669000.000,726.184,-75.893
693000.000,1669000.000,722.351,-75.662
694000.000,1669000.000,732.057,-76.111
695000.000,1669000.000,752.342,-77.691
696000.000,1669000.000,589.011,-79.740
697000.000,1669000.000,618.515,-81.536
698000.000,1669000.000,550.636,-82.668
699000.000,1669000.000,521.828,-83.407
700000.000,1669000.000,580.992,-84.381
701000.000,1669000.000,533.685,-85.473
702000.000,1669000.000,485.931,-85.851
703000.000,1669000.000,475.103,-86.199
704000.000,1669000.000,472.205,-87.335
705000.000,1669000.000,467.734,-88.353
706000.000,1669000.000,463.084,-88.236
707000.000,1669000.000,457.274,-87.159
708000.000,1669000.000,452.359,-85.928
709000.000,1669000.000,447.783,-84.869
710000.000,1669000.000,443.261,-85.304
711000.000,1669000.000,441.965,-84.431
641000.000,1668000.000,526.457,-82.114
642000.000,1668000.000,534.007,-81.819
643000.000,1668000.000,532.214,-82.010
644000.000,1668000.000,536.764,-82.841
645000.000,1668000.000,542.722,-83.588
646000.000,1668000.000,550.178,-83.993
647000.000,1668000.000,547.669,-84.838
648000.000,1668000.000,546.225,-85.974
649000.000,1668000.000,549.834,-86.160
650000.000,1668000.000,551.356,-86.637
651000.000,1668000.000,552.364,-87.188
652000.000,1668000.000,550.090,-87.415
653000.000,1668000.000,555.135,-86.916
654000.000,1668000.000,566.238,-86.265
655000.000,1668000.000,580.426,-85.084
656000.000,1668000.000,607.840,-82.854
657000.000,1668000.000,599.442,-78.992
658000.000,1668000.000,625.900,-74.357
659000.000,1668000.000,765.842,-69.815
660000.000,1668000.000,974.016,-65.764
661000.000,1668000.000,1001.091,-61.381
662000.000,1668000.000,753.895,-56.440
663000.000,1668000.000,639.503,-52.012
664000.000,1668000.000,688.615,-49.071
665000.000,1668000.000,598.165,-47.607
666000.000,1668000.000,567.403,-47.142
667000.000,1668000.000,563.295,-47.171
668000.000,1668000.000,600.583,-46.631
669000.000,1668000.000,606.065,-45.729
670000.000,1668000.000,568.467,-45.085
671000.000,1668000.000,588.315,-45.981
672000.000,1668000.000,735.806,-47.264
673000.000,1668000.000,950.681,-49.113
674000.000,1668000.000,951.730,-51.671
675000.000,1668000.000,644.967,-54.916
676000.000,1668000.000,827.282,-58.693
677000.000,1668000.000,706.633,-62.771
678000.000,1668000.000,687.287,-67.591
679000.000,1668000.000,634.333,-72.629
680000.000,1668000.000,609.576,-76.788
681000.000,1668000.000,586.766,-80.219
682000.000,1668000.000,583.838,-82.816
683000.000,1668000.000,574.618,-85.083
684000.000,1668000.000,558.086,-86.456
685000.000,1668000.000,552.203,-87.088
686000.000,1668000.000,547.954,-86.799
687000.000,1668000.000,547.000,-85.428
688000.000,1668000.000,561.467,-82.957
689000.000,1668000.000,599.360,-81.716
690000.000,1668000.000,802.876,-81.063
691000.000,1668000.000,832.605,-80.354
692000.000,1668000.000,775.463,-79.974
693000.000,1668000.000,671.170,-79.152
694000.000,1668000.000,675.134,-79.219
695000.000,1668000.000,713.546,-80.203
696000.000,1668000.000,795.131,-80.839
697000.000,1668000.000,862.370,-80.816
698000.000,1668000.000,664.263,-80.321
699000.000,1668000.000,567.406,-80.021
700000.000,1668000.000,506.526,-80.399
701000.000,1668000.000,491.195,-81.813
702000.000,1668000.000,484.087,-84.336
703000.000,1668000.000,481.569,-84.014
704000.000,1668000.000,477.508,-84.037
705000.000,1668000.000,468.219,-85.490
706000.000,1668000.000,465.002,-85.757
707000.000,1668000.000,460.967,-85.507
708000.000,1668000.000,454.111,-84.535
709000.000,1668000.000,454.777,-82.860
710000.000,1668000.000,447.618,-84.294
711000.000,1668000.000,444.681,-85.747
641000.000,1667000.000,530.875,-82.746
642000.000,1667000.000,538.070,-82.680
643000.000,1667000.000,535.998,-82.887
644000.000,1667000.000,539.896,-83.679
645000.000,1667000.000,549.877,-83.988
646000.000,1667000.000,562.685,-84.130
647000.000,1667000.000,559.016,-84.892
648000.000,1667000.000,562.903,-85.761
649000.000,1667000.000,578.628,-86.227
650000.000,1667000.000,562.138,-86.715
651000.000,1667000.000,573.870,-87.214
652000.000,1667000.000,565.711,-87.493
653000.000,1667000.000,564.143,-87.326
654000.000,1667000.000,564.026,-86.768
655000.000,1667000.000,568.916,-85.642
656000.000,1667000.000,650.967,-83.514
657000.000,1667000.000,630.495,-80.461
658000.000,1667000.000,627.885,-76.530
659000.000,1667000.000,648.646,-72.461
660000.000,1667000.000,736.911,-68.059
661000.000,1667000.000,910.908,-63.230
662000.000,1667000.000,967.314,-57.282
663000.000,1667000.000,684.751,-51.963
664000.000,1667000.000,606.093,-48.764
665000.000,1667000.000,583.521,-47.924
666000.000,1667000.000,566.807,-47.506
667000.000,1667000.000,574.296,-47.483
668000.000,1667000.000,632.353,-46.550
669000.000,1667000.000,841.223,-45.463
670000.000,1667000.000,627.070,-44.827
671000.000,1667000.000,582.783,-45.085
672000.000,1667000.000,624.383,-46.013
673000.000,1667000.000,739.404,-47.678
674000.000,1667000.000,990.875,-50.060
675000.000,1667000.000,723.253,-53.118
676000.000,1667000.000,831.346,-56.652
677000.000,1667000.000,791.912,-60.484
678000.000,1667000.000,691.004,-65.987
679000.000,1667000.000,658.035,-71.749
680000.000,1667000.000,639.459,-75.343
681000.000,1667000.000,596.130,-78.105
682000.000,1667000.000,581.779,-81.442
683000.000,1667000.000,576.101,-84.159
684000.000,1667000.000,567.788,-86.080
685000.000,1667000.000,561.685,-86.993
686000.000,1667000.000,559.696,-87.304
687000.000,1667000.000,553.353,-86.564
688000.000,1667000.000,556.047,-85.300
689000.000,1667000.000,583.464,-85.359
690000.000,1667000.000,603.250,-85.277
691000.000,1667000.000,685.022,-84.554
692000.000,1667000.000,874.579,-84.323
693000.000,1667000.000,728.912,-83.693
694000.000,1667000.000,622.470,-83.310
695000.000,1667000.000,593.836,-83.357
696000.000,1667000.000,698.688,-82.428
697000.000,1667000.000,768.203,-80.427
698000.000,1667000.000,585.425,-77.956
699000.000,1667000.000,690.143,-76.502
700000.000,1667000.000,515.943,-76.511
701000.000,1667000.000,498.178,-77.285
702000.000,1667000.000,492.110,-79.513
703000.000,1667000.000,486.081,-79.997
704000.000,1667000.000,480.376,-80.592
705000.000,1667000.000,473.892,-82.676
706000.000,1667000.000,470.297,-81.272
707000.000,1667000.000,464.420,-81.615
708000.000,1667000.000,462.199,-81.908
709000.000,1667000.000,459.539,-81.289
710000.000,1667000.000,454.786,-83.081
711000.000,1667000.000,446.909,-83.531
641000.000,1666000.000,541.239,-83.798
642000.000,1666000.000,547.093,-83.380
643000.000,1666000.000,541.354,-83.081
644000.000,1666000.000,543.287,-83.821
645000.000,1666000.000,547.756,-83.984
646000.000,1666000.000,555.039,-84.140
647000.000,1666000.000,557.675,-84.678
648000.000,1666000.000,580.283,-85.348
649000.000,1666000.000,640.442,-85.934
650000.000,1666000.000,609.410,-86.504
651000.000,1666000.000,587.947,-87.032
652000.000,1666000.000,572.950,-87.387
653000.000,1666000.000,581.928,-87.405
654000.000,1666000.000,577.307,-86.990
655000.000,1666000.000,585.083,-86.047
656000.000,1666000.000,618.374,-84.371
657000.000,1666000.000,656.321,-81.799
658000.000,1666000.000,636.064,-78.686
659000.000,1666000.000,632.472,-74.725
660000.000,1666000.000,674.213,-70.531
661000.000,1666000.000,767.087,-65.604
662000.000,1666000.000,756.741,-59.765
663000.000,1666000.000,797.213,-53.513
664000.000,1666000.000,575.037,-49.823
665000.000,1666000.000,577.334,-48.818
666000.000,1666000.000,640.261,-48.582
667000.000,1666000.000,589.421,-48.294
668000.000,1666000.000,612.222,-46.906
669000.000,1666000.000,857.846,-45.795
670000.000,1666000.000,770.006,-44.737
671000.000,1666000.000,618.066,-44.317
672000.000,1666000.000,622.200,-45.130
673000.000,1666000.000,653.398,-46.655
674000.000,1666000.000,856.710,-48.708
675000.000,1666000.000,959.320,-51.431
676000.000,1666000.000,942.756,-54.493
677000.000,1666000.000,846.918,-57.705
678000.000,1666000.000,687.189,-62.773
679000.000,1666000.000,647.243,-70.171
680000.000,1666000.000,629.418,-74.186
681000.000,1666000.000,604.260,-75.845
682000.000,1666000.000,598.597,-79.814
683000.000,1666000.000,577.622,-83.076
684000.000,1666000.000,565.136,-85.432
685000.000,1666000.000,561.722,-86.943
686000.000,1666000.000,566.985,-87.865
687000.000,1666000.000,555.762,-87.232
688000.000,1666000.000,560.146,-86.868
689000.000,1666000.000,566.002,-87.294
690000.000,1666000.000,584.363,-87.636
691000.000,1666000.000,596.214,-87.515
692000.000,1666000.000,585.865,-87.606
693000.000,1666000.000,574.770,-87.185
694000.000,1666000.000,568.068,-86.547
695000.000,1666000.000,565.316,-85.821
696000.000,1666000.000,575.739,-84.078
697000.000,1666000.000,651.929,-80.289
698000.000,1666000.000,637.967,-75.744
699000.000,1666000.000,537.861,-73.255
700000.000,1666000.000,518.734,-72.895
701000.000,1666000.000,523.421,-73.569
702000.000,1666000.000,500.014,-75.004
703000.000,1666000.000,493.710,-75.754
704000.000,1666000.000,493.051,-76.318
705000.000,1666000.000,484.983,-76.387
706000.000,1666000.000,480.774,-75.904
707000.000,1666000.000,473.172,-76.667
708000.000,1666000.000,472.836,-77.297
709000.000,1666000.000,465.098,-78.474
710000.000,1666000.000,460.944,-81.204
711000.000,1666000.000,454.328,-81.965
641000.000,1665000.000,546.133,-84.162
642000.000,1665000.000,552.169,-83.871
643000.000,1665000.000,548.649,-83.587
644000.000,1665000.000,554.092,-83.726
645000.000,1665000.000,547.988,-83.842
646000.000,1665000.000,555.471,-84.024
647000.000,1665000.000,566.682,-84.495
648000.000,1665000.000,586.729,-85.018
649000.000,1665000.000,605.669,-85.614
650000.000,1665000.000,615.882,-86.241
651000.000,1665000.000,626.125,-86.827
652000.000,1665000.000,611.674,-87.263
653000.000,1665000.000,582.642,-87.424
654000.000,1665000.000,615.465,-87.184
655000.000,1665000.000,585.319,-86.470
656000.000,1665000.000,624.160,-85.230
657000.000,1665000.000,663.115,-83.277
658000.000,1665000.000,644.121,-80.610
659000.000,1665000.000,615.055,-76.897
660000.000,1665000.000,615.271,-73.304
661000.000,1665000.000,618.279,-68.510
662000.000,1665000.000,602.869,-63.428
663000.000,1665000.000,640.624,-57.260
664000.000,1665000.000,706.962,-53.399
665000.000,1665000.000,625.169,-51.534
666000.000,1665000.000,631.369,-50.259
667000.000,1665000.000,666.841,-49.258
668000.000,1665000.000,603.226,-48.217
669000.000,1665000.000,643.004,-46.542
670000.000,1665000.000,812.507,-45.079
671000.000,1665000.000,629.755,-44.448
672000.000,1665000.000,614.036,-45.313
673000.000,1665000.000,672.684,-46.215
674000.000,1665000.000,789.752,-47.744
675000.000,1665000.000,1008.470,-50.065
676000.000,1665000.000,900.559,-52.734
677000.000,1665000.000,885.934,-55.629
678000.000,1665000.000,679.416,-59.141
679000.000,1665000.000,654.578,-65.793
680000.000,1665000.000,631.728,-72.283
681000.000,1665000.000,609.486,-76.201
682000.000,1665000.000,592.880,-79.628
683000.000,1665000.000,588.560,-82.561
684000.000,1665000.000,575.488,-85.057
685000.000,1665000.000,572.490,-86.818
686000.000,1665000.000,573.380,-87.768
687000.000,1665000.000,572.957,-87.473
688000.000,1665000.000,576.450,-87.204
689000.000,1665000.000,576.404,-87.162
690000.000,1665000.000,570.552,-87.428
691000.000,1665000.000,583.221,-87.697
692000.000,1665000.000,565.818,-87.568
693000.000,1665000.000,552.455,-87.089
694000.000,1665000.000,549.616,-86.311
695000.000,1665000.000,548.311,-86.327
696000.000,1665000.000,549.663,-85.317
697000.000,1665000.000,545.579,-81.002
698000.000,1665000.000,541.715,-75.916
699000.000,1665000.000,525.224,-73.306
700000.000,1665000.000,524.020,-71.871
701000.000,1665000.000,514.266,-71.030
702000.000,1665000.000,516.456,-72.397
703000.000,1665000.000,537.734,-73.535
704000.000,1665000.000,521.198,-74.066
705000.000,1665000.000,513.966,-73.788
706000.000,1665000.000,495.550,-72.803
707000.000,1665000.000,484.408,-72.434
708000.000,1665000.000,485.415,-73.316
709000.000,1665000.000,478.649,-76.033
710000.000,1665000.000,467.335,-79.809
711000.000,1665000.000,461.781,-80.577
641000.000,1664000.000,590.923,-84.038
642000.000,1664000.000,565.221,-84.014
643000.000,1664000.000,556.067,-83.995
644000.000,1664000.000,564.241,-84.007
645000.000,1664000.000,555.591,-84.003
646000.000,1664000.000,556.083,-84.051
647000.000,1664000.000,568.620,-84.670
648000.000,1664000.000,601.180,-84.942
649000.000,1664000.000,601.274,-85.466
650000.000,1664000.000,607.080,-86.023
651000.000,1664000.000,624.678,-86.659
652000.000,1664000.000,612.628,-87.237
653000.000,1664000.000,595.667,-87.538
654000.000,1664000.000,609.902,-87.487
655000.000,1664000.000,626.294,-87.028
656000.000,1664000.000,612.999,-86.163
657000.000,1664000.000,656.839,-84.732
658000.000,1664000.000,631.642,-82.681
659000.000,1664000.000,606.135,-79.552
660000.000,1664000.000,600.447,-76.498
661000.000,1664000.000,595.797,-71.536
662000.000,1664000.000,643.673,-66.693
663000.000,1664000.000,905.855,-61.615
664000.000,1664000.000,864.575,-57.461
665000.000,1664000.000,851.851,-54.542
666000.000,1664000.000,726.227,-52.297
667000.000,1664000.000,679.747,-50.339
668000.000,1664000.000,618.642,-48.634
669000.000,1664000.000,618.872,-46.912
670000.000,1664000.000,694.398,-45.562
671000.000,1664000.000,717.802,-45.159
672000.000,1664000.000,647.405,-45.743
673000.000,1664000.000,639.442,-45.998
674000.000,1664000.000,700.498,-47.287
675000.000,1664000.000,968.732,-49.274
676000.000,1664000.000,809.332,-51.758
677000.000,1664000.000,836.782,-54.962
678000.000,1664000.000,680.109,-59.165
679000.000,1664000.000,651.950,-65.571
680000.000,1664000.000,635.178,-72.116
681000.000,1664000.000,623.305,-76.401
682000.000,1664000.000,601.716,-79.751
683000.000,1664000.000,620.803,-82.350
684000.000,1664000.000,581.961,-84.769
685000.000,1664000.000,576.036,-86.736
686000.000,1664000.000,588.535,-87.781
687000.000,1664000.000,591.936,-87.992
688000.000,1664000.000,572.266,-87.793
689000.000,1664000.000,577.814,-87.217
690000.000,1664000.000,575.564,-87.005
691000.000,1664000.000,587.542,-86.949
692000.000,1664000.000,567.181,-86.342
693000.000,1664000.000,551.785,-86.080
694000.000,1664000.000,541.424,-86.009
695000.000,1664000.000,536.402,-86.049
696000.000,1664000.000,535.367,-85.658
697000.000,1664000.000,531.228,-83.333
698000.000,1664000.000,526.546,-80.279
699000.000,1664000.000,534.645,-78.053
700000.000,1664000.000,533.713,-75.402
701000.000,1664000.000,536.505,-73.508
702000.000,1664000.000,563.906,-73.686
703000.000,1664000.000,634.825,-74.297
704000.000,1664000.000,663.826,-74.597
705000.000,1664000.000,554.451,-74.249
706000.000,1664000.000,536.939,-73.456
707000.000,1664000.000,592.352,-72.997
708000.000,1664000.000,499.672,-73.920
709000.000,1664000.000,483.979,-75.505
710000.000,1664000.000,476.244,-77.660
711000.000,1664000.000,463.184,-79.627
641000.000,1663000.000,574.401,-84.005
642000.000,1663000.000,566.248,-84.087
643000.000,1663000.000,572.597,-84.348
644000.000,1663000.000,587.946,-84.476
645000.000,1663000.000,570.447,-84.578
646000.000,1663000.000,562.711,-84.764
647000.000,1663000.000,564.586,-85.126
648000.000,1663000.000,574.537,-85.114
649000.000,1663000.000,590.185,-85.675
650000.000,1663000.000,593.774,-85.929
651000.000,1663000.000,621.522,-86.453
652000.000,1663000.000,623.241,-87.294
653000.000,1663000.000,629.356,-87.877
654000.000,1663000.000,624.261,-87.977
655000.000,1663000.000,640.231,-87.706
656000.000,1663000.000,661.606,-87.139
657000.000,1663000.000,654.372,-86.077
658000.000,1663000.000,632.010,-84.317
659000.000,1663000.000,611.127,-82.166
660000.000,1663000.000,604.191,-79.633
661000.000,1663000.000,604.126,-75.014
662000.000,1663000.000,626.045,-69.851
663000.000,1663000.000,695.423,-65.068
664000.000,1663000.000,935.009,-60.942
665000.000,1663000.000,843.871,-57.622
666000.000,1663000.000,715.400,-54.717
667000.000,1663000.000,691.426,-51.841
668000.000,1663000.000,704.336,-49.233
669000.000,1663000.000,645.663,-47.327
670000.000,1663000.000,679.631,-46.146
671000.000,1663000.000,947.971,-45.716
672000.000,1663000.000,729.164,-46.081
673000.000,1663000.000,650.030,-46.792
674000.000,1663000.000,655.776,-47.876
675000.000,1663000.000,790.384,-49.172
676000.000,1663000.000,961.356,-51.311
677000.000,1663000.000,873.958,-54.489
678000.000,1663000.000,724.648,-59.282
679000.000,1663000.000,669.382,-64.607
680000.000,1663000.000,646.866,-70.435
681000.000,1663000.000,632.223,-76.611
682000.000,1663000.000,616.287,-79.908
683000.000,1663000.000,600.326,-82.113
684000.000,1663000.000,584.802,-84.131
685000.000,1663000.000,591.846,-86.152
686000.000,1663000.000,595.980,-87.386
687000.000,1663000.000,608.773,-87.856
688000.000,1663000.000,589.313,-87.959
689000.000,1663000.000,579.275,-87.039
690000.000,1663000.000,579.719,-86.417
691000.000,1663000.000,587.773,-86.310
692000.000,1663000.000,568.887,-85.643
693000.000,1663000.000,570.894,-85.439
694000.000,1663000.000,551.838,-85.794
695000.000,1663000.000,533.220,-86.051
696000.000,1663000.000,523.547,-86.217
697000.000,1663000.000,522.846,-85.660
698000.000,1663000.000,517.725,-84.620
699000.000,1663000.000,518.957,-84.182
700000.000,1663000.000,517.230,-81.530
701000.000,1663000.000,582.188,-78.526
702000.000,1663000.000,680.812,-77.338
703000.000,1663000.000,603.620,-77.094
704000.000,1663000.000,575.448,-77.039
705000.000,1663000.000,654.766,-76.787
706000.000,1663000.000,590.522,-76.255
707000.000,1663000.000,572.228,-75.911
708000.000,1663000.000,536.645,-76.077
709000.000,1663000.000,611.044,-76.590
710000.000,1663000.000,601.330,-77.500
711000.000,1663000.000,505.930,-79.428
641000.000,1662000.000,563.604,-84.586
642000.000,1662000.000,616.108,-84.679
643000.000,1662000.000,595.596,-84.987
644000.000,1662000.000,586.248,-85.156
645000.000,1662000.000,583.042,-85.262
646000.000,1662000.000,578.726,-85.441
647000.000,1662000.000,571.821,-85.737
648000.000,1662000.000,583.553,-86.049
649000.000,1662000.000,594.580,-86.490
650000.000,1662000.000,619.247,-86.668
651000.000,1662000.000,597.903,-86.997
652000.000,1662000.000,623.254,-87.859
653000.000,1662000.000,628.055,-88.613
654000.000,1662000.000,637.695,-88.616
655000.000,1662000.000,636.640,-88.411
656000.000,1662000.000,650.373,-88.034
657000.000,1662000.000,645.490,-87.208
658000.000,1662000.000,643.801,-85.566
659000.000,1662000.000,624.231,-83.890
660000.000,1662000.000,612.734,-81.977
661000.000,1662000.000,606.903,-77.523
662000.000,1662000.000,622.042,-72.966
663000.000,1662000.000,659.556,-68.300
664000.000,1662000.000,850.549,-64.348
665000.000,1662000.000,894.679,-60.985
666000.000,1662000.000,908.269,-57.827
667000.000,1662000.000,899.880,-54.598
668000.000,1662000.000,745.993,-51.562
669000.000,1662000.000,656.440,-49.148
670000.000,1662000.000,670.131,-47.660
671000.000,1662000.000,872.389,-46.930
672000.000,1662000.000,975.637,-47.168
673000.000,1662000.000,702.873,-47.996
674000.000,1662000.000,796.196,-48.775
675000.000,1662000.000,680.968,-48.974
676000.000,1662000.000,764.850,-51.387
677000.000,1662000.000,895.862,-54.126
678000.000,1662000.000,781.106,-57.998
679000.000,1662000.000,805.243,-63.067
680000.000,1662000.000,655.172,-68.685
681000.000,1662000.000,630.204,-75.155
682000.000,1662000.000,641.403,-79.511
683000.000,1662000.000,612.019,-81.905
684000.000,1662000.000,594.537,-83.206
685000.000,1662000.000,600.191,-84.811
686000.000,1662000.000,606.166,-86.238
687000.000,1662000.000,610.288,-87.072
688000.000,1662000.000,592.444,-87.380
689000.000,1662000.000,587.870,-86.693
690000.000,1662000.000,593.529,-85.907
691000.000,1662000.000,588.217,-85.952
692000.000,1662000.000,584.985,-85.728
693000.000,1662000.000,561.531,-85.531
694000.000,1662000.000,541.756,-85.825
695000.000,1662000.000,528.355,-86.137
696000.000,1662000.000,523.349,-86.814
697000.000,1662000.000,516.426,-86.961
698000.000,1662000.000,513.938,-86.791
699000.000,1662000.000,508.639,-86.930
700000.000,1662000.000,508.769,-85.253
701000.000,1662000.000,584.795,-82.610
702000.000,1662000.000,632.566,-80.824
703000.000,1662000.000,576.757,-80.191
704000.000,1662000.000,532.615,-80.055
705000.000,1662000.000,573.956,-80.030
706000.000,1662000.000,534.293,-79.875
707000.000,1662000.000,502.412,-79.664
708000.000,1662000.000,509.520,-78.639
709000.000,1662000.000,510.395,-78.102
710000.000,1662000.000,514.132,-77.404
711000.000,1662000.000,474.811,-78.542
641000.000,1661000.000,564.884,-85.481
642000.000,1661000.000,574.628,-85.679
643000.000,1661000.000,669.008,-85.899
644000.000,1661000.000,606.663,-86.031
645000.000,1661000.000,637.561,-86.098
646000.000,1661000.000,590.847,-86.214
647000.000,1661000.000,573.860,-86.420
648000.000,1661000.000,591.772,-86.833
649000.000,1661000.000,598.207,-87.370
650000.000,1661000.000,607.032,-87.557
651000.000,1661000.000,626.764,-87.687
652000.000,1661000.000,613.409,-88.248
653000.000,1661000.000,631.761,-88.976
654000.000,1661000.000,627.588,-89.021
655000.000,1661000.000,634.491,-88.931
656000.000,1661000.000,650.598,-88.799
657000.000,1661000.000,663.202,-88.180
658000.000,1661000.000,656.039,-86.717
659000.000,1661000.000,645.312,-84.748
660000.000,1661000.000,623.892,-83.358
661000.000,1661000.000,613.563,-79.800
662000.000,1661000.000,620.851,-75.360
663000.000,1661000.000,663.292,-71.202
664000.000,1661000.000,783.369,-67.954
665000.000,1661000.000,1031.396,-64.755
666000.000,1661000.000,919.713,-61.599
667000.000,1661000.000,1070.651,-58.483
668000.000,1661000.000,887.470,-55.468
669000.000,1661000.000,806.533,-52.638
670000.000,1661000.000,773.617,-50.337
671000.000,1661000.000,802.426,-49.075
672000.000,1661000.000,834.421,-49.175
673000.000,1661000.000,961.921,-50.046
674000.000,1661000.000,1006.826,-50.822
675000.000,1661000.000,889.444,-51.385
676000.000,1661000.000,740.182,-52.901
677000.000,1661000.000,735.980,-54.535
678000.000,1661000.000,735.235,-56.957
679000.000,1661000.000,730.729,-60.918
680000.000,1661000.000,673.041,-66.104
681000.000,1661000.000,689.141,-72.924
682000.000,1661000.000,656.358,-79.303
683000.000,1661000.000,610.494,-82.031
684000.000,1661000.000,605.120,-82.930
685000.000,1661000.000,621.852,-83.933
686000.000,1661000.000,620.631,-85.348
687000.000,1661000.000,608.734,-86.371
688000.000,1661000.000,602.351,-86.852
689000.000,1661000.000,606.798,-87.131
690000.000,1661000.000,603.541,-86.530
691000.000,1661000.000,598.388,-85.965
692000.000,1661000.000,602.091,-85.936
693000.000,1661000.000,583.335,-85.964
694000.000,1661000.000,542.576,-85.988
695000.000,1661000.000,554.087,-85.957
696000.000,1661000.000,527.583,-86.265
697000.000,1661000.000,515.305,-86.984
698000.000,1661000.000,510.289,-87.145
699000.000,1661000.000,505.395,-87.358
700000.000,1661000.000,500.116,-86.626
701000.000,1661000.000,509.250,-84.651
702000.000,1661000.000,527.737,-82.658
703000.000,1661000.000,515.560,-82.397
704000.000,1661000.000,512.036,-82.622
705000.000,1661000.000,501.857,-82.957
706000.000,1661000.000,490.049,-83.212
707000.000,1661000.000,484.723,-83.307
708000.000,1661000.000,488.876,-80.467
709000.000,1661000.000,523.406,-78.484
710000.000,1661000.000,503.956,-78.179
711000.000,1661000.000,465.308,-78.886
641000.000,1660000.000,571.739,-86.536
642000.000,1660000.000,588.129,-86.775
643000.000,1660000.000,608.781,-86.932
644000.000,1660000.000,635.860,-87.022
645000.000,1660000.000,634.453,-87.070
646000.000,1660000.000,608.669,-87.142
647000.000,1660000.000,592.324,-87.060
648000.000,1660000.000,595.750,-87.317
649000.000,1660000.000,604.283,-87.905
650000.000,1660000.000,602.893,-87.949
651000.000,1660000.000,611.041,-88.336
652000.000,1660000.000,631.979,-88.832
653000.000,1660000.000,643.143,-89.300
654000.000,1660000.000,633.719,-89.195
655000.000,1660000.000,642.986,-89.249
656000.000,1660000.000,646.036,-89.529
657000.000,1660000.000,667.348,-89.219
658000.000,1660000.000,646.603,-88.369
659000.000,1660000.000,653.907,-87.314
660000.000,1660000.000,623.012,-85.999
661000.000,1660000.000,625.490,-83.233
662000.000,1660000.000,623.128,-79.086
663000.000,1660000.000,656.018,-75.277
664000.000,1660000.000,858.222,-72.203
665000.000,1660000.000,829.438,-69.026
666000.000,1660000.000,906.501,-65.924
667000.000,1660000.000,1005.639,-62.993
668000.000,1660000.000,915.044,-60.074
669000.000,1660000.000,967.405,-56.984
670000.000,1660000.000,1064.498,-53.867
671000.000,1660000.000,1063.633,-52.016
672000.000,1660000.000,1042.564,-52.124
673000.000,1660000.000,1039.103,-53.295
674000.000,1660000.000,1004.138,-54.570
675000.000,1660000.000,987.790,-55.237
676000.000,1660000.000,941.958,-55.940
677000.000,1660000.000,754.389,-56.197
678000.000,1660000.000,804.530,-56.791
679000.000,1660000.000,845.559,-59.292
680000.000,1660000.000,724.417,-64.443
681000.000,1660000.000,642.739,-72.564
682000.000,1660000.000,625.893,-79.167
683000.000,1660000.000,611.807,-81.490
684000.000,1660000.000,616.128,-82.877
685000.000,1660000.000,618.028,-83.146
686000.000,1660000.000,632.200,-84.646
687000.000,1660000.000,612.388,-85.621
688000.000,1660000.000,608.955,-85.795
689000.000,1660000.000,619.934,-86.073
690000.000,1660000.000,640.476,-85.932
691000.000,1660000.000,621.134,-85.592
692000.000,1660000.000,617.170,-85.645
693000.000,1660000.000,586.604,-85.765
694000.000,1660000.000,609.768,-85.833
695000.000,1660000.000,583.276,-85.983
696000.000,1660000.000,552.835,-86.364
697000.000,1660000.000,517.338,-86.906
698000.000,1660000.000,508.539,-87.074
699000.000,1660000.000,501.281,-87.267
700000.000,1660000.000,497.479,-86.936
701000.000,1660000.000,496.058,-84.851
702000.000,1660000.000,526.952,-82.317
703000.000,1660000.000,506.788,-83.577
704000.000,1660000.000,497.482,-84.259
705000.000,1660000.000,494.967,-84.748
706000.000,1660000.000,485.792,-85.022
707000.000,1660000.000,480.876,-85.231
708000.000,1660000.000,476.917,-82.858
709000.000,1660000.000,479.112,-80.570
710000.000,1660000.000,466.360,-81.117
711000.000,1660000.000,458.523,-81.783
641000.000,1659000.000,574.879,-87.760
642000.000,1659000.000,588.375,-87.866
643000.000,1659000.000,585.909,-87.927
644000.000,1659000.000,620.200,-87.988
645000.000,1659000.000,611.875,-88.043
646000.000,1659000.000,623.800,-88.147
647000.000,1659000.000,598.062,-87.600
648000.000,1659000.000,591.251,-87.678
649000.000,1659000.000,599.594,-88.577
650000.000,1659000.000,610.356,-88.635
651000.000,1659000.000,623.187,-89.099
652000.000,1659000.000,630.971,-89.707
653000.000,1659000.000,638.648,-89.859
654000.000,1659000.000,647.565,-89.885
655000.000,1659000.000,645.800,-90.101
656000.000,1659000.000,656.026,-90.503
657000.000,1659000.000,652.420,-90.306
658000.000,1659000.000,640.929,-89.827
659000.000,1659000.000,624.484,-89.371
660000.000,1659000.000,627.457,-88.785
661000.000,1659000.000,640.831,-87.292
662000.000,1659000.000,630.542,-83.964
663000.000,1659000.000,642.493,-80.227
664000.000,1659000.000,707.807,-76.764
665000.000,1659000.000,707.066,-73.618
666000.000,1659000.000,943.072,-70.777
667000.000,1659000.000,1016.781,-68.379
668000.000,1659000.000,974.515,-66.037
669000.000,1659000.000,1019.946,-62.637
670000.000,1659000.000,996.599,-58.072
671000.000,1659000.000,1026.002,-55.497
672000.000,1659000.000,953.693,-55.551
673000.000,1659000.000,998.608,-57.387
674000.000,1659000.000,928.228,-59.246
675000.000,1659000.000,893.148,-60.108
676000.000,1659000.000,796.768,-60.387
677000.000,1659000.000,900.368,-59.487
678000.000,1659000.000,798.867,-58.053
679000.000,1659000.000,827.982,-58.984
680000.000,1659000.000,796.787,-63.132
681000.000,1659000.000,668.098,-69.527
682000.000,1659000.000,639.780,-75.971
683000.000,1659000.000,620.133,-80.400
684000.000,1659000.000,635.288,-82.137
685000.000,1659000.000,628.609,-82.925
686000.000,1659000.000,632.071,-84.651
687000.000,1659000.000,617.770,-85.101
688000.000,1659000.000,618.327,-85.013
689000.000,1659000.000,618.082,-84.943
690000.000,1659000.000,621.430,-84.756
691000.000,1659000.000,630.672,-84.698
692000.000,1659000.000,591.718,-85.074
693000.000,1659000.000,606.519,-85.348
694000.000,1659000.000,605.408,-85.458
695000.000,1659000.000,554.038,-85.610
696000.000,1659000.000,537.965,-86.011
697000.000,1659000.000,518.862,-86.562
698000.000,1659000.000,503.077,-86.795
699000.000,1659000.000,498.463,-86.900
700000.000,1659000.000,494.929,-86.530
701000.000,1659000.000,490.672,-84.068
702000.000,1659000.000,497.288,-80.179
703000.000,1659000.000,494.561,-83.848
704000.000,1659000.000,491.097,-84.543
705000.000,1659000.000,487.830,-85.021
706000.000,1659000.000,484.414,-85.215
707000.000,1659000.000,491.065,-85.201
708000.000,1659000.000,470.692,-84.178
709000.000,1659000.000,467.437,-83.202
710000.000,1659000.000,459.613,-84.161
711000.000,1659000.000,454.092,-84.631
641000.000,1658000.000,569.935,-88.758
642000.000,1658000.000,580.129,-88.702
643000.000,1658000.000,581.700,-88.722
644000.000,1658000.000,585.008,-88.779
645000.000,1658000.000,588.837,-88.799
646000.000,1658000.000,610.115,-88.851
647000.000,1658000.000,610.681,-89.024
648000.000,1658000.000,603.460,-89.002
649000.000,1658000.000,607.362,-89.184
650000.000,1658000.000,619.688,-89.321
651000.000,1658000.000,616.892,-89.583
652000.000,1658000.000,629.726,-89.988
653000.000,1658000.000,656.525,-90.030
654000.000,1658000.000,664.335,-90.258
655000.000,1658000.000,675.710,-90.805
656000.000,1658000.000,664.523,-91.118
657000.000,1658000.000,646.651,-91.066
658000.000,1658000.000,641.051,-91.076
659000.000,1658000.000,638.849,-90.673
660000.000,1658000.000,641.096,-90.497
661000.000,1658000.000,637.009,-90.039
662000.000,1658000.000,646.596,-87.052
663000.000,1658000.000,640.253,-83.420
664000.000,1658000.000,648.880,-80.576
665000.000,1658000.000,670.868,-78.008
666000.000,1658000.000,719.028,-75.793
667000.000,1658000.000,736.545,-74.325
668000.000,1658000.000,824.680,-73.238
669000.000,1658000.000,835.658,-69.565
670000.000,1658000.000,923.807,-64.444
671000.000,1658000.000,948.005,-61.150
672000.000,1658000.000,992.568,-59.176
673000.000,1658000.000,923.912,-62.491
674000.000,1658000.000,910.164,-64.612
675000.000,1658000.000,718.935,-65.955
676000.000,1658000.000,740.423,-66.313
677000.000,1658000.000,695.965,-65.618
678000.000,1658000.000,891.218,-63.288
679000.000,1658000.000,814.059,-61.881
680000.000,1658000.000,840.161,-64.838
681000.000,1658000.000,686.170,-68.672
682000.000,1658000.000,664.337,-73.618
683000.000,1658000.000,636.311,-78.496
684000.000,1658000.000,650.163,-81.506
685000.000,1658000.000,660.309,-83.470
686000.000,1658000.000,640.369,-84.953
687000.000,1658000.000,629.755,-85.065
688000.000,1658000.000,625.583,-85.073
689000.000,1658000.000,633.704,-84.976
690000.000,1658000.000,636.779,-84.302
691000.000,1658000.000,635.741,-84.086
692000.000,1658000.000,584.076,-84.762
693000.000,1658000.000,566.926,-85.105
694000.000,1658000.000,552.108,-85.112
695000.000,1658000.000,543.089,-85.132
696000.000,1658000.000,549.479,-85.283
697000.000,1658000.000,512.626,-85.860
698000.000,1658000.000,502.196,-86.255
699000.000,1658000.000,495.568,-86.203
700000.000,1658000.000,492.384,-85.602
701000.000,1658000.000,488.077,-84.293
702000.000,1658000.000,487.123,-82.261
703000.000,1658000.000,485.344,-83.548
704000.000,1658000.000,485.114,-84.487
705000.000,1658000.000,482.444,-85.048
706000.000,1658000.000,476.374,-85.238
707000.000,1658000.000,485.906,-85.393
708000.000,1658000.000,470.947,-85.280
709000.000,1658000.000,465.186,-85.374
710000.000,1658000.000,459.514,-86.276
711000.000,1658000.000,454.807,-86.351
641000.000,1657000.000,563.130,-89.137
642000.000,1657000.000,568.471,-89.119
643000.000,1657000.000,573.493,-89.285
644000.000,1657000.000,581.694,-89.400
645000.000,1657000.000,591.065,-89.306
646000.000,1657000.000,607.260,-89.134
647000.000,1657000.000,636.169,-89.035
648000.000,1657000.000,620.177,-89.178
649000.000,1657000.000,645.573,-89.216
650000.000,1657000.000,624.835,-89.259
651000.000,1657000.000,634.643,-89.348
652000.000,1657000.000,645.314,-89.494
653000.000,1657000.000,683.635,-89.625
654000.000,1657000.000,702.212,-89.925
655000.000,1657000.000,667.604,-90.499
656000.000,1657000.000,662.612,-90.963
657000.000,1657000.000,653.505,-91.161
658000.000,1657000.000,660.058,-91.106
659000.000,1657000.000,641.679,-90.928
660000.000,1657000.000,646.516,-90.767
661000.000,1657000.000,659.360,-90.092
662000.000,1657000.000,664.045,-88.097
663000.000,1657000.000,663.168,-85.509
664000.000,1657000.000,671.750,-83.679
665000.000,1657000.000,669.361,-81.714
666000.000,1657000.000,692.442,-79.994
667000.000,1657000.000,781.824,-78.917
668000.000,1657000.000,760.410,-78.801
669000.000,1657000.000,749.972,-75.258
670000.000,1657000.000,778.289,-71.774
671000.000,1657000.000,841.227,-69.717
672000.000,1657000.000,831.751,-68.203
673000.000,1657000.000,882.658,-68.636
674000.000,1657000.000,738.895,-70.184
675000.000,1657000.000,707.795,-72.761
676000.000,1657000.000,697.260,-73.478
677000.000,1657000.000,672.691,-73.755
678000.000,1657000.000,672.026,-73.270
679000.000,1657000.000,843.659,-70.711
680000.000,1657000.000,758.052,-69.525
681000.000,1657000.000,759.845,-69.479
682000.000,1657000.000,658.986,-72.619
683000.000,1657000.000,647.941,-77.910
684000.000,1657000.000,647.560,-81.845
685000.000,1657000.000,692.148,-84.065
686000.000,1657000.000,715.905,-85.088
687000.000,1657000.000,637.305,-85.624
688000.000,1657000.000,638.553,-85.582
689000.000,1657000.000,631.016,-85.370
690000.000,1657000.000,618.444,-84.658
691000.000,1657000.000,614.063,-84.297
692000.000,1657000.000,639.651,-84.600
693000.000,1657000.000,587.439,-84.820
694000.000,1657000.000,614.497,-84.796
695000.000,1657000.000,564.632,-84.784
696000.000,1657000.000,543.186,-84.901
697000.000,1657000.000,509.048,-85.303
698000.000,1657000.000,496.395,-85.830
699000.000,1657000.000,493.924,-85.715
700000.000,1657000.000,486.462,-85.173
701000.000,1657000.000,485.264,-84.256
702000.000,1657000.000,479.255,-82.937
703000.000,1657000.000,479.529,-83.159
704000.000,1657000.000,478.906,-83.868
705000.000,1657000.000,477.345,-84.678
706000.000,1657000.000,473.794,-85.118
707000.000,1657000.000,468.271,-85.501
708000.000,1657000.000,465.842,-85.965
709000.000,1657000.000,466.488,-86.439
710000.000,1657000.000,466.570,-86.964
711000.000,1657000.000,462.024,-86.350
641000.000,1656000.000,571.276,-89.171
642000.000,1656000.000,570.878,-89.382
643000.000,1656000.000,575.308,-89.626
644000.000,1656000.000,585.292,-89.837
645000.000,1656000.000,585.102,-89.570
646000.000,1656000.000,595.387,-89.244
647000.000,1656000.000,606.623,-89.090
648000.000,1656000.000,598.089,-89.151
649000.000,1656000.000,608.814,-89.126
650000.000,1656000.000,619.204,-88.960
651000.000,1656000.000,644.516,-88.812
652000.000,1656000.000,647.884,-88.780
653000.000,1656000.000,657.793,-88.905
654000.000,1656000.000,676.934,-89.226
655000.000,1656000.000,684.262,-89.801
656000.000,1656000.000,665.916,-90.355
657000.000,1656000.000,673.779,-90.771
658000.000,1656000.000,670.626,-90.646
659000.000,1656000.000,660.736,-90.402
660000.000,1656000.000,648.456,-90.435
661000.000,1656000.000,655.730,-89.966
662000.000,1656000.000,664.719,-88.680
663000.000,1656000.000,680.217,-87.279
664000.000,1656000.000,692.983,-86.050
665000.000,1656000.000,694.625,-84.094
666000.000,1656000.000,691.827,-81.962
667000.000,1656000.000,741.104,-81.150
668000.000,1656000.000,726.400,-81.019
669000.000,1656000.000,738.107,-79.049
670000.000,1656000.000,781.865,-76.711
671000.000,1656000.000,748.146,-75.271
672000.000,1656000.000,762.847,-73.889
673000.000,1656000.000,767.941,-74.436
674000.000,1656000.000,758.754,-75.499
675000.000,1656000.000,747.193,-77.871
676000.000,1656000.000,726.701,-78.465
677000.000,1656000.000,671.668,-78.818
678000.000,1656000.000,689.964,-79.153
679000.000,1656000.000,655.808,-77.381
680000.000,1656000.000,825.689,-74.371
681000.000,1656000.000,798.958,-71.826
682000.000,1656000.000,686.400,-73.100
683000.000,1656000.000,652.495,-78.997
684000.000,1656000.000,665.344,-82.957
685000.000,1656000.000,673.746,-84.164
686000.000,1656000.000,651.351,-85.109
687000.000,1656000.000,645.946,-85.846
688000.000,1656000.000,644.871,-85.729
689000.000,1656000.000,647.279,-85.676
690000.000,1656000.000,663.248,-85.194
691000.000,1656000.000,631.110,-84.538
692000.000,1656000.000,597.013,-84.134
693000.000,1656000.000,566.722,-84.343
694000.000,1656000.000,555.261,-84.453
695000.000,1656000.000,530.105,-84.589
696000.000,1656000.000,524.370,-84.953
697000.000,1656000.000,513.388,-84.856
698000.000,1656000.000,496.514,-85.139
699000.000,1656000.000,492.912,-84.989
700000.000,1656000.000,485.400,-85.054
701000.000,1656000.000,480.678,-84.317
702000.000,1656000.000,476.706,-82.307
703000.000,1656000.000,477.063,-82.646
704000.000,1656000.000,472.281,-83.391
705000.000,1656000.000,473.658,-84.187
706000.000,1656000.000,472.219,-84.705
707000.000,1656000.000,467.072,-85.162
708000.000,1656000.000,461.122,-85.947
709000.000,1656000.000,458.778,-86.322
710000.000,1656000.000,459.278,-86.207
711000.000,1656000.000,457.956,-85.724
641000.000,1655000.000,567.103,-88.727
642000.000,1655000.000,571.970,-89.170
643000.000,1655000.000,581.359,-89.367
644000.000,1655000.000,577.542,-89.789
645000.000,1655000.000,584.404,-89.289
646000.000,1655000.000,594.038,-89.137
647000.000,1655000.000,603.263,-89.074
648000.000,1655000.000,591.600,-89.123
649000.000,1655000.000,596.887,-89.005
650000.000,1655000.000,603.287,-88.568
651000.000,1655000.000,617.606,-88.165
652000.000,1655000.000,626.724,-88.036
653000.000,1655000.000,626.606,-88.235
654000.000,1655000.000,641.261,-88.700
655000.000,1655000.000,673.399,-89.291
656000.000,1655000.000,681.180,-89.669
657000.000,1655000.000,673.960,-89.998
658000.000,1655000.000,669.034,-90.052
659000.000,1655000.000,666.091,-90.014
660000.000,1655000.000,661.305,-90.083
661000.000,1655000.000,672.670,-89.516
662000.000,1655000.000,666.275,-88.385
663000.000,1655000.000,673.903,-87.428
664000.000,1655000.000,681.405,-86.698
665000.000,1655000.000,699.696,-85.079
666000.000,1655000.000,702.031,-83.540
667000.000,1655000.000,712.295,-82.941
668000.000,1655000.000,720.008,-82.095
669000.000,1655000.000,723.095,-81.094
670000.000,1655000.000,732.434,-80.027
671000.000,1655000.000,725.246,-79.238
672000.000,1655000.000,733.650,-78.501
673000.000,1655000.000,742.813,-78.697
674000.000,1655000.000,730.498,-79.359
675000.000,1655000.000,755.345,-80.141
676000.000,1655000.000,739.148,-80.654
677000.000,1655000.000,717.929,-81.140
678000.000,1655000.000,695.009,-80.988
679000.000,1655000.000,696.233,-80.138
680000.000,1655000.000,629.030,-77.895
681000.000,1655000.000,688.353,-75.513
682000.000,1655000.000,679.414,-75.795
683000.000,1655000.000,660.267,-80.752
684000.000,1655000.000,677.377,-83.572
685000.000,1655000.000,685.286,-84.812
686000.000,1655000.000,749.774,-85.627
687000.000,1655000.000,677.878,-85.844
688000.000,1655000.000,646.030,-85.619
689000.000,1655000.000,658.323,-85.493
690000.000,1655000.000,678.749,-85.062
691000.000,1655000.000,666.887,-84.416
692000.000,1655000.000,565.375,-83.944
693000.000,1655000.000,547.761,-83.980
694000.000,1655000.000,532.454,-84.062
695000.000,1655000.000,521.844,-83.994
696000.000,1655000.000,517.116,-84.010
697000.000,1655000.000,511.854,-83.983
698000.000,1655000.000,501.648,-84.507
699000.000,1655000.000,493.992,-84.727
700000.000,1655000.000,491.176,-84.935
701000.000,1655000.000,483.397,-84.799
702000.000,1655000.000,477.151,-83.481
703000.000,1655000.000,472.028,-83.527
704000.000,1655000.000,469.719,-83.593
705000.000,1655000.000,467.213,-83.765
706000.000,1655000.000,463.347,-83.899
707000.000,1655000.000,465.882,-84.378
708000.000,1655000.000,463.949,-85.109
709000.000,1655000.000,455.481,-85.595
710000.000,1655000.000,452.040,-85.699
711000.000,1655000.000,451.462,-85.476
641000.000,1654000.000,570.663,-87.833
642000.000,1654000.000,563.819,-88.550
643000.000,1654000.000,571.143,-88.727
644000.000,1654000.000,571.177,-88.763
645000.000,1654000.000,577.748,-88.533
646000.000,1654000.000,590.742,-88.940
647000.000,1654000.000,587.231,-88.973
648000.000,1654000.000,591.497,-88.690
649000.000,1654000.000,613.489,-88.492
650000.000,1654000.000,614.945,-88.144
651000.000,1654000.000,618.193,-87.870
652000.000,1654000.000,623.400,-87.865
653000.000,1654000.000,634.882,-87.985
654000.000,1654000.000,693.570,-88.410
655000.000,1654000.000,669.018,-88.825
656000.000,1654000.000,667.261,-88.969
657000.000,1654000.000,676.922,-89.237
658000.000,1654000.000,686.536,-89.343
659000.000,1654000.000,677.623,-89.622
660000.000,1654000.000,692.019,-89.649
661000.000,1654000.000,677.846,-88.632
662000.000,1654000.000,671.066,-87.345
663000.000,1654000.000,679.862,-86.925
664000.000,1654000.000,687.603,-86.425
665000.000,1654000.000,687.211,-85.795
666000.000,1654000.000,690.919,-85.515
667000.000,1654000.000,702.097,-85.658
668000.000,1654000.000,706.701,-84.661
669000.000,1654000.000,717.113,-83.732
670000.000,1654000.000,725.888,-83.029
671000.000,1654000.000,717.692,-82.403
672000.000,1654000.000,710.581,-82.000
673000.000,1654000.000,711.320,-81.896
674000.000,1654000.000,710.283,-81.829
675000.000,1654000.000,737.622,-81.751
676000.000,1654000.000,713.076,-81.645
677000.000,1654000.000,703.497,-81.987
678000.000,1654000.000,706.705,-81.937
679000.000,1654000.000,665.121,-81.142
680000.000,1654000.000,645.068,-79.748
681000.000,1654000.000,616.893,-78.529
682000.000,1654000.000,643.337,-78.429
683000.000,1654000.000,707.022,-80.898
684000.000,1654000.000,693.426,-83.213
685000.000,1654000.000,751.006,-84.562
686000.000,1654000.000,740.473,-85.589
687000.000,1654000.000,742.943,-85.893
688000.000,1654000.000,673.817,-85.670
689000.000,1654000.000,593.977,-85.108
690000.000,1654000.000,620.224,-84.618
691000.000,1654000.000,645.708,-84.119
692000.000,1654000.000,610.998,-83.638
693000.000,1654000.000,534.280,-83.462
694000.000,1654000.000,527.625,-83.331
695000.000,1654000.000,516.707,-83.164
696000.000,1654000.000,509.411,-83.111
697000.000,1654000.000,507.271,-83.385
698000.000,1654000.000,501.439,-84.082
699000.000,1654000.000,492.567,-84.251
700000.000,1654000.000,485.443,-84.386
701000.000,1654000.000,486.132,-84.285
702000.000,1654000.000,482.349,-83.883
703000.000,1654000.000,477.667,-83.981
704000.000,1654000.000,472.580,-84.019
705000.000,1654000.000,468.605,-83.495
706000.000,1654000.000,462.685,-83.526
707000.000,1654000.000,459.764,-84.162
708000.000,1654000.000,463.757,-84.347
709000.000,1654000.000,458.859,-84.664
710000.000,1654000.000,452.002,-85.309
711000.000,1654000.000,446.615,-85.665
641000.000,1653000.000,557.155,-87.153
642000.000,1653000.000,560.383,-87.823
643000.000,1653000.000,563.081,-88.405
644000.000,1653000.000,573.977,-88.688
645000.000,1653000.000,583.485,-88.383
646000.000,1653000.000,578.633,-88.795
647000.000,1653000.000,584.012,-88.840
648000.000,1653000.000,594.179,-88.273
649000.000,1653000.000,600.990,-88.024
650000.000,1653000.000,612.994,-87.898
651000.000,1653000.000,616.524,-87.837
652000.000,1653000.000,626.749,-87.932
653000.000,1653000.000,648.964,-87.988
654000.000,1653000.000,658.767,-88.096
655000.000,1653000.000,687.793,-88.224
656000.000,1653000.000,667.541,-88.200
657000.000,1653000.000,682.095,-88.041
658000.000,1653000.000,688.207,-87.856
659000.000,1653000.000,687.132,-88.188
660000.000,1653000.000,695.262,-88.556
661000.000,1653000.000,684.580,-87.691
662000.000,1653000.000,672.766,-85.725
663000.000,1653000.000,676.749,-85.832
664000.000,1653000.000,681.200,-86.074
665000.000,1653000.000,691.355,-86.006
666000.000,1653000.000,694.369,-86.023
667000.000,1653000.000,698.226,-86.414
668000.000,1653000.000,701.348,-86.193
669000.000,1653000.000,712.756,-85.741
670000.000,1653000.000,716.608,-85.239
671000.000,1653000.000,714.484,-84.696
672000.000,1653000.000,699.439,-84.302
673000.000,1653000.000,687.192,-84.240
674000.000,1653000.000,671.950,-83.435
675000.000,1653000.000,677.864,-82.858
676000.000,1653000.000,651.754,-82.150
677000.000,1653000.000,684.359,-82.559
678000.000,1653000.000,691.463,-82.594
679000.000,1653000.000,694.074,-82.086
680000.000,1653000.000,658.172,-81.272
681000.000,1653000.000,613.379,-80.662
682000.000,1653000.000,618.018,-80.665
683000.000,1653000.000,682.790,-81.832
684000.000,1653000.000,719.732,-83.346
685000.000,1653000.000,735.257,-84.446
686000.000,1653000.000,649.533,-85.207
687000.000,1653000.000,662.061,-85.457
688000.000,1653000.000,616.224,-85.183
689000.000,1653000.000,564.911,-84.434
690000.000,1653000.000,571.933,-83.990
691000.000,1653000.000,555.442,-83.709
692000.000,1653000.000,533.350,-83.033
693000.000,1653000.000,519.014,-82.783
694000.000,1653000.000,515.147,-82.476
695000.000,1653000.000,510.868,-82.692
696000.000,1653000.000,505.580,-83.008
697000.000,1653000.000,503.725,-83.299
698000.000,1653000.000,495.933,-83.656
699000.000,1653000.000,491.677,-83.850
700000.000,1653000.000,484.722,-84.121
701000.000,1653000.000,477.862,-84.132
702000.000,1653000.000,476.485,-83.787
703000.000,1653000.000,474.801,-83.765
704000.000,1653000.000,471.185,-83.804
705000.000,1653000.000,468.046,-83.638
706000.000,1653000.000,462.848,-83.743
707000.000,1653000.000,457.089,-84.045
708000.000,1653000.000,454.697,-83.988
709000.000,1653000.000,454.572,-84.229
710000.000,1653000.000,449.056,-84.912
711000.000,1653000.000,445.603,-85.218
641000.000,1652000.000,555.320,-87.031
642000.000,1652000.000,559.165,-87.462
643000.000,1652000.000,563.555,-88.124
644000.000,1652000.000,569.232,-88.639
645000.000,1652000.000,572.618,-88.525
646000.000,1652000.000,576.186,-88.678
647000.000,1652000.000,583.346,-88.615
648000.000,1652000.000,588.599,-88.248
649000.000,1652000.000,599.055,-88.004
650000.000,1652000.000,600.549,-87.817
651000.000,1652000.000,620.664,-87.873
652000.000,1652000.000,633.850,-88.014
653000.000,1652000.000,661.503,-87.960
654000.000,1652000.000,683.743,-87.873
655000.000,1652000.000,678.741,-87.771
656000.000,1652000.000,686.004,-87.490
657000.000,1652000.000,678.531,-86.932
658000.000,1652000.000,693.761,-86.613
659000.000,1652000.000,707.121,-86.805
660000.000,1652000.000,689.227,-87.427
661000.000,1652000.000,687.269,-87.444
662000.000,1652000.000,676.326,-85.826
663000.000,1652000.000,677.622,-85.736
664000.000,1652000.000,682.187,-86.092
665000.000,1652000.000,689.946,-86.177
666000.000,1652000.000,705.831,-86.522
667000.000,1652000.000,697.934,-86.852
668000.000,1652000.000,706.097,-86.917
669000.000,1652000.000,713.730,-86.879
670000.000,1652000.000,720.066,-86.389
671000.000,1652000.000,721.739,-85.918
672000.000,1652000.000,734.554,-85.463
673000.000,1652000.000,700.340,-85.107
674000.000,1652000.000,674.197,-84.286
675000.000,1652000.000,698.076,-83.540
676000.000,1652000.000,639.699,-82.841
677000.000,1652000.000,681.905,-83.317
678000.000,1652000.000,657.021,-83.270
679000.000,1652000.000,649.149,-82.867
680000.000,1652000.000,623.343,-82.385
681000.000,1652000.000,679.408,-81.893
682000.000,1652000.000,588.123,-81.967
683000.000,1652000.000,661.455,-82.793
684000.000,1652000.000,653.574,-83.700
685000.000,1652000.000,661.836,-84.474
686000.000,1652000.000,596.265,-85.029
687000.000,1652000.000,679.608,-84.945
688000.000,1652000.000,583.996,-84.708
689000.000,1652000.000,557.626,-84.274
690000.000,1652000.000,552.730,-84.023
691000.000,1652000.000,541.601,-83.816
692000.000,1652000.000,528.964,-83.167
693000.000,1652000.000,518.161,-82.680
694000.000,1652000.000,512.972,-82.112
695000.000,1652000.000,503.858,-82.134
696000.000,1652000.000,501.180,-82.522
697000.000,1652000.000,497.512,-82.938
698000.000,1652000.000,494.899,-83.206
699000.000,1652000.000,490.218,-83.200
700000.000,1652000.000,484.804,-83.348
701000.000,1652000.000,477.400,-83.600
702000.000,1652000.000,471.534,-83.344
703000.000,1652000.000,468.371,-83.280
704000.000,1652000.000,467.456,-83.347
705000.000,1652000.000,462.554,-83.330
706000.000,1652000.000,463.494,-83.159
707000.000,1652000.000,455.979,-83.214
708000.000,1652000.000,452.345,-83.413
709000.000,1652000.000,452.097,-84.185
710000.000,1652000.000,449.874,-84.936
711000.000,1652000.000,445.715,-84.979
641000.000,1651000.000,556.256,-86.941
642000.000,1651000.000,559.634,-87.121
643000.000,1651000.000,568.259,-87.737
644000.000,1651000.000,573.188,-88.134
645000.000,1651000.000,574.052,-88.151
646000.000,1651000.000,585.562,-88.185
647000.000,1651000.000,583.231,-88.193
648000.000,1651000.000,593.641,-88.119
649000.000,1651000.000,608.034,-88.011
650000.000,1651000.000,610.935,-87.719
651000.000,1651000.000,620.399,-87.637
652000.000,1651000.000,635.915,-87.779
653000.000,1651000.000,633.891,-87.735
654000.000,1651000.000,679.602,-87.635
655000.000,1651000.000,647.459,-87.497
656000.000,1651000.000,668.643,-87.224
657000.000,1651000.000,687.661,-86.619
658000.000,1651000.000,700.054,-85.899
659000.000,1651000.000,703.136,-85.582
660000.000,1651000.000,691.373,-86.226
661000.000,1651000.000,685.656,-86.552
662000.000,1651000.000,678.387,-86.015
663000.000,1651000.000,692.997,-85.895
664000.000,1651000.000,695.076,-86.047
665000.000,1651000.000,705.287,-86.107
666000.000,1651000.000,707.725,-86.746
667000.000,1651000.000,719.285,-87.096
668000.000,1651000.000,716.983,-87.156
669000.000,1651000.000,712.939,-87.248
670000.000,1651000.000,717.746,-86.927
671000.000,1651000.000,719.949,-86.603
672000.000,1651000.000,734.804,-85.825
673000.000,1651000.000,732.373,-85.180
674000.000,1651000.000,662.942,-84.960
675000.000,1651000.000,633.253,-84.443
676000.000,1651000.000,622.176,-83.927
677000.000,1651000.000,613.362,-83.966
678000.000,1651000.000,605.780,-83.670
679000.000,1651000.000,595.365,-83.386
680000.000,1651000.000,587.681,-83.105
681000.000,1651000.000,588.000,-82.889
682000.000,1651000.000,610.919,-82.973
683000.000,1651000.000,592.488,-83.454
684000.000,1651000.000,605.618,-83.938
685000.000,1651000.000,609.406,-84.303
686000.000,1651000.000,622.914,-84.381
687000.000,1651000.000,585.186,-84.137
688000.000,1651000.000,572.063,-84.071
689000.000,1651000.000,554.024,-84.035
690000.000,1651000.000,544.570,-83.973
691000.000,1651000.000,540.803,-83.724
692000.000,1651000.000,525.972,-82.977
693000.000,1651000.000,517.854,-82.955
694000.000,1651000.000,513.041,-82.128
695000.000,1651000.000,504.277,-81.528
696000.000,1651000.000,497.905,-81.867
697000.000,1651000.000,490.537,-82.512
698000.000,1651000.000,491.408,-82.792
699000.000,1651000.000,482.823,-82.956
700000.000,1651000.000,484.523,-82.722
701000.000,1651000.000,501.886,-82.475
702000.000,1651000.000,479.874,-82.474
703000.000,1651000.000,471.145,-82.699
704000.000,1651000.000,462.792,-83.029
705000.000,1651000.000,459.661,-83.069
706000.000,1651000.000,456.994,-82.996
707000.000,1651000.000,455.563,-83.017
708000.000,1651000.000,451.322,-83.178
709000.000,1651000.000,449.213,-84.129
710000.000,1651000.000,447.965,-84.841
711000.000,1651000.000,444.709,-84.853
641000.000,1650000.000,567.482,-86.898
642000.000,1650000.000,562.495,-87.069
643000.000,1650000.000,566.806,-87.597
644000.000,1650000.000,567.369,-87.917
645000.000,1650000.000,574.587,-87.961
646000.000,1650000.000,581.798,-87.962
647000.000,1650000.000,586.638,-88.024
648000.000,1650000.000,599.478,-88.061
649000.000,1650000.000,600.500,-87.996
650000.000,1650000.000,598.303,-87.481
651000.000,1650000.000,614.328,-87.102
652000.000,1650000.000,615.944,-87.261
653000.000,1650000.000,625.291,-87.374
654000.000,1650000.000,628.991,-87.336
655000.000,1650000.000,632.326,-87.182
656000.000,1650000.000,641.986,-86.971
657000.000,1650000.000,658.805,-86.459
658000.000,1650000.000,692.426,-85.764
659000.000,1650000.000,701.572,-85.163
660000.000,1650000.000,697.284,-85.598
661000.000,1650000.000,687.563,-86.041
662000.000,1650000.000,685.678,-85.521
663000.000,1650000.000,685.711,-85.340
664000.000,1650000.000,688.742,-85.533
665000.000,1650000.000,693.000,-86.014
666000.000,1650000.000,698.930,-86.641
667000.000,1650000.000,705.506,-86.983
668000.000,1650000.000,724.383,-87.015
669000.000,1650000.000,721.233,-87.131
670000.000,1650000.000,726.671,-87.125
671000.000,1650000.000,742.741,-87.058
672000.000,1650000.000,742.955,-86.829
673000.000,1650000.000,766.056,-86.304
674000.000,1650000.000,743.742,-85.760
675000.000,1650000.000,694.180,-85.350
676000.000,1650000.000,698.401,-84.720
677000.000,1650000.000,658.678,-84.128
678000.000,1650000.000,634.752,-83.760
679000.000,1650000.000,649.596,-83.617
680000.000,1650000.000,622.528,-83.559
681000.000,1650000.000,709.761,-83.563
682000.000,1650000.000,692.568,-83.690
683000.000,1650000.000,649.704,-83.955
684000.000,1650000.000,565.783,-84.081
685000.000,1650000.000,562.000,-83.982
686000.000,1650000.000,558.974,-83.630
687000.000,1650000.000,555.646,-83.075
688000.000,1650000.000,548.934,-83.360
689000.000,1650000.000,542.067,-83.573
690000.000,1650000.000,533.590,-83.461
691000.000,1650000.000,527.281,-83.168
692000.000,1650000.000,531.407,-82.788
693000.000,1650000.000,542.052,-82.439
694000.000,1650000.000,510.644,-81.827
695000.000,1650000.000,501.208,-81.174
696000.000,1650000.000,494.626,-81.496
697000.000,1650000.000,488.869,-82.093
698000.000,1650000.000,485.077,-82.203
699000.000,1650000.000,481.710,-82.323
700000.000,1650000.000,476.166,-82.287
701000.000,1650000.000,474.052,-82.439
702000.000,1650000.000,472.679,-82.080
703000.000,1650000.000,469.724,-82.376
704000.000,1650000.000,467.490,-82.977
705000.000,1650000.000,462.592,-83.016
706000.000,1650000.000,457.714,-83.015
707000.000,1650000.000,452.619,-82.988
708000.000,1650000.000,452.079,-83.153
709000.000,1650000.000,451.192,-83.867
710000.000,1650000.000,449.869,-84.240
711000.000,1650000.000,450.036,-84.410
641000.000,1649000.000,568.277,-87.231
642000.000,1649000.000,568.472,-87.517
643000.000,1649000.000,574.113,-87.881
644000.000,1649000.000,571.211,-88.002
645000.000,1649000.000,574.828,-87.997
646000.000,1649000.000,578.531,-88.017
647000.000,1649000.000,582.520,-88.083
648000.000,1649000.000,586.781,-88.090
649000.000,1649000.000,591.278,-87.989
650000.000,1649000.000,596.204,-87.620
651000.000,1649000.000,604.074,-87.077
652000.000,1649000.000,610.968,-86.714
653000.000,1649000.000,615.019,-86.977
654000.000,1649000.000,625.767,-86.947
655000.000,1649000.000,651.420,-86.811
656000.000,1649000.000,650.619,-86.567
657000.000,1649000.000,683.347,-86.103
658000.000,1649000.000,708.747,-85.521
659000.000,1649000.000,703.265,-85.127
660000.000,1649000.000,699.123,-85.183
661000.000,1649000.000,688.985,-84.994
662000.000,1649000.000,691.144,-84.291
663000.000,1649000.000,694.853,-84.286
664000.000,1649000.000,691.646,-84.969
665000.000,1649000.000,701.726,-85.966
666000.000,1649000.000,700.701,-86.598
667000.000,1649000.000,712.337,-86.859
668000.000,1649000.000,745.949,-86.944
669000.000,1649000.000,735.411,-86.880
670000.000,1649000.000,738.612,-86.835
671000.000,1649000.000,758.603,-86.790
672000.000,1649000.000,755.949,-86.743
673000.000,1649000.000,761.274,-86.334
674000.000,1649000.000,772.803,-85.851
675000.000,1649000.000,759.451,-85.863
676000.000,1649000.000,747.951,-85.359
677000.000,1649000.000,688.679,-84.675
678000.000,1649000.000,717.061,-84.119
679000.000,1649000.000,693.614,-83.773
680000.000,1649000.000,687.827,-83.836
681000.000,1649000.000,705.269,-84.029
682000.000,1649000.000,712.437,-84.243
683000.000,1649000.000,658.708,-84.441
684000.000,1649000.000,656.219,-84.299
685000.000,1649000.000,605.015,-83.681
686000.000,1649000.000,551.322,-83.206
687000.000,1649000.000,541.896,-82.919
688000.000,1649000.000,541.578,-83.053
689000.000,1649000.000,534.439,-83.233
690000.000,1649000.000,526.830,-83.151
691000.000,1649000.000,522.841,-82.930
692000.000,1649000.000,517.337,-82.543
693000.000,1649000.000,516.150,-82.103
694000.000,1649000.000,506.263,-81.501
695000.000,1649000.000,500.876,-81.060
696000.000,1649000.000,498.294,-81.118
697000.000,1649000.000,493.247,-81.366
698000.000,1649000.000,490.478,-81.685
699000.000,1649000.000,480.991,-81.568
700000.000,1649000.000,479.518,-81.751
701000.000,1649000.000,474.894,-82.557
702000.000,1649000.000,469.995,-81.845
703000.000,1649000.000,467.633,-81.862
704000.000,1649000.000,462.632,-82.497
705000.000,1649000.000,459.984,-82.806
706000.000,1649000.000,456.700,-82.949
707000.000,1649000.000,455.450,-82.674
708000.000,1649000.000,457.479,-82.450
709000.000,1649000.000,454.834,-82.818
710000.000,1649000.000,448.983,-83.171
711000.000,1649000.000,453.861,-83.443
641000.000,1648000.000,576.136,-87.781
642000.000,1648000.000,581.578,-87.960
643000.000,1648000.000,583.893,-88.029
644000.000,1648000.000,578.196,-88.049
645000.000,1648000.000,580.750,-88.010
646000.000,1648000.000,582.814,-88.056
647000.000,1648000.000,582.502,-88.077
648000.000,1648000.000,586.975,-88.023
649000.000,1648000.000,594.104,-87.455
650000.000,1648000.000,600.918,-87.091
651000.000,1648000.000,609.039,-86.712
652000.000,1648000.000,619.171,-85.415
653000.000,1648000.000,649.415,-85.835
654000.000,1648000.000,652.151,-86.280
655000.000,1648000.000,665.726,-86.407
656000.000,1648000.000,670.123,-86.288
657000.000,1648000.000,677.067,-86.004
658000.000,1648000.000,688.530,-85.332
659000.000,1648000.000,700.323,-85.013
660000.000,1648000.000,694.883,-84.809
661000.000,1648000.000,696.258,-84.005
662000.000,1648000.000,696.318,-83.397
663000.000,1648000.000,710.098,-83.694
664000.000,1648000.000,713.998,-84.530
665000.000,1648000.000,704.358,-85.664
666000.000,1648000.000,705.830,-86.275
667000.000,1648000.000,709.681,-86.413
668000.000,1648000.000,732.898,-86.372
669000.000,1648000.000,748.343,-86.330
670000.000,1648000.000,748.351,-86.269
671000.000,1648000.000,777.850,-86.135
672000.000,1648000.000,777.297,-85.924
673000.000,1648000.000,770.554,-85.605
674000.000,1648000.000,779.201,-85.105
675000.000,1648000.000,762.468,-85.297
676000.000,1648000.000,763.518,-85.275
677000.000,1648000.000,755.814,-85.025
678000.000,1648000.000,738.230,-84.414
679000.000,1648000.000,727.883,-83.824
680000.000,1648000.000,703.495,-84.088
681000.000,1648000.000,640.356,-84.424
682000.000,1648000.000,652.380,-84.698
683000.000,1648000.000,623.518,-84.925
684000.000,1648000.000,642.833,-84.691
685000.000,1648000.000,625.493,-83.330
686000.000,1648000.000,585.465,-82.949
687000.000,1648000.000,539.907,-82.694
688000.000,1648000.000,536.452,-82.707
689000.000,1648000.000,534.382,-83.036
690000.000,1648000.000,529.394,-82.831
691000.000,1648000.000,526.756,-82.490
692000.000,1648000.000,519.251,-82.087
693000.000,1648000.000,513.589,-81.795
694000.000,1648000.000,512.336,-81.057
695000.000,1648000.000,509.630,-80.819
696000.000,1648000.000,502.806,-80.734
697000.000,1648000.000,498.564,-80.973
698000.000,1648000.000,490.958,-81.376
699000.000,1648000.000,485.874,-81.583
700000.000,1648000.000,479.637,-81.546
701000.000,1648000.000,474.164,-81.713
702000.000,1648000.000,468.880,-81.006
703000.000,1648000.000,465.208,-81.112
704000.000,1648000.000,461.988,-82.060
705000.000,1648000.000,460.499,-82.557
706000.000,1648000.000,458.129,-82.849
707000.000,1648000.000,461.858,-82.726
708000.000,1648000.000,459.006,-82.151
709000.000,1648000.000,454.988,-81.999
710000.000,1648000.000,451.081,-82.048
711000.000,1648000.000,457.740,-82.269
641000.000,1647000.000,574.622,-87.933
642000.000,1647000.000,586.035,-88.012
643000.000,1647000.000,588.466,-88.026
644000.000,1647000.000,584.680,-88.040
645000.000,1647000.000,590.111,-88.030
646000.000,1647000.000,588.942,-87.944
647000.000,1647000.000,592.561,-87.708
648000.000,1647000.000,608.079,-87.480
649000.000,1647000.000,593.519,-87.097
650000.000,1647000.000,598.748,-86.584
651000.000,1647000.000,603.772,-85.820
652000.000,1647000.000,620.011,-84.634
653000.000,1647000.000,648.442,-84.572
654000.000,1647000.000,639.712,-85.725
655000.000,1647000.000,665.398,-86.129
656000.000,1647000.000,698.720,-86.009
657000.000,1647000.000,698.011,-85.652
658000.000,1647000.000,707.275,-85.072
659000.000,1647000.000,702.032,-84.856
660000.000,1647000.000,703.073,-84.473
661000.000,1647000.000,700.581,-83.445
662000.000,1647000.000,705.066,-82.867
663000.000,1647000.000,689.110,-83.093
664000.000,1647000.000,704.347,-83.830
665000.000,1647000.000,708.722,-84.677
666000.000,1647000.000,721.566,-85.426
667000.000,1647000.000,729.088,-85.858
668000.000,1647000.000,738.423,-85.985
669000.000,1647000.000,760.762,-85.898
670000.000,1647000.000,756.265,-85.584
671000.000,1647000.000,733.479,-85.435
672000.000,1647000.000,731.793,-85.264
673000.000,1647000.000,740.138,-85.121
674000.000,1647000.000,756.778,-84.971
675000.000,1647000.000,756.063,-85.182
676000.000,1647000.000,715.881,-85.221
677000.000,1647000.000,692.839,-85.062
678000.000,1647000.000,653.142,-84.722
679000.000,1647000.000,659.692,-84.506
680000.000,1647000.000,613.498,-84.630
681000.000,1647000.000,587.453,-84.819
682000.000,1647000.000,575.243,-84.951
683000.000,1647000.000,568.332,-85.016
684000.000,1647000.000,560.372,-84.592
685000.000,1647000.000,551.846,-83.053
686000.000,1647000.000,542.231,-82.285
687000.000,1647000.000,533.011,-81.854
688000.000,1647000.000,529.133,-81.930
689000.000,1647000.000,526.677,-81.936
690000.000,1647000.000,526.040,-81.822
691000.000,1647000.000,521.022,-81.312
692000.000,1647000.000,515.330,-81.199
693000.000,1647000.000,513.271,-81.237
694000.000,1647000.000,510.398,-81.020
695000.000,1647000.000,505.495,-80.645
696000.000,1647000.000,503.112,-80.100
697000.000,1647000.000,496.817,-80.622
698000.000,1647000.000,488.150,-80.844
699000.000,1647000.000,485.677,-80.997
700000.000,1647000.000,480.549,-80.765
701000.000,1647000.000,478.690,-80.061
702000.000,1647000.000,480.105,-80.607
703000.000,1647000.000,470.525,-81.139
704000.000,1647000.000,469.771,-81.986
705000.000,1647000.000,462.243,-82.313
706000.000,1647000.000,460.225,-82.412
707000.000,1647000.000,461.891,-82.457
708000.000,1647000.000,459.751,-81.830
709000.000,1647000.000,456.261,-81.262
710000.000,1647000.000,456.833,-81.194
711000.000,1647000.000,460.524,-81.352
641000.000,1646000.000,585.268,-87.940
642000.000,1646000.000,593.738,-88.016
643000.000,1646000.000,601.482,-87.906
644000.000,1646000.000,594.185,-87.897
645000.000,1646000.000,594.395,-88.059
646000.000,1646000.000,594.508,-87.927
647000.000,1646000.000,598.808,-87.131
648000.000,1646000.000,617.383,-86.772
649000.000,1646000.000,603.316,-86.575
650000.000,1646000.000,610.594,-86.265
651000.000,1646000.000,641.941,-85.693
652000.000,1646000.000,611.750,-84.856
653000.000,1646000.000,616.358,-84.810
654000.000,1646000.000,625.703,-85.866
655000.000,1646000.000,639.158,-86.060
656000.000,1646000.000,659.915,-85.773
657000.000,1646000.000,703.983,-85.366
658000.000,1646000.000,715.919,-84.792
659000.000,1646000.000,714.385,-84.204
660000.000,1646000.000,699.749,-83.575
661000.000,1646000.000,694.742,-82.625
662000.000,1646000.000,690.063,-82.215
663000.000,1646000.000,680.658,-82.511
664000.000,1646000.000,685.304,-83.162
665000.000,1646000.000,730.775,-84.090
666000.000,1646000.000,707.860,-85.033
667000.000,1646000.000,738.339,-85.515
668000.000,1646000.000,705.072,-85.893
669000.000,1646000.000,700.161,-85.641
670000.000,1646000.000,713.271,-84.763
671000.000,1646000.000,724.846,-84.838
672000.000,1646000.000,747.516,-84.676
673000.000,1646000.000,742.446,-84.675
674000.000,1646000.000,745.722,-84.722
675000.000,1646000.000,727.237,-84.900
676000.000,1646000.000,709.090,-84.967
677000.000,1646000.000,709.284,-84.918
678000.000,1646000.000,663.596,-84.888
679000.000,1646000.000,659.353,-85.053
680000.000,1646000.000,612.624,-85.056
681000.000,1646000.000,669.515,-85.003
682000.000,1646000.000,706.102,-84.855
683000.000,1646000.000,700.875,-84.639
684000.000,1646000.000,625.640,-84.084
685000.000,1646000.000,657.011,-83.014
686000.000,1646000.000,674.013,-81.803
687000.000,1646000.000,620.563,-81.200
688000.000,1646000.000,534.210,-81.336
689000.000,1646000.000,525.086,-81.699
690000.000,1646000.000,521.356,-81.724
691000.000,1646000.000,518.481,-80.850
692000.000,1646000.000,514.389,-80.645
693000.000,1646000.000,509.541,-81.004
694000.000,1646000.000,502.443,-81.020
695000.000,1646000.000,499.036,-80.633
696000.000,1646000.000,495.023,-80.080
697000.000,1646000.000,497.058,-80.201
698000.000,1646000.000,493.488,-80.262
699000.000,1646000.000,491.193,-80.423
700000.000,1646000.000,489.244,-80.550
701000.000,1646000.000,486.161,-80.874
702000.000,1646000.000,478.395,-80.884
703000.000,1646000.000,474.933,-81.089
704000.000,1646000.000,465.084,-81.403
705000.000,1646000.000,461.513,-81.534
706000.000,1646000.000,465.297,-81.430
707000.000,1646000.000,462.733,-81.432
708000.000,1646000.000,459.979,-80.964
709000.000,1646000.000,457.730,-80.595
710000.000,1646000.000,462.162,-80.945
711000.000,1646000.000,460.753,-80.959
641000.000,1645000.000,589.426,-87.995
642000.000,1645000.000,592.553,-87.992
643000.000,1645000.000,597.475,-87.550
644000.000,1645000.000,607.986,-87.536
645000.000,1645000.000,613.989,-88.026
646000.000,1645000.000,610.053,-88.047
647000.000,1645000.000,608.534,-87.083
648000.000,1645000.000,624.499,-86.519
649000.000,1645000.000,615.865,-86.215
650000.000,1645000.000,627.989,-86.114
651000.000,1645000.000,621.421,-85.988
652000.000,1645000.000,638.074,-85.538
653000.000,1645000.000,620.230,-85.075
654000.000,1645000.000,624.570,-85.425
655000.000,1645000.000,633.113,-85.741
656000.000,1645000.000,706.878,-85.423
657000.000,1645000.000,660.189,-85.177
658000.000,1645000.000,702.885,-84.777
659000.000,1645000.000,712.168,-84.163
660000.000,1645000.000,685.577,-83.366
661000.000,1645000.000,702.131,-82.318
662000.000,1645000.000,672.038,-81.652
663000.000,1645000.000,663.984,-81.887
664000.000,1645000.000,668.225,-82.577
665000.000,1645000.000,685.142,-83.627
666000.000,1645000.000,707.928,-84.905
667000.000,1645000.000,684.865,-85.162
668000.000,1645000.000,681.865,-85.248
669000.000,1645000.000,684.815,-85.120
670000.000,1645000.000,704.522,-84.630
671000.000,1645000.000,737.330,-84.494
672000.000,1645000.000,666.919,-84.175
673000.000,1645000.000,751.623,-84.155
674000.000,1645000.000,736.208,-84.226
675000.000,1645000.000,705.904,-84.373
676000.000,1645000.000,780.108,-84.441
677000.000,1645000.000,782.372,-84.417
678000.000,1645000.000,700.542,-84.439
679000.000,1645000.000,687.095,-84.647
680000.000,1645000.000,662.974,-84.901
681000.000,1645000.000,603.673,-84.695
682000.000,1645000.000,641.683,-84.384
683000.000,1645000.000,646.432,-84.077
684000.000,1645000.000,618.579,-83.823
685000.000,1645000.000,592.784,-83.160
686000.000,1645000.000,582.627,-82.102
687000.000,1645000.000,576.217,-81.533
688000.000,1645000.000,552.903,-81.223
689000.000,1645000.000,565.848,-81.826
690000.000,1645000.000,579.029,-82.380
691000.000,1645000.000,570.843,-81.179
692000.000,1645000.000,511.603,-80.340
693000.000,1645000.000,509.732,-80.407
694000.000,1645000.000,504.410,-80.370
695000.000,1645000.000,500.022,-80.141
696000.000,1645000.000,496.028,-79.812
697000.000,1645000.000,491.738,-79.830
698000.000,1645000.000,488.510,-79.413
699000.000,1645000.000,484.530,-79.489
700000.000,1645000.000,485.120,-79.499
701000.000,1645000.000,478.490,-79.910
702000.000,1645000.000,474.177,-80.332
703000.000,1645000.000,468.042,-80.608
704000.000,1645000.000,464.737,-80.576
705000.000,1645000.000,464.370,-80.536
706000.000,1645000.000,465.512,-80.729
707000.000,1645000.000,464.957,-80.828
708000.000,1645000.000,462.737,-80.343
709000.000,1645000.000,459.489,-79.985
710000.000,1645000.000,467.326,-80.755
711000.000,1645000.000,461.500,-81.060
641000.000,1644000.000,600.538,-88.260
642000.000,1644000.000,591.426,-88.029
643000.000,1644000.000,598.682,-87.366
644000.000,1644000.000,600.031,-87.111
645000.000,1644000.000,604.156,-87.543
646000.000,1644000.000,611.133,-87.639
647000.000,1644000.000,612.115,-87.015
648000.000,1644000.000,615.793,-86.427
649000.000,1644000.000,619.789,-86.008
650000.000,1644000.000,626.320,-86.006
651000.000,1644000.000,630.407,-86.049
652000.000,1644000.000,633.540,-86.087
653000.000,1644000.000,636.009,-85.551
654000.000,1644000.000,638.264,-84.764
655000.000,1644000.000,657.514,-84.661
656000.000,1644000.000,637.793,-84.858
657000.000,1644000.000,646.664,-85.049
658000.000,1644000.000,686.859,-84.963
659000.000,1644000.000,694.871,-84.366
660000.000,1644000.000,681.846,-83.542
661000.000,1644000.000,667.685,-82.202
662000.000,1644000.000,660.876,-80.980
663000.000,1644000.000,667.629,-81.454
664000.000,1644000.000,652.070,-82.099
665000.000,1644000.000,670.466,-82.799
666000.000,1644000.000,663.034,-83.740
667000.000,1644000.000,645.217,-84.255
668000.000,1644000.000,654.813,-84.241
669000.000,1644000.000,662.291,-84.331
670000.000,1644000.000,683.520,-84.471
671000.000,1644000.000,681.494,-83.976
672000.000,1644000.000,694.628,-83.714
673000.000,1644000.000,649.828,-83.557
674000.000,1644000.000,669.586,-83.558
675000.000,1644000.000,637.090,-83.685
676000.000,1644000.000,712.637,-83.733
677000.000,1644000.000,727.161,-83.685
678000.000,1644000.000,656.756,-83.636
679000.000,1644000.000,614.086,-83.763
680000.000,1644000.000,683.852,-84.010
681000.000,1644000.000,587.216,-83.884
682000.000,1644000.000,621.954,-83.589
683000.000,1644000.000,600.252,-83.377
684000.000,1644000.000,587.621,-83.766
685000.000,1644000.000,570.286,-83.485
686000.000,1644000.000,562.123,-82.780
687000.000,1644000.000,553.986,-82.511
688000.000,1644000.000,561.041,-81.074
689000.000,1644000.000,538.884,-81.959
690000.000,1644000.000,528.591,-82.751
691000.000,1644000.000,558.288,-82.239
692000.000,1644000.000,548.417,-81.059
693000.000,1644000.000,510.122,-79.977
694000.000,1644000.000,500.883,-79.217
695000.000,1644000.000,497.929,-79.095
696000.000,1644000.000,495.285,-79.164
697000.000,1644000.000,491.432,-78.904
698000.000,1644000.000,485.097,-78.543
699000.000,1644000.000,483.096,-78.444
700000.000,1644000.000,478.468,-78.251
701000.000,1644000.000,474.462,-78.734
702000.000,1644000.000,472.964,-79.415
703000.000,1644000.000,468.330,-80.000
704000.000,1644000.000,467.288,-79.544
705000.000,1644000.000,465.709,-79.604
706000.000,1644000.000,468.316,-79.840
707000.000,1644000.000,467.209,-79.949
708000.000,1644000.000,463.772,-80.064
709000.000,1644000.000,465.255,-79.984
710000.000,1644000.000,469.400,-80.363
711000.000,1644000.000,462.224,-80.871
641000.000,1643000.000,604.133,-88.770
642000.000,1643000.000,600.175,-88.124
643000.000,1643000.000,601.592,-87.442
644000.000,1643000.000,606.024,-86.996
645000.000,1643000.000,613.306,-87.087
646000.000,1643000.000,620.706,-87.000
647000.000,1643000.000,614.219,-86.718
648000.000,1643000.000,630.313,-86.367
649000.000,1643000.000,630.838,-86.075
650000.000,1643000.000,635.407,-85.709
651000.000,1643000.000,640.277,-85.589
652000.000,1643000.000,637.460,-85.790
653000.000,1643000.000,646.599,-85.555
654000.000,1643000.000,653.717,-84.656
655000.000,1643000.000,655.124,-84.221
656000.000,1643000.000,695.252,-84.353
657000.000,1643000.000,704.588,-84.745
658000.000,1643000.000,662.305,-84.823
659000.000,1643000.000,665.796,-84.364
660000.000,1643000.000,672.213,-83.762
661000.000,1643000.000,668.032,-82.389
662000.000,1643000.000,659.962,-81.088
663000.000,1643000.000,658.327,-81.083
664000.000,1643000.000,640.754,-81.361
665000.000,1643000.000,649.592,-81.838
666000.000,1643000.000,659.844,-82.665
667000.000,1643000.000,634.359,-83.384
668000.000,1643000.000,672.393,-83.716
669000.000,1643000.000,651.471,-83.810
670000.000,1643000.000,646.012,-83.760
671000.000,1643000.000,666.892,-83.512
672000.000,1643000.000,659.823,-83.059
673000.000,1643000.000,638.519,-82.736
674000.000,1643000.000,675.048,-82.725
675000.000,1643000.000,662.941,-82.928
676000.000,1643000.000,621.365,-82.931
677000.000,1643000.000,615.257,-82.861
678000.000,1643000.000,594.581,-82.771
679000.000,1643000.000,598.534,-82.835
680000.000,1643000.000,593.466,-83.183
681000.000,1643000.000,581.387,-83.024
682000.000,1643000.000,571.415,-82.925
683000.000,1643000.000,566.139,-82.985
684000.000,1643000.000,573.864,-83.375
685000.000,1643000.000,572.983,-83.385
686000.000,1643000.000,572.500,-82.661
687000.000,1643000.000,551.545,-82.396
688000.000,1643000.000,544.295,-81.767
689000.000,1643000.000,550.564,-81.935
690000.000,1643000.000,558.395,-82.398
691000.000,1643000.000,535.465,-82.237
692000.000,1643000.000,579.085,-81.314
693000.000,1643000.000,542.966,-80.301
694000.000,1643000.000,542.971,-79.814
695000.000,1643000.000,497.956,-79.334
696000.000,1643000.000,491.731,-78.757
697000.000,1643000.000,489.396,-78.226
698000.000,1643000.000,487.848,-78.128
699000.000,1643000.000,479.298,-77.841
700000.000,1643000.000,475.918,-77.043
701000.000,1643000.000,472.224,-77.552
702000.000,1643000.000,471.230,-78.214
703000.000,1643000.000,470.280,-78.706
704000.000,1643000.000,467.965,-78.673
705000.000,1643000.000,470.504,-79.032
706000.000,1643000.000,471.318,-79.151
707000.000,1643000.000,467.469,-79.195
708000.000,1643000.000,475.285,-79.858
709000.000,1643000.000,471.143,-79.866
710000.000,1643000.000,470.551,-79.681
711000.000,1643000.000,466.808,-80.132
641000.000,1642000.000,612.707,-89.336
642000.000,1642000.000,613.133,-88.412
643000.000,1642000.000,608.981,-87.604
644000.000,1642000.000,614.160,-87.081
645000.000,1642000.000,616.090,-87.011
646000.000,1642000.000,624.271,-86.883
647000.000,1642000.000,626.868,-86.577
648000.000,1642000.000,629.813,-86.286
649000.000,1642000.000,664.375,-86.053
650000.000,1642000.000,634.654,-85.488
651000.000,1642000.000,643.862,-85.105
652000.000,1642000.000,655.363,-85.220
653000.000,1642000.000,652.462,-85.183
654000.000,1642000.000,661.592,-84.711
655000.000,1642000.000,669.538,-83.853
656000.000,1642000.000,713.354,-83.633
657000.000,1642000.000,693.946,-84.244
658000.000,1642000.000,683.184,-84.350
659000.000,1642000.000,695.064,-84.102
660000.000,1642000.000,671.688,-83.851
661000.000,1642000.000,675.474,-82.545
662000.000,1642000.000,668.446,-80.980
663000.000,1642000.000,646.857,-80.927
664000.000,1642000.000,643.250,-80.889
665000.000,1642000.000,645.873,-80.992
666000.000,1642000.000,642.779,-81.988
667000.000,1642000.000,626.929,-82.789
668000.000,1642000.000,641.181,-83.007
669000.000,1642000.000,641.664,-83.029
670000.000,1642000.000,625.937,-82.685
671000.000,1642000.000,633.534,-82.430
672000.000,1642000.000,632.939,-82.014
673000.000,1642000.000,627.714,-81.703
674000.000,1642000.000,618.788,-81.736
675000.000,1642000.000,606.191,-82.178
676000.000,1642000.000,599.809,-82.077
677000.000,1642000.000,592.350,-82.072
678000.000,1642000.000,584.217,-82.001
679000.000,1642000.000,576.513,-81.840
680000.000,1642000.000,580.176,-82.230
681000.000,1642000.000,601.094,-82.390
682000.000,1642000.000,570.665,-82.544
683000.000,1642000.000,570.182,-82.867
684000.000,1642000.000,608.226,-82.943
685000.000,1642000.000,603.430,-83.080
686000.000,1642000.000,544.529,-83.046
687000.000,1642000.000,658.368,-82.773
688000.000,1642000.000,563.789,-82.010
689000.000,1642000.000,551.593,-81.821
690000.000,1642000.000,561.095,-81.894
691000.000,1642000.000,544.189,-81.846
692000.000,1642000.000,510.471,-81.260
693000.000,1642000.000,526.538,-80.543
694000.000,1642000.000,509.306,-80.083
695000.000,1642000.000,541.058,-79.332
696000.000,1642000.000,493.558,-78.443
697000.000,1642000.000,485.761,-77.880
698000.000,1642000.000,482.511,-77.765
699000.000,1642000.000,479.888,-77.333
700000.000,1642000.000,477.036,-76.916
701000.000,1642000.000,477.182,-76.808
702000.000,1642000.000,473.322,-77.219
703000.000,1642000.000,470.773,-77.815
704000.000,1642000.000,473.467,-78.304
705000.000,1642000.000,475.208,-78.655
706000.000,1642000.000,473.020,-78.410
707000.000,1642000.000,469.110,-78.142
708000.000,1642000.000,476.777,-78.877
709000.000,1642000.000,478.560,-78.969
710000.000,1642000.000,472.168,-79.093
711000.000,1642000.000,474.550,-79.291
641000.000,1641000.000,623.169,-89.629
642000.000,1641000.000,622.944,-88.637
643000.000,1641000.000,622.384,-87.827
644000.000,1641000.000,624.833,-87.305
645000.000,1641000.000,627.730,-86.977
646000.000,1641000.000,625.936,-86.728
647000.000,1641000.000,635.044,-86.445
648000.000,1641000.000,647.229,-86.187
649000.000,1641000.000,686.550,-86.086
650000.000,1641000.000,649.139,-85.858
651000.000,1641000.000,662.740,-85.336
652000.000,1641000.000,651.980,-85.060
653000.000,1641000.000,660.693,-84.761
654000.000,1641000.000,660.696,-84.261
655000.000,1641000.000,674.975,-83.616
656000.000,1641000.000,692.690,-83.320
657000.000,1641000.000,695.795,-83.932
658000.000,1641000.000,689.057,-83.995
659000.000,1641000.000,682.063,-84.007
660000.000,1641000.000,670.915,-83.869
661000.000,1641000.000,663.771,-82.917
662000.000,1641000.000,658.116,-80.946
663000.000,1641000.000,647.078,-80.608
664000.000,1641000.000,648.906,-80.577
665000.000,1641000.000,636.522,-80.392
666000.000,1641000.000,628.672,-80.929
667000.000,1641000.000,624.825,-81.717
668000.000,1641000.000,631.320,-82.068
669000.000,1641000.000,627.637,-82.110
670000.000,1641000.000,621.407,-81.600
671000.000,1641000.000,616.764,-81.349
672000.000,1641000.000,616.095,-80.979
673000.000,1641000.000,615.560,-80.970
674000.000,1641000.000,615.894,-80.784
675000.000,1641000.000,639.280,-81.219
676000.000,1641000.000,637.828,-81.377
677000.000,1641000.000,645.699,-81.289
678000.000,1641000.000,607.956,-81.255
679000.000,1641000.000,592.698,-81.053
680000.000,1641000.000,567.029,-81.299
681000.000,1641000.000,560.577,-81.924
682000.000,1641000.000,557.052,-81.808
683000.000,1641000.000,554.799,-82.007
684000.000,1641000.000,554.925,-82.265
685000.000,1641000.000,548.042,-82.521
686000.000,1641000.000,536.496,-82.625
687000.000,1641000.000,529.203,-82.385
688000.000,1641000.000,524.106,-81.676
689000.000,1641000.000,517.412,-81.328
690000.000,1641000.000,516.184,-81.006
691000.000,1641000.000,520.947,-80.730
692000.000,1641000.000,503.997,-80.452
693000.000,1641000.000,499.448,-80.291
694000.000,1641000.000,496.759,-80.010
695000.000,1641000.000,491.431,-79.450
696000.000,1641000.000,485.759,-78.928
697000.000,1641000.000,483.834,-78.344
698000.000,1641000.000,480.734,-77.588
699000.000,1641000.000,479.366,-76.768
700000.000,1641000.000,481.335,-75.901
701000.000,1641000.000,477.925,-76.138
702000.000,1641000.000,481.081,-76.457
703000.000,1641000.000,475.757,-76.873
704000.000,1641000.000,476.934,-77.369
705000.000,1641000.000,478.002,-77.651
706000.000,1641000.000,474.766,-77.891
707000.000,1641000.000,476.399,-77.908
708000.000,1641000.000,475.869,-78.053
709000.000,1641000.000,483.104,-78.290
710000.000,1641000.000,478.831,-78.522
711000.000,1641000.000,479.748,-78.115
641000.000,1640000.000,614.240,-89.493
642000.000,1640000.000,615.354,-88.649
643000.000,1640000.000,614.509,-87.993
644000.000,1640000.000,609.521,-87.587
645000.000,1640000.000,618.359,-87.094
646000.000,1640000.000,620.941,-86.590
647000.000,1640000.000,634.283,-86.284
648000.000,1640000.000,634.352,-86.037
649000.000,1640000.000,643.605,-85.988
650000.000,1640000.000,644.217,-85.852
651000.000,1640000.000,640.891,-85.316
652000.000,1640000.000,648.069,-85.032
653000.000,1640000.000,652.842,-84.721
654000.000,1640000.000,662.317,-84.133
655000.000,1640000.000,669.095,-83.907
656000.000,1640000.000,685.332,-83.415
657000.000,1640000.000,719.820,-83.272
658000.000,1640000.000,698.401,-83.362
659000.000,1640000.000,692.245,-83.690
660000.000,1640000.000,679.965,-83.570
661000.000,1640000.000,666.975,-82.635
662000.000,1640000.000,663.648,-80.929
663000.000,1640000.000,642.935,-80.050
664000.000,1640000.000,655.025,-79.905
665000.000,1640000.000,624.244,-80.196
666000.000,1640000.000,622.849,-80.975
667000.000,1640000.000,615.957,-81.173
668000.000,1640000.000,617.318,-81.187
669000.000,1640000.000,614.422,-81.004
670000.000,1640000.000,619.041,-79.973
671000.000,1640000.000,608.161,-80.362
672000.000,1640000.000,609.269,-80.218
673000.000,1640000.000,611.415,-79.791
674000.000,1640000.000,603.868,-79.852
675000.000,1640000.000,646.461,-80.084
676000.000,1640000.000,604.508,-80.516
677000.000,1640000.000,611.410,-80.561
678000.000,1640000.000,643.683,-80.557
679000.000,1640000.000,630.222,-80.556
680000.000,1640000.000,606.271,-80.854
681000.000,1640000.000,618.623,-81.286
682000.000,1640000.000,559.045,-80.953
683000.000,1640000.000,545.551,-81.164
684000.000,1640000.000,538.657,-81.501
685000.000,1640000.000,537.919,-82.000
686000.000,1640000.000,539.151,-81.744
687000.000,1640000.000,529.474,-81.223
688000.000,1640000.000,535.990,-80.999
689000.000,1640000.000,525.112,-80.641
690000.000,1640000.000,508.996,-80.174
691000.000,1640000.000,504.816,-79.856
692000.000,1640000.000,499.574,-79.666
693000.000,1640000.000,494.288,-80.014
694000.000,1640000.000,496.214,-79.863
695000.000,1640000.000,487.563,-79.519
696000.000,1640000.000,487.069,-79.105
697000.000,1640000.000,484.593,-78.266
698000.000,1640000.000,484.027,-77.208
699000.000,1640000.000,484.355,-76.535
700000.000,1640000.000,487.155,-75.980
701000.000,1640000.000,483.956,-75.949
702000.000,1640000.000,487.325,-75.992
703000.000,1640000.000,483.488,-75.991
704000.000,1640000.000,478.284,-76.251
705000.000,1640000.000,482.701,-76.653
706000.000,1640000.000,477.850,-77.150
707000.000,1640000.000,478.389,-77.450
708000.000,1640000.000,483.306,-78.036
709000.000,1640000.000,487.449,-78.140
710000.000,1640000.000,483.872,-78.635
711000.000,1640000.000,477.483,-78.923
641000.000,1639000.000,604.139,-89.415
642000.000,1639000.000,602.186,-88.616
643000.000,1639000.000,606.795,-88.110
644000.000,1639000.000,615.169,-87.844
645000.000,1639000.000,615.053,-87.307
646000.000,1639000.000,622.215,-86.428
647000.000,1639000.000,623.192,-86.099
648000.000,1639000.000,627.133,-85.813
649000.000,1639000.000,633.509,-85.427
650000.000,1639000.000,673.698,-85.278
651000.000,1639000.000,658.904,-84.975
652000.000,1639000.000,654.576,-84.814
653000.000,1639000.000,654.760,-84.534
654000.000,1639000.000,665.095,-83.914
655000.000,1639000.000,682.105,-83.636
656000.000,1639000.000,688.273,-83.067
657000.000,1639000.000,710.720,-82.682
658000.000,1639000.000,713.863,-82.615
659000.000,1639000.000,734.015,-82.812
660000.000,1639000.000,810.193,-82.770
661000.000,1639000.000,717.387,-81.912
662000.000,1639000.000,643.816,-80.909
663000.000,1639000.000,645.922,-80.206
664000.000,1639000.000,653.192,-79.895
665000.000,1639000.000,638.230,-80.159
666000.000,1639000.000,615.771,-80.554
667000.000,1639000.000,610.870,-80.349
668000.000,1639000.000,611.489,-80.284
669000.000,1639000.000,608.939,-80.265
670000.000,1639000.000,626.942,-79.443
671000.000,1639000.000,641.138,-79.187
672000.000,1639000.000,601.281,-79.191
673000.000,1639000.000,599.043,-79.059
674000.000,1639000.000,593.690,-79.135
675000.000,1639000.000,612.223,-79.263
676000.000,1639000.000,618.244,-79.855
677000.000,1639000.000,594.181,-79.759
678000.000,1639000.000,613.886,-79.639
679000.000,1639000.000,608.038,-79.689
680000.000,1639000.000,615.505,-79.987
681000.000,1639000.000,597.059,-80.198
682000.000,1639000.000,580.416,-80.251
683000.000,1639000.000,563.497,-80.158
684000.000,1639000.000,562.491,-80.473
685000.000,1639000.000,534.369,-80.948
686000.000,1639000.000,526.317,-81.045
687000.000,1639000.000,519.473,-80.703
688000.000,1639000.000,515.027,-80.439
689000.000,1639000.000,524.136,-79.977
690000.000,1639000.000,509.584,-79.586
691000.000,1639000.000,500.638,-79.117
692000.000,1639000.000,496.257,-78.915
693000.000,1639000.000,491.903,-79.340
694000.000,1639000.000,492.184,-79.435
695000.000,1639000.000,491.365,-79.290
696000.000,1639000.000,489.700,-78.900
697000.000,1639000.000,491.789,-78.000
698000.000,1639000.000,489.744,-77.150
699000.000,1639000.000,489.506,-76.995
700000.000,1639000.000,495.762,-76.522
701000.000,1639000.000,490.773,-75.960
702000.000,1639000.000,491.637,-75.860
703000.000,1639000.000,484.342,-75.891
704000.000,1639000.000,482.083,-76.026
705000.000,1639000.000,486.160,-76.110
706000.000,1639000.000,483.326,-76.482
707000.000,1639000.000,480.847,-76.962
708000.000,1639000.000,481.341,-77.619
709000.000,1639000.000,487.942,-77.767
710000.000,1639000.000,488.517,-78.174
711000.000,1639000.000,486.018,-78.781
641000.000,1638000.000,597.524,-89.218
642000.000,1638000.000,601.649,-88.439
643000.000,1638000.000,607.864,-87.771
644000.000,1638000.000,617.222,-87.020
645000.000,1638000.000,630.125,-86.945
646000.000,1638000.000,625.467,-86.165
647000.000,1638000.000,626.126,-85.715
648000.000,1638000.000,634.089,-85.272
649000.000,1638000.000,642.575,-84.483
650000.000,1638000.000,660.807,-84.426
651000.000,1638000.000,670.040,-84.603
652000.000,1638000.000,669.882,-84.467
653000.000,1638000.000,662.936,-84.098
654000.000,1638000.000,662.082,-83.333
655000.000,1638000.000,667.751,-82.815
656000.000,1638000.000,684.392,-82.332
657000.000,1638000.000,692.927,-82.204
658000.000,1638000.000,746.660,-82.212
659000.000,1638000.000,723.724,-82.290
660000.000,1638000.000,677.146,-82.393
661000.000,1638000.000,702.649,-82.004
662000.000,1638000.000,639.550,-81.085
663000.000,1638000.000,628.578,-80.099
664000.000,1638000.000,638.430,-79.967
665000.000,1638000.000,636.120,-79.801
666000.000,1638000.000,625.380,-79.575
667000.000,1638000.000,610.395,-79.648
668000.000,1638000.000,600.516,-79.498
669000.000,1638000.000,601.102,-79.334
670000.000,1638000.000,614.003,-78.674
671000.000,1638000.000,616.729,-78.083
672000.000,1638000.000,608.953,-78.012
673000.000,1638000.000,597.526,-78.280
674000.000,1638000.000,585.151,-78.562
675000.000,1638000.000,582.731,-78.380
676000.000,1638000.000,607.261,-78.348
677000.000,1638000.000,575.947,-78.676
678000.000,1638000.000,576.627,-78.653
679000.000,1638000.000,607.165,-78.834
680000.000,1638000.000,601.171,-79.063
681000.000,1638000.000,592.257,-79.082
682000.000,1638000.000,564.559,-79.376
683000.000,1638000.000,543.192,-79.587
684000.000,1638000.000,529.958,-79.712
685000.000,1638000.000,545.884,-79.973
686000.000,1638000.000,522.201,-80.351
687000.000,1638000.000,512.968,-80.301
688000.000,1638000.000,513.345,-80.051
689000.000,1638000.000,507.588,-79.521
690000.000,1638000.000,503.116,-79.106
691000.000,1638000.000,496.888,-78.653
692000.000,1638000.000,496.049,-78.686
693000.000,1638000.000,498.557,-79.008
694000.000,1638000.000,508.394,-78.946
695000.000,1638000.000,538.051,-78.763
696000.000,1638000.000,495.915,-78.586
697000.000,1638000.000,500.072,-77.938
698000.000,1638000.000,496.150,-77.461
699000.000,1638000.000,496.913,-77.197
700000.000,1638000.000,503.469,-76.760
701000.000,1638000.000,511.522,-76.151
702000.000,1638000.000,490.247,-75.846
703000.000,1638000.000,487.945,-75.683
704000.000,1638000.000,487.536,-75.407
705000.000,1638000.000,489.354,-75.402
706000.000,1638000.000,490.905,-76.024
707000.000,1638000.000,489.421,-76.699
708000.000,1638000.000,485.890,-77.079
709000.000,1638000.000,485.194,-77.301
710000.000,1638000.000,491.191,-77.607
711000.000,1638000.000,499.643,-77.989
641000.000,1637000.000,610.815,-89.127
642000.000,1637000.000,604.391,-88.153
643000.000,1637000.000,617.268,-87.310
644000.000,1637000.000,616.276,-87.069
645000.000,1637000.000,620.528,-86.684
646000.000,1637000.000,639.474,-85.908
647000.000,1637000.000,638.727,-85.311
648000.000,1637000.000,637.217,-84.977
649000.000,1637000.000,652.806,-84.709
650000.000,1637000.000,696.168,-84.636
651000.000,1637000.000,687.787,-84.571
652000.000,1637000.000,685.753,-84.428
653000.000,1637000.000,675.268,-84.117
654000.000,1637000.000,677.113,-83.135
655000.000,1637000.000,696.868,-82.440
656000.000,1637000.000,689.195,-81.998
657000.000,1637000.000,710.869,-81.832
658000.000,1637000.000,686.464,-81.526
659000.000,1637000.000,662.925,-81.515
660000.000,1637000.000,654.022,-81.747
661000.000,1637000.000,645.190,-81.684
662000.000,1637000.000,640.534,-80.888
663000.000,1637000.000,633.859,-80.172
664000.000,1637000.000,628.275,-79.922
665000.000,1637000.000,616.520,-79.560
666000.000,1637000.000,608.740,-78.997
667000.000,1637000.000,603.111,-78.876
668000.000,1637000.000,602.284,-78.173
669000.000,1637000.000,594.558,-78.268
670000.000,1637000.000,609.388,-77.698
671000.000,1637000.000,603.676,-76.954
672000.000,1637000.000,602.987,-77.120
673000.000,1637000.000,599.807,-77.345
674000.000,1637000.000,592.310,-77.566
675000.000,1637000.000,572.913,-77.470
676000.000,1637000.000,575.947,-77.048
677000.000,1637000.000,567.861,-77.780
678000.000,1637000.000,575.189,-77.746
679000.000,1637000.000,554.759,-77.858
680000.000,1637000.000,582.338,-77.971
681000.000,1637000.000,564.283,-78.071
682000.000,1637000.000,537.979,-78.441
683000.000,1637000.000,533.681,-78.816
684000.000,1637000.000,524.708,-78.799
685000.000,1637000.000,518.969,-78.753
686000.000,1637000.000,513.577,-78.902
687000.000,1637000.000,509.351,-79.363
688000.000,1637000.000,505.078,-79.352
689000.000,1637000.000,505.231,-78.996
690000.000,1637000.000,502.886,-78.754
691000.000,1637000.000,503.041,-78.139
692000.000,1637000.000,501.500,-78.166
693000.000,1637000.000,510.023,-79.019
694000.000,1637000.000,520.302,-78.735
695000.000,1637000.000,669.075,-78.087
696000.000,1637000.000,507.803,-77.142
697000.000,1637000.000,502.561,-77.763
698000.000,1637000.000,505.617,-77.730
699000.000,1637000.000,510.879,-77.299
700000.000,1637000.000,506.270,-76.804
701000.000,1637000.000,498.699,-76.244
702000.000,1637000.000,520.383,-75.941
703000.000,1637000.000,494.996,-75.785
704000.000,1637000.000,489.677,-75.126
705000.000,1637000.000,489.808,-74.984
706000.000,1637000.000,491.668,-75.449
707000.000,1637000.000,495.654,-75.983
708000.000,1637000.000,492.743,-76.403
709000.000,1637000.000,491.526,-76.748
710000.000,1637000.000,490.933,-77.142
711000.000,1637000.000,495.025,-77.284
641000.000,1636000.000,618.410,-89.316
642000.000,1636000.000,608.648,-88.081
643000.000,1636000.000,609.628,-87.106
644000.000,1636000.000,621.746,-86.914
645000.000,1636000.000,637.226,-86.444
646000.000,1636000.000,636.855,-85.594
647000.000,1636000.000,651.579,-85.043
648000.000,1636000.000,643.718,-84.993
649000.000,1636000.000,647.404,-85.051
650000.000,1636000.000,657.174,-84.876
651000.000,1636000.000,661.787,-84.613
652000.000,1636000.000,681.179,-84.488
653000.000,1636000.000,675.225,-84.041
654000.000,1636000.000,684.107,-83.089
655000.000,1636000.000,716.141,-82.515
656000.000,1636000.000,694.723,-82.159
657000.000,1636000.000,696.887,-81.722
658000.000,1636000.000,685.677,-80.690
659000.000,1636000.000,669.213,-80.258
660000.000,1636000.000,664.943,-80.626
661000.000,1636000.000,663.351,-80.688
662000.000,1636000.000,682.055,-80.293
663000.000,1636000.000,677.004,-79.706
664000.000,1636000.000,637.404,-79.070
665000.000,1636000.000,634.537,-79.107
666000.000,1636000.000,624.607,-78.776
667000.000,1636000.000,615.967,-78.385
668000.000,1636000.000,604.280,-77.975
669000.000,1636000.000,587.498,-77.885
670000.000,1636000.000,590.888,-77.622
671000.000,1636000.000,590.685,-77.337
672000.000,1636000.000,602.008,-77.112
673000.000,1636000.000,609.556,-76.973
674000.000,1636000.000,593.395,-76.979
675000.000,1636000.000,581.935,-76.997
676000.000,1636000.000,569.409,-76.962
677000.000,1636000.000,558.499,-76.950
678000.000,1636000.000,553.528,-76.976
679000.000,1636000.000,560.476,-76.886
680000.000,1636000.000,551.511,-76.863
681000.000,1636000.000,537.655,-77.100
682000.000,1636000.000,528.748,-77.402
683000.000,1636000.000,524.270,-77.830
684000.000,1636000.000,524.351,-78.030
685000.000,1636000.000,515.510,-78.022
686000.000,1636000.000,514.444,-78.025
687000.000,1636000.000,513.090,-78.588
688000.000,1636000.000,514.913,-78.926
689000.000,1636000.000,513.105,-79.001
690000.000,1636000.000,512.681,-78.801
691000.000,1636000.000,509.742,-77.727
692000.000,1636000.000,504.986,-77.462
693000.000,1636000.000,521.743,-78.242
694000.000,1636000.000,526.615,-78.353
695000.000,1636000.000,546.398,-78.273
696000.000,1636000.000,517.972,-77.849
697000.000,1636000.000,510.044,-78.011
698000.000,1636000.000,511.536,-77.860
699000.000,1636000.000,525.749,-77.261
700000.000,1636000.000,506.825,-76.789
701000.000,1636000.000,508.047,-76.268
702000.000,1636000.000,502.150,-76.014
703000.000,1636000.000,497.002,-76.057
704000.000,1636000.000,493.274,-75.587
705000.000,1636000.000,501.888,-75.168
706000.000,1636000.000,496.275,-75.200
707000.000,1636000.000,498.494,-75.364
708000.000,1636000.000,510.141,-75.678
709000.000,1636000.000,498.375,-76.352
710000.000,1636000.000,495.951,-76.948
711000.000,1636000.000,493.917,-76.942
641000.000,1635000.000,625.759,-89.373
642000.000,1635000.000,611.550,-88.409
643000.000,1635000.000,617.247,-87.483
644000.000,1635000.000,618.683,-86.914
645000.000,1635000.000,629.375,-86.307
646000.000,1635000.000,629.014,-85.408
647000.000,1635000.000,634.746,-84.946
648000.000,1635000.000,647.302,-84.735
649000.000,1635000.000,656.455,-84.574
650000.000,1635000.000,664.070,-84.500
651000.000,1635000.000,687.440,-84.424
652000.000,1635000.000,685.768,-84.548
653000.000,1635000.000,697.800,-84.116
654000.000,1635000.000,711.053,-83.179
655000.000,1635000.000,687.791,-82.687
656000.000,1635000.000,681.606,-82.305
657000.000,1635000.000,676.975,-81.896
658000.000,1635000.000,675.993,-80.848
659000.000,1635000.000,697.892,-80.209
660000.000,1635000.000,664.384,-80.115
661000.000,1635000.000,722.492,-80.069
662000.000,1635000.000,674.797,-79.731
663000.000,1635000.000,650.472,-79.284
664000.000,1635000.000,635.290,-78.972
665000.000,1635000.000,617.271,-78.866
666000.000,1635000.000,611.397,-78.602
667000.000,1635000.000,616.363,-78.222
668000.000,1635000.000,608.361,-77.996
669000.000,1635000.000,597.649,-77.903
670000.000,1635000.000,586.865,-77.826
671000.000,1635000.000,594.813,-77.619
672000.000,1635000.000,589.644,-77.174
673000.000,1635000.000,580.763,-76.928
674000.000,1635000.000,584.398,-76.648
675000.000,1635000.000,574.711,-76.459
676000.000,1635000.000,570.181,-76.302
677000.000,1635000.000,565.178,-76.168
678000.000,1635000.000,562.712,-76.088
679000.000,1635000.000,553.343,-76.169
680000.000,1635000.000,539.161,-76.517
681000.000,1635000.000,530.569,-76.695
682000.000,1635000.000,523.644,-76.714
683000.000,1635000.000,520.488,-77.351
684000.000,1635000.000,519.530,-77.992
685000.000,1635000.000,518.589,-77.997
686000.000,1635000.000,524.162,-78.010
687000.000,1635000.000,533.530,-78.291
688000.000,1635000.000,516.486,-78.712
689000.000,1635000.000,518.579,-79.057
690000.000,1635000.000,521.586,-78.750
691000.000,1635000.000,521.629,-77.796
692000.000,1635000.000,519.264,-77.465
693000.000,1635000.000,514.804,-77.512
694000.000,1635000.000,529.898,-77.726
695000.000,1635000.000,537.026,-78.163
696000.000,1635000.000,518.865,-77.820
697000.000,1635000.000,527.911,-77.681
698000.000,1635000.000,518.654,-77.650
699000.000,1635000.000,517.576,-77.066
700000.000,1635000.000,516.743,-76.988
701000.000,1635000.000,508.419,-76.543
702000.000,1635000.000,503.735,-76.150
703000.000,1635000.000,500.408,-76.073
704000.000,1635000.000,497.094,-75.883
705000.000,1635000.000,501.749,-75.312
706000.000,1635000.000,508.399,-75.048
707000.000,1635000.000,506.137,-74.794
708000.000,1635000.000,507.867,-75.040
709000.000,1635000.000,501.252,-75.933
710000.000,1635000.000,494.368,-76.182
711000.000,1635000.000,487.410,-76.890
641000.000,1634000.000,620.205,-89.081
642000.000,1634000.000,621.538,-88.542
643000.000,1634000.000,619.643,-87.590
644000.000,1634000.000,629.836,-86.889
645000.000,1634000.000,636.637,-86.237
646000.000,1634000.000,637.004,-85.331
647000.000,1634000.000,648.214,-84.590
648000.000,1634000.000,660.487,-84.148
649000.000,1634000.000,655.805,-83.968
650000.000,1634000.000,661.607,-83.986
651000.000,1634000.000,672.772,-84.045
652000.000,1634000.000,677.238,-84.661
653000.000,1634000.000,717.641,-84.470
654000.000,1634000.000,679.460,-83.508
655000.000,1634000.000,682.161,-82.792
656000.000,1634000.000,676.560,-82.211
657000.000,1634000.000,666.562,-81.509
658000.000,1634000.000,665.658,-80.616
659000.000,1634000.000,666.755,-80.141
660000.000,1634000.000,661.920,-79.979
661000.000,1634000.000,676.942,-79.792
662000.000,1634000.000,662.232,-79.408
663000.000,1634000.000,675.677,-79.297
664000.000,1634000.000,629.539,-79.221
665000.000,1634000.000,617.338,-78.882
666000.000,1634000.000,609.936,-78.519
667000.000,1634000.000,605.490,-78.137
668000.000,1634000.000,599.572,-77.967
669000.000,1634000.000,593.288,-77.947
670000.000,1634000.000,583.092,-77.822
671000.000,1634000.000,579.583,-77.367
672000.000,1634000.000,590.880,-77.048
673000.000,1634000.000,573.452,-76.701
674000.000,1634000.000,571.578,-76.256
675000.000,1634000.000,579.669,-75.879
676000.000,1634000.000,566.975,-75.564
677000.000,1634000.000,573.353,-75.099
678000.000,1634000.000,559.749,-74.674
679000.000,1634000.000,553.834,-75.543
680000.000,1634000.000,548.213,-75.949
681000.000,1634000.000,546.245,-75.923
682000.000,1634000.000,531.740,-76.051
683000.000,1634000.000,531.396,-77.079
684000.000,1634000.000,536.539,-77.709
685000.000,1634000.000,537.106,-77.930
686000.000,1634000.000,525.198,-77.941
687000.000,1634000.000,535.011,-78.043
688000.000,1634000.000,528.869,-78.325
689000.000,1634000.000,527.193,-78.388
690000.000,1634000.000,538.442,-78.015
691000.000,1634000.000,531.290,-77.261
692000.000,1634000.000,520.542,-76.957
693000.000,1634000.000,521.114,-76.833
694000.000,1634000.000,525.672,-76.929
695000.000,1634000.000,530.813,-77.716
696000.000,1634000.000,529.643,-77.318
697000.000,1634000.000,526.872,-76.877
698000.000,1634000.000,524.351,-76.957
699000.000,1634000.000,527.525,-76.932
700000.000,1634000.000,522.559,-76.678
701000.000,1634000.000,517.983,-76.294
702000.000,1634000.000,512.175,-76.086
703000.000,1634000.000,502.766,-76.055
704000.000,1634000.000,501.899,-76.065
705000.000,1634000.000,509.609,-75.491
706000.000,1634000.000,515.032,-75.089
707000.000,1634000.000,509.172,-74.693
708000.000,1634000.000,527.817,-74.638
709000.000,1634000.000,509.376,-74.937
710000.000,1634000.000,508.436,-75.731
711000.000,1634000.000,494.305,-76.831
