x,y,tmi
641000.000,1704000.000,109.337
642000.000,1704000.000,101.180
643000.000,1704000.000,93.531
644000.000,1704000.000,82.763
645000.000,1704000.000,66.029
646000.000,1704000.000,46.570
647000.000,1704000.000,38.067
648000.000,1704000.000,45.925
649000.000,1704000.000,53.498
650000.000,1704000.000,50.867
651000.000,1704000.000,41.510
652000.000,1704000.000,29.982
653000.000,1704000.000,18.216
654000.000,1704000.000,4.414
655000.000,1704000.000,-8.404
656000.000,1704000.000,-17.999
657000.000,1704000.000,-27.606
658000.000,1704000.000,-36.841
659000.000,1704000.000,-44.121
660000.000,1704000.000,-50.006
661000.000,1704000.000,-60.144
662000.000,1704000.000,-74.455
663000.000,1704000.000,-85.225
664000.000,1704000.000,-89.507
665000.000,1704000.000,-86.981
666000.000,1704000.000,-84.053
667000.000,1704000.000,-83.169
668000.000,1704000.000,-82.324
669000.000,1704000.000,-77.874
670000.000,1704000.000,-73.735
671000.000,1704000.000,-72.169
672000.000,1704000.000,-75.396
673000.000,1704000.000,-81.212
674000.000,1704000.000,-79.748
675000.000,1704000.000,-71.137
676000.000,1704000.000,-87.284
677000.000,1704000.000,-114.321
678000.000,1704000.000,-119.459
679000.000,1704000.000,-96.063
680000.000,1704000.000,-65.390
681000.000,1704000.000,-70.736
682000.000,1704000.000,-67.332
683000.000,1704000.000,-59.497
684000.000,1704000.000,-54.140
685000.000,1704000.000,-52.636
686000.000,1704000.000,-49.437
687000.000,1704000.000,-44.449
688000.000,1704000.000,-40.225
689000.000,1704000.000,-37.821
690000.000,1704000.000,-38.181
691000.000,1704000.000,-37.203
692000.000,1704000.000,-32.447
693000.000,1704000.000,-25.950
694000.000,1704000.000,-21.669
695000.000,1704000.000,-25.247
696000.000,1704000.000,-36.077
697000.000,1704000.000,-42.059
698000.000,1704000.000,-40.093
699000.000,1704000.000,-32.226
700000.000,1704000.000,-18.435
701000.000,1704000.000,1.014
702000.000,1704000.000,23.636
703000.000,1704000.000,52.949
704000.000,1704000.000,91.037
705000.000,1704000.000,131.483
706000.000,1704000.000,150.084
707000.000,1704000.000,124.224
708000.000,1704000.000,79.927
709000.000,1704000.000,42.153
710000.000,1704000.000,18.432
711000.000,1704000.000,6.631
641000.000,1703000.000,111.078
642000.000,1703000.000,102.169
643000.000,1703000.000,91.560
644000.000,1703000.000,84.213
645000.000,1703000.000,75.090
646000.000,1703000.000,67.956
647000.000,1703000.000,74.284
648000.000,1703000.000,88.388
649000.000,1703000.000,87.799
650000.000,1703000.000,76.376
651000.000,1703000.000,60.522
652000.000,1703000.000,46.482
653000.000,1703000.000,34.689
654000.000,1703000.000,21.941
655000.000,1703000.000,8.605
656000.000,1703000.000,-2.989
657000.000,1703000.000,-12.869
658000.000,1703000.000,-21.361
659000.000,1703000.000,-27.431
660000.000,1703000.000,-32.164
661000.000,1703000.000,-37.535
662000.000,1703000.000,-54.795
663000.000,1703000.000,-80.035
664000.000,1703000.000,-95.745
665000.000,1703000.000,-99.535
666000.000,1703000.000,-94.305
667000.000,1703000.000,-98.872
668000.000,1703000.000,-100.484
669000.000,1703000.000,-91.033
670000.000,1703000.000,-77.943
671000.000,1703000.000,-67.757
672000.000,1703000.000,-68.395
673000.000,1703000.000,-69.789
674000.000,1703000.000,-68.791
675000.000,1703000.000,-65.231
676000.000,1703000.000,-64.340
677000.000,1703000.000,-68.416
678000.000,1703000.000,-77.463
679000.000,1703000.000,-93.829
680000.000,1703000.000,-88.921
681000.000,1703000.000,-84.849
682000.000,1703000.000,-75.237
683000.000,1703000.000,-68.854
684000.000,1703000.000,-65.765
685000.000,1703000.000,-62.319
686000.000,1703000.000,-57.371
687000.000,1703000.000,-51.788
688000.000,1703000.000,-47.205
689000.000,1703000.000,-46.857
690000.000,1703000.000,-44.593
691000.000,1703000.000,-40.012
692000.000,1703000.000,-33.191
693000.000,1703000.000,-22.558
694000.000,1703000.000,-15.265
695000.000,1703000.000,-16.476
696000.000,1703000.000,-26.770
697000.000,1703000.000,-36.188
698000.000,1703000.000,-39.895
699000.000,1703000.000,-36.501
700000.000,1703000.000,-23.904
701000.000,1703000.000,-3.538
702000.000,1703000.000,17.451
703000.000,1703000.000,41.925
704000.000,1703000.000,73.641
705000.000,1703000.000,112.630
706000.000,1703000.000,155.346
707000.000,1703000.000,174.821
708000.000,1703000.000,138.681
709000.000,1703000.000,86.869
710000.000,1703000.000,50.912
711000.000,1703000.000,23.905
641000.000,1702000.000,99.629
642000.000,1702000.000,106.957
643000.000,1702000.000,116.748
644000.000,1702000.000,120.568
645000.000,1702000.000,118.848
646000.000,1702000.000,119.680
647000.000,1702000.000,123.960
648000.000,1702000.000,122.092
649000.000,1702000.000,112.300
650000.000,1702000.000,98.423
651000.000,1702000.000,82.868
652000.000,1702000.000,68.716
653000.000,1702000.000,56.273
654000.000,1702000.000,43.917
655000.000,1702000.000,30.861
656000.000,1702000.000,18.057
657000.000,1702000.000,6.441
658000.000,1702000.000,-3.192
659000.000,1702000.000,-10.089
660000.000,1702000.000,-15.641
661000.000,1702000.000,-23.232
662000.000,1702000.000,-30.987
663000.000,1702000.000,-42.305
664000.000,1702000.000,-67.235
665000.000,1702000.000,-88.284
666000.000,1702000.000,-99.030
667000.000,1702000.000,-96.268
668000.000,1702000.000,-96.510
669000.000,1702000.000,-90.891
670000.000,1702000.000,-76.126
671000.000,1702000.000,-62.346
672000.000,1702000.000,-54.610
673000.000,1702000.000,-56.743
674000.000,1702000.000,-60.437
675000.000,1702000.000,-60.240
676000.000,1702000.000,-58.790
677000.000,1702000.000,-54.172
678000.000,1702000.000,-45.558
679000.000,1702000.000,-29.363
680000.000,1702000.000,-51.893
681000.000,1702000.000,-61.090
682000.000,1702000.000,-69.128
683000.000,1702000.000,-71.092
684000.000,1702000.000,-68.862
685000.000,1702000.000,-65.857
686000.000,1702000.000,-62.956
687000.000,1702000.000,-60.798
688000.000,1702000.000,-60.070
689000.000,1702000.000,-57.877
690000.000,1702000.000,-51.929
691000.000,1702000.000,-45.093
692000.000,1702000.000,-34.231
693000.000,1702000.000,-20.302
694000.000,1702000.000,-11.346
695000.000,1702000.000,-11.363
696000.000,1702000.000,-14.161
697000.000,1702000.000,-23.112
698000.000,1702000.000,-35.093
699000.000,1702000.000,-39.079
700000.000,1702000.000,-32.023
701000.000,1702000.000,-17.088
702000.000,1702000.000,4.469
703000.000,1702000.000,22.472
704000.000,1702000.000,42.833
705000.000,1702000.000,69.859
706000.000,1702000.000,100.106
707000.000,1702000.000,124.246
708000.000,1702000.000,116.005
709000.000,1702000.000,84.789
710000.000,1702000.000,65.774
711000.000,1702000.000,48.283
641000.000,1701000.000,82.078
642000.000,1701000.000,103.445
643000.000,1701000.000,124.994
644000.000,1701000.000,134.548
645000.000,1701000.000,137.420
646000.000,1701000.000,139.088
647000.000,1701000.000,139.985
648000.000,1701000.000,134.506
649000.000,1701000.000,124.275
650000.000,1701000.000,111.210
651000.000,1701000.000,98.392
652000.000,1701000.000,88.079
653000.000,1701000.000,77.593
654000.000,1701000.000,66.823
655000.000,1701000.000,55.249
656000.000,1701000.000,43.761
657000.000,1701000.000,32.172
658000.000,1701000.000,21.071
659000.000,1701000.000,11.862
660000.000,1701000.000,3.782
661000.000,1701000.000,-4.012
662000.000,1701000.000,-8.285
663000.000,1701000.000,-10.242
664000.000,1701000.000,-22.928
665000.000,1701000.000,-50.428
666000.000,1701000.000,-71.497
667000.000,1701000.000,-74.945
668000.000,1701000.000,-75.090
669000.000,1701000.000,-87.639
670000.000,1701000.000,-80.396
671000.000,1701000.000,-67.334
672000.000,1701000.000,-57.299
673000.000,1701000.000,-53.367
674000.000,1701000.000,-47.811
675000.000,1701000.000,-45.837
676000.000,1701000.000,-43.638
677000.000,1701000.000,-37.540
678000.000,1701000.000,-18.098
679000.000,1701000.000,41.585
680000.000,1701000.000,38.383
681000.000,1701000.000,-17.144
682000.000,1701000.000,-47.639
683000.000,1701000.000,-58.421
684000.000,1701000.000,-62.473
685000.000,1701000.000,-62.863
686000.000,1701000.000,-62.099
687000.000,1701000.000,-64.420
688000.000,1701000.000,-64.973
689000.000,1701000.000,-60.333
690000.000,1701000.000,-51.755
691000.000,1701000.000,-43.447
692000.000,1701000.000,-37.322
693000.000,1701000.000,-32.751
694000.000,1701000.000,-27.040
695000.000,1701000.000,-20.663
696000.000,1701000.000,-23.272
697000.000,1701000.000,-33.950
698000.000,1701000.000,-43.583
699000.000,1701000.000,-48.154
700000.000,1701000.000,-41.135
701000.000,1701000.000,-28.095
702000.000,1701000.000,-11.916
703000.000,1701000.000,0.893
704000.000,1701000.000,8.590
705000.000,1701000.000,25.321
706000.000,1701000.000,49.969
707000.000,1701000.000,71.599
708000.000,1701000.000,84.334
709000.000,1701000.000,75.787
710000.000,1701000.000,59.257
711000.000,1701000.000,49.533
641000.000,1700000.000,96.851
642000.000,1700000.000,101.618
643000.000,1700000.000,109.948
644000.000,1700000.000,116.223
645000.000,1700000.000,121.611
646000.000,1700000.000,130.002
647000.000,1700000.000,135.691
648000.000,1700000.000,133.671
649000.000,1700000.000,126.431
650000.000,1700000.000,117.873
651000.000,1700000.000,109.370
652000.000,1700000.000,101.876
653000.000,1700000.000,94.579
654000.000,1700000.000,87.043
655000.000,1700000.000,76.148
656000.000,1700000.000,63.175
657000.000,1700000.000,51.347
658000.000,1700000.000,40.540
659000.000,1700000.000,30.437
660000.000,1700000.000,22.370
661000.000,1700000.000,16.346
662000.000,1700000.000,12.806
663000.000,1700000.000,9.611
664000.000,1700000.000,2.496
665000.000,1700000.000,-17.359
666000.000,1700000.000,-38.421
667000.000,1700000.000,-52.382
668000.000,1700000.000,-54.572
669000.000,1700000.000,-70.412
670000.000,1700000.000,-81.591
671000.000,1700000.000,-74.272
672000.000,1700000.000,-60.401
673000.000,1700000.000,-46.499
674000.000,1700000.000,-36.337
675000.000,1700000.000,-30.224
676000.000,1700000.000,-24.762
677000.000,1700000.000,-19.868
678000.000,1700000.000,-7.880
679000.000,1700000.000,13.744
680000.000,1700000.000,20.201
681000.000,1700000.000,-6.072
682000.000,1700000.000,-31.614
683000.000,1700000.000,-45.165
684000.000,1700000.000,-50.098
685000.000,1700000.000,-50.856
686000.000,1700000.000,-54.448
687000.000,1700000.000,-59.563
688000.000,1700000.000,-57.913
689000.000,1700000.000,-51.721
690000.000,1700000.000,-46.656
691000.000,1700000.000,-41.875
692000.000,1700000.000,-39.046
693000.000,1700000.000,-38.191
694000.000,1700000.000,-36.361
695000.000,1700000.000,-33.531
696000.000,1700000.000,-30.836
697000.000,1700000.000,-32.310
698000.000,1700000.000,-33.462
699000.000,1700000.000,-33.728
700000.000,1700000.000,-31.725
701000.000,1700000.000,-24.776
702000.000,1700000.000,-18.510
703000.000,1700000.000,-9.870
704000.000,1700000.000,-0.124
705000.000,1700000.000,2.429
706000.000,1700000.000,14.796
707000.000,1700000.000,29.671
708000.000,1700000.000,45.919
709000.000,1700000.000,50.362
710000.000,1700000.000,43.877
711000.000,1700000.000,42.159
641000.000,1699000.000,85.220
642000.000,1699000.000,76.599
643000.000,1699000.000,73.855
644000.000,1699000.000,81.233
645000.000,1699000.000,92.416
646000.000,1699000.000,108.188
647000.000,1699000.000,119.617
648000.000,1699000.000,121.604
649000.000,1699000.000,120.797
650000.000,1699000.000,118.881
651000.000,1699000.000,115.809
652000.000,1699000.000,111.172
653000.000,1699000.000,107.192
654000.000,1699000.000,103.903
655000.000,1699000.000,96.651
656000.000,1699000.000,84.314
657000.000,1699000.000,71.996
658000.000,1699000.000,60.420
659000.000,1699000.000,46.741
660000.000,1699000.000,35.911
661000.000,1699000.000,29.180
662000.000,1699000.000,27.681
663000.000,1699000.000,26.609
664000.000,1699000.000,21.006
665000.000,1699000.000,5.519
666000.000,1699000.000,-13.734
667000.000,1699000.000,-28.833
668000.000,1699000.000,-37.939
669000.000,1699000.000,-40.150
670000.000,1699000.000,-58.299
671000.000,1699000.000,-65.957
672000.000,1699000.000,-54.826
673000.000,1699000.000,-37.939
674000.000,1699000.000,-25.864
675000.000,1699000.000,-19.208
676000.000,1699000.000,-14.745
677000.000,1699000.000,-10.410
678000.000,1699000.000,-1.841
679000.000,1699000.000,2.482
680000.000,1699000.000,-1.395
681000.000,1699000.000,-10.234
682000.000,1699000.000,-25.889
683000.000,1699000.000,-35.067
684000.000,1699000.000,-38.030
685000.000,1699000.000,-42.581
686000.000,1699000.000,-46.523
687000.000,1699000.000,-48.102
688000.000,1699000.000,-48.823
689000.000,1699000.000,-52.178
690000.000,1699000.000,-53.824
691000.000,1699000.000,-51.142
692000.000,1699000.000,-45.998
693000.000,1699000.000,-39.915
694000.000,1699000.000,-36.687
695000.000,1699000.000,-33.891
696000.000,1699000.000,-26.736
697000.000,1699000.000,-17.924
698000.000,1699000.000,-15.831
699000.000,1699000.000,-15.049
700000.000,1699000.000,-19.307
701000.000,1699000.000,-20.327
702000.000,1699000.000,-16.586
703000.000,1699000.000,-9.928
704000.000,1699000.000,-2.697
705000.000,1699000.000,-8.501
706000.000,1699000.000,-13.493
707000.000,1699000.000,-6.222
708000.000,1699000.000,6.349
709000.000,1699000.000,17.188
710000.000,1699000.000,21.203
711000.000,1699000.000,22.508
641000.000,1698000.000,85.817
642000.000,1698000.000,82.313
643000.000,1698000.000,80.188
644000.000,1698000.000,82.720
645000.000,1698000.000,88.370
646000.000,1698000.000,101.617
647000.000,1698000.000,111.488
648000.000,1698000.000,117.818
649000.000,1698000.000,120.425
650000.000,1698000.000,121.309
651000.000,1698000.000,123.533
652000.000,1698000.000,125.033
653000.000,1698000.000,125.549
654000.000,1698000.000,122.210
655000.000,1698000.000,115.406
656000.000,1698000.000,104.866
657000.000,1698000.000,90.397
658000.000,1698000.000,75.506
659000.000,1698000.000,61.820
660000.000,1698000.000,51.718
661000.000,1698000.000,46.600
662000.000,1698000.000,43.620
663000.000,1698000.000,39.044
664000.000,1698000.000,32.810
665000.000,1698000.000,25.171
666000.000,1698000.000,14.086
667000.000,1698000.000,-1.960
668000.000,1698000.000,-17.271
669000.000,1698000.000,-20.003
670000.000,1698000.000,-25.820
671000.000,1698000.000,-43.901
672000.000,1698000.000,-58.820
673000.000,1698000.000,-50.649
674000.000,1698000.000,-30.306
675000.000,1698000.000,-14.618
676000.000,1698000.000,-7.667
677000.000,1698000.000,-11.120
678000.000,1698000.000,-11.943
679000.000,1698000.000,-9.761
680000.000,1698000.000,-13.377
681000.000,1698000.000,-20.483
682000.000,1698000.000,-28.532
683000.000,1698000.000,-37.240
684000.000,1698000.000,-48.515
685000.000,1698000.000,-55.683
686000.000,1698000.000,-56.065
687000.000,1698000.000,-53.351
688000.000,1698000.000,-54.610
689000.000,1698000.000,-56.658
690000.000,1698000.000,-56.057
691000.000,1698000.000,-53.337
692000.000,1698000.000,-48.395
693000.000,1698000.000,-43.555
694000.000,1698000.000,-39.257
695000.000,1698000.000,-36.226
696000.000,1698000.000,-31.682
697000.000,1698000.000,-23.301
698000.000,1698000.000,-16.893
699000.000,1698000.000,-19.087
700000.000,1698000.000,-26.429
701000.000,1698000.000,-28.695
702000.000,1698000.000,-25.940
703000.000,1698000.000,-22.102
704000.000,1698000.000,-17.523
705000.000,1698000.000,-13.484
706000.000,1698000.000,-21.154
707000.000,1698000.000,-22.731
708000.000,1698000.000,-16.913
709000.000,1698000.000,-8.741
710000.000,1698000.000,-3.353
711000.000,1698000.000,0.556
641000.000,1697000.000,103.336
642000.000,1697000.000,113.416
643000.000,1697000.000,118.063
644000.000,1697000.000,120.008
645000.000,1697000.000,122.924
646000.000,1697000.000,128.082
647000.000,1697000.000,134.935
648000.000,1697000.000,141.547
649000.000,1697000.000,144.157
650000.000,1697000.000,147.816
651000.000,1697000.000,152.793
652000.000,1697000.000,155.100
653000.000,1697000.000,154.022
654000.000,1697000.000,146.193
655000.000,1697000.000,133.924
656000.000,1697000.000,120.059
657000.000,1697000.000,105.169
658000.000,1697000.000,91.622
659000.000,1697000.000,81.252
660000.000,1697000.000,70.893
661000.000,1697000.000,63.283
662000.000,1697000.000,54.840
663000.000,1697000.000,45.715
664000.000,1697000.000,39.403
665000.000,1697000.000,35.552
666000.000,1697000.000,26.753
667000.000,1697000.000,6.469
668000.000,1697000.000,-10.679
669000.000,1697000.000,-17.140
670000.000,1697000.000,-19.407
671000.000,1697000.000,-36.673
672000.000,1697000.000,-48.649
673000.000,1697000.000,-48.113
674000.000,1697000.000,-33.242
675000.000,1697000.000,-20.094
676000.000,1697000.000,-12.119
677000.000,1697000.000,-13.853
678000.000,1697000.000,-23.930
679000.000,1697000.000,-27.720
680000.000,1697000.000,-31.316
681000.000,1697000.000,-37.236
682000.000,1697000.000,-41.360
683000.000,1697000.000,-46.854
684000.000,1697000.000,-51.743
685000.000,1697000.000,-52.281
686000.000,1697000.000,-50.934
687000.000,1697000.000,-51.508
688000.000,1697000.000,-54.432
689000.000,1697000.000,-55.446
690000.000,1697000.000,-53.566
691000.000,1697000.000,-51.089
692000.000,1697000.000,-48.708
693000.000,1697000.000,-46.128
694000.000,1697000.000,-41.378
695000.000,1697000.000,-36.068
696000.000,1697000.000,-33.168
697000.000,1697000.000,-28.731
698000.000,1697000.000,-21.852
699000.000,1697000.000,-20.769
700000.000,1697000.000,-24.948
701000.000,1697000.000,-33.979
702000.000,1697000.000,-40.986
703000.000,1697000.000,-42.635
704000.000,1697000.000,-37.513
705000.000,1697000.000,-21.717
706000.000,1697000.000,-17.838
707000.000,1697000.000,-21.094
708000.000,1697000.000,-24.379
709000.000,1697000.000,-27.853
710000.000,1697000.000,-27.231
711000.000,1697000.000,-25.502
641000.000,1696000.000,68.471
642000.000,1696000.000,89.996
643000.000,1696000.000,109.523
644000.000,1696000.000,122.558
645000.000,1696000.000,130.725
646000.000,1696000.000,138.397
647000.000,1696000.000,147.056
648000.000,1696000.000,155.959
649000.000,1696000.000,164.232
650000.000,1696000.000,169.714
651000.000,1696000.000,171.172
652000.000,1696000.000,167.866
653000.000,1696000.000,162.236
654000.000,1696000.000,153.597
655000.000,1696000.000,142.787
656000.000,1696000.000,130.687
657000.000,1696000.000,118.386
658000.000,1696000.000,107.330
659000.000,1696000.000,100.714
660000.000,1696000.000,94.905
661000.000,1696000.000,86.465
662000.000,1696000.000,72.970
663000.000,1696000.000,56.791
664000.000,1696000.000,44.593
665000.000,1696000.000,32.977
666000.000,1696000.000,18.848
667000.000,1696000.000,4.073
668000.000,1696000.000,-13.789
669000.000,1696000.000,-22.575
670000.000,1696000.000,-20.775
671000.000,1696000.000,-20.102
672000.000,1696000.000,-12.395
673000.000,1696000.000,-22.263
674000.000,1696000.000,-31.400
675000.000,1696000.000,-23.910
676000.000,1696000.000,-17.864
677000.000,1696000.000,-15.317
678000.000,1696000.000,-15.283
679000.000,1696000.000,-24.312
680000.000,1696000.000,-33.370
681000.000,1696000.000,-36.632
682000.000,1696000.000,-35.143
683000.000,1696000.000,-33.647
684000.000,1696000.000,-33.055
685000.000,1696000.000,-32.318
686000.000,1696000.000,-33.491
687000.000,1696000.000,-37.274
688000.000,1696000.000,-38.066
689000.000,1696000.000,-39.467
690000.000,1696000.000,-43.482
691000.000,1696000.000,-49.034
692000.000,1696000.000,-50.390
693000.000,1696000.000,-47.076
694000.000,1696000.000,-43.782
695000.000,1696000.000,-37.821
696000.000,1696000.000,-31.942
697000.000,1696000.000,-28.194
698000.000,1696000.000,-24.561
699000.000,1696000.000,-21.557
700000.000,1696000.000,-21.709
701000.000,1696000.000,-29.070
702000.000,1696000.000,-44.972
703000.000,1696000.000,-56.557
704000.000,1696000.000,-54.266
705000.000,1696000.000,-25.416
706000.000,1696000.000,-8.659
707000.000,1696000.000,-15.502
708000.000,1696000.000,-24.736
709000.000,1696000.000,-32.198
710000.000,1696000.000,-35.237
711000.000,1696000.000,-37.817
641000.000,1695000.000,46.040
642000.000,1695000.000,62.446
643000.000,1695000.000,77.343
644000.000,1695000.000,94.849
645000.000,1695000.000,109.156
646000.000,1695000.000,124.585
647000.000,1695000.000,139.293
648000.000,1695000.000,152.885
649000.000,1695000.000,164.071
650000.000,1695000.000,170.911
651000.000,1695000.000,170.917
652000.000,1695000.000,166.311
653000.000,1695000.000,160.923
654000.000,1695000.000,154.282
655000.000,1695000.000,145.969
656000.000,1695000.000,137.399
657000.000,1695000.000,130.307
658000.000,1695000.000,125.006
659000.000,1695000.000,118.153
660000.000,1695000.000,108.566
661000.000,1695000.000,96.114
662000.000,1695000.000,82.587
663000.000,1695000.000,71.976
664000.000,1695000.000,62.073
665000.000,1695000.000,51.686
666000.000,1695000.000,38.230
667000.000,1695000.000,22.275
668000.000,1695000.000,0.367
669000.000,1695000.000,-23.518
670000.000,1695000.000,-27.160
671000.000,1695000.000,-17.524
672000.000,1695000.000,-15.340
673000.000,1695000.000,-18.538
674000.000,1695000.000,-22.026
675000.000,1695000.000,-22.323
676000.000,1695000.000,-16.576
677000.000,1695000.000,-10.955
678000.000,1695000.000,-3.926
679000.000,1695000.000,-8.125
680000.000,1695000.000,-24.646
681000.000,1695000.000,-23.718
682000.000,1695000.000,-18.354
683000.000,1695000.000,-16.190
684000.000,1695000.000,-17.580
685000.000,1695000.000,-22.301
686000.000,1695000.000,-31.537
687000.000,1695000.000,-34.299
688000.000,1695000.000,-33.805
689000.000,1695000.000,-36.012
690000.000,1695000.000,-43.329
691000.000,1695000.000,-47.774
692000.000,1695000.000,-50.373
693000.000,1695000.000,-49.867
694000.000,1695000.000,-44.651
695000.000,1695000.000,-38.475
696000.000,1695000.000,-31.786
697000.000,1695000.000,-25.586
698000.000,1695000.000,-19.801
699000.000,1695000.000,-14.053
700000.000,1695000.000,-6.608
701000.000,1695000.000,-6.507
702000.000,1695000.000,-13.599
703000.000,1695000.000,-27.175
704000.000,1695000.000,-25.119
705000.000,1695000.000,-13.478
706000.000,1695000.000,-14.191
707000.000,1695000.000,-18.120
708000.000,1695000.000,-21.552
709000.000,1695000.000,-27.023
710000.000,1695000.000,-31.314
711000.000,1695000.000,-37.591
641000.000,1694000.000,29.450
642000.000,1694000.000,46.616
643000.000,1694000.000,64.070
644000.000,1694000.000,84.602
645000.000,1694000.000,107.066
646000.000,1694000.000,124.742
647000.000,1694000.000,135.610
648000.000,1694000.000,142.613
649000.000,1694000.000,146.272
650000.000,1694000.000,147.306
651000.000,1694000.000,146.893
652000.000,1694000.000,144.404
653000.000,1694000.000,141.756
654000.000,1694000.000,141.022
655000.000,1694000.000,143.632
656000.000,1694000.000,144.174
657000.000,1694000.000,140.225
658000.000,1694000.000,133.759
659000.000,1694000.000,122.497
660000.000,1694000.000,110.563
661000.000,1694000.000,100.046
662000.000,1694000.000,90.424
663000.000,1694000.000,81.381
664000.000,1694000.000,74.975
665000.000,1694000.000,72.460
666000.000,1694000.000,72.464
667000.000,1694000.000,62.540
668000.000,1694000.000,45.117
669000.000,1694000.000,27.843
670000.000,1694000.000,11.079
671000.000,1694000.000,-2.282
672000.000,1694000.000,-8.759
673000.000,1694000.000,-14.821
674000.000,1694000.000,-13.898
675000.000,1694000.000,-16.018
676000.000,1694000.000,-16.350
677000.000,1694000.000,-11.620
678000.000,1694000.000,-3.512
679000.000,1694000.000,3.193
680000.000,1694000.000,5.757
681000.000,1694000.000,0.973
682000.000,1694000.000,-4.734
683000.000,1694000.000,-11.360
684000.000,1694000.000,-20.838
685000.000,1694000.000,-25.713
686000.000,1694000.000,-29.985
687000.000,1694000.000,-33.272
688000.000,1694000.000,-34.896
689000.000,1694000.000,-36.135
690000.000,1694000.000,-36.759
691000.000,1694000.000,-36.540
692000.000,1694000.000,-37.876
693000.000,1694000.000,-41.106
694000.000,1694000.000,-40.530
695000.000,1694000.000,-35.194
696000.000,1694000.000,-28.413
697000.000,1694000.000,-21.759
698000.000,1694000.000,-14.589
699000.000,1694000.000,-5.069
700000.000,1694000.000,8.345
701000.000,1694000.000,17.001
702000.000,1694000.000,10.548
703000.000,1694000.000,-4.408
704000.000,1694000.000,1.551
705000.000,1694000.000,-7.034
706000.000,1694000.000,-29.951
707000.000,1694000.000,-37.876
708000.000,1694000.000,-38.075
709000.000,1694000.000,-35.370
710000.000,1694000.000,-34.735
711000.000,1694000.000,-42.190
641000.000,1693000.000,45.670
642000.000,1693000.000,63.906
643000.000,1693000.000,78.537
644000.000,1693000.000,93.561
645000.000,1693000.000,106.369
646000.000,1693000.000,119.981
647000.000,1693000.000,129.816
648000.000,1693000.000,134.256
649000.000,1693000.000,137.653
650000.000,1693000.000,138.686
651000.000,1693000.000,135.434
652000.000,1693000.000,128.582
653000.000,1693000.000,123.541
654000.000,1693000.000,124.825
655000.000,1693000.000,130.501
656000.000,1693000.000,132.163
657000.000,1693000.000,128.889
658000.000,1693000.000,123.862
659000.000,1693000.000,116.665
660000.000,1693000.000,111.336
661000.000,1693000.000,105.736
662000.000,1693000.000,98.612
663000.000,1693000.000,90.454
664000.000,1693000.000,82.619
665000.000,1693000.000,78.642
666000.000,1693000.000,78.588
667000.000,1693000.000,79.241
668000.000,1693000.000,75.358
669000.000,1693000.000,63.948
670000.000,1693000.000,43.735
671000.000,1693000.000,20.165
672000.000,1693000.000,5.624
673000.000,1693000.000,-5.564
674000.000,1693000.000,-16.355
675000.000,1693000.000,-25.071
676000.000,1693000.000,-26.477
677000.000,1693000.000,-19.746
678000.000,1693000.000,-11.484
679000.000,1693000.000,-5.184
680000.000,1693000.000,0.450
681000.000,1693000.000,-0.250
682000.000,1693000.000,-5.493
683000.000,1693000.000,-11.296
684000.000,1693000.000,-18.327
685000.000,1693000.000,-26.912
686000.000,1693000.000,-28.726
687000.000,1693000.000,-28.808
688000.000,1693000.000,-29.730
689000.000,1693000.000,-29.741
690000.000,1693000.000,-31.151
691000.000,1693000.000,-32.642
692000.000,1693000.000,-29.692
693000.000,1693000.000,-27.180
694000.000,1693000.000,-26.582
695000.000,1693000.000,-26.446
696000.000,1693000.000,-26.447
697000.000,1693000.000,-25.508
698000.000,1693000.000,-21.282
699000.000,1693000.000,-8.342
700000.000,1693000.000,13.209
701000.000,1693000.000,20.108
702000.000,1693000.000,6.639
703000.000,1693000.000,-8.934
704000.000,1693000.000,-3.048
705000.000,1693000.000,1.214
706000.000,1693000.000,-26.670
707000.000,1693000.000,-39.875
708000.000,1693000.000,-58.480
709000.000,1693000.000,-52.670
710000.000,1693000.000,-41.387
711000.000,1693000.000,-36.978
641000.000,1692000.000,93.905
642000.000,1692000.000,109.801
643000.000,1692000.000,122.924
644000.000,1692000.000,125.696
645000.000,1692000.000,120.336
646000.000,1692000.000,116.009
647000.000,1692000.000,116.201
648000.000,1692000.000,121.010
649000.000,1692000.000,127.508
650000.000,1692000.000,130.064
651000.000,1692000.000,127.395
652000.000,1692000.000,123.532
653000.000,1692000.000,122.046
654000.000,1692000.000,121.550
655000.000,1692000.000,120.393
656000.000,1692000.000,117.713
657000.000,1692000.000,113.597
658000.000,1692000.000,108.745
659000.000,1692000.000,100.879
660000.000,1692000.000,95.987
661000.000,1692000.000,92.140
662000.000,1692000.000,85.657
663000.000,1692000.000,80.813
664000.000,1692000.000,75.833
665000.000,1692000.000,70.894
666000.000,1692000.000,69.191
667000.000,1692000.000,69.428
668000.000,1692000.000,68.547
669000.000,1692000.000,62.592
670000.000,1692000.000,51.632
671000.000,1692000.000,40.110
672000.000,1692000.000,24.401
673000.000,1692000.000,5.205
674000.000,1692000.000,-20.272
675000.000,1692000.000,-46.473
676000.000,1692000.000,-46.402
677000.000,1692000.000,-32.383
678000.000,1692000.000,-22.232
679000.000,1692000.000,-14.191
680000.000,1692000.000,-8.289
681000.000,1692000.000,-4.283
682000.000,1692000.000,1.853
683000.000,1692000.000,1.696
684000.000,1692000.000,-4.713
685000.000,1692000.000,-21.345
686000.000,1692000.000,-36.201
687000.000,1692000.000,-46.037
688000.000,1692000.000,-52.098
689000.000,1692000.000,-55.492
690000.000,1692000.000,-57.336
691000.000,1692000.000,-59.149
692000.000,1692000.000,-55.011
693000.000,1692000.000,-48.995
694000.000,1692000.000,-44.664
695000.000,1692000.000,-40.707
696000.000,1692000.000,-39.096
697000.000,1692000.000,-38.214
698000.000,1692000.000,-34.622
699000.000,1692000.000,-23.595
700000.000,1692000.000,-10.199
701000.000,1692000.000,-6.142
702000.000,1692000.000,-11.839
703000.000,1692000.000,-16.885
704000.000,1692000.000,-11.152
705000.000,1692000.000,-0.558
706000.000,1692000.000,-5.186
707000.000,1692000.000,-6.802
708000.000,1692000.000,-33.801
709000.000,1692000.000,-62.702
710000.000,1692000.000,-53.357
711000.000,1692000.000,-43.687
641000.000,1691000.000,143.804
642000.000,1691000.000,124.804
643000.000,1691000.000,117.284
644000.000,1691000.000,117.267
645000.000,1691000.000,120.089
646000.000,1691000.000,111.679
647000.000,1691000.000,105.817
648000.000,1691000.000,105.657
649000.000,1691000.000,104.945
650000.000,1691000.000,103.647
651000.000,1691000.000,100.188
652000.000,1691000.000,95.809
653000.000,1691000.000,92.965
654000.000,1691000.000,93.088
655000.000,1691000.000,92.221
656000.000,1691000.000,89.425
657000.000,1691000.000,87.782
658000.000,1691000.000,85.958
659000.000,1691000.000,82.157
660000.000,1691000.000,77.774
661000.000,1691000.000,71.322
662000.000,1691000.000,61.887
663000.000,1691000.000,53.094
664000.000,1691000.000,47.660
665000.000,1691000.000,46.147
666000.000,1691000.000,45.251
667000.000,1691000.000,42.807
668000.000,1691000.000,43.471
669000.000,1691000.000,44.144
670000.000,1691000.000,38.509
671000.000,1691000.000,27.453
672000.000,1691000.000,14.612
673000.000,1691000.000,-1.121
674000.000,1691000.000,-11.011
675000.000,1691000.000,-0.344
676000.000,1691000.000,-25.586
677000.000,1691000.000,-42.838
678000.000,1691000.000,-38.141
679000.000,1691000.000,-24.793
680000.000,1691000.000,-6.693
681000.000,1691000.000,1.078
682000.000,1691000.000,1.514
683000.000,1691000.000,0.497
684000.000,1691000.000,-8.147
685000.000,1691000.000,-27.447
686000.000,1691000.000,-50.409
687000.000,1691000.000,-70.101
688000.000,1691000.000,-83.273
689000.000,1691000.000,-92.143
690000.000,1691000.000,-95.611
691000.000,1691000.000,-94.340
692000.000,1691000.000,-92.315
693000.000,1691000.000,-89.178
694000.000,1691000.000,-86.170
695000.000,1691000.000,-80.712
696000.000,1691000.000,-72.206
697000.000,1691000.000,-60.442
698000.000,1691000.000,-45.924
699000.000,1691000.000,-32.468
700000.000,1691000.000,-24.282
701000.000,1691000.000,-22.049
702000.000,1691000.000,-23.588
703000.000,1691000.000,-24.423
704000.000,1691000.000,-18.231
705000.000,1691000.000,-3.194
706000.000,1691000.000,9.286
707000.000,1691000.000,24.638
708000.000,1691000.000,18.638
709000.000,1691000.000,-46.249
710000.000,1691000.000,-68.464
711000.000,1691000.000,-59.015
641000.000,1690000.000,85.771
642000.000,1690000.000,32.520
643000.000,1690000.000,50.968
644000.000,1690000.000,86.483
645000.000,1690000.000,95.485
646000.000,1690000.000,90.745
647000.000,1690000.000,86.935
648000.000,1690000.000,75.548
649000.000,1690000.000,54.777
650000.000,1690000.000,39.918
651000.000,1690000.000,36.975
652000.000,1690000.000,37.400
653000.000,1690000.000,39.843
654000.000,1690000.000,39.601
655000.000,1690000.000,39.198
656000.000,1690000.000,38.215
657000.000,1690000.000,39.065
658000.000,1690000.000,42.384
659000.000,1690000.000,46.224
660000.000,1690000.000,49.068
661000.000,1690000.000,48.782
662000.000,1690000.000,45.186
663000.000,1690000.000,40.804
664000.000,1690000.000,36.782
665000.000,1690000.000,35.819
666000.000,1690000.000,32.520
667000.000,1690000.000,31.735
668000.000,1690000.000,31.726
669000.000,1690000.000,30.930
670000.000,1690000.000,27.432
671000.000,1690000.000,13.884
672000.000,1690000.000,-2.410
673000.000,1690000.000,-16.357
674000.000,1690000.000,-24.594
675000.000,1690000.000,-23.565
676000.000,1690000.000,-30.366
677000.000,1690000.000,-44.621
678000.000,1690000.000,-54.854
679000.000,1690000.000,-51.469
680000.000,1690000.000,-33.964
681000.000,1690000.000,-18.781
682000.000,1690000.000,-15.679
683000.000,1690000.000,-17.012
684000.000,1690000.000,-19.660
685000.000,1690000.000,-26.764
686000.000,1690000.000,-35.378
687000.000,1690000.000,-44.563
688000.000,1690000.000,-62.434
689000.000,1690000.000,-75.050
690000.000,1690000.000,-80.861
691000.000,1690000.000,-87.425
692000.000,1690000.000,-89.907
693000.000,1690000.000,-93.220
694000.000,1690000.000,-93.391
695000.000,1690000.000,-95.157
696000.000,1690000.000,-91.437
697000.000,1690000.000,-78.844
698000.000,1690000.000,-65.109
699000.000,1690000.000,-54.081
700000.000,1690000.000,-43.403
701000.000,1690000.000,-37.979
702000.000,1690000.000,-36.032
703000.000,1690000.000,-33.000
704000.000,1690000.000,-23.848
705000.000,1690000.000,-8.957
706000.000,1690000.000,6.275
707000.000,1690000.000,22.591
708000.000,1690000.000,32.170
709000.000,1690000.000,1.657
710000.000,1690000.000,-62.251
711000.000,1690000.000,-76.345
641000.000,1689000.000,1.706
642000.000,1689000.000,-87.646
643000.000,1689000.000,-53.952
644000.000,1689000.000,31.630
645000.000,1689000.000,53.661
646000.000,1689000.000,38.966
647000.000,1689000.000,32.446
648000.000,1689000.000,16.257
649000.000,1689000.000,-15.926
650000.000,1689000.000,-29.236
651000.000,1689000.000,-21.224
652000.000,1689000.000,-5.148
653000.000,1689000.000,5.659
654000.000,1689000.000,9.748
655000.000,1689000.000,14.467
656000.000,1689000.000,18.805
657000.000,1689000.000,25.544
658000.000,1689000.000,31.129
659000.000,1689000.000,39.001
660000.000,1689000.000,45.673
661000.000,1689000.000,47.341
662000.000,1689000.000,45.681
663000.000,1689000.000,41.899
664000.000,1689000.000,38.536
665000.000,1689000.000,37.837
666000.000,1689000.000,37.751
667000.000,1689000.000,36.224
668000.000,1689000.000,31.079
669000.000,1689000.000,25.293
670000.000,1689000.000,19.299
671000.000,1689000.000,9.390
672000.000,1689000.000,-6.715
673000.000,1689000.000,-23.128
674000.000,1689000.000,-35.235
675000.000,1689000.000,-43.872
676000.000,1689000.000,-49.460
677000.000,1689000.000,-47.436
678000.000,1689000.000,-39.856
679000.000,1689000.000,-35.328
680000.000,1689000.000,-50.289
681000.000,1689000.000,-53.387
682000.000,1689000.000,-46.704
683000.000,1689000.000,-37.785
684000.000,1689000.000,-30.234
685000.000,1689000.000,-20.970
686000.000,1689000.000,-17.486
687000.000,1689000.000,-22.281
688000.000,1689000.000,-27.000
689000.000,1689000.000,-33.984
690000.000,1689000.000,-38.510
691000.000,1689000.000,-45.360
692000.000,1689000.000,-58.575
693000.000,1689000.000,-72.078
694000.000,1689000.000,-77.516
695000.000,1689000.000,-82.594
696000.000,1689000.000,-83.447
697000.000,1689000.000,-78.482
698000.000,1689000.000,-72.318
699000.000,1689000.000,-64.900
700000.000,1689000.000,-58.750
701000.000,1689000.000,-51.649
702000.000,1689000.000,-42.439
703000.000,1689000.000,-30.512
704000.000,1689000.000,-17.553
705000.000,1689000.000,-13.134
706000.000,1689000.000,-9.299
707000.000,1689000.000,0.976
708000.000,1689000.000,17.861
709000.000,1689000.000,30.709
710000.000,1689000.000,-7.524
711000.000,1689000.000,-79.414
641000.000,1688000.000,22.517
642000.000,1688000.000,58.928
643000.000,1688000.000,-55.806
644000.000,1688000.000,-167.309
645000.000,1688000.000,-156.621
646000.000,1688000.000,-146.355
647000.000,1688000.000,-114.002
648000.000,1688000.000,-115.802
649000.000,1688000.000,-137.262
650000.000,1688000.000,-117.699
651000.000,1688000.000,-80.679
652000.000,1688000.000,-49.531
653000.000,1688000.000,-28.207
654000.000,1688000.000,-14.610
655000.000,1688000.000,-1.755
656000.000,1688000.000,8.573
657000.000,1688000.000,16.504
658000.000,1688000.000,29.108
659000.000,1688000.000,39.111
660000.000,1688000.000,43.496
661000.000,1688000.000,46.650
662000.000,1688000.000,48.225
663000.000,1688000.000,47.314
664000.000,1688000.000,45.003
665000.000,1688000.000,41.967
666000.000,1688000.000,40.206
667000.000,1688000.000,35.393
668000.000,1688000.000,28.405
669000.000,1688000.000,19.532
670000.000,1688000.000,8.494
671000.000,1688000.000,-4.680
672000.000,1688000.000,-19.200
673000.000,1688000.000,-27.706
674000.000,1688000.000,-32.399
675000.000,1688000.000,-37.829
676000.000,1688000.000,-43.694
677000.000,1688000.000,-48.332
678000.000,1688000.000,-51.425
679000.000,1688000.000,-46.138
680000.000,1688000.000,-59.550
681000.000,1688000.000,-84.005
682000.000,1688000.000,-98.191
683000.000,1688000.000,-87.580
684000.000,1688000.000,-65.442
685000.000,1688000.000,-46.803
686000.000,1688000.000,-34.791
687000.000,1688000.000,-24.267
688000.000,1688000.000,-15.664
689000.000,1688000.000,-18.096
690000.000,1688000.000,-29.498
691000.000,1688000.000,-37.963
692000.000,1688000.000,-38.257
693000.000,1688000.000,-39.939
694000.000,1688000.000,-46.292
695000.000,1688000.000,-50.696
696000.000,1688000.000,-55.741
697000.000,1688000.000,-58.574
698000.000,1688000.000,-58.804
699000.000,1688000.000,-57.336
700000.000,1688000.000,-55.125
701000.000,1688000.000,-51.225
702000.000,1688000.000,-47.287
703000.000,1688000.000,-41.789
704000.000,1688000.000,-36.524
705000.000,1688000.000,-35.138
706000.000,1688000.000,-32.965
707000.000,1688000.000,-24.692
708000.000,1688000.000,-7.175
709000.000,1688000.000,9.341
710000.000,1688000.000,-9.829
711000.000,1688000.000,-70.758
641000.000,1687000.000,9.394
642000.000,1687000.000,42.101
643000.000,1687000.000,-6.326
644000.000,1687000.000,-211.516
645000.000,1687000.000,-363.573
646000.000,1687000.000,-415.814
647000.000,1687000.000,-450.203
648000.000,1687000.000,-438.218
649000.000,1687000.000,-373.349
650000.000,1687000.000,-281.462
651000.000,1687000.000,-191.908
652000.000,1687000.000,-130.587
653000.000,1687000.000,-93.629
654000.000,1687000.000,-67.117
655000.000,1687000.000,-43.694
656000.000,1687000.000,-19.892
657000.000,1687000.000,3.290
658000.000,1687000.000,23.446
659000.000,1687000.000,35.677
660000.000,1687000.000,42.070
661000.000,1687000.000,46.105
662000.000,1687000.000,49.932
663000.000,1687000.000,52.069
664000.000,1687000.000,50.232
665000.000,1687000.000,46.381
666000.000,1687000.000,41.902
667000.000,1687000.000,35.292
668000.000,1687000.000,27.340
669000.000,1687000.000,17.414
670000.000,1687000.000,0.047
671000.000,1687000.000,-15.486
672000.000,1687000.000,-20.221
673000.000,1687000.000,-23.766
674000.000,1687000.000,-26.462
675000.000,1687000.000,-28.286
676000.000,1687000.000,-33.832
677000.000,1687000.000,-45.143
678000.000,1687000.000,-58.659
679000.000,1687000.000,-71.311
680000.000,1687000.000,-84.078
681000.000,1687000.000,-110.987
682000.000,1687000.000,-147.409
683000.000,1687000.000,-149.285
684000.000,1687000.000,-126.265
685000.000,1687000.000,-98.795
686000.000,1687000.000,-77.262
687000.000,1687000.000,-62.613
688000.000,1687000.000,-51.930
689000.000,1687000.000,-49.081
690000.000,1687000.000,-52.881
691000.000,1687000.000,-52.669
692000.000,1687000.000,-49.835
693000.000,1687000.000,-47.444
694000.000,1687000.000,-46.057
695000.000,1687000.000,-49.869
696000.000,1687000.000,-54.451
697000.000,1687000.000,-56.940
698000.000,1687000.000,-58.548
699000.000,1687000.000,-61.360
700000.000,1687000.000,-60.216
701000.000,1687000.000,-57.432
702000.000,1687000.000,-55.156
703000.000,1687000.000,-50.431
704000.000,1687000.000,-44.618
705000.000,1687000.000,-40.977
706000.000,1687000.000,-38.511
707000.000,1687000.000,-34.073
708000.000,1687000.000,-27.510
709000.000,1687000.000,-19.765
710000.000,1687000.000,-17.076
711000.000,1687000.000,-5.324
641000.000,1686000.000,-40.371
642000.000,1686000.000,-42.050
643000.000,1686000.000,-66.491
644000.000,1686000.000,-116.689
645000.000,1686000.000,-143.619
646000.000,1686000.000,-404.992
647000.000,1686000.000,-680.278
648000.000,1686000.000,-662.363
649000.000,1686000.000,-584.581
650000.000,1686000.000,-488.574
651000.000,1686000.000,-366.591
652000.000,1686000.000,-270.736
653000.000,1686000.000,-219.856
654000.000,1686000.000,-178.627
655000.000,1686000.000,-121.728
656000.000,1686000.000,-62.349
657000.000,1686000.000,-15.340
658000.000,1686000.000,12.679
659000.000,1686000.000,26.971
660000.000,1686000.000,35.989
661000.000,1686000.000,44.020
662000.000,1686000.000,51.045
663000.000,1686000.000,54.475
664000.000,1686000.000,53.544
665000.000,1686000.000,49.351
666000.000,1686000.000,43.656
667000.000,1686000.000,37.254
668000.000,1686000.000,29.032
669000.000,1686000.000,17.502
670000.000,1686000.000,2.493
671000.000,1686000.000,-7.370
672000.000,1686000.000,-9.375
673000.000,1686000.000,-14.836
674000.000,1686000.000,-21.440
675000.000,1686000.000,-28.937
676000.000,1686000.000,-36.803
677000.000,1686000.000,-51.187
678000.000,1686000.000,-73.262
679000.000,1686000.000,-90.672
680000.000,1686000.000,-109.038
681000.000,1686000.000,-122.152
682000.000,1686000.000,-131.378
683000.000,1686000.000,-172.730
684000.000,1686000.000,-178.156
685000.000,1686000.000,-151.468
686000.000,1686000.000,-122.113
687000.000,1686000.000,-99.470
688000.000,1686000.000,-85.039
689000.000,1686000.000,-77.242
690000.000,1686000.000,-77.102
691000.000,1686000.000,-80.503
692000.000,1686000.000,-73.666
693000.000,1686000.000,-59.609
694000.000,1686000.000,-56.953
695000.000,1686000.000,-61.022
696000.000,1686000.000,-63.291
697000.000,1686000.000,-68.888
698000.000,1686000.000,-75.320
699000.000,1686000.000,-77.027
700000.000,1686000.000,-74.522
701000.000,1686000.000,-72.577
702000.000,1686000.000,-70.296
703000.000,1686000.000,-64.993
704000.000,1686000.000,-57.818
705000.000,1686000.000,-48.209
706000.000,1686000.000,-38.676
707000.000,1686000.000,-32.507
708000.000,1686000.000,-29.469
709000.000,1686000.000,-24.965
710000.000,1686000.000,-10.235
711000.000,1686000.000,18.277
641000.000,1685000.000,-60.983
642000.000,1685000.000,-80.098
643000.000,1685000.000,-97.917
644000.000,1685000.000,-83.294
645000.000,1685000.000,-18.416
646000.000,1685000.000,-83.320
647000.000,1685000.000,-360.806
648000.000,1685000.000,-499.258
649000.000,1685000.000,-371.634
650000.000,1685000.000,-306.006
651000.000,1685000.000,-365.307
652000.000,1685000.000,-383.743
653000.000,1685000.000,-377.721
654000.000,1685000.000,-332.685
655000.000,1685000.000,-220.019
656000.000,1685000.000,-115.054
657000.000,1685000.000,-44.235
658000.000,1685000.000,-4.571
659000.000,1685000.000,14.064
660000.000,1685000.000,22.127
661000.000,1685000.000,25.944
662000.000,1685000.000,26.588
663000.000,1685000.000,24.082
664000.000,1685000.000,21.799
665000.000,1685000.000,22.055
666000.000,1685000.000,23.891
667000.000,1685000.000,23.121
668000.000,1685000.000,18.021
669000.000,1685000.000,11.585
670000.000,1685000.000,6.378
671000.000,1685000.000,4.197
672000.000,1685000.000,-0.720
673000.000,1685000.000,-9.077
674000.000,1685000.000,-20.286
675000.000,1685000.000,-31.810
676000.000,1685000.000,-41.593
677000.000,1685000.000,-58.147
678000.000,1685000.000,-89.554
679000.000,1685000.000,-123.505
680000.000,1685000.000,-157.150
681000.000,1685000.000,-188.170
682000.000,1685000.000,-190.831
683000.000,1685000.000,-189.219
684000.000,1685000.000,-204.161
685000.000,1685000.000,-189.543
686000.000,1685000.000,-165.586
687000.000,1685000.000,-133.844
688000.000,1685000.000,-105.773
689000.000,1685000.000,-88.641
690000.000,1685000.000,-75.754
691000.000,1685000.000,-75.135
692000.000,1685000.000,-81.337
693000.000,1685000.000,-77.702
694000.000,1685000.000,-71.917
695000.000,1685000.000,-63.132
696000.000,1685000.000,-53.279
697000.000,1685000.000,-52.483
698000.000,1685000.000,-58.430
699000.000,1685000.000,-62.709
700000.000,1685000.000,-72.431
701000.000,1685000.000,-80.081
702000.000,1685000.000,-78.977
703000.000,1685000.000,-71.280
704000.000,1685000.000,-60.247
705000.000,1685000.000,-50.452
706000.000,1685000.000,-39.941
707000.000,1685000.000,-30.991
708000.000,1685000.000,-23.503
709000.000,1685000.000,-15.495
710000.000,1685000.000,-1.447
711000.000,1685000.000,17.352
641000.000,1684000.000,-72.417
642000.000,1684000.000,-91.067
643000.000,1684000.000,-99.480
644000.000,1684000.000,-79.379
645000.000,1684000.000,-10.068
646000.000,1684000.000,133.869
647000.000,1684000.000,299.483
648000.000,1684000.000,115.105
649000.000,1684000.000,-112.182
650000.000,1684000.000,45.603
651000.000,1684000.000,33.108
652000.000,1684000.000,-203.213
653000.000,1684000.000,-382.198
654000.000,1684000.000,-349.606
655000.000,1684000.000,-256.186
656000.000,1684000.000,-152.129
657000.000,1684000.000,-81.013
658000.000,1684000.000,-41.054
659000.000,1684000.000,-29.991
660000.000,1684000.000,-26.252
661000.000,1684000.000,-24.334
662000.000,1684000.000,-29.184
663000.000,1684000.000,-36.436
664000.000,1684000.000,-36.892
665000.000,1684000.000,-34.409
666000.000,1684000.000,-33.165
667000.000,1684000.000,-36.091
668000.000,1684000.000,-33.215
669000.000,1684000.000,-24.119
670000.000,1684000.000,-15.333
671000.000,1684000.000,-8.144
672000.000,1684000.000,-7.769
673000.000,1684000.000,-13.676
674000.000,1684000.000,-22.652
675000.000,1684000.000,-33.504
676000.000,1684000.000,-49.510
677000.000,1684000.000,-71.398
678000.000,1684000.000,-105.713
679000.000,1684000.000,-161.092
680000.000,1684000.000,-244.672
681000.000,1684000.000,-355.398
682000.000,1684000.000,-378.353
683000.000,1684000.000,-313.271
684000.000,1684000.000,-250.470
685000.000,1684000.000,-224.321
686000.000,1684000.000,-196.916
687000.000,1684000.000,-166.220
688000.000,1684000.000,-130.950
689000.000,1684000.000,-97.044
690000.000,1684000.000,-68.781
691000.000,1684000.000,-49.521
692000.000,1684000.000,-57.484
693000.000,1684000.000,-78.229
694000.000,1684000.000,-83.749
695000.000,1684000.000,-74.279
696000.000,1684000.000,-61.090
697000.000,1684000.000,-50.051
698000.000,1684000.000,-43.243
699000.000,1684000.000,-46.030
700000.000,1684000.000,-54.080
701000.000,1684000.000,-56.416
702000.000,1684000.000,-56.787
703000.000,1684000.000,-53.489
704000.000,1684000.000,-43.802
705000.000,1684000.000,-35.084
706000.000,1684000.000,-30.545
707000.000,1684000.000,-25.227
708000.000,1684000.000,-17.486
709000.000,1684000.000,-8.203
710000.000,1684000.000,2.829
711000.000,1684000.000,16.152
641000.000,1683000.000,-66.675
642000.000,1683000.000,-83.919
643000.000,1683000.000,-91.892
644000.000,1683000.000,-72.605
645000.000,1683000.000,-2.712
646000.000,1683000.000,162.592
647000.000,1683000.000,500.804
648000.000,1683000.000,789.039
649000.000,1683000.000,405.896
650000.000,1683000.000,92.074
651000.000,1683000.000,43.863
652000.000,1683000.000,19.501
653000.000,1683000.000,34.564
654000.000,1683000.000,-63.433
655000.000,1683000.000,-156.570
656000.000,1683000.000,-163.989
657000.000,1683000.000,-148.299
658000.000,1683000.000,-140.116
659000.000,1683000.000,-140.333
660000.000,1683000.000,-116.755
661000.000,1683000.000,-99.772
662000.000,1683000.000,-98.945
663000.000,1683000.000,-104.190
664000.000,1683000.000,-104.705
665000.000,1683000.000,-100.860
666000.000,1683000.000,-94.446
667000.000,1683000.000,-84.586
668000.000,1683000.000,-85.892
669000.000,1683000.000,-81.210
670000.000,1683000.000,-67.351
671000.000,1683000.000,-52.432
672000.000,1683000.000,-43.180
673000.000,1683000.000,-39.714
674000.000,1683000.000,-43.083
675000.000,1683000.000,-52.994
676000.000,1683000.000,-67.597
677000.000,1683000.000,-89.870
678000.000,1683000.000,-123.256
679000.000,1683000.000,-183.988
680000.000,1683000.000,-286.175
681000.000,1683000.000,-408.740
682000.000,1683000.000,-548.350
683000.000,1683000.000,-484.134
684000.000,1683000.000,-366.004
685000.000,1683000.000,-272.333
686000.000,1683000.000,-213.635
687000.000,1683000.000,-181.012
688000.000,1683000.000,-142.786
689000.000,1683000.000,-112.315
690000.000,1683000.000,-82.985
691000.000,1683000.000,-56.806
692000.000,1683000.000,-41.675
693000.000,1683000.000,-50.000
694000.000,1683000.000,-64.934
695000.000,1683000.000,-65.432
696000.000,1683000.000,-64.901
697000.000,1683000.000,-62.580
698000.000,1683000.000,-51.890
699000.000,1683000.000,-38.339
700000.000,1683000.000,-29.487
701000.000,1683000.000,-22.985
702000.000,1683000.000,-20.716
703000.000,1683000.000,-19.400
704000.000,1683000.000,-19.253
705000.000,1683000.000,-16.654
706000.000,1683000.000,-14.012
707000.000,1683000.000,-8.709
708000.000,1683000.000,-1.736
709000.000,1683000.000,2.231
710000.000,1683000.000,5.171
711000.000,1683000.000,11.046
641000.000,1682000.000,-61.212
642000.000,1682000.000,-62.904
643000.000,1682000.000,-64.321
644000.000,1682000.000,-49.524
645000.000,1682000.000,-2.309
646000.000,1682000.000,117.750
647000.000,1682000.000,358.361
648000.000,1682000.000,625.640
649000.000,1682000.000,495.712
650000.000,1682000.000,24.799
651000.000,1682000.000,-149.805
652000.000,1682000.000,-44.700
653000.000,1682000.000,154.243
654000.000,1682000.000,211.940
655000.000,1682000.000,-16.154
656000.000,1682000.000,-174.108
657000.000,1682000.000,-231.077
658000.000,1682000.000,-250.402
659000.000,1682000.000,-219.136
660000.000,1682000.000,-206.611
661000.000,1682000.000,-191.949
662000.000,1682000.000,-187.273
663000.000,1682000.000,-188.213
664000.000,1682000.000,-183.052
665000.000,1682000.000,-170.175
666000.000,1682000.000,-162.138
667000.000,1682000.000,-152.634
668000.000,1682000.000,-143.961
669000.000,1682000.000,-134.413
670000.000,1682000.000,-122.734
671000.000,1682000.000,-115.302
672000.000,1682000.000,-106.079
673000.000,1682000.000,-88.835
674000.000,1682000.000,-76.236
675000.000,1682000.000,-78.837
676000.000,1682000.000,-89.520
677000.000,1682000.000,-101.390
678000.000,1682000.000,-116.822
679000.000,1682000.000,-157.998
680000.000,1682000.000,-199.790
681000.000,1682000.000,-81.363
682000.000,1682000.000,-137.651
683000.000,1682000.000,-488.808
684000.000,1682000.000,-465.662
685000.000,1682000.000,-351.238
686000.000,1682000.000,-250.052
687000.000,1682000.000,-186.844
688000.000,1682000.000,-154.617
689000.000,1682000.000,-134.243
690000.000,1682000.000,-107.332
691000.000,1682000.000,-79.595
692000.000,1682000.000,-53.795
693000.000,1682000.000,-34.091
694000.000,1682000.000,-31.556
695000.000,1682000.000,-43.135
696000.000,1682000.000,-53.023
697000.000,1682000.000,-55.181
698000.000,1682000.000,-51.465
699000.000,1682000.000,-46.039
700000.000,1682000.000,-38.284
701000.000,1682000.000,-28.365
702000.000,1682000.000,-18.642
703000.000,1682000.000,-15.905
704000.000,1682000.000,-18.417
705000.000,1682000.000,-22.610
706000.000,1682000.000,-24.059
707000.000,1682000.000,-19.901
708000.000,1682000.000,-11.673
709000.000,1682000.000,-7.720
710000.000,1682000.000,-7.430
711000.000,1682000.000,-3.703
641000.000,1681000.000,-57.266
642000.000,1681000.000,-51.243
643000.000,1681000.000,-45.774
644000.000,1681000.000,-34.519
645000.000,1681000.000,2.538
646000.000,1681000.000,79.704
647000.000,1681000.000,197.119
648000.000,1681000.000,316.320
649000.000,1681000.000,316.507
650000.000,1681000.000,67.377
651000.000,1681000.000,-248.708
652000.000,1681000.000,-268.843
653000.000,1681000.000,-73.005
654000.000,1681000.000,38.244
655000.000,1681000.000,-80.161
656000.000,1681000.000,-224.977
657000.000,1681000.000,-310.462
658000.000,1681000.000,-330.238
659000.000,1681000.000,-291.273
660000.000,1681000.000,-276.713
661000.000,1681000.000,-269.691
662000.000,1681000.000,-269.887
663000.000,1681000.000,-279.630
664000.000,1681000.000,-274.077
665000.000,1681000.000,-242.279
666000.000,1681000.000,-224.857
667000.000,1681000.000,-192.020
668000.000,1681000.000,-173.429
669000.000,1681000.000,-166.771
670000.000,1681000.000,-160.896
671000.000,1681000.000,-168.404
672000.000,1681000.000,-164.304
673000.000,1681000.000,-149.285
674000.000,1681000.000,-134.903
675000.000,1681000.000,-112.054
676000.000,1681000.000,-107.645
677000.000,1681000.000,-119.203
678000.000,1681000.000,-130.949
679000.000,1681000.000,-128.530
680000.000,1681000.000,-65.020
681000.000,1681000.000,176.979
682000.000,1681000.000,453.685
683000.000,1681000.000,-112.698
684000.000,1681000.000,-441.472
685000.000,1681000.000,-413.412
686000.000,1681000.000,-317.831
687000.000,1681000.000,-240.067
688000.000,1681000.000,-200.265
689000.000,1681000.000,-173.168
690000.000,1681000.000,-142.367
691000.000,1681000.000,-111.746
692000.000,1681000.000,-81.341
693000.000,1681000.000,-53.382
694000.000,1681000.000,-36.650
695000.000,1681000.000,-37.905
696000.000,1681000.000,-42.224
697000.000,1681000.000,-39.927
698000.000,1681000.000,-40.897
699000.000,1681000.000,-48.266
700000.000,1681000.000,-51.601
701000.000,1681000.000,-49.824
702000.000,1681000.000,-44.649
703000.000,1681000.000,-37.307
704000.000,1681000.000,-30.277
705000.000,1681000.000,-26.185
706000.000,1681000.000,-25.154
707000.000,1681000.000,-23.015
708000.000,1681000.000,-21.440
709000.000,1681000.000,-26.340
710000.000,1681000.000,-29.365
711000.000,1681000.000,-29.009
641000.000,1680000.000,-55.071
642000.000,1680000.000,-49.978
643000.000,1680000.000,-38.566
644000.000,1680000.000,-21.948
645000.000,1680000.000,3.146
646000.000,1680000.000,39.510
647000.000,1680000.000,90.638
648000.000,1680000.000,148.931
649000.000,1680000.000,191.822
650000.000,1680000.000,211.044
651000.000,1680000.000,118.634
652000.000,1680000.000,-179.621
653000.000,1680000.000,-278.712
654000.000,1680000.000,-234.634
655000.000,1680000.000,-252.635
656000.000,1680000.000,-320.042
657000.000,1680000.000,-388.787
658000.000,1680000.000,-412.532
659000.000,1680000.000,-376.053
660000.000,1680000.000,-328.634
661000.000,1680000.000,-320.985
662000.000,1680000.000,-332.282
663000.000,1680000.000,-304.609
664000.000,1680000.000,-270.940
665000.000,1680000.000,-268.676
666000.000,1680000.000,-208.410
667000.000,1680000.000,-116.800
668000.000,1680000.000,-62.788
669000.000,1680000.000,-51.521
670000.000,1680000.000,-44.814
671000.000,1680000.000,-5.650
672000.000,1680000.000,4.647
673000.000,1680000.000,-53.167
674000.000,1680000.000,-90.845
675000.000,1680000.000,-116.570
676000.000,1680000.000,-132.010
677000.000,1680000.000,-148.011
678000.000,1680000.000,-148.498
679000.000,1680000.000,-118.784
680000.000,1680000.000,-38.429
681000.000,1680000.000,164.577
682000.000,1680000.000,477.741
683000.000,1680000.000,376.781
684000.000,1680000.000,-173.503
685000.000,1680000.000,-372.319
686000.000,1680000.000,-354.227
687000.000,1680000.000,-308.528
688000.000,1680000.000,-268.186
689000.000,1680000.000,-228.204
690000.000,1680000.000,-187.507
691000.000,1680000.000,-148.368
692000.000,1680000.000,-113.984
693000.000,1680000.000,-87.660
694000.000,1680000.000,-73.156
695000.000,1680000.000,-64.942
696000.000,1680000.000,-54.055
697000.000,1680000.000,-47.415
698000.000,1680000.000,-45.375
699000.000,1680000.000,-41.460
700000.000,1680000.000,-38.111
701000.000,1680000.000,-46.630
702000.000,1680000.000,-52.001
703000.000,1680000.000,-46.937
704000.000,1680000.000,-42.914
705000.000,1680000.000,-33.306
706000.000,1680000.000,-24.953
707000.000,1680000.000,-23.308
708000.000,1680000.000,-26.607
709000.000,1680000.000,-33.178
710000.000,1680000.000,-38.754
711000.000,1680000.000,-40.170
641000.000,1679000.000,-41.563
642000.000,1679000.000,-37.442
643000.000,1679000.000,-29.457
644000.000,1679000.000,-17.988
645000.000,1679000.000,-4.614
646000.000,1679000.000,10.123
647000.000,1679000.000,26.005
648000.000,1679000.000,54.552
649000.000,1679000.000,109.298
650000.000,1679000.000,213.976
651000.000,1679000.000,390.777
652000.000,1679000.000,420.488
653000.000,1679000.000,-84.877
654000.000,1679000.000,-392.259
655000.000,1679000.000,-430.769
656000.000,1679000.000,-410.568
657000.000,1679000.000,-406.321
658000.000,1679000.000,-375.234
659000.000,1679000.000,-383.169
660000.000,1679000.000,-394.341
661000.000,1679000.000,-411.405
662000.000,1679000.000,-425.107
663000.000,1679000.000,-398.386
664000.000,1679000.000,-353.444
665000.000,1679000.000,-310.250
666000.000,1679000.000,-229.644
667000.000,1679000.000,-150.030
668000.000,1679000.000,-72.890
669000.000,1679000.000,2.249
670000.000,1679000.000,30.231
671000.000,1679000.000,52.468
672000.000,1679000.000,47.193
673000.000,1679000.000,23.594
674000.000,1679000.000,-21.172
675000.000,1679000.000,-84.664
676000.000,1679000.000,-116.998
677000.000,1679000.000,-117.645
678000.000,1679000.000,-105.639
679000.000,1679000.000,-94.032
680000.000,1679000.000,-35.059
681000.000,1679000.000,90.581
682000.000,1679000.000,285.211
683000.000,1679000.000,509.999
684000.000,1679000.000,427.343
685000.000,1679000.000,-110.268
686000.000,1679000.000,-341.326
687000.000,1679000.000,-402.332
688000.000,1679000.000,-382.856
689000.000,1679000.000,-325.063
690000.000,1679000.000,-258.663
691000.000,1679000.000,-198.653
692000.000,1679000.000,-151.050
693000.000,1679000.000,-114.159
694000.000,1679000.000,-88.774
695000.000,1679000.000,-71.502
696000.000,1679000.000,-61.302
697000.000,1679000.000,-58.543
698000.000,1679000.000,-54.771
699000.000,1679000.000,-42.955
700000.000,1679000.000,-37.188
701000.000,1679000.000,-36.236
702000.000,1679000.000,-39.067
703000.000,1679000.000,-39.536
704000.000,1679000.000,-37.917
705000.000,1679000.000,-38.217
706000.000,1679000.000,-32.143
707000.000,1679000.000,-32.380
708000.000,1679000.000,-35.382
709000.000,1679000.000,-34.323
710000.000,1679000.000,-37.931
711000.000,1679000.000,-41.332
641000.000,1678000.000,-42.485
642000.000,1678000.000,-33.620
643000.000,1678000.000,-27.633
644000.000,1678000.000,-19.462
645000.000,1678000.000,-10.301
646000.000,1678000.000,-1.665
647000.000,1678000.000,0.695
648000.000,1678000.000,2.741
649000.000,1678000.000,50.918
650000.000,1678000.000,157.500
651000.000,1678000.000,340.539
652000.000,1678000.000,482.337
653000.000,1678000.000,258.594
654000.000,1678000.000,-219.921
655000.000,1678000.000,-456.604
656000.000,1678000.000,-433.698
657000.000,1678000.000,-382.272
658000.000,1678000.000,-334.505
659000.000,1678000.000,-355.821
660000.000,1678000.000,-433.722
661000.000,1678000.000,-539.072
662000.000,1678000.000,-614.874
663000.000,1678000.000,-614.875
664000.000,1678000.000,-538.106
665000.000,1678000.000,-414.975
666000.000,1678000.000,-300.196
667000.000,1678000.000,-215.517
668000.000,1678000.000,-145.684
669000.000,1678000.000,-95.249
670000.000,1678000.000,-68.527
671000.000,1678000.000,-47.012
672000.000,1678000.000,-31.785
673000.000,1678000.000,-27.015
674000.000,1678000.000,-37.574
675000.000,1678000.000,-60.167
676000.000,1678000.000,-78.202
677000.000,1678000.000,-66.531
678000.000,1678000.000,-51.786
679000.000,1678000.000,-36.028
680000.000,1678000.000,5.107
681000.000,1678000.000,85.894
682000.000,1678000.000,226.350
683000.000,1678000.000,502.999
684000.000,1678000.000,807.849
685000.000,1678000.000,317.679
686000.000,1678000.000,-299.398
687000.000,1678000.000,-553.116
688000.000,1678000.000,-570.408
689000.000,1678000.000,-481.003
690000.000,1678000.000,-362.280
691000.000,1678000.000,-254.774
692000.000,1678000.000,-183.580
693000.000,1678000.000,-137.071
694000.000,1678000.000,-103.663
695000.000,1678000.000,-77.432
696000.000,1678000.000,-64.130
697000.000,1678000.000,-63.903
698000.000,1678000.000,-55.204
699000.000,1678000.000,-40.329
700000.000,1678000.000,-31.315
701000.000,1678000.000,-25.400
702000.000,1678000.000,-27.522
703000.000,1678000.000,-38.048
704000.000,1678000.000,-41.161
705000.000,1678000.000,-39.166
706000.000,1678000.000,-43.692
707000.000,1678000.000,-42.438
708000.000,1678000.000,-41.443
709000.000,1678000.000,-37.514
710000.000,1678000.000,-33.885
711000.000,1678000.000,-38.333
641000.000,1677000.000,-61.152
642000.000,1677000.000,-51.533
643000.000,1677000.000,-43.765
644000.000,1677000.000,-35.805
645000.000,1677000.000,-26.591
646000.000,1677000.000,-13.944
647000.000,1677000.000,-4.067
648000.000,1677000.000,10.835
649000.000,1677000.000,38.742
650000.000,1677000.000,102.656
651000.000,1677000.000,217.359
652000.000,1677000.000,357.611
653000.000,1677000.000,487.178
654000.000,1677000.000,327.862
655000.000,1677000.000,-155.987
656000.000,1677000.000,-324.171
657000.000,1677000.000,-263.447
658000.000,1677000.000,-204.998
659000.000,1677000.000,-231.167
660000.000,1677000.000,-349.276
661000.000,1677000.000,-476.706
662000.000,1677000.000,-580.221
663000.000,1677000.000,-599.925
664000.000,1677000.000,-560.874
665000.000,1677000.000,-446.156
666000.000,1677000.000,-328.813
667000.000,1677000.000,-256.081
668000.000,1677000.000,-211.741
669000.000,1677000.000,-172.867
670000.000,1677000.000,-140.393
671000.000,1677000.000,-112.113
672000.000,1677000.000,-87.500
673000.000,1677000.000,-71.465
674000.000,1677000.000,-52.261
675000.000,1677000.000,-38.368
676000.000,1677000.000,-38.341
677000.000,1677000.000,-45.414
678000.000,1677000.000,-27.841
679000.000,1677000.000,-4.962
680000.000,1677000.000,29.375
681000.000,1677000.000,91.979
682000.000,1677000.000,195.882
683000.000,1677000.000,367.777
684000.000,1677000.000,552.024
685000.000,1677000.000,474.226
686000.000,1677000.000,181.929
687000.000,1677000.000,-319.225
688000.000,1677000.000,-588.521
689000.000,1677000.000,-545.227
690000.000,1677000.000,-421.792
691000.000,1677000.000,-297.177
692000.000,1677000.000,-209.570
693000.000,1677000.000,-157.118
694000.000,1677000.000,-126.911
695000.000,1677000.000,-104.771
696000.000,1677000.000,-91.228
697000.000,1677000.000,-79.599
698000.000,1677000.000,-65.829
699000.000,1677000.000,-54.784
700000.000,1677000.000,-44.944
701000.000,1677000.000,-40.627
702000.000,1677000.000,-42.931
703000.000,1677000.000,-50.612
704000.000,1677000.000,-63.822
705000.000,1677000.000,-77.606
706000.000,1677000.000,-80.450
707000.000,1677000.000,-71.769
708000.000,1677000.000,-58.527
709000.000,1677000.000,-46.613
710000.000,1677000.000,-37.003
711000.000,1677000.000,-32.523
641000.000,1676000.000,-81.596
642000.000,1676000.000,-72.252
643000.000,1676000.000,-59.888
644000.000,1676000.000,-50.550
645000.000,1676000.000,-45.350
646000.000,1676000.000,-33.943
647000.000,1676000.000,-15.198
648000.000,1676000.000,9.225
649000.000,1676000.000,33.125
650000.000,1676000.000,71.272
651000.000,1676000.000,145.654
652000.000,1676000.000,268.385
653000.000,1676000.000,468.155
654000.000,1676000.000,618.937
655000.000,1676000.000,300.233
656000.000,1676000.000,-119.185
657000.000,1676000.000,-190.908
658000.000,1676000.000,-120.034
659000.000,1676000.000,-120.921
660000.000,1676000.000,-144.926
661000.000,1676000.000,-38.562
662000.000,1676000.000,85.529
663000.000,1676000.000,154.296
664000.000,1676000.000,59.387
665000.000,1676000.000,-144.867
666000.000,1676000.000,-243.169
667000.000,1676000.000,-266.835
668000.000,1676000.000,-256.565
669000.000,1676000.000,-240.499
670000.000,1676000.000,-223.745
671000.000,1676000.000,-182.599
672000.000,1676000.000,-144.620
673000.000,1676000.000,-105.764
674000.000,1676000.000,-56.046
675000.000,1676000.000,-32.775
676000.000,1676000.000,-47.815
677000.000,1676000.000,-63.341
678000.000,1676000.000,-56.132
679000.000,1676000.000,-38.951
680000.000,1676000.000,-12.803
681000.000,1676000.000,30.675
682000.000,1676000.000,101.378
683000.000,1676000.000,201.099
684000.000,1676000.000,299.843
685000.000,1676000.000,363.848
686000.000,1676000.000,362.922
687000.000,1676000.000,279.640
688000.000,1676000.000,9.905
689000.000,1676000.000,-320.327
690000.000,1676000.000,-325.916
691000.000,1676000.000,-289.080
692000.000,1676000.000,-236.417
693000.000,1676000.000,-191.077
694000.000,1676000.000,-161.830
695000.000,1676000.000,-145.538
696000.000,1676000.000,-126.722
697000.000,1676000.000,-108.632
698000.000,1676000.000,-97.203
699000.000,1676000.000,-85.030
700000.000,1676000.000,-76.389
701000.000,1676000.000,-71.103
702000.000,1676000.000,-70.122
703000.000,1676000.000,-72.918
704000.000,1676000.000,-81.843
705000.000,1676000.000,-99.108
706000.000,1676000.000,-116.842
707000.000,1676000.000,-115.737
708000.000,1676000.000,-96.824
709000.000,1676000.000,-73.664
710000.000,1676000.000,-55.828
711000.000,1676000.000,-46.064
641000.000,1675000.000,-89.558
642000.000,1675000.000,-85.126
643000.000,1675000.000,-75.001
644000.000,1675000.000,-65.151
645000.000,1675000.000,-54.609
646000.000,1675000.000,-42.333
647000.000,1675000.000,-28.646
648000.000,1675000.000,-11.606
649000.000,1675000.000,13.734
650000.000,1675000.000,50.649
651000.000,1675000.000,101.184
652000.000,1675000.000,187.506
653000.000,1675000.000,340.641
654000.000,1675000.000,515.839
655000.000,1675000.000,503.766
656000.000,1675000.000,143.249
657000.000,1675000.000,-200.156
658000.000,1675000.000,-228.747
659000.000,1675000.000,-141.047
660000.000,1675000.000,-35.230
661000.000,1675000.000,203.950
662000.000,1675000.000,578.066
663000.000,1675000.000,799.553
664000.000,1675000.000,690.612
665000.000,1675000.000,303.777
666000.000,1675000.000,-45.126
667000.000,1675000.000,-240.536
668000.000,1675000.000,-283.569
669000.000,1675000.000,-280.517
670000.000,1675000.000,-283.424
671000.000,1675000.000,-287.054
672000.000,1675000.000,-233.668
673000.000,1675000.000,-172.264
674000.000,1675000.000,-138.536
675000.000,1675000.000,-125.809
676000.000,1675000.000,-125.309
677000.000,1675000.000,-121.885
678000.000,1675000.000,-106.952
679000.000,1675000.000,-86.155
680000.000,1675000.000,-64.082
681000.000,1675000.000,-35.530
682000.000,1675000.000,4.218
683000.000,1675000.000,62.497
684000.000,1675000.000,136.435
685000.000,1675000.000,213.968
686000.000,1675000.000,282.841
687000.000,1675000.000,410.447
688000.000,1675000.000,379.289
689000.000,1675000.000,-23.478
690000.000,1675000.000,-210.259
691000.000,1675000.000,-258.191
692000.000,1675000.000,-263.007
693000.000,1675000.000,-243.351
694000.000,1675000.000,-221.791
695000.000,1675000.000,-198.783
696000.000,1675000.000,-176.889
697000.000,1675000.000,-156.631
698000.000,1675000.000,-135.100
699000.000,1675000.000,-116.818
700000.000,1675000.000,-102.145
701000.000,1675000.000,-90.063
702000.000,1675000.000,-81.634
703000.000,1675000.000,-75.810
704000.000,1675000.000,-69.780
705000.000,1675000.000,-73.846
706000.000,1675000.000,-92.912
707000.000,1675000.000,-108.226
708000.000,1675000.000,-110.577
709000.000,1675000.000,-95.257
710000.000,1675000.000,-78.801
711000.000,1675000.000,-70.067
641000.000,1674000.000,-82.096
642000.000,1674000.000,-79.226
643000.000,1674000.000,-74.640
644000.000,1674000.000,-66.991
645000.000,1674000.000,-57.646
646000.000,1674000.000,-48.673
647000.000,1674000.000,-39.231
648000.000,1674000.000,-25.936
649000.000,1674000.000,-4.997
650000.000,1674000.000,26.686
651000.000,1674000.000,68.051
652000.000,1674000.000,125.684
653000.000,1674000.000,219.834
654000.000,1674000.000,353.250
655000.000,1674000.000,463.135
656000.000,1674000.000,291.534
657000.000,1674000.000,-140.162
658000.000,1674000.000,-348.952
659000.000,1674000.000,-244.061
660000.000,1674000.000,-45.615
661000.000,1674000.000,194.828
662000.000,1674000.000,486.881
663000.000,1674000.000,667.097
664000.000,1674000.000,600.579
665000.000,1674000.000,403.724
666000.000,1674000.000,176.473
667000.000,1674000.000,-10.679
668000.000,1674000.000,-175.426
669000.000,1674000.000,-255.476
670000.000,1674000.000,-253.263
671000.000,1674000.000,-317.224
672000.000,1674000.000,-336.871
673000.000,1674000.000,-275.778
674000.000,1674000.000,-227.000
675000.000,1674000.000,-199.210
676000.000,1674000.000,-181.813
677000.000,1674000.000,-168.114
678000.000,1674000.000,-154.125
679000.000,1674000.000,-138.293
680000.000,1674000.000,-119.291
681000.000,1674000.000,-99.124
682000.000,1674000.000,-68.038
683000.000,1674000.000,-22.842
684000.000,1674000.000,37.328
685000.000,1674000.000,122.180
686000.000,1674000.000,242.408
687000.000,1674000.000,492.788
688000.000,1674000.000,670.366
689000.000,1674000.000,364.565
690000.000,1674000.000,-59.511
691000.000,1674000.000,-246.749
692000.000,1674000.000,-320.787
693000.000,1674000.000,-342.989
694000.000,1674000.000,-332.718
695000.000,1674000.000,-295.878
696000.000,1674000.000,-253.023
697000.000,1674000.000,-217.649
698000.000,1674000.000,-183.344
699000.000,1674000.000,-155.272
700000.000,1674000.000,-131.183
701000.000,1674000.000,-109.742
702000.000,1674000.000,-90.877
703000.000,1674000.000,-70.260
704000.000,1674000.000,-45.398
705000.000,1674000.000,-21.979
706000.000,1674000.000,-21.189
707000.000,1674000.000,-34.268
708000.000,1674000.000,-51.451
709000.000,1674000.000,-70.031
710000.000,1674000.000,-77.603
711000.000,1674000.000,-72.464
641000.000,1673000.000,-63.798
642000.000,1673000.000,-64.525
643000.000,1673000.000,-64.021
644000.000,1673000.000,-62.458
645000.000,1673000.000,-55.056
646000.000,1673000.000,-46.032
647000.000,1673000.000,-37.626
648000.000,1673000.000,-28.439
649000.000,1673000.000,-12.804
650000.000,1673000.000,9.540
651000.000,1673000.000,41.989
652000.000,1673000.000,81.880
653000.000,1673000.000,139.763
654000.000,1673000.000,224.610
655000.000,1673000.000,327.811
656000.000,1673000.000,373.782
657000.000,1673000.000,130.304
658000.000,1673000.000,-241.932
659000.000,1673000.000,-335.089
660000.000,1673000.000,-189.160
661000.000,1673000.000,24.064
662000.000,1673000.000,225.738
663000.000,1673000.000,340.381
664000.000,1673000.000,349.154
665000.000,1673000.000,290.436
666000.000,1673000.000,248.596
667000.000,1673000.000,243.173
668000.000,1673000.000,86.455
669000.000,1673000.000,-91.746
670000.000,1673000.000,-174.960
671000.000,1673000.000,-160.565
672000.000,1673000.000,-234.562
673000.000,1673000.000,-329.698
674000.000,1673000.000,-318.178
675000.000,1673000.000,-285.794
676000.000,1673000.000,-263.958
677000.000,1673000.000,-237.512
678000.000,1673000.000,-213.802
679000.000,1673000.000,-195.969
680000.000,1673000.000,-178.935
681000.000,1673000.000,-157.652
682000.000,1673000.000,-123.929
683000.000,1673000.000,-77.832
684000.000,1673000.000,-26.822
685000.000,1673000.000,55.897
686000.000,1673000.000,223.398
687000.000,1673000.000,523.917
688000.000,1673000.000,885.629
689000.000,1673000.000,749.293
690000.000,1673000.000,259.056
691000.000,1673000.000,-160.672
692000.000,1673000.000,-394.659
693000.000,1673000.000,-533.379
694000.000,1673000.000,-525.798
695000.000,1673000.000,-445.514
696000.000,1673000.000,-364.689
697000.000,1673000.000,-295.436
698000.000,1673000.000,-235.926
699000.000,1673000.000,-190.743
700000.000,1673000.000,-157.861
701000.000,1673000.000,-130.544
702000.000,1673000.000,-104.824
703000.000,1673000.000,-77.214
704000.000,1673000.000,-45.578
705000.000,1673000.000,-12.322
706000.000,1673000.000,6.935
707000.000,1673000.000,1.645
708000.000,1673000.000,-19.453
709000.000,1673000.000,-44.705
710000.000,1673000.000,-62.556
711000.000,1673000.000,-67.206
641000.000,1672000.000,-38.657
642000.000,1672000.000,-42.984
643000.000,1672000.000,-44.835
644000.000,1672000.000,-45.116
645000.000,1672000.000,-43.685
646000.000,1672000.000,-38.159
647000.000,1672000.000,-30.435
648000.000,1672000.000,-22.023
649000.000,1672000.000,-11.126
650000.000,1672000.000,4.822
651000.000,1672000.000,24.702
652000.000,1672000.000,53.430
653000.000,1672000.000,92.835
654000.000,1672000.000,142.786
655000.000,1672000.000,222.799
656000.000,1672000.000,355.122
657000.000,1672000.000,378.774
658000.000,1672000.000,27.215
659000.000,1672000.000,-356.603
660000.000,1672000.000,-364.994
661000.000,1672000.000,-200.778
662000.000,1672000.000,-17.060
663000.000,1672000.000,93.917
664000.000,1672000.000,119.661
665000.000,1672000.000,113.170
666000.000,1672000.000,143.685
667000.000,1672000.000,210.745
668000.000,1672000.000,160.695
669000.000,1672000.000,30.773
670000.000,1672000.000,-52.996
671000.000,1672000.000,-71.260
672000.000,1672000.000,-93.659
673000.000,1672000.000,-269.288
674000.000,1672000.000,-384.113
675000.000,1672000.000,-403.896
676000.000,1672000.000,-388.269
677000.000,1672000.000,-352.754
678000.000,1672000.000,-306.480
679000.000,1672000.000,-263.400
680000.000,1672000.000,-230.209
681000.000,1672000.000,-197.486
682000.000,1672000.000,-161.720
683000.000,1672000.000,-130.009
684000.000,1672000.000,-97.492
685000.000,1672000.000,-52.687
686000.000,1672000.000,39.482
687000.000,1672000.000,244.524
688000.000,1672000.000,555.321
689000.000,1672000.000,736.908
690000.000,1672000.000,534.941
691000.000,1672000.000,-15.841
692000.000,1672000.000,-473.922
693000.000,1672000.000,-771.835
694000.000,1672000.000,-754.013
695000.000,1672000.000,-633.695
696000.000,1672000.000,-518.618
697000.000,1672000.000,-401.303
698000.000,1672000.000,-303.618
699000.000,1672000.000,-239.613
700000.000,1672000.000,-194.535
701000.000,1672000.000,-157.474
702000.000,1672000.000,-123.907
703000.000,1672000.000,-93.502
704000.000,1672000.000,-62.976
705000.000,1672000.000,-33.409
706000.000,1672000.000,-12.741
707000.000,1672000.000,-9.237
708000.000,1672000.000,-19.368
709000.000,1672000.000,-35.700
710000.000,1672000.000,-48.215
711000.000,1672000.000,-54.648
641000.000,1671000.000,-24.715
642000.000,1671000.000,-22.723
643000.000,1671000.000,-20.772
644000.000,1671000.000,-22.873
645000.000,1671000.000,-27.922
646000.000,1671000.000,-26.599
647000.000,1671000.000,-21.267
648000.000,1671000.000,-14.821
649000.000,1671000.000,-7.614
650000.000,1671000.000,0.949
651000.000,1671000.000,15.464
652000.000,1671000.000,36.083
653000.000,1671000.000,61.056
654000.000,1671000.000,96.159
655000.000,1671000.000,156.332
656000.000,1671000.000,277.458
657000.000,1671000.000,408.374
658000.000,1671000.000,235.429
659000.000,1671000.000,-205.038
660000.000,1671000.000,-464.327
661000.000,1671000.000,-410.940
662000.000,1671000.000,-274.518
663000.000,1671000.000,-178.479
664000.000,1671000.000,-136.474
665000.000,1671000.000,-112.772
666000.000,1671000.000,-68.024
667000.000,1671000.000,-9.607
668000.000,1671000.000,0.764
669000.000,1671000.000,-49.069
670000.000,1671000.000,-93.120
671000.000,1671000.000,-129.792
672000.000,1671000.000,-219.678
673000.000,1671000.000,-318.854
674000.000,1671000.000,-445.253
675000.000,1671000.000,-560.156
676000.000,1671000.000,-589.781
677000.000,1671000.000,-518.101
678000.000,1671000.000,-415.976
679000.000,1671000.000,-326.775
680000.000,1671000.000,-260.500
681000.000,1671000.000,-213.121
682000.000,1671000.000,-180.772
683000.000,1671000.000,-157.733
684000.000,1671000.000,-142.705
685000.000,1671000.000,-130.401
686000.000,1671000.000,-68.119
687000.000,1671000.000,67.891
688000.000,1671000.000,242.075
689000.000,1671000.000,402.269
690000.000,1671000.000,420.189
691000.000,1671000.000,214.065
692000.000,1671000.000,102.506
693000.000,1671000.000,50.091
694000.000,1671000.000,-486.215
695000.000,1671000.000,-735.936
696000.000,1671000.000,-691.500
697000.000,1671000.000,-533.265
698000.000,1671000.000,-393.074
699000.000,1671000.000,-305.329
700000.000,1671000.000,-244.273
701000.000,1671000.000,-197.809
702000.000,1671000.000,-158.263
703000.000,1671000.000,-122.552
704000.000,1671000.000,-95.133
705000.000,1671000.000,-74.653
706000.000,1671000.000,-61.833
707000.000,1671000.000,-54.718
708000.000,1671000.000,-54.713
709000.000,1671000.000,-60.836
710000.000,1671000.000,-67.364
711000.000,1671000.000,-70.619
641000.000,1670000.000,-11.097
642000.000,1670000.000,-7.187
643000.000,1670000.000,-6.572
644000.000,1670000.000,-9.702
645000.000,1670000.000,-10.853
646000.000,1670000.000,-11.186
647000.000,1670000.000,-10.771
648000.000,1670000.000,-8.647
649000.000,1670000.000,-4.427
650000.000,1670000.000,2.261
651000.000,1670000.000,12.325
652000.000,1670000.000,27.309
653000.000,1670000.000,47.053
654000.000,1670000.000,72.848
655000.000,1670000.000,117.837
656000.000,1670000.000,210.323
657000.000,1670000.000,363.042
658000.000,1670000.000,423.179
659000.000,1670000.000,146.002
660000.000,1670000.000,-349.520
661000.000,1670000.000,-543.109
662000.000,1670000.000,-548.644
663000.000,1670000.000,-506.965
664000.000,1670000.000,-448.334
665000.000,1670000.000,-385.377
666000.000,1670000.000,-323.793
667000.000,1670000.000,-274.130
668000.000,1670000.000,-248.571
669000.000,1670000.000,-245.549
670000.000,1670000.000,-263.597
671000.000,1670000.000,-318.639
672000.000,1670000.000,-402.352
673000.000,1670000.000,-475.835
674000.000,1670000.000,-564.242
675000.000,1670000.000,-723.109
676000.000,1670000.000,-781.395
677000.000,1670000.000,-665.237
678000.000,1670000.000,-507.092
679000.000,1670000.000,-376.792
680000.000,1670000.000,-284.115
681000.000,1670000.000,-222.718
682000.000,1670000.000,-189.009
683000.000,1670000.000,-172.473
684000.000,1670000.000,-159.099
685000.000,1670000.000,-133.732
686000.000,1670000.000,-45.388
687000.000,1670000.000,-42.296
688000.000,1670000.000,-288.082
689000.000,1670000.000,-203.290
690000.000,1670000.000,44.848
691000.000,1670000.000,192.600
692000.000,1670000.000,389.396
693000.000,1670000.000,550.704
694000.000,1670000.000,216.329
695000.000,1670000.000,-321.820
696000.000,1670000.000,-630.430
697000.000,1670000.000,-598.379
698000.000,1670000.000,-478.076
699000.000,1670000.000,-392.438
700000.000,1670000.000,-317.833
701000.000,1670000.000,-250.642
702000.000,1670000.000,-198.493
703000.000,1670000.000,-159.663
704000.000,1670000.000,-131.521
705000.000,1670000.000,-111.849
706000.000,1670000.000,-98.215
707000.000,1670000.000,-89.143
708000.000,1670000.000,-83.230
709000.000,1670000.000,-80.208
710000.000,1670000.000,-81.614
711000.000,1670000.000,-84.841
641000.000,1669000.000,1.441
642000.000,1669000.000,3.335
643000.000,1669000.000,3.072
644000.000,1669000.000,-0.931
645000.000,1669000.000,-4.022
646000.000,1669000.000,-2.464
647000.000,1669000.000,-0.475
648000.000,1669000.000,3.271
649000.000,1669000.000,5.917
650000.000,1669000.000,6.114
651000.000,1669000.000,10.760
652000.000,1669000.000,20.305
653000.000,1669000.000,34.714
654000.000,1669000.000,56.426
655000.000,1669000.000,95.512
656000.000,1669000.000,173.471
657000.000,1669000.000,328.515
658000.000,1669000.000,530.365
659000.000,1669000.000,517.898
660000.000,1669000.000,84.937
661000.000,1669000.000,-594.617
662000.000,1669000.000,-920.331
663000.000,1669000.000,-910.845
664000.000,1669000.000,-796.742
665000.000,1669000.000,-678.459
666000.000,1669000.000,-589.599
667000.000,1669000.000,-540.454
668000.000,1669000.000,-517.653
669000.000,1669000.000,-503.009
670000.000,1669000.000,-494.610
671000.000,1669000.000,-500.780
672000.000,1669000.000,-557.862
673000.000,1669000.000,-635.120
674000.000,1669000.000,-675.537
675000.000,1669000.000,-608.261
676000.000,1669000.000,-503.399
677000.000,1669000.000,-563.967
678000.000,1669000.000,-503.542
679000.000,1669000.000,-401.296
680000.000,1669000.000,-314.686
681000.000,1669000.000,-253.138
682000.000,1669000.000,-208.873
683000.000,1669000.000,-172.950
684000.000,1669000.000,-149.507
685000.000,1669000.000,-131.813
686000.000,1669000.000,-112.758
687000.000,1669000.000,-118.779
688000.000,1669000.000,-33.951
689000.000,1669000.000,-70.553
690000.000,1669000.000,-260.690
691000.000,1669000.000,-89.224
692000.000,1669000.000,145.663
693000.000,1669000.000,324.218
694000.000,1669000.000,442.295
695000.000,1669000.000,570.863
696000.000,1669000.000,222.338
697000.000,1669000.000,-318.415
698000.000,1669000.000,-499.496
699000.000,1669000.000,-489.594
700000.000,1669000.000,-400.303
701000.000,1669000.000,-304.194
702000.000,1669000.000,-234.952
703000.000,1669000.000,-195.973
704000.000,1669000.000,-168.952
705000.000,1669000.000,-149.052
706000.000,1669000.000,-127.928
707000.000,1669000.000,-109.728
708000.000,1669000.000,-98.076
709000.000,1669000.000,-88.161
710000.000,1669000.000,-77.969
711000.000,1669000.000,-67.117
641000.000,1668000.000,2.332
642000.000,1668000.000,-1.175
643000.000,1668000.000,-2.752
644000.000,1668000.000,-2.263
645000.000,1668000.000,-1.163
646000.000,1668000.000,-2.925
647000.000,1668000.000,-3.069
648000.000,1668000.000,-0.365
649000.000,1668000.000,3.480
650000.000,1668000.000,5.211
651000.000,1668000.000,3.591
652000.000,1668000.000,8.090
653000.000,1668000.000,19.022
654000.000,1668000.000,38.843
655000.000,1668000.000,75.896
656000.000,1668000.000,149.625
657000.000,1668000.000,294.483
658000.000,1668000.000,517.716
659000.000,1668000.000,635.841
660000.000,1668000.000,315.895
661000.000,1668000.000,-324.732
662000.000,1668000.000,-932.588
663000.000,1668000.000,-1185.361
664000.000,1668000.000,-1100.900
665000.000,1668000.000,-948.054
666000.000,1668000.000,-836.678
667000.000,1668000.000,-792.626
668000.000,1668000.000,-821.931
669000.000,1668000.000,-844.871
670000.000,1668000.000,-773.749
671000.000,1668000.000,-652.483
672000.000,1668000.000,-593.024
673000.000,1668000.000,-620.372
674000.000,1668000.000,-593.087
675000.000,1668000.000,-384.785
676000.000,1668000.000,-104.435
677000.000,1668000.000,-224.390
678000.000,1668000.000,-384.675
679000.000,1668000.000,-390.357
680000.000,1668000.000,-338.783
681000.000,1668000.000,-284.795
682000.000,1668000.000,-237.890
683000.000,1668000.000,-202.026
684000.000,1668000.000,-173.677
685000.000,1668000.000,-150.163
686000.000,1668000.000,-126.692
687000.000,1668000.000,-73.385
688000.000,1668000.000,81.948
689000.000,1668000.000,110.067
690000.000,1668000.000,-128.678
691000.000,1668000.000,-265.656
692000.000,1668000.000,-131.746
693000.000,1668000.000,89.788
694000.000,1668000.000,335.830
695000.000,1668000.000,670.346
696000.000,1668000.000,633.626
697000.000,1668000.000,-50.874
698000.000,1668000.000,-456.167
699000.000,1668000.000,-529.453
700000.000,1668000.000,-439.652
701000.000,1668000.000,-319.602
702000.000,1668000.000,-243.966
703000.000,1668000.000,-213.634
704000.000,1668000.000,-202.517
705000.000,1668000.000,-189.591
706000.000,1668000.000,-173.510
707000.000,1668000.000,-154.486
708000.000,1668000.000,-132.387
709000.000,1668000.000,-110.704
710000.000,1668000.000,-88.276
711000.000,1668000.000,-66.808
641000.000,1667000.000,-2.112
642000.000,1667000.000,-10.156
643000.000,1667000.000,-18.136
644000.000,1667000.000,-21.440
645000.000,1667000.000,-19.790
646000.000,1667000.000,-17.260
647000.000,1667000.000,-15.729
648000.000,1667000.000,-12.284
649000.000,1667000.000,-8.038
650000.000,1667000.000,-4.778
651000.000,1667000.000,-2.060
652000.000,1667000.000,0.347
653000.000,1667000.000,8.993
654000.000,1667000.000,26.746
655000.000,1667000.000,61.005
656000.000,1667000.000,124.745
657000.000,1667000.000,228.781
658000.000,1667000.000,379.720
659000.000,1667000.000,540.420
660000.000,1667000.000,506.737
661000.000,1667000.000,196.374
662000.000,1667000.000,-226.658
663000.000,1667000.000,-933.619
664000.000,1667000.000,-1203.243
665000.000,1667000.000,-1151.004
666000.000,1667000.000,-1047.240
667000.000,1667000.000,-962.414
668000.000,1667000.000,-922.068
669000.000,1667000.000,-935.587
670000.000,1667000.000,-875.084
671000.000,1667000.000,-694.888
672000.000,1667000.000,-541.221
673000.000,1667000.000,-447.216
674000.000,1667000.000,-294.102
675000.000,1667000.000,-103.296
676000.000,1667000.000,181.037
677000.000,1667000.000,88.370
678000.000,1667000.000,-228.004
679000.000,1667000.000,-356.385
680000.000,1667000.000,-363.742
681000.000,1667000.000,-319.272
682000.000,1667000.000,-270.813
683000.000,1667000.000,-231.034
684000.000,1667000.000,-198.323
685000.000,1667000.000,-170.271
686000.000,1667000.000,-138.747
687000.000,1667000.000,-81.744
688000.000,1667000.000,14.236
689000.000,1667000.000,145.047
690000.000,1667000.000,245.939
691000.000,1667000.000,148.722
692000.000,1667000.000,24.649
693000.000,1667000.000,46.011
694000.000,1667000.000,201.083
695000.000,1667000.000,398.363
696000.000,1667000.000,513.416
697000.000,1667000.000,345.926
698000.000,1667000.000,1.268
699000.000,1667000.000,-126.366
700000.000,1667000.000,-212.574
701000.000,1667000.000,-235.488
702000.000,1667000.000,-220.610
703000.000,1667000.000,-226.026
704000.000,1667000.000,-240.681
705000.000,1667000.000,-248.515
706000.000,1667000.000,-240.145
707000.000,1667000.000,-219.791
708000.000,1667000.000,-190.699
709000.000,1667000.000,-156.110
710000.000,1667000.000,-120.868
711000.000,1667000.000,-89.825
641000.000,1666000.000,-8.336
642000.000,1666000.000,-16.382
643000.000,1666000.000,-20.714
644000.000,1666000.000,-26.759
645000.000,1666000.000,-32.830
646000.000,1666000.000,-38.549
647000.000,1666000.000,-38.507
648000.000,1666000.000,-32.868
649000.000,1666000.000,-25.487
650000.000,1666000.000,-17.737
651000.000,1666000.000,-10.078
652000.000,1666000.000,-1.262
653000.000,1666000.000,7.464
654000.000,1666000.000,21.791
655000.000,1666000.000,48.583
656000.000,1666000.000,94.286
657000.000,1666000.000,165.874
658000.000,1666000.000,261.212
659000.000,1666000.000,379.639
660000.000,1666000.000,512.068
661000.000,1666000.000,571.605
662000.000,1666000.000,501.813
663000.000,1666000.000,54.440
664000.000,1666000.000,-996.416
665000.000,1666000.000,-1322.691
666000.000,1666000.000,-1243.822
667000.000,1666000.000,-1069.012
668000.000,1666000.000,-831.953
669000.000,1666000.000,-541.554
670000.000,1666000.000,-447.086
671000.000,1666000.000,-540.589
672000.000,1666000.000,-488.132
673000.000,1666000.000,-329.362
674000.000,1666000.000,-191.055
675000.000,1666000.000,-127.635
676000.000,1666000.000,-11.400
677000.000,1666000.000,-53.476
678000.000,1666000.000,-265.995
679000.000,1666000.000,-384.453
680000.000,1666000.000,-400.630
681000.000,1666000.000,-353.809
682000.000,1666000.000,-299.492
683000.000,1666000.000,-255.326
684000.000,1666000.000,-219.961
685000.000,1666000.000,-185.730
686000.000,1666000.000,-146.966
687000.000,1666000.000,-96.200
688000.000,1666000.000,-26.953
689000.000,1666000.000,67.574
690000.000,1666000.000,177.039
691000.000,1666000.000,258.846
692000.000,1666000.000,270.195
693000.000,1666000.000,146.221
694000.000,1666000.000,131.458
695000.000,1666000.000,251.573
696000.000,1666000.000,473.569
697000.000,1666000.000,881.862
698000.000,1666000.000,1152.915
699000.000,1666000.000,575.181
700000.000,1666000.000,195.885
701000.000,1666000.000,-58.222
702000.000,1666000.000,-202.777
703000.000,1666000.000,-257.715
704000.000,1666000.000,-308.333
705000.000,1666000.000,-347.295
706000.000,1666000.000,-349.707
707000.000,1666000.000,-332.814
708000.000,1666000.000,-295.330
709000.000,1666000.000,-238.430
710000.000,1666000.000,-181.429
711000.000,1666000.000,-137.736
641000.000,1665000.000,-24.048
642000.000,1665000.000,-30.292
643000.000,1665000.000,-33.915
644000.000,1665000.000,-36.606
645000.000,1665000.000,-40.975
646000.000,1665000.000,-50.681
647000.000,1665000.000,-60.216
648000.000,1665000.000,-60.798
649000.000,1665000.000,-53.190
650000.000,1665000.000,-39.853
651000.000,1665000.000,-22.885
652000.000,1665000.000,-7.460
653000.000,1665000.000,4.150
654000.000,1665000.000,16.906
655000.000,1665000.000,35.507
656000.000,1665000.000,65.067
657000.000,1665000.000,112.601
658000.000,1665000.000,183.527
659000.000,1665000.000,271.058
660000.000,1665000.000,418.051
661000.000,1665000.000,648.488
662000.000,1665000.000,762.261
663000.000,1665000.000,423.433
664000.000,1665000.000,-539.203
665000.000,1665000.000,-1275.565
666000.000,1665000.000,-1377.097
667000.000,1665000.000,-1221.742
668000.000,1665000.000,-964.445
669000.000,1665000.000,-643.319
670000.000,1665000.000,-511.053
671000.000,1665000.000,-631.417
672000.000,1665000.000,-624.244
673000.000,1665000.000,-456.973
674000.000,1665000.000,-292.764
675000.000,1665000.000,-277.189
676000.000,1665000.000,-331.671
677000.000,1665000.000,-422.333
678000.000,1665000.000,-482.383
679000.000,1665000.000,-480.973
680000.000,1665000.000,-451.563
681000.000,1665000.000,-396.319
682000.000,1665000.000,-330.500
683000.000,1665000.000,-274.827
684000.000,1665000.000,-229.960
685000.000,1665000.000,-190.067
686000.000,1665000.000,-152.148
687000.000,1665000.000,-113.622
688000.000,1665000.000,-65.894
689000.000,1665000.000,-10.400
690000.000,1665000.000,43.180
691000.000,1665000.000,85.344
692000.000,1665000.000,92.885
693000.000,1665000.000,64.042
694000.000,1665000.000,69.982
695000.000,1665000.000,157.156
696000.000,1665000.000,367.914
697000.000,1665000.000,803.495
698000.000,1665000.000,1339.258
699000.000,1665000.000,922.974
700000.000,1665000.000,323.313
701000.000,1665000.000,25.861
702000.000,1665000.000,-144.700
703000.000,1665000.000,-183.543
704000.000,1665000.000,-193.972
705000.000,1665000.000,-221.575
706000.000,1665000.000,-312.290
707000.000,1665000.000,-393.905
708000.000,1665000.000,-414.704
709000.000,1665000.000,-348.214
710000.000,1665000.000,-253.581
711000.000,1665000.000,-186.049
641000.000,1664000.000,-33.257
642000.000,1664000.000,-39.430
643000.000,1664000.000,-41.581
644000.000,1664000.000,-44.212
645000.000,1664000.000,-48.842
646000.000,1664000.000,-56.946
647000.000,1664000.000,-68.266
648000.000,1664000.000,-76.923
649000.000,1664000.000,-76.661
650000.000,1664000.000,-67.311
651000.000,1664000.000,-48.682
652000.000,1664000.000,-26.239
653000.000,1664000.000,-6.963
654000.000,1664000.000,8.040
655000.000,1664000.000,24.126
656000.000,1664000.000,47.386
657000.000,1664000.000,81.772
658000.000,1664000.000,128.809
659000.000,1664000.000,193.350
660000.000,1664000.000,307.889
661000.000,1664000.000,492.177
662000.000,1664000.000,669.330
663000.000,1664000.000,567.472
664000.000,1664000.000,286.499
665000.000,1664000.000,-371.814
666000.000,1664000.000,-1107.927
667000.000,1664000.000,-1400.578
668000.000,1664000.000,-1303.916
669000.000,1664000.000,-1096.644
670000.000,1664000.000,-1030.010
671000.000,1664000.000,-1108.529
672000.000,1664000.000,-1048.085
673000.000,1664000.000,-821.979
674000.000,1664000.000,-585.993
675000.000,1664000.000,-486.745
676000.000,1664000.000,-488.531
677000.000,1664000.000,-514.549
678000.000,1664000.000,-613.687
679000.000,1664000.000,-570.476
680000.000,1664000.000,-482.634
681000.000,1664000.000,-421.814
682000.000,1664000.000,-349.430
683000.000,1664000.000,-277.966
684000.000,1664000.000,-221.313
685000.000,1664000.000,-182.599
686000.000,1664000.000,-150.093
687000.000,1664000.000,-120.256
688000.000,1664000.000,-89.461
689000.000,1664000.000,-60.840
690000.000,1664000.000,-34.558
691000.000,1664000.000,-17.830
692000.000,1664000.000,-12.692
693000.000,1664000.000,-8.836
694000.000,1664000.000,14.193
695000.000,1664000.000,82.867
696000.000,1664000.000,221.053
697000.000,1664000.000,452.997
698000.000,1664000.000,674.824
699000.000,1664000.000,574.837
700000.000,1664000.000,293.939
701000.000,1664000.000,23.145
702000.000,1664000.000,-125.982
703000.000,1664000.000,-185.145
704000.000,1664000.000,-157.272
705000.000,1664000.000,-74.706
706000.000,1664000.000,-26.346
707000.000,1664000.000,-38.570
708000.000,1664000.000,-121.714
709000.000,1664000.000,-234.665
710000.000,1664000.000,-260.500
711000.000,1664000.000,-222.747
641000.000,1663000.000,-34.557
642000.000,1663000.000,-42.639
643000.000,1663000.000,-47.593
644000.000,1663000.000,-50.183
645000.000,1663000.000,-51.447
646000.000,1663000.000,-53.948
647000.000,1663000.000,-57.705
648000.000,1663000.000,-66.462
649000.000,1663000.000,-73.113
650000.000,1663000.000,-70.582
651000.000,1663000.000,-60.666
652000.000,1663000.000,-44.726
653000.000,1663000.000,-23.284
654000.000,1663000.000,-3.258
655000.000,1663000.000,15.955
656000.000,1663000.000,37.357
657000.000,1663000.000,65.411
658000.000,1663000.000,103.754
659000.000,1663000.000,147.242
660000.000,1663000.000,218.947
661000.000,1663000.000,347.967
662000.000,1663000.000,538.551
663000.000,1663000.000,700.019
664000.000,1663000.000,542.793
665000.000,1663000.000,74.901
666000.000,1663000.000,-860.118
667000.000,1663000.000,-1508.466
668000.000,1663000.000,-1511.027
669000.000,1663000.000,-1357.868
670000.000,1663000.000,-1334.254
671000.000,1663000.000,-1419.151
672000.000,1663000.000,-1442.761
673000.000,1663000.000,-1221.629
674000.000,1663000.000,-940.107
675000.000,1663000.000,-745.162
676000.000,1663000.000,-596.022
677000.000,1663000.000,-519.521
678000.000,1663000.000,-681.920
679000.000,1663000.000,-749.372
680000.000,1663000.000,-626.685
681000.000,1663000.000,-470.973
682000.000,1663000.000,-363.731
683000.000,1663000.000,-283.633
684000.000,1663000.000,-225.125
685000.000,1663000.000,-186.941
686000.000,1663000.000,-155.854
687000.000,1663000.000,-129.395
688000.000,1663000.000,-107.326
689000.000,1663000.000,-90.619
690000.000,1663000.000,-72.285
691000.000,1663000.000,-59.566
692000.000,1663000.000,-53.996
693000.000,1663000.000,-46.588
694000.000,1663000.000,-21.105
695000.000,1663000.000,27.495
696000.000,1663000.000,106.694
697000.000,1663000.000,212.769
698000.000,1663000.000,286.369
699000.000,1663000.000,251.939
700000.000,1663000.000,141.592
701000.000,1663000.000,19.544
702000.000,1663000.000,-126.677
703000.000,1663000.000,-214.559
704000.000,1663000.000,-229.696
705000.000,1663000.000,-208.456
706000.000,1663000.000,-155.059
707000.000,1663000.000,-3.154
708000.000,1663000.000,188.852
709000.000,1663000.000,166.043
710000.000,1663000.000,-38.683
711000.000,1663000.000,-146.668
641000.000,1662000.000,-35.382
642000.000,1662000.000,-44.544
643000.000,1662000.000,-51.670
644000.000,1662000.000,-55.143
645000.000,1662000.000,-54.360
646000.000,1662000.000,-49.292
647000.000,1662000.000,-43.958
648000.000,1662000.000,-44.062
649000.000,1662000.000,-49.771
650000.000,1662000.000,-53.125
651000.000,1662000.000,-52.246
652000.000,1662000.000,-46.973
653000.000,1662000.000,-34.743
654000.000,1662000.000,-11.507
655000.000,1662000.000,12.558
656000.000,1662000.000,33.947
657000.000,1662000.000,58.967
658000.000,1662000.000,92.894
659000.000,1662000.000,122.309
660000.000,1662000.000,164.388
661000.000,1662000.000,252.010
662000.000,1662000.000,396.107
663000.000,1662000.000,587.611
664000.000,1662000.000,682.629
665000.000,1662000.000,416.388
666000.000,1662000.000,-0.155
667000.000,1662000.000,-362.364
668000.000,1662000.000,-771.443
669000.000,1662000.000,-1122.412
670000.000,1662000.000,-1268.306
671000.000,1662000.000,-1286.634
672000.000,1662000.000,-1298.541
673000.000,1662000.000,-1291.234
674000.000,1662000.000,-1158.607
675000.000,1662000.000,-946.530
676000.000,1662000.000,-660.677
677000.000,1662000.000,-429.504
678000.000,1662000.000,-521.996
679000.000,1662000.000,-693.671
680000.000,1662000.000,-654.575
681000.000,1662000.000,-503.021
682000.000,1662000.000,-378.584
683000.000,1662000.000,-295.902
684000.000,1662000.000,-233.456
685000.000,1662000.000,-190.999
686000.000,1662000.000,-162.790
687000.000,1662000.000,-139.246
688000.000,1662000.000,-120.877
689000.000,1662000.000,-103.401
690000.000,1662000.000,-87.147
691000.000,1662000.000,-74.700
692000.000,1662000.000,-64.673
693000.000,1662000.000,-57.064
694000.000,1662000.000,-39.401
695000.000,1662000.000,-9.895
696000.000,1662000.000,28.645
697000.000,1662000.000,71.944
698000.000,1662000.000,97.599
699000.000,1662000.000,81.039
700000.000,1662000.000,32.376
701000.000,1662000.000,-7.488
702000.000,1662000.000,13.785
703000.000,1662000.000,208.037
704000.000,1662000.000,311.793
705000.000,1662000.000,306.684
706000.000,1662000.000,180.685
707000.000,1662000.000,-0.466
708000.000,1662000.000,-8.437
709000.000,1662000.000,67.792
710000.000,1662000.000,114.622
711000.000,1662000.000,181.249
641000.000,1661000.000,-37.263
642000.000,1661000.000,-45.560
643000.000,1661000.000,-53.657
644000.000,1661000.000,-60.375
645000.000,1661000.000,-60.784
646000.000,1661000.000,-54.106
647000.000,1661000.000,-43.033
648000.000,1661000.000,-31.819
649000.000,1661000.000,-25.062
650000.000,1661000.000,-26.788
651000.000,1661000.000,-31.574
652000.000,1661000.000,-34.644
653000.000,1661000.000,-32.086
654000.000,1661000.000,-18.912
655000.000,1661000.000,6.648
656000.000,1661000.000,35.486
657000.000,1661000.000,61.498
658000.000,1661000.000,93.028
659000.000,1661000.000,128.145
660000.000,1661000.000,157.391
661000.000,1661000.000,213.474
662000.000,1661000.000,313.567
663000.000,1661000.000,484.296
664000.000,1661000.000,845.286
665000.000,1661000.000,1373.505
666000.000,1661000.000,1505.427
667000.000,1661000.000,1056.921
668000.000,1661000.000,340.406
669000.000,1661000.000,-316.327
670000.000,1661000.000,-692.246
671000.000,1661000.000,-743.240
672000.000,1661000.000,-727.463
673000.000,1661000.000,-824.699
674000.000,1661000.000,-834.156
675000.000,1661000.000,-692.594
676000.000,1661000.000,-502.553
677000.000,1661000.000,-82.679
678000.000,1661000.000,193.838
679000.000,1661000.000,-141.168
680000.000,1661000.000,-344.360
681000.000,1661000.000,-391.307
682000.000,1661000.000,-322.067
683000.000,1661000.000,-257.875
684000.000,1661000.000,-210.829
685000.000,1661000.000,-176.541
686000.000,1661000.000,-153.918
687000.000,1661000.000,-139.702
688000.000,1661000.000,-123.887
689000.000,1661000.000,-105.248
690000.000,1661000.000,-89.433
691000.000,1661000.000,-77.820
692000.000,1661000.000,-68.025
693000.000,1661000.000,-55.899
694000.000,1661000.000,-46.634
695000.000,1661000.000,-37.477
696000.000,1661000.000,-23.330
697000.000,1661000.000,-7.705
698000.000,1661000.000,2.296
699000.000,1661000.000,-0.993
700000.000,1661000.000,-7.095
701000.000,1661000.000,28.381
702000.000,1661000.000,130.768
703000.000,1661000.000,215.603
704000.000,1661000.000,279.725
705000.000,1661000.000,354.394
706000.000,1661000.000,408.529
707000.000,1661000.000,409.206
708000.000,1661000.000,218.789
709000.000,1661000.000,17.507
710000.000,1661000.000,20.654
711000.000,1661000.000,73.176
641000.000,1660000.000,-31.977
642000.000,1660000.000,-41.855
643000.000,1660000.000,-52.365
644000.000,1660000.000,-60.585
645000.000,1660000.000,-62.272
646000.000,1660000.000,-56.427
647000.000,1660000.000,-45.748
648000.000,1660000.000,-33.739
649000.000,1660000.000,-23.459
650000.000,1660000.000,-17.121
651000.000,1660000.000,-14.356
652000.000,1660000.000,-13.612
653000.000,1660000.000,-13.158
654000.000,1660000.000,-9.345
655000.000,1660000.000,2.465
656000.000,1660000.000,28.228
657000.000,1660000.000,62.093
658000.000,1660000.000,98.598
659000.000,1660000.000,139.637
660000.000,1660000.000,184.667
661000.000,1660000.000,247.456
662000.000,1660000.000,355.636
663000.000,1660000.000,551.145
664000.000,1660000.000,901.179
665000.000,1660000.000,1300.793
666000.000,1660000.000,1321.561
667000.000,1660000.000,1038.043
668000.000,1660000.000,812.388
669000.000,1660000.000,586.258
670000.000,1660000.000,563.800
671000.000,1660000.000,706.524
672000.000,1660000.000,713.827
673000.000,1660000.000,431.254
674000.000,1660000.000,133.255
675000.000,1660000.000,143.760
676000.000,1660000.000,159.906
677000.000,1660000.000,244.793
678000.000,1660000.000,476.494
679000.000,1660000.000,346.939
680000.000,1660000.000,-17.533
681000.000,1660000.000,-226.296
682000.000,1660000.000,-234.851
683000.000,1660000.000,-198.789
684000.000,1660000.000,-168.750
685000.000,1660000.000,-151.439
686000.000,1660000.000,-136.845
687000.000,1660000.000,-124.822
688000.000,1660000.000,-113.193
689000.000,1660000.000,-99.765
690000.000,1660000.000,-87.385
691000.000,1660000.000,-77.984
692000.000,1660000.000,-71.250
693000.000,1660000.000,-62.911
694000.000,1660000.000,-56.474
695000.000,1660000.000,-53.763
696000.000,1660000.000,-48.902
697000.000,1660000.000,-43.419
698000.000,1660000.000,-39.781
699000.000,1660000.000,-37.315
700000.000,1660000.000,-26.890
701000.000,1660000.000,21.451
702000.000,1660000.000,61.437
703000.000,1660000.000,50.267
704000.000,1660000.000,85.874
705000.000,1660000.000,133.856
706000.000,1660000.000,186.519
707000.000,1660000.000,242.348
708000.000,1660000.000,232.237
709000.000,1660000.000,105.855
710000.000,1660000.000,0.965
711000.000,1660000.000,-0.098
641000.000,1659000.000,-13.868
642000.000,1659000.000,-25.206
643000.000,1659000.000,-33.401
644000.000,1659000.000,-40.839
645000.000,1659000.000,-46.041
646000.000,1659000.000,-46.101
647000.000,1659000.000,-41.069
648000.000,1659000.000,-33.935
649000.000,1659000.000,-27.942
650000.000,1659000.000,-23.364
651000.000,1659000.000,-18.371
652000.000,1659000.000,-13.756
653000.000,1659000.000,-6.233
654000.000,1659000.000,1.095
655000.000,1659000.000,9.890
656000.000,1659000.000,23.134
657000.000,1659000.000,50.060
658000.000,1659000.000,89.107
659000.000,1659000.000,136.691
660000.000,1659000.000,194.104
661000.000,1659000.000,275.379
662000.000,1659000.000,426.494
663000.000,1659000.000,682.379
664000.000,1659000.000,1045.635
665000.000,1659000.000,1369.603
666000.000,1659000.000,1582.266
667000.000,1659000.000,1691.614
668000.000,1659000.000,1696.638
669000.000,1659000.000,1490.584
670000.000,1659000.000,1259.939
671000.000,1659000.000,1234.721
672000.000,1659000.000,1244.837
673000.000,1659000.000,1127.100
674000.000,1659000.000,1036.220
675000.000,1659000.000,986.820
676000.000,1659000.000,894.006
677000.000,1659000.000,757.102
678000.000,1659000.000,716.160
679000.000,1659000.000,849.207
680000.000,1659000.000,582.098
681000.000,1659000.000,24.739
682000.000,1659000.000,-153.980
683000.000,1659000.000,-155.514
684000.000,1659000.000,-137.934
685000.000,1659000.000,-125.049
686000.000,1659000.000,-113.824
687000.000,1659000.000,-102.556
688000.000,1659000.000,-94.689
689000.000,1659000.000,-89.969
690000.000,1659000.000,-82.711
691000.000,1659000.000,-75.607
692000.000,1659000.000,-69.908
693000.000,1659000.000,-65.916
694000.000,1659000.000,-62.620
695000.000,1659000.000,-61.656
696000.000,1659000.000,-58.112
697000.000,1659000.000,-53.680
698000.000,1659000.000,-51.770
699000.000,1659000.000,-47.777
700000.000,1659000.000,-32.095
701000.000,1659000.000,13.567
702000.000,1659000.000,51.637
703000.000,1659000.000,4.695
704000.000,1659000.000,3.154
705000.000,1659000.000,23.184
706000.000,1659000.000,48.960
707000.000,1659000.000,71.584
708000.000,1659000.000,76.169
709000.000,1659000.000,52.885
710000.000,1659000.000,2.792
711000.000,1659000.000,-25.149
641000.000,1658000.000,3.439
642000.000,1658000.000,-4.365
643000.000,1658000.000,-10.447
644000.000,1658000.000,-12.457
645000.000,1658000.000,-17.589
646000.000,1658000.000,-28.395
647000.000,1658000.000,-40.576
648000.000,1658000.000,-46.764
649000.000,1658000.000,-45.991
650000.000,1658000.000,-41.658
651000.000,1658000.000,-34.040
652000.000,1658000.000,-25.073
653000.000,1658000.000,-14.922
654000.000,1658000.000,-4.350
655000.000,1658000.000,5.115
656000.000,1658000.000,18.628
657000.000,1658000.000,39.791
658000.000,1658000.000,74.010
659000.000,1658000.000,120.424
660000.000,1658000.000,180.370
661000.000,1658000.000,266.948
662000.000,1658000.000,400.614
663000.000,1658000.000,593.565
664000.000,1658000.000,847.222
665000.000,1658000.000,1150.915
666000.000,1658000.000,1514.207
667000.000,1658000.000,1857.918
668000.000,1658000.000,2078.100
669000.000,1658000.000,2199.062
670000.000,1658000.000,2236.474
671000.000,1658000.000,2157.271
672000.000,1658000.000,2002.444
673000.000,1658000.000,1887.362
674000.000,1658000.000,1661.393
675000.000,1658000.000,1285.623
676000.000,1658000.000,1047.876
677000.000,1658000.000,969.639
678000.000,1658000.000,940.437
679000.000,1658000.000,963.059
680000.000,1658000.000,826.987
681000.000,1658000.000,210.429
682000.000,1658000.000,-73.677
683000.000,1658000.000,-101.621
684000.000,1658000.000,-94.456
685000.000,1658000.000,-91.805
686000.000,1658000.000,-86.826
687000.000,1658000.000,-80.905
688000.000,1658000.000,-76.832
689000.000,1658000.000,-76.806
690000.000,1658000.000,-79.234
691000.000,1658000.000,-77.504
692000.000,1658000.000,-71.612
693000.000,1658000.000,-67.877
694000.000,1658000.000,-65.107
695000.000,1658000.000,-62.967
696000.000,1658000.000,-58.490
697000.000,1658000.000,-57.202
698000.000,1658000.000,-59.042
699000.000,1658000.000,-55.491
700000.000,1658000.000,-46.441
701000.000,1658000.000,-17.863
702000.000,1658000.000,12.970
703000.000,1658000.000,-12.072
704000.000,1658000.000,-30.763
705000.000,1658000.000,-30.530
706000.000,1658000.000,-21.806
707000.000,1658000.000,-14.010
708000.000,1658000.000,-12.533
709000.000,1658000.000,-21.203
710000.000,1658000.000,-41.261
711000.000,1658000.000,-65.447
641000.000,1657000.000,3.304
642000.000,1657000.000,-0.084
643000.000,1657000.000,-9.354
644000.000,1657000.000,-13.922
645000.000,1657000.000,-13.625
646000.000,1657000.000,-24.241
647000.000,1657000.000,-42.268
648000.000,1657000.000,-55.084
649000.000,1657000.000,-59.495
650000.000,1657000.000,-56.090
651000.000,1657000.000,-47.554
652000.000,1657000.000,-39.124
653000.000,1657000.000,-27.378
654000.000,1657000.000,-12.577
655000.000,1657000.000,2.389
656000.000,1657000.000,19.847
657000.000,1657000.000,39.811
658000.000,1657000.000,67.736
659000.000,1657000.000,107.056
660000.000,1657000.000,162.338
661000.000,1657000.000,239.453
662000.000,1657000.000,344.871
663000.000,1657000.000,482.817
664000.000,1657000.000,660.295
665000.000,1657000.000,880.734
666000.000,1657000.000,1143.894
667000.000,1657000.000,1418.901
668000.000,1657000.000,1667.973
669000.000,1657000.000,1914.388
670000.000,1657000.000,2187.666
671000.000,1657000.000,2411.932
672000.000,1657000.000,2461.848
673000.000,1657000.000,2185.123
674000.000,1657000.000,1672.141
675000.000,1657000.000,1221.513
676000.000,1657000.000,969.050
677000.000,1657000.000,889.516
678000.000,1657000.000,920.261
679000.000,1657000.000,894.569
680000.000,1657000.000,845.066
681000.000,1657000.000,522.550
682000.000,1657000.000,70.632
683000.000,1657000.000,-36.425
684000.000,1657000.000,-55.631
685000.000,1657000.000,-63.338
686000.000,1657000.000,-62.532
687000.000,1657000.000,-58.845
688000.000,1657000.000,-60.980
689000.000,1657000.000,-65.120
690000.000,1657000.000,-70.689
691000.000,1657000.000,-78.266
692000.000,1657000.000,-82.330
693000.000,1657000.000,-80.498
694000.000,1657000.000,-73.751
695000.000,1657000.000,-69.533
696000.000,1657000.000,-67.077
697000.000,1657000.000,-66.585
698000.000,1657000.000,-68.982
699000.000,1657000.000,-72.155
700000.000,1657000.000,-73.103
701000.000,1657000.000,-56.194
702000.000,1657000.000,-35.376
703000.000,1657000.000,-42.717
704000.000,1657000.000,-56.976
705000.000,1657000.000,-59.634
706000.000,1657000.000,-56.023
707000.000,1657000.000,-53.358
708000.000,1657000.000,-53.804
709000.000,1657000.000,-60.070
710000.000,1657000.000,-73.172
711000.000,1657000.000,-91.438
641000.000,1656000.000,-9.421
642000.000,1656000.000,-7.380
643000.000,1656000.000,-4.205
644000.000,1656000.000,-4.369
645000.000,1656000.000,-16.091
646000.000,1656000.000,-26.638
647000.000,1656000.000,-35.910
648000.000,1656000.000,-44.880
649000.000,1656000.000,-49.921
650000.000,1656000.000,-52.766
651000.000,1656000.000,-55.298
652000.000,1656000.000,-54.011
653000.000,1656000.000,-44.348
654000.000,1656000.000,-27.579
655000.000,1656000.000,-8.112
656000.000,1656000.000,12.718
657000.000,1656000.000,35.840
658000.000,1656000.000,61.129
659000.000,1656000.000,94.254
660000.000,1656000.000,142.987
661000.000,1656000.000,208.783
662000.000,1656000.000,292.478
663000.000,1656000.000,396.647
664000.000,1656000.000,523.930
665000.000,1656000.000,673.996
666000.000,1656000.000,846.313
667000.000,1656000.000,1031.259
668000.000,1656000.000,1219.672
669000.000,1656000.000,1418.224
670000.000,1656000.000,1629.194
671000.000,1656000.000,1816.380
672000.000,1656000.000,1891.255
673000.000,1656000.000,1718.669
674000.000,1656000.000,1358.768
675000.000,1656000.000,1033.827
676000.000,1656000.000,837.136
677000.000,1656000.000,755.006
678000.000,1656000.000,765.655
679000.000,1656000.000,853.045
680000.000,1656000.000,943.954
681000.000,1656000.000,851.116
682000.000,1656000.000,309.883
683000.000,1656000.000,56.580
684000.000,1656000.000,-10.092
685000.000,1656000.000,-24.898
686000.000,1656000.000,-33.610
687000.000,1656000.000,-43.422
688000.000,1656000.000,-50.880
689000.000,1656000.000,-58.418
690000.000,1656000.000,-67.493
691000.000,1656000.000,-79.899
692000.000,1656000.000,-85.445
693000.000,1656000.000,-81.591
694000.000,1656000.000,-76.992
695000.000,1656000.000,-73.606
696000.000,1656000.000,-74.123
697000.000,1656000.000,-74.438
698000.000,1656000.000,-78.812
699000.000,1656000.000,-85.007
700000.000,1656000.000,-84.813
701000.000,1656000.000,-75.684
702000.000,1656000.000,-65.577
703000.000,1656000.000,-64.368
704000.000,1656000.000,-67.294
705000.000,1656000.000,-71.983
706000.000,1656000.000,-74.185
707000.000,1656000.000,-73.252
708000.000,1656000.000,-75.660
709000.000,1656000.000,-83.762
710000.000,1656000.000,-94.287
711000.000,1656000.000,-115.414
641000.000,1655000.000,-14.399
642000.000,1655000.000,-11.645
643000.000,1655000.000,-4.354
644000.000,1655000.000,-2.083
645000.000,1655000.000,-18.517
646000.000,1655000.000,-34.831
647000.000,1655000.000,-39.251
648000.000,1655000.000,-42.671
649000.000,1655000.000,-49.969
650000.000,1655000.000,-59.022
651000.000,1655000.000,-71.688
652000.000,1655000.000,-74.923
653000.000,1655000.000,-66.802
654000.000,1655000.000,-49.590
655000.000,1655000.000,-24.440
656000.000,1655000.000,-0.626
657000.000,1655000.000,23.519
658000.000,1655000.000,49.759
659000.000,1655000.000,82.375
660000.000,1655000.000,125.027
661000.000,1655000.000,178.638
662000.000,1655000.000,245.100
663000.000,1655000.000,327.095
664000.000,1655000.000,421.669
665000.000,1655000.000,525.948
666000.000,1655000.000,640.989
667000.000,1655000.000,765.406
668000.000,1655000.000,893.919
669000.000,1655000.000,1024.253
670000.000,1655000.000,1149.791
671000.000,1655000.000,1252.159
672000.000,1655000.000,1289.042
673000.000,1655000.000,1210.902
674000.000,1655000.000,1021.036
675000.000,1655000.000,827.267
676000.000,1655000.000,692.740
677000.000,1655000.000,628.535
678000.000,1655000.000,627.766
679000.000,1655000.000,702.675
680000.000,1655000.000,860.505
681000.000,1655000.000,927.808
682000.000,1655000.000,523.038
683000.000,1655000.000,123.282
684000.000,1655000.000,21.526
685000.000,1655000.000,3.070
686000.000,1655000.000,-10.378
687000.000,1655000.000,-24.935
688000.000,1655000.000,-35.921
689000.000,1655000.000,-47.111
690000.000,1655000.000,-57.305
691000.000,1655000.000,-66.994
692000.000,1655000.000,-69.298
693000.000,1655000.000,-68.284
694000.000,1655000.000,-71.347
695000.000,1655000.000,-75.275
696000.000,1655000.000,-79.500
697000.000,1655000.000,-81.227
698000.000,1655000.000,-87.371
699000.000,1655000.000,-91.529
700000.000,1655000.000,-86.062
701000.000,1655000.000,-78.651
702000.000,1655000.000,-75.576
703000.000,1655000.000,-73.630
704000.000,1655000.000,-70.618
705000.000,1655000.000,-73.844
706000.000,1655000.000,-81.755
707000.000,1655000.000,-88.308
708000.000,1655000.000,-93.086
709000.000,1655000.000,-99.186
710000.000,1655000.000,-107.775
711000.000,1655000.000,-116.968
641000.000,1654000.000,-16.125
642000.000,1654000.000,-11.959
643000.000,1654000.000,-7.937
644000.000,1654000.000,-11.500
645000.000,1654000.000,-18.268
646000.000,1654000.000,-29.654
647000.000,1654000.000,-39.689
648000.000,1654000.000,-45.805
649000.000,1654000.000,-57.243
650000.000,1654000.000,-67.140
651000.000,1654000.000,-68.992
652000.000,1654000.000,-69.406
653000.000,1654000.000,-68.842
654000.000,1654000.000,-61.979
655000.000,1654000.000,-46.081
656000.000,1654000.000,-18.467
657000.000,1654000.000,10.257
658000.000,1654000.000,38.878
659000.000,1654000.000,70.736
660000.000,1654000.000,107.463
661000.000,1654000.000,150.338
662000.000,1654000.000,204.236
663000.000,1654000.000,268.385
664000.000,1654000.000,340.241
665000.000,1654000.000,416.086
666000.000,1654000.000,494.264
667000.000,1654000.000,579.422
668000.000,1654000.000,668.929
669000.000,1654000.000,753.449
670000.000,1654000.000,829.696
671000.000,1654000.000,880.212
672000.000,1654000.000,892.793
673000.000,1654000.000,854.985
674000.000,1654000.000,765.790
675000.000,1654000.000,662.331
676000.000,1654000.000,580.070
677000.000,1654000.000,529.182
678000.000,1654000.000,515.684
679000.000,1654000.000,545.307
680000.000,1654000.000,610.687
681000.000,1654000.000,645.330
682000.000,1654000.000,517.789
683000.000,1654000.000,271.672
684000.000,1654000.000,103.752
685000.000,1654000.000,44.994
686000.000,1654000.000,18.942
687000.000,1654000.000,1.677
688000.000,1654000.000,-12.734
689000.000,1654000.000,-28.651
690000.000,1654000.000,-43.940
691000.000,1654000.000,-50.996
692000.000,1654000.000,-55.189
693000.000,1654000.000,-58.525
694000.000,1654000.000,-64.214
695000.000,1654000.000,-69.444
696000.000,1654000.000,-74.417
697000.000,1654000.000,-82.900
698000.000,1654000.000,-88.008
699000.000,1654000.000,-87.734
700000.000,1654000.000,-86.055
701000.000,1654000.000,-80.333
702000.000,1654000.000,-75.851
703000.000,1654000.000,-80.163
704000.000,1654000.000,-80.338
705000.000,1654000.000,-80.096
706000.000,1654000.000,-83.867
707000.000,1654000.000,-89.923
708000.000,1654000.000,-97.603
709000.000,1654000.000,-104.332
710000.000,1654000.000,-111.705
711000.000,1654000.000,-115.921
641000.000,1653000.000,-22.063
642000.000,1653000.000,-17.023
643000.000,1653000.000,-10.796
644000.000,1653000.000,-11.746
645000.000,1653000.000,-16.546
646000.000,1653000.000,-19.305
647000.000,1653000.000,-27.930
648000.000,1653000.000,-35.251
649000.000,1653000.000,-39.431
650000.000,1653000.000,-40.474
651000.000,1653000.000,-28.826
652000.000,1653000.000,-19.506
653000.000,1653000.000,-33.426
654000.000,1653000.000,-40.326
655000.000,1653000.000,-47.149
656000.000,1653000.000,-35.001
657000.000,1653000.000,-6.489
658000.000,1653000.000,21.615
659000.000,1653000.000,51.010
660000.000,1653000.000,84.140
661000.000,1653000.000,122.719
662000.000,1653000.000,167.711
663000.000,1653000.000,218.466
664000.000,1653000.000,273.843
665000.000,1653000.000,331.710
666000.000,1653000.000,392.704
667000.000,1653000.000,456.348
668000.000,1653000.000,522.886
669000.000,1653000.000,589.671
670000.000,1653000.000,640.963
671000.000,1653000.000,678.820
672000.000,1653000.000,686.865
673000.000,1653000.000,654.786
674000.000,1653000.000,599.158
675000.000,1653000.000,539.210
676000.000,1653000.000,487.983
677000.000,1653000.000,444.550
678000.000,1653000.000,420.651
679000.000,1653000.000,421.443
680000.000,1653000.000,434.870
681000.000,1653000.000,437.554
682000.000,1653000.000,410.025
683000.000,1653000.000,340.287
684000.000,1653000.000,188.965
685000.000,1653000.000,96.862
686000.000,1653000.000,53.008
687000.000,1653000.000,26.512
688000.000,1653000.000,8.784
689000.000,1653000.000,-6.562
690000.000,1653000.000,-23.133
691000.000,1653000.000,-35.966
692000.000,1653000.000,-46.587
693000.000,1653000.000,-57.754
694000.000,1653000.000,-71.562
695000.000,1653000.000,-70.285
696000.000,1653000.000,-66.762
697000.000,1653000.000,-76.791
698000.000,1653000.000,-79.599
699000.000,1653000.000,-72.286
700000.000,1653000.000,-68.742
701000.000,1653000.000,-65.855
702000.000,1653000.000,-62.798
703000.000,1653000.000,-73.139
704000.000,1653000.000,-80.138
705000.000,1653000.000,-84.439
706000.000,1653000.000,-87.215
707000.000,1653000.000,-91.270
708000.000,1653000.000,-91.880
709000.000,1653000.000,-93.655
710000.000,1653000.000,-95.110
711000.000,1653000.000,-78.865
641000.000,1652000.000,-9.005
642000.000,1652000.000,-13.755
643000.000,1652000.000,-16.071
644000.000,1652000.000,-14.884
645000.000,1652000.000,-10.797
646000.000,1652000.000,-11.284
647000.000,1652000.000,-10.704
648000.000,1652000.000,-9.410
649000.000,1652000.000,-3.719
650000.000,1652000.000,9.233
651000.000,1652000.000,14.205
652000.000,1652000.000,-4.369
653000.000,1652000.000,-10.717
654000.000,1652000.000,-11.903
655000.000,1652000.000,-17.830
656000.000,1652000.000,-29.374
657000.000,1652000.000,-22.717
658000.000,1652000.000,3.964
659000.000,1652000.000,32.739
660000.000,1652000.000,64.944
661000.000,1652000.000,99.326
662000.000,1652000.000,135.050
663000.000,1652000.000,173.854
664000.000,1652000.000,217.839
665000.000,1652000.000,269.056
666000.000,1652000.000,325.783
667000.000,1652000.000,376.615
668000.000,1652000.000,423.726
669000.000,1652000.000,471.515
670000.000,1652000.000,513.539
671000.000,1652000.000,544.501
672000.000,1652000.000,546.606
673000.000,1652000.000,525.224
674000.000,1652000.000,494.286
675000.000,1652000.000,457.155
676000.000,1652000.000,415.823
677000.000,1652000.000,372.837
678000.000,1652000.000,344.392
679000.000,1652000.000,334.264
680000.000,1652000.000,330.117
681000.000,1652000.000,324.374
682000.000,1652000.000,316.050
683000.000,1652000.000,307.919
684000.000,1652000.000,265.527
685000.000,1652000.000,162.148
686000.000,1652000.000,86.115
687000.000,1652000.000,47.719
688000.000,1652000.000,26.909
689000.000,1652000.000,15.600
690000.000,1652000.000,4.092
691000.000,1652000.000,-12.993
692000.000,1652000.000,-30.815
693000.000,1652000.000,-46.369
694000.000,1652000.000,-58.961
695000.000,1652000.000,-66.158
696000.000,1652000.000,-66.186
697000.000,1652000.000,-70.734
698000.000,1652000.000,-69.776
699000.000,1652000.000,-70.494
700000.000,1652000.000,-72.471
701000.000,1652000.000,-75.186
702000.000,1652000.000,-76.081
703000.000,1652000.000,-83.069
704000.000,1652000.000,-87.688
705000.000,1652000.000,-91.280
706000.000,1652000.000,-94.575
707000.000,1652000.000,-94.299
708000.000,1652000.000,-90.785
709000.000,1652000.000,-86.858
710000.000,1652000.000,-80.788
711000.000,1652000.000,-68.863
641000.000,1651000.000,-17.315
642000.000,1651000.000,-22.749
643000.000,1651000.000,-28.034
644000.000,1651000.000,-27.351
645000.000,1651000.000,-22.401
646000.000,1651000.000,-21.613
647000.000,1651000.000,-19.554
648000.000,1651000.000,-13.872
649000.000,1651000.000,-3.372
650000.000,1651000.000,7.043
651000.000,1651000.000,5.584
652000.000,1651000.000,-5.324
653000.000,1651000.000,-0.941
654000.000,1651000.000,7.598
655000.000,1651000.000,12.418
656000.000,1651000.000,2.736
657000.000,1651000.000,-6.656
658000.000,1651000.000,2.119
659000.000,1651000.000,27.026
660000.000,1651000.000,51.545
661000.000,1651000.000,79.179
662000.000,1651000.000,105.529
663000.000,1651000.000,133.433
664000.000,1651000.000,166.709
665000.000,1651000.000,211.465
666000.000,1651000.000,262.193
667000.000,1651000.000,308.430
668000.000,1651000.000,349.497
669000.000,1651000.000,380.671
670000.000,1651000.000,406.621
671000.000,1651000.000,424.511
672000.000,1651000.000,426.159
673000.000,1651000.000,417.458
674000.000,1651000.000,404.628
675000.000,1651000.000,390.031
676000.000,1651000.000,370.547
677000.000,1651000.000,330.085
678000.000,1651000.000,291.815
679000.000,1651000.000,274.274
680000.000,1651000.000,264.889
681000.000,1651000.000,258.137
682000.000,1651000.000,256.109
683000.000,1651000.000,272.012
684000.000,1651000.000,286.834
685000.000,1651000.000,211.500
686000.000,1651000.000,134.704
687000.000,1651000.000,83.360
688000.000,1651000.000,56.839
689000.000,1651000.000,44.582
690000.000,1651000.000,32.392
691000.000,1651000.000,14.122
692000.000,1651000.000,-4.442
693000.000,1651000.000,-14.664
694000.000,1651000.000,-15.590
695000.000,1651000.000,-38.858
696000.000,1651000.000,-54.994
697000.000,1651000.000,-59.356
698000.000,1651000.000,-59.115
699000.000,1651000.000,-69.518
700000.000,1651000.000,-80.359
701000.000,1651000.000,-86.136
702000.000,1651000.000,-88.730
703000.000,1651000.000,-90.774
704000.000,1651000.000,-92.826
705000.000,1651000.000,-93.667
706000.000,1651000.000,-93.459
707000.000,1651000.000,-93.813
708000.000,1651000.000,-91.564
709000.000,1651000.000,-88.416
710000.000,1651000.000,-82.110
711000.000,1651000.000,-74.017
641000.000,1650000.000,-29.197
642000.000,1650000.000,-33.481
643000.000,1650000.000,-38.296
644000.000,1650000.000,-38.714
645000.000,1650000.000,-36.627
646000.000,1650000.000,-34.669
647000.000,1650000.000,-32.275
648000.000,1650000.000,-28.803
649000.000,1650000.000,-28.219
650000.000,1650000.000,-27.693
651000.000,1650000.000,-24.340
652000.000,1650000.000,-20.826
653000.000,1650000.000,-8.349
654000.000,1650000.000,6.347
655000.000,1650000.000,12.172
656000.000,1650000.000,16.669
657000.000,1650000.000,17.003
658000.000,1650000.000,9.656
659000.000,1650000.000,20.467
660000.000,1650000.000,36.959
661000.000,1650000.000,55.519
662000.000,1650000.000,76.340
663000.000,1650000.000,99.065
664000.000,1650000.000,126.243
665000.000,1650000.000,159.508
666000.000,1650000.000,199.105
667000.000,1650000.000,239.185
668000.000,1650000.000,275.052
669000.000,1650000.000,299.443
670000.000,1650000.000,318.037
671000.000,1650000.000,329.977
672000.000,1650000.000,333.638
673000.000,1650000.000,331.378
674000.000,1650000.000,326.297
675000.000,1650000.000,322.132
676000.000,1650000.000,315.734
677000.000,1650000.000,291.235
678000.000,1650000.000,251.761
679000.000,1650000.000,228.822
680000.000,1650000.000,219.074
681000.000,1650000.000,214.831
682000.000,1650000.000,214.484
683000.000,1650000.000,218.447
684000.000,1650000.000,220.949
685000.000,1650000.000,198.921
686000.000,1650000.000,163.004
687000.000,1650000.000,119.663
688000.000,1650000.000,85.521
689000.000,1650000.000,65.250
690000.000,1650000.000,50.694
691000.000,1650000.000,38.183
692000.000,1650000.000,20.896
693000.000,1650000.000,8.976
694000.000,1650000.000,3.707
695000.000,1650000.000,-13.529
696000.000,1650000.000,-30.295
697000.000,1650000.000,-42.477
698000.000,1650000.000,-58.501
699000.000,1650000.000,-72.044
700000.000,1650000.000,-76.225
701000.000,1650000.000,-77.315
702000.000,1650000.000,-81.778
703000.000,1650000.000,-85.731
704000.000,1650000.000,-92.439
705000.000,1650000.000,-94.576
706000.000,1650000.000,-95.461
707000.000,1650000.000,-98.888
708000.000,1650000.000,-101.346
709000.000,1650000.000,-98.779
710000.000,1650000.000,-91.982
711000.000,1650000.000,-84.761
641000.000,1649000.000,-33.588
642000.000,1649000.000,-36.051
643000.000,1649000.000,-39.611
644000.000,1649000.000,-41.331
645000.000,1649000.000,-40.851
646000.000,1649000.000,-40.944
647000.000,1649000.000,-37.331
648000.000,1649000.000,-35.584
649000.000,1649000.000,-37.160
650000.000,1649000.000,-37.580
651000.000,1649000.000,-41.786
652000.000,1649000.000,-49.029
653000.000,1649000.000,-43.996
654000.000,1649000.000,-33.928
655000.000,1649000.000,-25.090
656000.000,1649000.000,-12.316
657000.000,1649000.000,0.524
658000.000,1649000.000,2.522
659000.000,1649000.000,11.568
660000.000,1649000.000,25.278
661000.000,1649000.000,38.094
662000.000,1649000.000,53.121
663000.000,1649000.000,73.703
664000.000,1649000.000,98.703
665000.000,1649000.000,122.012
666000.000,1649000.000,150.762
667000.000,1649000.000,181.384
668000.000,1649000.000,208.271
669000.000,1649000.000,231.124
670000.000,1649000.000,248.164
671000.000,1649000.000,258.767
672000.000,1649000.000,264.010
673000.000,1649000.000,265.279
674000.000,1649000.000,264.673
675000.000,1649000.000,265.158
676000.000,1649000.000,266.652
677000.000,1649000.000,257.858
678000.000,1649000.000,228.122
679000.000,1649000.000,202.456
680000.000,1649000.000,190.585
681000.000,1649000.000,184.745
682000.000,1649000.000,182.689
683000.000,1649000.000,181.804
684000.000,1649000.000,177.521
685000.000,1649000.000,168.464
686000.000,1649000.000,158.088
687000.000,1649000.000,141.986
688000.000,1649000.000,114.228
689000.000,1649000.000,84.461
690000.000,1649000.000,63.246
691000.000,1649000.000,53.343
692000.000,1649000.000,41.875
693000.000,1649000.000,29.312
694000.000,1649000.000,20.525
695000.000,1649000.000,8.533
696000.000,1649000.000,-5.121
697000.000,1649000.000,-22.151
698000.000,1649000.000,-36.100
699000.000,1649000.000,-49.884
700000.000,1649000.000,-61.614
701000.000,1649000.000,-69.415
702000.000,1649000.000,-80.364
703000.000,1649000.000,-89.012
704000.000,1649000.000,-98.446
705000.000,1649000.000,-104.281
706000.000,1649000.000,-109.373
707000.000,1649000.000,-113.397
708000.000,1649000.000,-114.896
709000.000,1649000.000,-111.830
710000.000,1649000.000,-106.548
711000.000,1649000.000,-101.060
641000.000,1648000.000,-32.054
642000.000,1648000.000,-35.738
643000.000,1648000.000,-37.984
644000.000,1648000.000,-39.187
645000.000,1648000.000,-37.480
646000.000,1648000.000,-37.283
647000.000,1648000.000,-46.344
648000.000,1648000.000,-48.260
649000.000,1648000.000,-49.709
650000.000,1648000.000,-52.121
651000.000,1648000.000,-58.201
652000.000,1648000.000,-68.518
653000.000,1648000.000,-72.718
654000.000,1648000.000,-64.425
655000.000,1648000.000,-48.533
656000.000,1648000.000,-33.970
657000.000,1648000.000,-16.855
658000.000,1648000.000,-7.173
659000.000,1648000.000,1.160
660000.000,1648000.000,11.394
661000.000,1648000.000,23.871
662000.000,1648000.000,38.470
663000.000,1648000.000,60.651
664000.000,1648000.000,80.465
665000.000,1648000.000,103.310
666000.000,1648000.000,123.717
667000.000,1648000.000,138.650
668000.000,1648000.000,158.963
669000.000,1648000.000,179.273
670000.000,1648000.000,195.853
671000.000,1648000.000,207.321
672000.000,1648000.000,214.139
673000.000,1648000.000,217.228
674000.000,1648000.000,218.658
675000.000,1648000.000,220.875
676000.000,1648000.000,223.232
677000.000,1648000.000,222.749
678000.000,1648000.000,209.443
679000.000,1648000.000,185.041
680000.000,1648000.000,171.073
681000.000,1648000.000,163.918
682000.000,1648000.000,159.726
683000.000,1648000.000,158.319
684000.000,1648000.000,156.050
685000.000,1648000.000,149.202
686000.000,1648000.000,141.564
687000.000,1648000.000,141.411
688000.000,1648000.000,134.515
689000.000,1648000.000,115.654
690000.000,1648000.000,93.291
691000.000,1648000.000,68.665
692000.000,1648000.000,51.638
693000.000,1648000.000,39.193
694000.000,1648000.000,28.833
695000.000,1648000.000,23.178
696000.000,1648000.000,17.638
697000.000,1648000.000,9.621
698000.000,1648000.000,-7.934
699000.000,1648000.000,-28.147
700000.000,1648000.000,-55.443
701000.000,1648000.000,-78.729
702000.000,1648000.000,-82.889
703000.000,1648000.000,-90.980
704000.000,1648000.000,-99.238
705000.000,1648000.000,-105.895
706000.000,1648000.000,-110.738
707000.000,1648000.000,-114.828
708000.000,1648000.000,-117.717
709000.000,1648000.000,-118.346
710000.000,1648000.000,-115.817
711000.000,1648000.000,-112.897
641000.000,1647000.000,-30.369
642000.000,1647000.000,-32.387
643000.000,1647000.000,-34.172
644000.000,1647000.000,-34.865
645000.000,1647000.000,-36.161
646000.000,1647000.000,-38.226
647000.000,1647000.000,-46.486
648000.000,1647000.000,-56.174
649000.000,1647000.000,-59.119
650000.000,1647000.000,-58.974
651000.000,1647000.000,-58.859
652000.000,1647000.000,-58.058
653000.000,1647000.000,-66.132
654000.000,1647000.000,-71.270
655000.000,1647000.000,-58.852
656000.000,1647000.000,-44.110
657000.000,1647000.000,-34.769
658000.000,1647000.000,-19.437
659000.000,1647000.000,-12.117
660000.000,1647000.000,-6.137
661000.000,1647000.000,8.801
662000.000,1647000.000,26.620
663000.000,1647000.000,44.224
664000.000,1647000.000,58.200
665000.000,1647000.000,78.629
666000.000,1647000.000,93.098
667000.000,1647000.000,102.769
668000.000,1647000.000,118.603
669000.000,1647000.000,137.161
670000.000,1647000.000,153.900
671000.000,1647000.000,166.958
672000.000,1647000.000,175.724
673000.000,1647000.000,180.692
674000.000,1647000.000,183.703
675000.000,1647000.000,186.872
676000.000,1647000.000,190.209
677000.000,1647000.000,195.512
678000.000,1647000.000,200.047
679000.000,1647000.000,181.704
680000.000,1647000.000,157.370
681000.000,1647000.000,142.293
682000.000,1647000.000,132.290
683000.000,1647000.000,128.264
684000.000,1647000.000,127.940
685000.000,1647000.000,130.485
686000.000,1647000.000,123.779
687000.000,1647000.000,116.603
688000.000,1647000.000,123.128
689000.000,1647000.000,127.257
690000.000,1647000.000,114.720
691000.000,1647000.000,87.977
692000.000,1647000.000,62.886
693000.000,1647000.000,47.466
694000.000,1647000.000,37.692
695000.000,1647000.000,33.914
696000.000,1647000.000,32.335
697000.000,1647000.000,28.365
698000.000,1647000.000,18.292
699000.000,1647000.000,-4.655
700000.000,1647000.000,-42.880
701000.000,1647000.000,-73.244
702000.000,1647000.000,-72.911
703000.000,1647000.000,-73.270
704000.000,1647000.000,-88.048
705000.000,1647000.000,-97.637
706000.000,1647000.000,-103.487
707000.000,1647000.000,-107.718
708000.000,1647000.000,-108.543
709000.000,1647000.000,-112.116
710000.000,1647000.000,-117.886
711000.000,1647000.000,-120.002
641000.000,1646000.000,-29.833
642000.000,1646000.000,-29.163
643000.000,1646000.000,-29.294
644000.000,1646000.000,-30.104
645000.000,1646000.000,-31.027
646000.000,1646000.000,-33.549
647000.000,1646000.000,-40.380
648000.000,1646000.000,-57.536
649000.000,1646000.000,-60.616
650000.000,1646000.000,-59.269
651000.000,1646000.000,-57.646
652000.000,1646000.000,-50.395
653000.000,1646000.000,-47.568
654000.000,1646000.000,-58.182
655000.000,1646000.000,-55.383
656000.000,1646000.000,-45.198
657000.000,1646000.000,-37.091
658000.000,1646000.000,-33.562
659000.000,1646000.000,-33.208
660000.000,1646000.000,-24.008
661000.000,1646000.000,-7.521
662000.000,1646000.000,8.980
663000.000,1646000.000,25.205
664000.000,1646000.000,40.676
665000.000,1646000.000,58.696
666000.000,1646000.000,76.094
667000.000,1646000.000,82.609
668000.000,1646000.000,93.687
669000.000,1646000.000,105.873
670000.000,1646000.000,119.464
671000.000,1646000.000,131.520
672000.000,1646000.000,140.969
673000.000,1646000.000,147.422
674000.000,1646000.000,151.315
675000.000,1646000.000,153.888
676000.000,1646000.000,157.203
677000.000,1646000.000,161.869
678000.000,1646000.000,166.689
679000.000,1646000.000,162.257
680000.000,1646000.000,141.439
681000.000,1646000.000,121.180
682000.000,1646000.000,110.381
683000.000,1646000.000,105.116
684000.000,1646000.000,104.046
685000.000,1646000.000,104.411
686000.000,1646000.000,103.960
687000.000,1646000.000,101.988
688000.000,1646000.000,103.374
689000.000,1646000.000,109.027
690000.000,1646000.000,110.447
691000.000,1646000.000,107.102
692000.000,1646000.000,93.266
693000.000,1646000.000,74.794
694000.000,1646000.000,58.548
695000.000,1646000.000,47.533
696000.000,1646000.000,44.208
697000.000,1646000.000,35.064
698000.000,1646000.000,17.925
699000.000,1646000.000,1.739
700000.000,1646000.000,-9.500
701000.000,1646000.000,-21.064
702000.000,1646000.000,-43.887
703000.000,1646000.000,-56.616
704000.000,1646000.000,-74.580
705000.000,1646000.000,-88.317
706000.000,1646000.000,-94.543
707000.000,1646000.000,-95.470
708000.000,1646000.000,-99.602
709000.000,1646000.000,-107.377
710000.000,1646000.000,-116.396
711000.000,1646000.000,-122.906
641000.000,1645000.000,-25.180
642000.000,1645000.000,-24.927
643000.000,1645000.000,-23.908
644000.000,1645000.000,-24.659
645000.000,1645000.000,-24.382
646000.000,1645000.000,-23.443
647000.000,1645000.000,-22.806
648000.000,1645000.000,-22.786
649000.000,1645000.000,-35.855
650000.000,1645000.000,-37.647
651000.000,1645000.000,-34.930
652000.000,1645000.000,-34.571
653000.000,1645000.000,-35.166
654000.000,1645000.000,-39.591
655000.000,1645000.000,-47.510
656000.000,1645000.000,-45.113
657000.000,1645000.000,-43.649
658000.000,1645000.000,-41.635
659000.000,1645000.000,-37.305
660000.000,1645000.000,-30.463
661000.000,1645000.000,-16.776
662000.000,1645000.000,-5.265
663000.000,1645000.000,9.116
664000.000,1645000.000,30.478
665000.000,1645000.000,45.295
666000.000,1645000.000,58.388
667000.000,1645000.000,68.534
668000.000,1645000.000,76.037
669000.000,1645000.000,80.860
670000.000,1645000.000,89.264
671000.000,1645000.000,98.905
672000.000,1645000.000,107.733
673000.000,1645000.000,115.194
674000.000,1645000.000,120.453
675000.000,1645000.000,123.350
676000.000,1645000.000,126.252
677000.000,1645000.000,130.151
678000.000,1645000.000,133.445
679000.000,1645000.000,132.756
680000.000,1645000.000,125.183
681000.000,1645000.000,113.231
682000.000,1645000.000,102.263
683000.000,1645000.000,95.817
684000.000,1645000.000,93.147
685000.000,1645000.000,93.645
686000.000,1645000.000,95.013
687000.000,1645000.000,97.723
688000.000,1645000.000,92.724
689000.000,1645000.000,90.699
690000.000,1645000.000,93.004
691000.000,1645000.000,97.392
692000.000,1645000.000,100.836
693000.000,1645000.000,93.770
694000.000,1645000.000,76.951
695000.000,1645000.000,58.347
696000.000,1645000.000,42.586
697000.000,1645000.000,26.320
698000.000,1645000.000,6.959
699000.000,1645000.000,-0.258
700000.000,1645000.000,2.945
701000.000,1645000.000,0.200
702000.000,1645000.000,-25.150
703000.000,1645000.000,-48.207
704000.000,1645000.000,-67.886
705000.000,1645000.000,-81.496
706000.000,1645000.000,-89.567
707000.000,1645000.000,-97.455
708000.000,1645000.000,-106.527
709000.000,1645000.000,-113.068
710000.000,1645000.000,-115.924
711000.000,1645000.000,-115.197
641000.000,1644000.000,-29.926
642000.000,1644000.000,-29.061
643000.000,1644000.000,-24.487
644000.000,1644000.000,-20.030
645000.000,1644000.000,-18.207
646000.000,1644000.000,-15.542
647000.000,1644000.000,-8.631
648000.000,1644000.000,5.297
649000.000,1644000.000,13.357
650000.000,1644000.000,6.277
651000.000,1644000.000,-3.957
652000.000,1644000.000,-16.321
653000.000,1644000.000,-28.198
654000.000,1644000.000,-35.108
655000.000,1644000.000,-40.454
656000.000,1644000.000,-45.170
657000.000,1644000.000,-45.450
658000.000,1644000.000,-40.223
659000.000,1644000.000,-27.017
660000.000,1644000.000,-26.504
661000.000,1644000.000,-26.334
662000.000,1644000.000,-15.873
663000.000,1644000.000,-1.011
664000.000,1644000.000,17.140
665000.000,1644000.000,30.474
666000.000,1644000.000,39.980
667000.000,1644000.000,47.235
668000.000,1644000.000,53.207
669000.000,1644000.000,57.767
670000.000,1644000.000,63.712
671000.000,1644000.000,71.254
672000.000,1644000.000,78.718
673000.000,1644000.000,85.857
674000.000,1644000.000,92.647
675000.000,1644000.000,98.379
676000.000,1644000.000,102.276
677000.000,1644000.000,105.070
678000.000,1644000.000,107.835
679000.000,1644000.000,109.060
680000.000,1644000.000,108.012
681000.000,1644000.000,104.911
682000.000,1644000.000,98.027
683000.000,1644000.000,92.251
684000.000,1644000.000,87.880
685000.000,1644000.000,86.439
686000.000,1644000.000,84.243
687000.000,1644000.000,82.178
688000.000,1644000.000,76.823
689000.000,1644000.000,71.475
690000.000,1644000.000,70.563
691000.000,1644000.000,70.763
692000.000,1644000.000,71.517
693000.000,1644000.000,71.142
694000.000,1644000.000,66.499
695000.000,1644000.000,56.368
696000.000,1644000.000,41.622
697000.000,1644000.000,30.382
698000.000,1644000.000,24.777
699000.000,1644000.000,15.668
700000.000,1644000.000,6.670
701000.000,1644000.000,-6.496
702000.000,1644000.000,-27.838
703000.000,1644000.000,-51.313
704000.000,1644000.000,-64.192
705000.000,1644000.000,-75.327
706000.000,1644000.000,-86.664
707000.000,1644000.000,-96.729
708000.000,1644000.000,-102.284
709000.000,1644000.000,-107.139
710000.000,1644000.000,-108.149
711000.000,1644000.000,-105.848
641000.000,1643000.000,-35.798
642000.000,1643000.000,-34.507
643000.000,1643000.000,-30.666
644000.000,1643000.000,-27.206
645000.000,1643000.000,-25.364
646000.000,1643000.000,-22.284
647000.000,1643000.000,-14.105
648000.000,1643000.000,2.423
649000.000,1643000.000,22.593
650000.000,1643000.000,16.817
651000.000,1643000.000,-5.871
652000.000,1643000.000,-21.128
653000.000,1643000.000,-25.929
654000.000,1643000.000,-27.665
655000.000,1643000.000,-34.109
656000.000,1643000.000,-46.639
657000.000,1643000.000,-49.403
658000.000,1643000.000,-41.080
659000.000,1643000.000,-38.034
660000.000,1643000.000,-39.597
661000.000,1643000.000,-35.419
662000.000,1643000.000,-22.539
663000.000,1643000.000,-8.041
664000.000,1643000.000,3.369
665000.000,1643000.000,11.992
666000.000,1643000.000,16.374
667000.000,1643000.000,21.081
668000.000,1643000.000,27.361
669000.000,1643000.000,32.996
670000.000,1643000.000,37.174
671000.000,1643000.000,44.390
672000.000,1643000.000,53.281
673000.000,1643000.000,61.002
674000.000,1643000.000,68.175
675000.000,1643000.000,76.042
676000.000,1643000.000,81.725
677000.000,1643000.000,84.342
678000.000,1643000.000,84.670
679000.000,1643000.000,85.147
680000.000,1643000.000,86.285
681000.000,1643000.000,87.456
682000.000,1643000.000,87.113
683000.000,1643000.000,83.714
684000.000,1643000.000,78.297
685000.000,1643000.000,72.712
686000.000,1643000.000,67.939
687000.000,1643000.000,63.890
688000.000,1643000.000,60.491
689000.000,1643000.000,54.341
690000.000,1643000.000,49.985
691000.000,1643000.000,48.042
692000.000,1643000.000,46.348
693000.000,1643000.000,43.338
694000.000,1643000.000,39.993
695000.000,1643000.000,38.895
696000.000,1643000.000,37.546
697000.000,1643000.000,33.464
698000.000,1643000.000,29.045
699000.000,1643000.000,16.031
700000.000,1643000.000,0.641
701000.000,1643000.000,-11.855
702000.000,1643000.000,-29.369
703000.000,1643000.000,-45.516
704000.000,1643000.000,-58.008
705000.000,1643000.000,-69.727
706000.000,1643000.000,-80.702
707000.000,1643000.000,-87.358
708000.000,1643000.000,-93.756
709000.000,1643000.000,-97.591
710000.000,1643000.000,-99.907
711000.000,1643000.000,-103.010
641000.000,1642000.000,-36.469
642000.000,1642000.000,-32.697
643000.000,1642000.000,-31.679
644000.000,1642000.000,-30.577
645000.000,1642000.000,-30.835
646000.000,1642000.000,-29.724
647000.000,1642000.000,-23.240
648000.000,1642000.000,-12.689
649000.000,1642000.000,-3.470
650000.000,1642000.000,-6.421
651000.000,1642000.000,-21.118
652000.000,1642000.000,-26.499
653000.000,1642000.000,-20.984
654000.000,1642000.000,-12.911
655000.000,1642000.000,-16.471
656000.000,1642000.000,-35.273
657000.000,1642000.000,-46.609
658000.000,1642000.000,-54.373
659000.000,1642000.000,-61.381
660000.000,1642000.000,-56.305
661000.000,1642000.000,-45.231
662000.000,1642000.000,-33.068
663000.000,1642000.000,-25.589
664000.000,1642000.000,-20.410
665000.000,1642000.000,-12.899
666000.000,1642000.000,-6.363
667000.000,1642000.000,-1.398
668000.000,1642000.000,3.938
669000.000,1642000.000,9.277
670000.000,1642000.000,11.482
671000.000,1642000.000,14.136
672000.000,1642000.000,22.131
673000.000,1642000.000,31.508
674000.000,1642000.000,39.617
675000.000,1642000.000,46.505
676000.000,1642000.000,52.534
677000.000,1642000.000,58.303
678000.000,1642000.000,59.893
679000.000,1642000.000,59.458
680000.000,1642000.000,61.762
681000.000,1642000.000,65.331
682000.000,1642000.000,66.902
683000.000,1642000.000,66.288
684000.000,1642000.000,62.750
685000.000,1642000.000,57.894
686000.000,1642000.000,54.257
687000.000,1642000.000,52.049
688000.000,1642000.000,47.894
689000.000,1642000.000,43.387
690000.000,1642000.000,40.863
691000.000,1642000.000,37.792
692000.000,1642000.000,33.443
693000.000,1642000.000,30.301
694000.000,1642000.000,24.459
695000.000,1642000.000,17.569
696000.000,1642000.000,16.703
697000.000,1642000.000,17.934
698000.000,1642000.000,20.183
699000.000,1642000.000,18.288
700000.000,1642000.000,8.195
701000.000,1642000.000,-4.431
702000.000,1642000.000,-19.580
703000.000,1642000.000,-35.747
704000.000,1642000.000,-51.038
705000.000,1642000.000,-68.781
706000.000,1642000.000,-82.171
707000.000,1642000.000,-88.299
708000.000,1642000.000,-90.140
709000.000,1642000.000,-89.816
710000.000,1642000.000,-92.449
711000.000,1642000.000,-96.661
641000.000,1641000.000,-42.828
642000.000,1641000.000,-36.696
643000.000,1641000.000,-32.755
644000.000,1641000.000,-31.416
645000.000,1641000.000,-31.829
646000.000,1641000.000,-30.165
647000.000,1641000.000,-27.953
648000.000,1641000.000,-20.769
649000.000,1641000.000,-11.322
650000.000,1641000.000,-10.735
651000.000,1641000.000,-12.497
652000.000,1641000.000,-17.643
653000.000,1641000.000,-21.618
654000.000,1641000.000,-20.030
655000.000,1641000.000,-24.258
656000.000,1641000.000,-36.238
657000.000,1641000.000,-47.448
658000.000,1641000.000,-56.383
659000.000,1641000.000,-60.034
660000.000,1641000.000,-65.254
661000.000,1641000.000,-59.646
662000.000,1641000.000,-51.384
663000.000,1641000.000,-46.848
664000.000,1641000.000,-40.565
665000.000,1641000.000,-32.327
666000.000,1641000.000,-23.682
667000.000,1641000.000,-18.860
668000.000,1641000.000,-16.422
669000.000,1641000.000,-10.474
670000.000,1641000.000,-3.983
671000.000,1641000.000,-1.694
672000.000,1641000.000,-3.715
673000.000,1641000.000,-0.363
674000.000,1641000.000,9.128
675000.000,1641000.000,16.924
676000.000,1641000.000,22.128
677000.000,1641000.000,25.990
678000.000,1641000.000,30.406
679000.000,1641000.000,36.016
680000.000,1641000.000,42.614
681000.000,1641000.000,48.558
682000.000,1641000.000,52.093
683000.000,1641000.000,52.590
684000.000,1641000.000,52.553
685000.000,1641000.000,50.262
686000.000,1641000.000,46.039
687000.000,1641000.000,43.568
688000.000,1641000.000,41.032
689000.000,1641000.000,39.056
690000.000,1641000.000,35.864
691000.000,1641000.000,29.468
692000.000,1641000.000,25.956
693000.000,1641000.000,25.504
694000.000,1641000.000,21.144
695000.000,1641000.000,13.846
696000.000,1641000.000,7.168
697000.000,1641000.000,6.464
698000.000,1641000.000,8.082
699000.000,1641000.000,9.540
700000.000,1641000.000,8.697
701000.000,1641000.000,2.259
702000.000,1641000.000,-4.049
703000.000,1641000.000,-12.657
704000.000,1641000.000,-28.042
705000.000,1641000.000,-46.272
706000.000,1641000.000,-61.160
707000.000,1641000.000,-73.052
708000.000,1641000.000,-83.267
709000.000,1641000.000,-89.038
710000.000,1641000.000,-91.108
711000.000,1641000.000,-93.732
641000.000,1640000.000,-52.094
642000.000,1640000.000,-46.227
643000.000,1640000.000,-40.519
644000.000,1640000.000,-37.129
645000.000,1640000.000,-34.339
646000.000,1640000.000,-32.042
647000.000,1640000.000,-31.415
648000.000,1640000.000,-28.614
649000.000,1640000.000,-23.456
650000.000,1640000.000,-15.161
651000.000,1640000.000,-3.674
652000.000,1640000.000,-14.061
653000.000,1640000.000,-29.162
654000.000,1640000.000,-37.667
655000.000,1640000.000,-43.176
656000.000,1640000.000,-49.365
657000.000,1640000.000,-57.216
658000.000,1640000.000,-66.289
659000.000,1640000.000,-73.357
660000.000,1640000.000,-77.194
661000.000,1640000.000,-73.243
662000.000,1640000.000,-63.684
663000.000,1640000.000,-53.945
664000.000,1640000.000,-45.884
665000.000,1640000.000,-38.350
666000.000,1640000.000,-31.544
667000.000,1640000.000,-29.200
668000.000,1640000.000,-29.173
669000.000,1640000.000,-28.997
670000.000,1640000.000,-22.752
671000.000,1640000.000,-15.429
672000.000,1640000.000,-10.981
673000.000,1640000.000,-8.062
674000.000,1640000.000,-5.529
675000.000,1640000.000,1.022
676000.000,1640000.000,8.828
677000.000,1640000.000,13.322
678000.000,1640000.000,15.419
679000.000,1640000.000,20.666
680000.000,1640000.000,26.858
681000.000,1640000.000,33.404
682000.000,1640000.000,38.650
683000.000,1640000.000,42.078
684000.000,1640000.000,46.091
685000.000,1640000.000,48.881
686000.000,1640000.000,46.537
687000.000,1640000.000,40.947
688000.000,1640000.000,33.471
689000.000,1640000.000,26.850
690000.000,1640000.000,20.493
691000.000,1640000.000,17.630
692000.000,1640000.000,17.479
693000.000,1640000.000,18.836
694000.000,1640000.000,17.674
695000.000,1640000.000,12.506
696000.000,1640000.000,2.082
697000.000,1640000.000,-8.663
698000.000,1640000.000,-14.849
699000.000,1640000.000,-18.773
700000.000,1640000.000,-18.247
701000.000,1640000.000,-15.163
702000.000,1640000.000,-12.290
703000.000,1640000.000,-10.507
704000.000,1640000.000,-12.946
705000.000,1640000.000,-19.504
706000.000,1640000.000,-31.329
707000.000,1640000.000,-45.510
708000.000,1640000.000,-60.921
709000.000,1640000.000,-75.910
710000.000,1640000.000,-84.126
711000.000,1640000.000,-87.633
641000.000,1639000.000,-60.626
642000.000,1639000.000,-55.516
643000.000,1639000.000,-49.792
644000.000,1639000.000,-44.347
645000.000,1639000.000,-38.642
646000.000,1639000.000,-33.350
647000.000,1639000.000,-28.277
648000.000,1639000.000,-28.327
649000.000,1639000.000,-28.955
650000.000,1639000.000,-25.214
651000.000,1639000.000,-22.919
652000.000,1639000.000,-26.264
653000.000,1639000.000,-30.112
654000.000,1639000.000,-38.022
655000.000,1639000.000,-48.501
656000.000,1639000.000,-57.680
657000.000,1639000.000,-62.428
658000.000,1639000.000,-62.537
659000.000,1639000.000,-61.677
660000.000,1639000.000,-64.741
661000.000,1639000.000,-69.494
662000.000,1639000.000,-63.959
663000.000,1639000.000,-51.104
664000.000,1639000.000,-44.331
665000.000,1639000.000,-44.544
666000.000,1639000.000,-44.383
667000.000,1639000.000,-44.352
668000.000,1639000.000,-44.304
669000.000,1639000.000,-43.910
670000.000,1639000.000,-41.311
671000.000,1639000.000,-33.737
672000.000,1639000.000,-25.705
673000.000,1639000.000,-19.723
674000.000,1639000.000,-16.074
675000.000,1639000.000,-10.726
676000.000,1639000.000,-2.131
677000.000,1639000.000,6.238
678000.000,1639000.000,12.671
679000.000,1639000.000,16.177
680000.000,1639000.000,18.336
681000.000,1639000.000,21.601
682000.000,1639000.000,26.177
683000.000,1639000.000,30.204
684000.000,1639000.000,33.890
685000.000,1639000.000,39.211
686000.000,1639000.000,42.852
687000.000,1639000.000,41.262
688000.000,1639000.000,34.435
689000.000,1639000.000,26.546
690000.000,1639000.000,18.784
691000.000,1639000.000,17.188
692000.000,1639000.000,21.424
693000.000,1639000.000,17.741
694000.000,1639000.000,6.811
695000.000,1639000.000,-2.894
696000.000,1639000.000,-10.064
697000.000,1639000.000,-17.998
698000.000,1639000.000,-27.006
699000.000,1639000.000,-31.553
700000.000,1639000.000,-35.193
701000.000,1639000.000,-35.057
702000.000,1639000.000,-29.292
703000.000,1639000.000,-22.329
704000.000,1639000.000,-16.351
705000.000,1639000.000,-16.598
706000.000,1639000.000,-23.924
707000.000,1639000.000,-34.149
708000.000,1639000.000,-42.178
709000.000,1639000.000,-52.712
710000.000,1639000.000,-66.339
711000.000,1639000.000,-75.503
641000.000,1638000.000,-65.079
642000.000,1638000.000,-61.706
643000.000,1638000.000,-58.613
644000.000,1638000.000,-53.685
645000.000,1638000.000,-48.006
646000.000,1638000.000,-42.269
647000.000,1638000.000,-37.039
648000.000,1638000.000,-33.601
649000.000,1638000.000,-31.925
650000.000,1638000.000,-32.824
651000.000,1638000.000,-32.390
652000.000,1638000.000,-31.689
653000.000,1638000.000,-28.220
654000.000,1638000.000,-23.159
655000.000,1638000.000,-22.852
656000.000,1638000.000,-28.281
657000.000,1638000.000,-35.911
658000.000,1638000.000,-40.546
659000.000,1638000.000,-47.093
660000.000,1638000.000,-51.366
661000.000,1638000.000,-58.055
662000.000,1638000.000,-60.937
663000.000,1638000.000,-55.358
664000.000,1638000.000,-54.073
665000.000,1638000.000,-55.627
666000.000,1638000.000,-56.771
667000.000,1638000.000,-58.278
668000.000,1638000.000,-56.911
669000.000,1638000.000,-53.450
670000.000,1638000.000,-50.383
671000.000,1638000.000,-45.601
672000.000,1638000.000,-37.702
673000.000,1638000.000,-31.459
674000.000,1638000.000,-27.268
675000.000,1638000.000,-20.929
676000.000,1638000.000,-13.918
677000.000,1638000.000,-5.523
678000.000,1638000.000,3.515
679000.000,1638000.000,9.894
680000.000,1638000.000,12.304
681000.000,1638000.000,13.485
682000.000,1638000.000,16.588
683000.000,1638000.000,20.175
684000.000,1638000.000,23.259
685000.000,1638000.000,27.090
686000.000,1638000.000,31.346
687000.000,1638000.000,34.978
688000.000,1638000.000,37.935
689000.000,1638000.000,37.381
690000.000,1638000.000,33.470
691000.000,1638000.000,32.448
692000.000,1638000.000,29.255
693000.000,1638000.000,15.963
694000.000,1638000.000,6.044
695000.000,1638000.000,0.939
696000.000,1638000.000,-2.854
697000.000,1638000.000,-8.194
698000.000,1638000.000,-15.438
699000.000,1638000.000,-25.143
700000.000,1638000.000,-33.493
701000.000,1638000.000,-42.897
702000.000,1638000.000,-41.734
703000.000,1638000.000,-28.726
704000.000,1638000.000,-18.796
705000.000,1638000.000,-16.749
706000.000,1638000.000,-18.165
707000.000,1638000.000,-21.725
708000.000,1638000.000,-29.853
709000.000,1638000.000,-37.655
710000.000,1638000.000,-46.208
711000.000,1638000.000,-56.805
641000.000,1637000.000,-60.886
642000.000,1637000.000,-64.109
643000.000,1637000.000,-66.613
644000.000,1637000.000,-62.335
645000.000,1637000.000,-54.524
646000.000,1637000.000,-49.166
647000.000,1637000.000,-42.723
648000.000,1637000.000,-34.595
649000.000,1637000.000,-28.208
650000.000,1637000.000,-24.818
651000.000,1637000.000,-25.985
652000.000,1637000.000,-27.655
653000.000,1637000.000,-26.245
654000.000,1637000.000,-25.161
655000.000,1637000.000,-22.061
656000.000,1637000.000,-18.280
657000.000,1637000.000,-20.519
658000.000,1637000.000,-27.248
659000.000,1637000.000,-36.858
660000.000,1637000.000,-43.525
661000.000,1637000.000,-49.479
662000.000,1637000.000,-59.840
663000.000,1637000.000,-64.268
664000.000,1637000.000,-62.939
665000.000,1637000.000,-62.748
666000.000,1637000.000,-62.979
667000.000,1637000.000,-62.268
668000.000,1637000.000,-58.065
669000.000,1637000.000,-54.059
670000.000,1637000.000,-49.680
671000.000,1637000.000,-46.299
672000.000,1637000.000,-42.981
673000.000,1637000.000,-39.251
674000.000,1637000.000,-33.784
675000.000,1637000.000,-27.624
676000.000,1637000.000,-21.138
677000.000,1637000.000,-15.583
678000.000,1637000.000,-9.883
679000.000,1637000.000,-4.222
680000.000,1637000.000,0.159
681000.000,1637000.000,3.458
682000.000,1637000.000,5.719
683000.000,1637000.000,9.880
684000.000,1637000.000,14.235
685000.000,1637000.000,17.307
686000.000,1637000.000,20.286
687000.000,1637000.000,25.668
688000.000,1637000.000,33.889
689000.000,1637000.000,37.091
690000.000,1637000.000,39.746
691000.000,1637000.000,41.539
692000.000,1637000.000,34.679
693000.000,1637000.000,24.526
694000.000,1637000.000,20.115
695000.000,1637000.000,17.092
696000.000,1637000.000,11.332
697000.000,1637000.000,5.826
698000.000,1637000.000,-3.467
699000.000,1637000.000,-10.728
700000.000,1637000.000,-15.800
701000.000,1637000.000,-23.589
702000.000,1637000.000,-32.187
703000.000,1637000.000,-32.247
704000.000,1637000.000,-24.318
705000.000,1637000.000,-16.415
706000.000,1637000.000,-12.150
707000.000,1637000.000,-10.240
708000.000,1637000.000,-11.926
709000.000,1637000.000,-21.702
710000.000,1637000.000,-35.157
711000.000,1637000.000,-49.659
641000.000,1636000.000,-57.941
642000.000,1636000.000,-59.130
643000.000,1636000.000,-55.649
644000.000,1636000.000,-55.432
645000.000,1636000.000,-55.346
646000.000,1636000.000,-52.393
647000.000,1636000.000,-47.378
648000.000,1636000.000,-37.796
649000.000,1636000.000,-28.923
650000.000,1636000.000,-25.765
651000.000,1636000.000,-25.530
652000.000,1636000.000,-26.616
653000.000,1636000.000,-27.663
654000.000,1636000.000,-27.180
655000.000,1636000.000,-24.110
656000.000,1636000.000,-20.430
657000.000,1636000.000,-18.352
658000.000,1636000.000,-22.178
659000.000,1636000.000,-29.811
660000.000,1636000.000,-39.817
661000.000,1636000.000,-51.326
662000.000,1636000.000,-59.844
663000.000,1636000.000,-65.459
664000.000,1636000.000,-67.047
665000.000,1636000.000,-67.212
666000.000,1636000.000,-68.203
667000.000,1636000.000,-68.595
668000.000,1636000.000,-64.714
669000.000,1636000.000,-60.144
670000.000,1636000.000,-54.944
671000.000,1636000.000,-51.064
672000.000,1636000.000,-46.229
673000.000,1636000.000,-41.371
674000.000,1636000.000,-35.833
675000.000,1636000.000,-29.109
676000.000,1636000.000,-24.377
677000.000,1636000.000,-19.602
678000.000,1636000.000,-15.157
679000.000,1636000.000,-10.712
680000.000,1636000.000,-7.904
681000.000,1636000.000,-7.544
682000.000,1636000.000,-4.808
683000.000,1636000.000,-0.345
684000.000,1636000.000,6.810
685000.000,1636000.000,13.419
686000.000,1636000.000,19.485
687000.000,1636000.000,25.723
688000.000,1636000.000,32.884
689000.000,1636000.000,40.102
690000.000,1636000.000,43.340
691000.000,1636000.000,41.286
692000.000,1636000.000,38.838
693000.000,1636000.000,38.385
694000.000,1636000.000,38.132
695000.000,1636000.000,36.746
696000.000,1636000.000,32.556
697000.000,1636000.000,26.934
698000.000,1636000.000,22.316
699000.000,1636000.000,17.525
700000.000,1636000.000,7.568
701000.000,1636000.000,1.523
702000.000,1636000.000,-4.728
703000.000,1636000.000,-18.996
704000.000,1636000.000,-24.862
705000.000,1636000.000,-21.902
706000.000,1636000.000,-16.235
707000.000,1636000.000,-12.986
708000.000,1636000.000,-13.120
709000.000,1636000.000,-19.128
710000.000,1636000.000,-31.697
711000.000,1636000.000,-45.442
641000.000,1635000.000,-57.175
642000.000,1635000.000,-51.999
643000.000,1635000.000,-48.125
644000.000,1635000.000,-49.480
645000.000,1635000.000,-55.042
646000.000,1635000.000,-52.329
647000.000,1635000.000,-51.596
648000.000,1635000.000,-47.237
649000.000,1635000.000,-39.852
650000.000,1635000.000,-33.605
651000.000,1635000.000,-28.538
652000.000,1635000.000,-28.245
653000.000,1635000.000,-28.222
654000.000,1635000.000,-25.382
655000.000,1635000.000,-22.167
656000.000,1635000.000,-20.885
657000.000,1635000.000,-21.531
658000.000,1635000.000,-28.166
659000.000,1635000.000,-38.060
660000.000,1635000.000,-44.542
661000.000,1635000.000,-46.435
662000.000,1635000.000,-50.948
663000.000,1635000.000,-58.221
664000.000,1635000.000,-66.088
665000.000,1635000.000,-69.761
666000.000,1635000.000,-73.978
667000.000,1635000.000,-77.193
668000.000,1635000.000,-75.703
669000.000,1635000.000,-67.067
670000.000,1635000.000,-59.824
671000.000,1635000.000,-55.199
672000.000,1635000.000,-50.897
673000.000,1635000.000,-46.368
674000.000,1635000.000,-42.770
675000.000,1635000.000,-39.937
676000.000,1635000.000,-38.407
677000.000,1635000.000,-33.948
678000.000,1635000.000,-26.144
679000.000,1635000.000,-18.569
680000.000,1635000.000,-14.115
681000.000,1635000.000,-13.071
682000.000,1635000.000,-12.232
683000.000,1635000.000,-9.256
684000.000,1635000.000,-2.609
685000.000,1635000.000,7.112
686000.000,1635000.000,16.702
687000.000,1635000.000,24.944
688000.000,1635000.000,33.218
689000.000,1635000.000,40.564
690000.000,1635000.000,42.905
691000.000,1635000.000,40.720
692000.000,1635000.000,37.237
693000.000,1635000.000,40.892
694000.000,1635000.000,46.134
695000.000,1635000.000,50.264
696000.000,1635000.000,52.029
697000.000,1635000.000,48.131
698000.000,1635000.000,45.242
699000.000,1635000.000,41.611
700000.000,1635000.000,33.864
701000.000,1635000.000,24.189
702000.000,1635000.000,11.090
703000.000,1635000.000,-5.947
704000.000,1635000.000,-19.973
705000.000,1635000.000,-27.677
706000.000,1635000.000,-29.057
707000.000,1635000.000,-29.446
708000.000,1635000.000,-34.756
709000.000,1635000.000,-41.404
710000.000,1635000.000,-43.419
711000.000,1635000.000,-43.675
641000.000,1634000.000,-56.142
642000.000,1634000.000,-49.611
643000.000,1634000.000,-47.482
644000.000,1634000.000,-46.539
645000.000,1634000.000,-47.557
646000.000,1634000.000,-48.241
647000.000,1634000.000,-41.070
648000.000,1634000.000,-46.440
649000.000,1634000.000,-49.627
650000.000,1634000.000,-41.491
651000.000,1634000.000,-29.958
652000.000,1634000.000,-21.718
653000.000,1634000.000,-18.854
654000.000,1634000.000,-20.048
655000.000,1634000.000,-22.011
656000.000,1634000.000,-22.632
657000.000,1634000.000,-20.719
658000.000,1634000.000,-19.971
659000.000,1634000.000,-29.728
660000.000,1634000.000,-46.720
661000.000,1634000.000,-52.617
662000.000,1634000.000,-56.025
663000.000,1634000.000,-61.546
664000.000,1634000.000,-68.247
665000.000,1634000.000,-74.527
666000.000,1634000.000,-79.927
667000.000,1634000.000,-82.861
668000.000,1634000.000,-78.247
669000.000,1634000.000,-69.657
670000.000,1634000.000,-66.298
671000.000,1634000.000,-61.358
672000.000,1634000.000,-56.353
673000.000,1634000.000,-53.820
674000.000,1634000.000,-51.589
675000.000,1634000.000,-50.482
676000.000,1634000.000,-49.729
677000.000,1634000.000,-48.941
678000.000,1634000.000,-44.900
679000.000,1634000.000,-32.807
680000.000,1634000.000,-21.153
681000.000,1634000.000,-14.651
682000.000,1634000.000,-12.185
683000.000,1634000.000,-10.346
684000.000,1634000.000,-6.451
685000.000,1634000.000,0.436
686000.000,1634000.000,9.407
687000.000,1634000.000,19.173
688000.000,1634000.000,25.725
689000.000,1634000.000,28.656
690000.000,1634000.000,28.354
691000.000,1634000.000,24.831
692000.000,1634000.000,25.399
693000.000,1634000.000,31.727
694000.000,1634000.000,40.555
695000.000,1634000.000,48.906
696000.000,1634000.000,50.144
697000.000,1634000.000,48.844
698000.000,1634000.000,46.906
699000.000,1634000.000,42.303
700000.000,1634000.000,33.480
701000.000,1634000.000,19.049
702000.000,1634000.000,0.569
703000.000,1634000.000,-17.208
704000.000,1634000.000,-35.950
705000.000,1634000.000,-52.902
706000.000,1634000.000,-60.714
707000.000,1634000.000,-61.621
708000.000,1634000.000,-63.105
709000.000,1634000.000,-65.399
710000.000,1634000.000,-67.318
711000.000,1634000.000,-70.398
