x,y,z,tmi
641000.000,1704000.000,1014.781,110.906
642000.000,1704000.000,1031.894,99.862
643000.000,1704000.000,1072.742,95.398
644000.000,1704000.000,1120.812,83.582
645000.000,1704000.000,1124.948,61.119
646000.000,1704000.000,1146.820,23.974
647000.000,1704000.000,1086.340,7.913
648000.000,1704000.000,1124.661,31.806
649000.000,1704000.000,1127.706,52.860
650000.000,1704000.000,1061.811,52.363
651000.000,1704000.000,1038.605,40.157
652000.000,1704000.000,1066.635,24.929
653000.000,1704000.000,1055.322,13.812
654000.000,1704000.000,1056.214,-3.409
655000.000,1704000.000,1033.894,-18.968
656000.000,1704000.000,1073.474,-26.777
657000.000,1704000.000,1051.876,-36.365
658000.000,1704000.000,1019.260,-45.922
659000.000,1704000.000,984.581,-54.612
660000.000,1704000.000,971.675,-57.539
661000.000,1704000.000,994.013,-70.925
662000.000,1704000.000,961.491,-90.344
663000.000,1704000.000,941.006,-99.959
664000.000,1704000.000,939.481,-105.306
665000.000,1704000.000,916.024,-94.739
666000.000,1704000.000,895.759,-95.371
667000.000,1704000.000,894.307,-91.297
668000.000,1704000.000,893.165,-87.501
669000.000,1704000.000,890.096,-81.434
670000.000,1704000.000,884.761,-76.034
671000.000,1704000.000,890.273,-86.121
672000.000,1704000.000,899.942,-80.361
673000.000,1704000.000,908.614,-88.404
674000.000,1704000.000,913.915,-86.125
675000.000,1704000.000,914.219,-52.633
676000.000,1704000.000,912.907,-87.990
677000.000,1704000.000,903.729,-167.661
678000.000,1704000.000,906.763,-182.723
679000.000,1704000.000,898.327,-116.804
680000.000,1704000.000,894.893,-32.652
681000.000,1704000.000,904.693,-82.610
682000.000,1704000.000,894.368,-81.920
683000.000,1704000.000,902.529,-67.588
684000.000,1704000.000,908.690,-57.508
685000.000,1704000.000,910.770,-56.709
686000.000,1704000.000,909.836,-51.746
687000.000,1704000.000,911.943,-44.471
688000.000,1704000.000,913.288,-40.348
689000.000,1704000.000,910.474,-36.148
690000.000,1704000.000,910.470,-39.607
691000.000,1704000.000,904.744,-41.252
692000.000,1704000.000,898.798,-33.693
693000.000,1704000.000,902.616,-23.833
694000.000,1704000.000,900.076,-15.352
695000.000,1704000.000,897.864,-19.859
696000.000,1704000.000,901.363,-41.191
697000.000,1704000.000,902.954,-52.337
698000.000,1704000.000,907.185,-48.981
699000.000,1704000.000,911.598,-39.798
700000.000,1704000.000,919.221,-23.435
701000.000,1704000.000,927.648,1.624
702000.000,1704000.000,965.877,24.256
703000.000,1704000.000,924.650,56.138
704000.000,1704000.000,917.615,109.099
705000.000,1704000.000,912.546,176.130
706000.000,1704000.000,905.334,216.913
707000.000,1704000.000,900.970,150.275
708000.000,1704000.000,898.626,85.996
709000.000,1704000.000,893.128,32.388
710000.000,1704000.000,893.756,5.249
711000.000,1704000.000,891.011,-2.211
641000.000,1703000.000,1008.209,124.902
642000.000,1703000.000,1008.664,104.004
643000.000,1703000.000,1015.027,77.526
644000.000,1703000.000,1086.211,66.605
645000.000,1703000.000,1041.476,55.894
646000.000,1703000.000,1065.712,48.261
647000.000,1703000.000,1070.980,61.727
648000.000,1703000.000,1059.561,104.623
649000.000,1703000.000,1052.267,104.120
650000.000,1703000.000,1050.925,85.013
651000.000,1703000.000,1064.039,61.822
652000.000,1703000.000,1082.601,45.376
653000.000,1703000.000,1082.136,32.763
654000.000,1703000.000,1084.491,19.453
655000.000,1703000.000,1063.169,3.397
656000.000,1703000.000,1065.647,-8.626
657000.000,1703000.000,1023.806,-17.488
658000.000,1703000.000,971.229,-26.546
659000.000,1703000.000,958.465,-30.239
660000.000,1703000.000,987.627,-32.681
661000.000,1703000.000,963.217,-27.706
662000.000,1703000.000,961.159,-57.008
663000.000,1703000.000,944.252,-108.497
664000.000,1703000.000,926.636,-127.372
665000.000,1703000.000,919.434,-125.573
666000.000,1703000.000,896.843,-101.340
667000.000,1703000.000,889.143,-119.912
668000.000,1703000.000,888.289,-122.887
669000.000,1703000.000,890.776,-108.285
670000.000,1703000.000,893.238,-88.061
671000.000,1703000.000,895.674,-66.535
672000.000,1703000.000,900.033,-73.681
673000.000,1703000.000,912.557,-74.570
674000.000,1703000.000,920.167,-72.145
675000.000,1703000.000,914.974,-65.630
676000.000,1703000.000,909.212,-59.856
677000.000,1703000.000,905.495,-43.322
678000.000,1703000.000,909.653,-87.328
679000.000,1703000.000,898.875,-135.387
680000.000,1703000.000,899.880,-103.253
681000.000,1703000.000,909.033,-116.205
682000.000,1703000.000,899.543,-84.786
683000.000,1703000.000,899.980,-75.322
684000.000,1703000.000,907.676,-74.576
685000.000,1703000.000,913.041,-69.835
686000.000,1703000.000,914.298,-63.402
687000.000,1703000.000,917.882,-53.832
688000.000,1703000.000,917.389,-43.753
689000.000,1703000.000,918.573,-49.408
690000.000,1703000.000,914.987,-47.201
691000.000,1703000.000,904.142,-40.273
692000.000,1703000.000,905.474,-36.277
693000.000,1703000.000,910.896,-22.245
694000.000,1703000.000,906.817,-10.130
695000.000,1703000.000,899.439,-6.077
696000.000,1703000.000,899.442,-29.278
697000.000,1703000.000,904.803,-46.865
698000.000,1703000.000,909.213,-51.684
699000.000,1703000.000,913.009,-49.374
700000.000,1703000.000,917.093,-32.443
701000.000,1703000.000,922.606,-0.143
702000.000,1703000.000,934.103,20.417
703000.000,1703000.000,938.772,51.695
704000.000,1703000.000,922.134,89.501
705000.000,1703000.000,914.011,143.527
706000.000,1703000.000,913.978,222.315
707000.000,1703000.000,913.271,286.823
708000.000,1703000.000,906.113,213.838
709000.000,1703000.000,895.872,121.098
710000.000,1703000.000,899.724,68.594
711000.000,1703000.000,894.472,16.906
641000.000,1702000.000,1001.755,110.184
642000.000,1702000.000,1007.708,120.355
643000.000,1702000.000,1022.479,142.242
644000.000,1702000.000,1024.034,146.688
645000.000,1702000.000,1033.799,140.759
646000.000,1702000.000,1041.848,148.438
647000.000,1702000.000,1049.474,157.319
648000.000,1702000.000,1038.826,148.329
649000.000,1702000.000,1030.267,130.938
650000.000,1702000.000,1036.526,112.369
651000.000,1702000.000,1054.678,91.376
652000.000,1702000.000,1077.779,72.828
653000.000,1702000.000,1077.080,59.590
654000.000,1702000.000,1074.118,45.901
655000.000,1702000.000,1043.711,29.350
656000.000,1702000.000,1073.856,14.664
657000.000,1702000.000,1032.203,0.638
658000.000,1702000.000,1009.528,-10.241
659000.000,1702000.000,944.915,-14.790
660000.000,1702000.000,942.463,-17.095
661000.000,1702000.000,938.210,-27.869
662000.000,1702000.000,932.083,-33.711
663000.000,1702000.000,915.501,-37.360
664000.000,1702000.000,925.325,-88.045
665000.000,1702000.000,910.592,-115.011
666000.000,1702000.000,896.312,-132.430
667000.000,1702000.000,896.118,-110.867
668000.000,1702000.000,898.718,-119.050
669000.000,1702000.000,897.378,-103.087
670000.000,1702000.000,894.791,-77.192
671000.000,1702000.000,900.167,-54.966
672000.000,1702000.000,906.587,-40.462
673000.000,1702000.000,918.716,-53.581
674000.000,1702000.000,920.204,-65.819
675000.000,1702000.000,914.063,-67.899
676000.000,1702000.000,909.581,-67.007
677000.000,1702000.000,912.185,-60.396
678000.000,1702000.000,909.012,-53.044
679000.000,1702000.000,900.223,-22.337
680000.000,1702000.000,902.214,-111.954
681000.000,1702000.000,912.047,-76.269
682000.000,1702000.000,905.948,-86.108
683000.000,1702000.000,900.520,-86.282
684000.000,1702000.000,901.888,-79.109
685000.000,1702000.000,914.902,-74.676
686000.000,1702000.000,919.669,-70.855
687000.000,1702000.000,923.758,-66.029
688000.000,1702000.000,925.862,-68.194
689000.000,1702000.000,920.479,-66.594
690000.000,1702000.000,910.241,-57.540
691000.000,1702000.000,911.475,-51.594
692000.000,1702000.000,909.924,-33.096
693000.000,1702000.000,921.954,-9.480
694000.000,1702000.000,908.654,7.551
695000.000,1702000.000,905.449,-1.430
696000.000,1702000.000,904.873,0.483
697000.000,1702000.000,903.181,-7.526
698000.000,1702000.000,906.753,-32.408
699000.000,1702000.000,910.261,-43.153
700000.000,1702000.000,914.162,-37.834
701000.000,1702000.000,918.106,-24.613
702000.000,1702000.000,925.192,8.635
703000.000,1702000.000,946.451,23.840
704000.000,1702000.000,948.788,47.704
705000.000,1702000.000,921.396,80.193
706000.000,1702000.000,919.068,116.227
707000.000,1702000.000,917.035,157.360
708000.000,1702000.000,907.010,147.702
709000.000,1702000.000,898.039,92.247
710000.000,1702000.000,903.816,83.456
711000.000,1702000.000,898.972,69.402
641000.000,1701000.000,1000.655,60.104
642000.000,1701000.000,1040.333,105.421
643000.000,1701000.000,1017.289,149.276
644000.000,1701000.000,1015.037,163.939
645000.000,1701000.000,1024.018,166.570
646000.000,1701000.000,1026.607,164.721
647000.000,1701000.000,1032.540,167.187
648000.000,1701000.000,1085.226,156.408
649000.000,1701000.000,1010.766,142.268
650000.000,1701000.000,1047.063,125.136
651000.000,1701000.000,1059.236,107.869
652000.000,1701000.000,1047.150,98.231
653000.000,1701000.000,1020.151,85.154
654000.000,1701000.000,1028.416,73.641
655000.000,1701000.000,980.456,60.573
656000.000,1701000.000,1021.436,51.215
657000.000,1701000.000,996.688,40.822
658000.000,1701000.000,952.012,25.814
659000.000,1701000.000,933.811,13.713
660000.000,1701000.000,937.379,4.984
661000.000,1701000.000,941.514,-5.213
662000.000,1701000.000,919.111,-7.871
663000.000,1701000.000,939.140,-0.496
664000.000,1701000.000,905.895,-5.927
665000.000,1701000.000,898.538,-56.402
666000.000,1701000.000,916.467,-89.815
667000.000,1701000.000,908.112,-89.528
668000.000,1701000.000,922.809,-72.408
669000.000,1701000.000,901.353,-112.783
670000.000,1701000.000,901.086,-92.229
671000.000,1701000.000,900.478,-69.345
672000.000,1701000.000,909.022,-60.312
673000.000,1701000.000,919.769,-61.864
674000.000,1701000.000,918.287,-45.340
675000.000,1701000.000,914.469,-47.693
676000.000,1701000.000,914.836,-47.415
677000.000,1701000.000,915.240,-40.609
678000.000,1701000.000,904.200,-21.451
679000.000,1701000.000,901.541,123.210
680000.000,1701000.000,900.964,129.812
681000.000,1701000.000,911.833,-4.262
682000.000,1701000.000,911.328,-51.625
683000.000,1701000.000,906.116,-63.517
684000.000,1701000.000,905.713,-70.203
685000.000,1701000.000,903.576,-71.849
686000.000,1701000.000,911.927,-67.247
687000.000,1701000.000,918.689,-73.054
688000.000,1701000.000,928.111,-76.964
689000.000,1701000.000,919.958,-71.866
690000.000,1701000.000,912.205,-56.992
691000.000,1701000.000,916.901,-44.723
692000.000,1701000.000,918.516,-39.029
693000.000,1701000.000,916.043,-36.260
694000.000,1701000.000,912.892,-28.894
695000.000,1701000.000,913.484,-11.257
696000.000,1701000.000,913.584,-18.582
697000.000,1701000.000,908.726,-43.480
698000.000,1701000.000,908.576,-58.702
699000.000,1701000.000,917.299,-70.101
700000.000,1701000.000,919.913,-56.322
701000.000,1701000.000,922.720,-40.171
702000.000,1701000.000,927.748,-15.920
703000.000,1701000.000,934.013,-1.308
704000.000,1701000.000,960.109,-9.220
705000.000,1701000.000,932.981,16.114
706000.000,1701000.000,917.887,53.283
707000.000,1701000.000,910.541,83.577
708000.000,1701000.000,904.154,111.879
709000.000,1701000.000,901.201,99.496
710000.000,1701000.000,908.261,69.613
711000.000,1701000.000,904.836,62.268
641000.000,1700000.000,992.529,122.808
642000.000,1700000.000,1006.057,123.236
643000.000,1700000.000,1021.649,130.165
644000.000,1700000.000,1015.991,134.037
645000.000,1700000.000,1022.532,136.629
646000.000,1700000.000,996.057,149.394
647000.000,1700000.000,998.721,157.538
648000.000,1700000.000,987.495,153.063
649000.000,1700000.000,987.679,141.609
650000.000,1700000.000,1008.527,131.261
651000.000,1700000.000,1038.943,117.830
652000.000,1700000.000,1049.702,111.166
653000.000,1700000.000,1013.422,103.580
654000.000,1700000.000,1006.764,97.372
655000.000,1700000.000,971.388,82.185
656000.000,1700000.000,985.577,64.822
657000.000,1700000.000,948.956,52.656
658000.000,1700000.000,949.663,42.094
659000.000,1700000.000,952.571,30.838
660000.000,1700000.000,931.733,25.954
661000.000,1700000.000,922.177,22.594
662000.000,1700000.000,912.578,19.066
663000.000,1700000.000,912.728,15.036
664000.000,1700000.000,900.448,19.629
665000.000,1700000.000,905.540,-11.450
666000.000,1700000.000,912.152,-39.350
667000.000,1700000.000,956.651,-60.924
668000.000,1700000.000,910.832,-50.083
669000.000,1700000.000,912.997,-89.018
670000.000,1700000.000,905.912,-108.860
671000.000,1700000.000,909.423,-91.143
672000.000,1700000.000,912.302,-66.144
673000.000,1700000.000,923.652,-48.109
674000.000,1700000.000,920.586,-34.241
675000.000,1700000.000,920.748,-25.724
676000.000,1700000.000,920.528,-16.975
677000.000,1700000.000,915.802,-16.196
678000.000,1700000.000,906.328,-6.834
679000.000,1700000.000,905.028,24.957
680000.000,1700000.000,902.046,45.057
681000.000,1700000.000,914.394,4.699
682000.000,1700000.000,915.843,-30.189
683000.000,1700000.000,910.567,-48.962
684000.000,1700000.000,909.522,-54.944
685000.000,1700000.000,904.382,-49.854
686000.000,1700000.000,914.530,-57.481
687000.000,1700000.000,920.662,-70.379
688000.000,1700000.000,928.468,-64.433
689000.000,1700000.000,922.792,-48.407
690000.000,1700000.000,916.890,-40.630
691000.000,1700000.000,921.034,-35.671
692000.000,1700000.000,934.688,-36.415
693000.000,1700000.000,928.663,-40.590
694000.000,1700000.000,923.237,-40.515
695000.000,1700000.000,925.160,-39.223
696000.000,1700000.000,921.452,-33.161
697000.000,1700000.000,915.419,-41.110
698000.000,1700000.000,910.208,-41.154
699000.000,1700000.000,910.897,-41.913
700000.000,1700000.000,913.905,-41.364
701000.000,1700000.000,918.981,-28.253
702000.000,1700000.000,923.244,-26.235
703000.000,1700000.000,930.654,-19.222
704000.000,1700000.000,942.932,0.480
705000.000,1700000.000,944.670,-15.566
706000.000,1700000.000,918.637,14.135
707000.000,1700000.000,911.275,30.312
708000.000,1700000.000,905.430,59.012
709000.000,1700000.000,907.620,66.803
710000.000,1700000.000,910.429,53.539
711000.000,1700000.000,904.728,55.802
641000.000,1699000.000,993.172,83.834
642000.000,1699000.000,1013.966,61.369
643000.000,1699000.000,1054.491,49.466
644000.000,1699000.000,1045.636,65.423
645000.000,1699000.000,984.897,82.810
646000.000,1699000.000,983.728,109.688
647000.000,1699000.000,997.564,128.964
648000.000,1699000.000,985.752,127.444
649000.000,1699000.000,967.567,128.155
650000.000,1699000.000,975.923,128.626
651000.000,1699000.000,961.777,125.088
652000.000,1699000.000,973.421,117.032
653000.000,1699000.000,995.478,113.461
654000.000,1699000.000,974.572,112.615
655000.000,1699000.000,963.720,107.598
656000.000,1699000.000,948.351,91.573
657000.000,1699000.000,935.774,80.209
658000.000,1699000.000,936.374,70.904
659000.000,1699000.000,938.255,49.762
660000.000,1699000.000,928.268,35.196
661000.000,1699000.000,945.611,24.323
662000.000,1699000.000,917.073,29.382
663000.000,1699000.000,906.634,35.668
664000.000,1699000.000,918.548,34.046
665000.000,1699000.000,928.457,12.077
666000.000,1699000.000,943.130,-17.264
667000.000,1699000.000,952.960,-33.971
668000.000,1699000.000,927.349,-46.295
669000.000,1699000.000,913.996,-27.214
670000.000,1699000.000,921.509,-77.352
671000.000,1699000.000,918.822,-91.447
672000.000,1699000.000,913.972,-63.380
673000.000,1699000.000,924.687,-28.660
674000.000,1699000.000,925.473,-12.594
675000.000,1699000.000,921.645,-10.739
676000.000,1699000.000,916.520,-10.141
677000.000,1699000.000,911.034,-3.210
678000.000,1699000.000,909.285,13.671
679000.000,1699000.000,909.208,12.396
680000.000,1699000.000,904.506,1.100
681000.000,1699000.000,912.108,3.556
682000.000,1699000.000,917.876,-25.860
683000.000,1699000.000,914.994,-32.626
684000.000,1699000.000,913.887,-26.372
685000.000,1699000.000,906.119,-32.987
686000.000,1699000.000,913.304,-38.898
687000.000,1699000.000,917.922,-40.086
688000.000,1699000.000,924.323,-40.501
689000.000,1699000.000,928.310,-54.533
690000.000,1699000.000,922.163,-61.927
691000.000,1699000.000,926.208,-57.744
692000.000,1699000.000,937.824,-50.662
693000.000,1699000.000,942.011,-38.589
694000.000,1699000.000,932.685,-36.916
695000.000,1699000.000,963.445,-35.859
696000.000,1699000.000,933.366,-24.050
697000.000,1699000.000,927.408,-2.763
698000.000,1699000.000,919.448,-4.993
699000.000,1699000.000,916.443,0.365
700000.000,1699000.000,915.396,-10.749
701000.000,1699000.000,919.661,-18.503
702000.000,1699000.000,922.481,-12.747
703000.000,1699000.000,927.692,-4.142
704000.000,1699000.000,934.651,7.457
705000.000,1699000.000,929.667,-15.550
706000.000,1699000.000,921.146,-28.691
707000.000,1699000.000,914.035,-20.942
708000.000,1699000.000,911.615,0.044
709000.000,1699000.000,917.223,19.909
710000.000,1699000.000,913.931,26.730
711000.000,1699000.000,907.818,25.988
641000.000,1698000.000,982.167,79.150
642000.000,1698000.000,983.138,74.571
643000.000,1698000.000,1009.708,69.314
644000.000,1698000.000,998.644,70.644
645000.000,1698000.000,978.868,68.281
646000.000,1698000.000,971.978,93.726
647000.000,1698000.000,987.329,102.074
648000.000,1698000.000,979.682,110.994
649000.000,1698000.000,955.066,114.550
650000.000,1698000.000,956.861,113.291
651000.000,1698000.000,958.142,119.648
652000.000,1698000.000,954.313,125.423
653000.000,1698000.000,1008.690,131.211
654000.000,1698000.000,947.937,129.972
655000.000,1698000.000,956.934,128.157
656000.000,1698000.000,958.102,119.924
657000.000,1698000.000,936.477,99.322
658000.000,1698000.000,924.101,78.420
659000.000,1698000.000,970.354,61.905
660000.000,1698000.000,916.769,52.514
661000.000,1698000.000,909.626,52.672
662000.000,1698000.000,908.933,52.976
663000.000,1698000.000,916.305,48.348
664000.000,1698000.000,923.552,41.045
665000.000,1698000.000,952.184,35.560
666000.000,1698000.000,955.315,27.431
667000.000,1698000.000,969.094,10.327
668000.000,1698000.000,951.663,-14.657
669000.000,1698000.000,918.899,-12.762
670000.000,1698000.000,925.279,-6.904
671000.000,1698000.000,929.514,-37.383
672000.000,1698000.000,925.215,-68.595
673000.000,1698000.000,927.338,-59.204
674000.000,1698000.000,927.801,-31.657
675000.000,1698000.000,922.444,-1.058
676000.000,1698000.000,920.948,8.247
677000.000,1698000.000,918.520,-7.171
678000.000,1698000.000,913.785,-7.395
679000.000,1698000.000,911.701,5.523
680000.000,1698000.000,906.542,-0.051
681000.000,1698000.000,912.382,-10.479
682000.000,1698000.000,920.118,-19.235
683000.000,1698000.000,918.983,-31.718
684000.000,1698000.000,916.872,-57.886
685000.000,1698000.000,908.843,-70.368
686000.000,1698000.000,919.646,-67.753
687000.000,1698000.000,924.151,-57.891
688000.000,1698000.000,928.492,-60.294
689000.000,1698000.000,932.807,-62.260
690000.000,1698000.000,931.934,-60.805
691000.000,1698000.000,932.121,-60.045
692000.000,1698000.000,940.279,-51.499
693000.000,1698000.000,983.076,-45.672
694000.000,1698000.000,1015.978,-40.393
695000.000,1698000.000,990.619,-38.819
696000.000,1698000.000,988.719,-34.615
697000.000,1698000.000,974.274,-20.845
698000.000,1698000.000,929.368,-8.444
699000.000,1698000.000,921.183,-18.919
700000.000,1698000.000,918.781,-38.560
701000.000,1698000.000,923.739,-37.384
702000.000,1698000.000,929.576,-28.906
703000.000,1698000.000,931.512,-21.728
704000.000,1698000.000,931.744,-17.766
705000.000,1698000.000,925.609,-4.004
706000.000,1698000.000,921.793,-32.947
707000.000,1698000.000,914.930,-38.548
708000.000,1698000.000,915.468,-28.989
709000.000,1698000.000,921.692,-11.682
710000.000,1698000.000,918.741,-2.877
711000.000,1698000.000,912.887,6.404
641000.000,1697000.000,972.398,149.405
642000.000,1697000.000,972.474,155.566
643000.000,1697000.000,969.908,151.510
644000.000,1697000.000,968.873,143.159
645000.000,1697000.000,969.497,143.204
646000.000,1697000.000,996.945,146.535
647000.000,1697000.000,958.093,153.052
648000.000,1697000.000,951.407,163.408
649000.000,1697000.000,947.510,160.561
650000.000,1697000.000,945.008,164.424
651000.000,1697000.000,944.179,175.427
652000.000,1697000.000,939.966,182.354
653000.000,1697000.000,938.164,185.648
654000.000,1697000.000,928.562,174.570
655000.000,1697000.000,935.837,154.619
656000.000,1697000.000,927.926,132.357
657000.000,1697000.000,941.343,110.881
658000.000,1697000.000,908.487,98.540
659000.000,1697000.000,935.555,90.536
660000.000,1697000.000,909.349,72.577
661000.000,1697000.000,919.321,65.853
662000.000,1697000.000,915.040,56.652
663000.000,1697000.000,959.363,48.169
664000.000,1697000.000,933.958,45.071
665000.000,1697000.000,956.575,49.177
666000.000,1697000.000,992.060,45.963
667000.000,1697000.000,996.764,9.351
668000.000,1697000.000,1010.291,-13.720
669000.000,1697000.000,962.341,-18.314
670000.000,1697000.000,932.062,-8.519
671000.000,1697000.000,936.092,-45.762
672000.000,1697000.000,973.583,-67.693
673000.000,1697000.000,953.857,-71.225
674000.000,1697000.000,929.347,-34.356
675000.000,1697000.000,928.852,-18.089
676000.000,1697000.000,927.586,-7.753
677000.000,1697000.000,921.479,-8.180
678000.000,1697000.000,916.599,-38.989
679000.000,1697000.000,916.597,-39.446
680000.000,1697000.000,909.232,-40.099
681000.000,1697000.000,914.078,-49.916
682000.000,1697000.000,919.083,-53.326
683000.000,1697000.000,921.248,-59.865
684000.000,1697000.000,917.777,-64.623
685000.000,1697000.000,913.109,-61.693
686000.000,1697000.000,914.573,-57.662
687000.000,1697000.000,920.963,-58.648
688000.000,1697000.000,924.791,-67.536
689000.000,1697000.000,929.920,-68.062
690000.000,1697000.000,936.538,-63.207
691000.000,1697000.000,938.086,-54.939
692000.000,1697000.000,942.647,-49.686
693000.000,1697000.000,981.318,-49.204
694000.000,1697000.000,984.630,-42.082
695000.000,1697000.000,993.720,-34.763
696000.000,1697000.000,953.173,-36.880
697000.000,1697000.000,937.743,-33.548
698000.000,1697000.000,928.650,-17.430
699000.000,1697000.000,923.646,-17.704
700000.000,1697000.000,922.299,-20.951
701000.000,1697000.000,926.515,-39.046
702000.000,1697000.000,936.661,-48.241
703000.000,1697000.000,937.607,-51.691
704000.000,1697000.000,931.727,-46.026
705000.000,1697000.000,926.028,-18.954
706000.000,1697000.000,921.608,-19.867
707000.000,1697000.000,918.978,-24.022
708000.000,1697000.000,921.630,-29.692
709000.000,1697000.000,922.053,-39.480
710000.000,1697000.000,918.199,-38.272
711000.000,1697000.000,912.352,-37.468
641000.000,1696000.000,970.382,51.522
642000.000,1696000.000,966.870,85.392
643000.000,1696000.000,964.483,125.989
644000.000,1696000.000,960.576,147.016
645000.000,1696000.000,961.388,158.459
646000.000,1696000.000,952.183,163.458
647000.000,1696000.000,951.110,169.344
648000.000,1696000.000,950.297,176.881
649000.000,1696000.000,951.447,189.670
650000.000,1696000.000,952.055,196.962
651000.000,1696000.000,947.288,198.216
652000.000,1696000.000,940.321,191.716
653000.000,1696000.000,937.524,184.400
654000.000,1696000.000,930.690,173.367
655000.000,1696000.000,919.888,161.088
656000.000,1696000.000,917.777,145.866
657000.000,1696000.000,918.149,131.279
658000.000,1696000.000,945.739,115.692
659000.000,1696000.000,922.050,111.468
660000.000,1696000.000,944.544,110.910
661000.000,1696000.000,916.229,105.679
662000.000,1696000.000,922.770,88.222
663000.000,1696000.000,922.234,57.488
664000.000,1696000.000,931.453,41.680
665000.000,1696000.000,966.978,28.095
666000.000,1696000.000,1022.517,12.030
667000.000,1696000.000,1058.063,-1.107
668000.000,1696000.000,1043.592,-26.590
669000.000,1696000.000,1023.748,-26.377
670000.000,1696000.000,951.448,-15.111
671000.000,1696000.000,973.835,-14.304
672000.000,1696000.000,959.332,9.320
673000.000,1696000.000,941.944,-15.937
674000.000,1696000.000,932.976,-42.063
675000.000,1696000.000,933.893,-24.473
676000.000,1696000.000,931.432,-16.617
677000.000,1696000.000,923.870,-17.313
678000.000,1696000.000,922.762,-9.321
679000.000,1696000.000,920.901,-29.978
680000.000,1696000.000,914.652,-37.920
681000.000,1696000.000,917.760,-44.902
682000.000,1696000.000,921.989,-40.445
683000.000,1696000.000,923.788,-33.144
684000.000,1696000.000,921.113,-32.375
685000.000,1696000.000,914.749,-28.940
686000.000,1696000.000,919.538,-23.220
687000.000,1696000.000,923.861,-34.643
688000.000,1696000.000,927.942,-30.581
689000.000,1696000.000,932.085,-30.496
690000.000,1696000.000,931.331,-35.295
691000.000,1696000.000,937.360,-50.429
692000.000,1696000.000,942.265,-54.934
693000.000,1696000.000,950.813,-46.426
694000.000,1696000.000,955.099,-48.237
695000.000,1696000.000,949.755,-39.952
696000.000,1696000.000,974.497,-31.152
697000.000,1696000.000,942.680,-29.396
698000.000,1696000.000,931.680,-28.239
699000.000,1696000.000,930.862,-23.216
700000.000,1696000.000,926.075,-27.485
701000.000,1696000.000,934.370,-37.461
702000.000,1696000.000,954.137,-73.153
703000.000,1696000.000,940.277,-97.114
704000.000,1696000.000,934.314,-103.854
705000.000,1696000.000,937.369,-29.910
706000.000,1696000.000,930.026,13.069
707000.000,1696000.000,925.644,-12.517
708000.000,1696000.000,926.267,-31.236
709000.000,1696000.000,915.246,-42.858
710000.000,1696000.000,910.423,-47.677
711000.000,1696000.000,905.495,-54.890
641000.000,1695000.000,974.366,45.733
642000.000,1695000.000,972.020,62.636
643000.000,1695000.000,970.329,70.203
644000.000,1695000.000,961.610,96.083
645000.000,1695000.000,954.934,105.150
646000.000,1695000.000,951.891,127.500
647000.000,1695000.000,950.604,148.835
648000.000,1695000.000,948.497,172.581
649000.000,1695000.000,944.396,193.772
650000.000,1695000.000,940.631,207.713
651000.000,1695000.000,940.189,204.307
652000.000,1695000.000,948.643,193.843
653000.000,1695000.000,942.736,186.373
654000.000,1695000.000,937.224,176.958
655000.000,1695000.000,931.529,163.501
656000.000,1695000.000,934.962,150.376
657000.000,1695000.000,930.172,143.298
658000.000,1695000.000,950.762,143.469
659000.000,1695000.000,938.011,139.336
660000.000,1695000.000,935.627,127.457
661000.000,1695000.000,928.264,109.959
662000.000,1695000.000,926.324,90.475
663000.000,1695000.000,942.721,81.475
664000.000,1695000.000,950.452,73.422
665000.000,1695000.000,986.482,62.269
666000.000,1695000.000,1013.628,36.390
667000.000,1695000.000,1072.288,14.496
668000.000,1695000.000,1063.262,-12.438
669000.000,1695000.000,1066.162,-65.955
670000.000,1695000.000,1005.682,-58.151
671000.000,1695000.000,967.080,-23.428
672000.000,1695000.000,963.018,-23.314
673000.000,1695000.000,941.837,-18.985
674000.000,1695000.000,938.878,-24.376
675000.000,1695000.000,941.472,-27.218
676000.000,1695000.000,935.482,-12.305
677000.000,1695000.000,930.562,-3.340
678000.000,1695000.000,926.713,10.194
679000.000,1695000.000,918.123,3.888
680000.000,1695000.000,919.896,-49.840
681000.000,1695000.000,921.191,-32.445
682000.000,1695000.000,922.655,-14.213
683000.000,1695000.000,925.607,-5.849
684000.000,1695000.000,921.782,-5.504
685000.000,1695000.000,918.134,-11.049
686000.000,1695000.000,917.119,-33.424
687000.000,1695000.000,923.549,-34.145
688000.000,1695000.000,926.378,-29.137
689000.000,1695000.000,927.178,-30.432
690000.000,1695000.000,933.536,-48.265
691000.000,1695000.000,938.548,-55.033
692000.000,1695000.000,942.445,-59.165
693000.000,1695000.000,946.539,-59.405
694000.000,1695000.000,954.487,-48.844
695000.000,1695000.000,960.630,-39.616
696000.000,1695000.000,957.006,-31.043
697000.000,1695000.000,945.382,-23.440
698000.000,1695000.000,935.488,-17.539
699000.000,1695000.000,933.584,-13.673
700000.000,1695000.000,931.212,4.926
701000.000,1695000.000,934.946,0.486
702000.000,1695000.000,942.417,-4.375
703000.000,1695000.000,945.091,-31.702
704000.000,1695000.000,942.638,-32.046
705000.000,1695000.000,940.564,4.385
706000.000,1695000.000,932.189,-6.301
707000.000,1695000.000,919.709,-8.301
708000.000,1695000.000,917.597,-10.198
709000.000,1695000.000,911.656,-22.953
710000.000,1695000.000,906.817,-27.262
711000.000,1695000.000,905.411,-36.231
641000.000,1694000.000,981.175,9.427
642000.000,1694000.000,976.411,28.927
643000.000,1694000.000,966.313,53.062
644000.000,1694000.000,960.630,83.136
645000.000,1694000.000,954.194,119.049
646000.000,1694000.000,952.465,142.077
647000.000,1694000.000,956.194,151.236
648000.000,1694000.000,954.754,156.911
649000.000,1694000.000,951.710,156.274
650000.000,1694000.000,973.405,152.807
651000.000,1694000.000,956.390,154.750
652000.000,1694000.000,962.182,154.873
653000.000,1694000.000,950.304,155.461
654000.000,1694000.000,946.280,156.633
655000.000,1694000.000,943.240,169.201
656000.000,1694000.000,937.385,174.042
657000.000,1694000.000,937.009,167.182
658000.000,1694000.000,941.575,159.469
659000.000,1694000.000,946.705,138.159
660000.000,1694000.000,961.617,120.194
661000.000,1694000.000,950.907,107.896
662000.000,1694000.000,935.916,100.303
663000.000,1694000.000,960.341,89.128
664000.000,1694000.000,981.980,84.958
665000.000,1694000.000,991.251,86.687
666000.000,1694000.000,1000.564,101.152
667000.000,1694000.000,1022.912,88.349
668000.000,1694000.000,1060.347,59.007
669000.000,1694000.000,1054.806,42.693
670000.000,1694000.000,1005.503,18.818
671000.000,1694000.000,960.669,-5.624
672000.000,1694000.000,952.032,-6.567
673000.000,1694000.000,970.761,-19.022
674000.000,1694000.000,950.230,-6.068
675000.000,1694000.000,947.240,-10.752
676000.000,1694000.000,938.663,-12.905
677000.000,1694000.000,931.842,-6.786
678000.000,1694000.000,925.657,5.219
679000.000,1694000.000,924.176,21.707
680000.000,1694000.000,922.885,37.376
681000.000,1694000.000,924.773,20.868
682000.000,1694000.000,925.388,9.173
683000.000,1694000.000,926.966,-2.663
684000.000,1694000.000,922.728,-24.889
685000.000,1694000.000,924.217,-24.964
686000.000,1694000.000,921.553,-29.320
687000.000,1694000.000,921.289,-34.001
688000.000,1694000.000,923.402,-35.476
689000.000,1694000.000,926.527,-40.325
690000.000,1694000.000,930.274,-38.301
691000.000,1694000.000,934.756,-31.962
692000.000,1694000.000,939.565,-33.642
693000.000,1694000.000,945.347,-46.784
694000.000,1694000.000,954.875,-49.109
695000.000,1694000.000,956.421,-38.022
696000.000,1694000.000,955.411,-26.951
697000.000,1694000.000,950.787,-16.403
698000.000,1694000.000,942.631,-7.049
699000.000,1694000.000,938.640,3.135
700000.000,1694000.000,939.415,17.144
701000.000,1694000.000,940.133,41.124
702000.000,1694000.000,939.402,38.146
703000.000,1694000.000,939.477,2.489
704000.000,1694000.000,941.228,21.978
705000.000,1694000.000,929.665,-10.309
706000.000,1694000.000,926.438,-46.210
707000.000,1694000.000,917.226,-55.246
708000.000,1694000.000,910.394,-40.042
709000.000,1694000.000,908.526,-34.045
710000.000,1694000.000,910.486,-33.383
711000.000,1694000.000,914.202,-48.298
641000.000,1693000.000,989.815,28.515
642000.000,1693000.000,975.860,56.743
643000.000,1693000.000,970.023,66.519
644000.000,1693000.000,963.573,90.896
645000.000,1693000.000,950.329,109.429
646000.000,1693000.000,958.428,133.581
647000.000,1693000.000,958.428,150.259
648000.000,1693000.000,956.060,153.656
649000.000,1693000.000,960.327,156.658
650000.000,1693000.000,984.957,156.717
651000.000,1693000.000,974.634,151.382
652000.000,1693000.000,974.343,136.606
653000.000,1693000.000,974.256,124.934
654000.000,1693000.000,955.412,129.095
655000.000,1693000.000,950.069,144.629
656000.000,1693000.000,947.327,149.338
657000.000,1693000.000,940.530,144.459
658000.000,1693000.000,945.908,141.370
659000.000,1693000.000,958.770,135.659
660000.000,1693000.000,955.315,136.762
661000.000,1693000.000,944.710,132.377
662000.000,1693000.000,940.338,123.637
663000.000,1693000.000,957.912,111.977
664000.000,1693000.000,964.042,98.519
665000.000,1693000.000,990.485,93.631
666000.000,1693000.000,1012.324,97.125
667000.000,1693000.000,1002.929,108.481
668000.000,1693000.000,1012.586,110.661
669000.000,1693000.000,1040.661,94.351
670000.000,1693000.000,1017.630,60.941
671000.000,1693000.000,1028.452,19.651
672000.000,1693000.000,1032.250,6.589
673000.000,1693000.000,1014.742,-4.357
674000.000,1693000.000,966.400,-13.223
675000.000,1693000.000,944.972,-17.125
676000.000,1693000.000,939.056,-24.006
677000.000,1693000.000,933.577,-16.429
678000.000,1693000.000,928.601,-4.916
679000.000,1693000.000,931.865,1.723
680000.000,1693000.000,926.285,10.790
681000.000,1693000.000,927.728,7.206
682000.000,1693000.000,928.722,-5.797
683000.000,1693000.000,929.294,-10.590
684000.000,1693000.000,925.682,-17.052
685000.000,1693000.000,926.535,-31.333
686000.000,1693000.000,925.170,-21.465
687000.000,1693000.000,925.492,-13.758
688000.000,1693000.000,931.296,-12.258
689000.000,1693000.000,931.129,-9.721
690000.000,1693000.000,931.354,-14.461
691000.000,1693000.000,937.638,-18.486
692000.000,1693000.000,944.597,-9.576
693000.000,1693000.000,949.436,-4.058
694000.000,1693000.000,953.054,-5.218
695000.000,1693000.000,949.437,-11.594
696000.000,1693000.000,945.940,-17.849
697000.000,1693000.000,947.515,-20.657
698000.000,1693000.000,943.009,-19.389
699000.000,1693000.000,940.903,-1.053
700000.000,1693000.000,938.691,41.804
701000.000,1693000.000,935.823,52.117
702000.000,1693000.000,935.588,21.926
703000.000,1693000.000,932.927,-13.043
704000.000,1693000.000,933.767,1.344
705000.000,1693000.000,924.963,31.876
706000.000,1693000.000,920.425,-45.580
707000.000,1693000.000,913.852,-51.079
708000.000,1693000.000,911.698,-104.296
709000.000,1693000.000,914.305,-65.004
710000.000,1693000.000,918.769,-41.119
711000.000,1693000.000,917.749,-28.186
641000.000,1692000.000,984.921,92.356
642000.000,1692000.000,980.732,141.008
643000.000,1692000.000,967.829,166.076
644000.000,1692000.000,959.172,163.625
645000.000,1692000.000,954.267,139.806
646000.000,1692000.000,960.185,127.001
647000.000,1692000.000,959.651,124.045
648000.000,1692000.000,959.770,134.275
649000.000,1692000.000,962.292,149.353
650000.000,1692000.000,966.591,155.186
651000.000,1692000.000,976.117,150.182
652000.000,1692000.000,979.752,145.038
653000.000,1692000.000,972.994,148.470
654000.000,1692000.000,961.748,147.375
655000.000,1692000.000,964.104,140.911
656000.000,1692000.000,956.228,137.914
657000.000,1692000.000,951.277,132.075
658000.000,1692000.000,952.252,125.681
659000.000,1692000.000,969.087,111.034
660000.000,1692000.000,971.030,104.482
661000.000,1692000.000,954.083,106.823
662000.000,1692000.000,953.985,98.848
663000.000,1692000.000,956.277,97.869
664000.000,1692000.000,958.352,95.939
665000.000,1692000.000,960.312,87.449
666000.000,1692000.000,979.865,85.270
667000.000,1692000.000,998.196,88.225
668000.000,1692000.000,995.270,91.239
669000.000,1692000.000,999.993,85.578
670000.000,1692000.000,988.310,72.824
671000.000,1692000.000,978.223,70.686
672000.000,1692000.000,970.639,47.070
673000.000,1692000.000,959.980,17.962
674000.000,1692000.000,967.379,-33.767
675000.000,1692000.000,977.249,-119.557
676000.000,1692000.000,946.481,-74.322
677000.000,1692000.000,938.616,-34.537
678000.000,1692000.000,933.429,-19.368
679000.000,1692000.000,935.969,-10.595
680000.000,1692000.000,928.643,-7.860
681000.000,1692000.000,931.704,-5.679
682000.000,1692000.000,931.571,20.733
683000.000,1692000.000,932.097,20.339
684000.000,1692000.000,926.902,16.433
685000.000,1692000.000,929.538,-16.458
686000.000,1692000.000,930.420,-37.607
687000.000,1692000.000,927.748,-45.531
688000.000,1692000.000,934.638,-48.009
689000.000,1692000.000,941.606,-47.791
690000.000,1692000.000,938.687,-48.007
691000.000,1692000.000,938.002,-56.572
692000.000,1692000.000,944.991,-45.616
693000.000,1692000.000,948.925,-36.320
694000.000,1692000.000,948.104,-30.745
695000.000,1692000.000,944.753,-25.442
696000.000,1692000.000,940.640,-27.536
697000.000,1692000.000,939.344,-35.499
698000.000,1692000.000,935.772,-42.376
699000.000,1692000.000,931.722,-31.265
700000.000,1692000.000,928.381,-10.338
701000.000,1692000.000,928.415,-6.533
702000.000,1692000.000,932.377,-15.176
703000.000,1692000.000,930.515,-20.166
704000.000,1692000.000,924.179,-9.839
705000.000,1692000.000,919.764,14.230
706000.000,1692000.000,915.505,0.892
707000.000,1692000.000,918.655,8.556
708000.000,1692000.000,918.828,-46.858
709000.000,1692000.000,922.808,-94.350
710000.000,1692000.000,923.385,-57.348
711000.000,1692000.000,917.261,-41.984
641000.000,1691000.000,1002.151,236.172
642000.000,1691000.000,974.922,186.581
643000.000,1691000.000,968.497,151.242
644000.000,1691000.000,958.746,142.797
645000.000,1691000.000,960.395,161.273
646000.000,1691000.000,963.915,138.757
647000.000,1691000.000,965.323,126.036
648000.000,1691000.000,965.311,127.751
649000.000,1691000.000,965.194,132.251
650000.000,1691000.000,970.343,139.919
651000.000,1691000.000,973.820,136.351
652000.000,1691000.000,977.785,126.196
653000.000,1691000.000,981.426,116.332
654000.000,1691000.000,973.321,120.093
655000.000,1691000.000,971.554,121.720
656000.000,1691000.000,960.029,115.086
657000.000,1691000.000,954.080,114.044
658000.000,1691000.000,961.984,112.120
659000.000,1691000.000,967.210,105.660
660000.000,1691000.000,967.026,98.575
661000.000,1691000.000,969.086,85.336
662000.000,1691000.000,976.552,65.674
663000.000,1691000.000,989.658,46.960
664000.000,1691000.000,1002.756,41.256
665000.000,1691000.000,995.043,43.887
666000.000,1691000.000,989.559,46.915
667000.000,1691000.000,998.033,39.831
668000.000,1691000.000,1009.921,43.687
669000.000,1691000.000,1021.008,52.443
670000.000,1691000.000,1008.399,47.236
671000.000,1691000.000,986.945,34.799
672000.000,1691000.000,977.006,26.031
673000.000,1691000.000,976.827,7.894
674000.000,1691000.000,998.892,-5.782
675000.000,1691000.000,966.846,79.393
676000.000,1691000.000,950.924,-16.847
677000.000,1691000.000,941.236,-54.917
678000.000,1691000.000,949.803,-38.092
679000.000,1691000.000,941.254,-13.126
680000.000,1691000.000,934.856,25.363
681000.000,1691000.000,930.116,27.528
682000.000,1691000.000,934.340,18.838
683000.000,1691000.000,932.369,19.872
684000.000,1691000.000,932.834,6.994
685000.000,1691000.000,929.540,-25.897
686000.000,1691000.000,935.415,-68.125
687000.000,1691000.000,931.369,-105.972
688000.000,1691000.000,935.996,-119.179
689000.000,1691000.000,946.581,-130.245
690000.000,1691000.000,948.523,-134.957
691000.000,1691000.000,943.566,-122.394
692000.000,1691000.000,950.066,-120.011
693000.000,1691000.000,948.812,-115.018
694000.000,1691000.000,943.052,-113.555
695000.000,1691000.000,940.033,-104.627
696000.000,1691000.000,938.153,-86.891
697000.000,1691000.000,935.897,-68.028
698000.000,1691000.000,934.879,-39.995
699000.000,1691000.000,933.141,-21.735
700000.000,1691000.000,933.452,-16.784
701000.000,1691000.000,927.920,-17.663
702000.000,1691000.000,923.580,-21.527
703000.000,1691000.000,922.068,-25.009
704000.000,1691000.000,920.723,-19.893
705000.000,1691000.000,921.670,6.143
706000.000,1691000.000,924.300,22.923
707000.000,1691000.000,927.946,55.785
708000.000,1691000.000,927.162,82.640
709000.000,1691000.000,928.813,-91.990
710000.000,1691000.000,924.801,-96.760
711000.000,1691000.000,918.531,-60.771
641000.000,1690000.000,994.409,134.798
642000.000,1690000.000,991.913,28.557
643000.000,1690000.000,969.614,77.311
644000.000,1690000.000,963.687,124.771
645000.000,1690000.000,966.994,125.253
646000.000,1690000.000,968.701,120.604
647000.000,1690000.000,971.170,126.646
648000.000,1690000.000,972.778,112.464
649000.000,1690000.000,971.499,75.574
650000.000,1690000.000,974.624,44.670
651000.000,1690000.000,979.897,40.635
652000.000,1690000.000,980.791,33.877
653000.000,1690000.000,986.757,36.424
654000.000,1690000.000,980.948,29.965
655000.000,1690000.000,971.249,27.460
656000.000,1690000.000,966.580,22.835
657000.000,1690000.000,964.409,18.254
658000.000,1690000.000,965.704,24.581
659000.000,1690000.000,979.050,32.306
660000.000,1690000.000,982.550,39.459
661000.000,1690000.000,985.440,43.115
662000.000,1690000.000,985.591,41.148
663000.000,1690000.000,1006.616,40.215
664000.000,1690000.000,997.510,34.737
665000.000,1690000.000,1008.378,37.319
666000.000,1690000.000,1018.383,25.993
667000.000,1690000.000,1028.200,28.199
668000.000,1690000.000,1031.303,32.163
669000.000,1690000.000,1061.905,34.507
670000.000,1690000.000,1057.981,36.589
671000.000,1690000.000,1065.552,13.917
672000.000,1690000.000,1002.608,-7.741
673000.000,1690000.000,1013.216,-21.512
674000.000,1690000.000,1010.354,-31.425
675000.000,1690000.000,994.131,-25.734
676000.000,1690000.000,956.622,-25.801
677000.000,1690000.000,955.448,-48.870
678000.000,1690000.000,952.724,-90.235
679000.000,1690000.000,949.572,-85.060
680000.000,1690000.000,940.236,-34.780
681000.000,1690000.000,931.872,-1.552
682000.000,1690000.000,937.241,-2.022
683000.000,1690000.000,933.954,-9.235
684000.000,1690000.000,938.606,-12.149
685000.000,1690000.000,936.278,-18.373
686000.000,1690000.000,935.545,-28.250
687000.000,1690000.000,936.932,-30.317
688000.000,1690000.000,936.429,-73.412
689000.000,1690000.000,943.873,-94.019
690000.000,1690000.000,951.600,-102.919
691000.000,1690000.000,953.174,-117.200
692000.000,1690000.000,951.642,-109.796
693000.000,1690000.000,946.042,-115.022
694000.000,1690000.000,946.520,-108.325
695000.000,1690000.000,946.263,-116.593
696000.000,1690000.000,945.345,-114.732
697000.000,1690000.000,940.282,-92.755
698000.000,1690000.000,938.820,-72.861
699000.000,1690000.000,937.708,-63.095
700000.000,1690000.000,936.403,-42.245
701000.000,1690000.000,928.557,-37.979
702000.000,1690000.000,930.219,-41.402
703000.000,1690000.000,932.593,-45.858
704000.000,1690000.000,922.830,-38.376
705000.000,1690000.000,930.081,-8.535
706000.000,1690000.000,930.182,17.285
707000.000,1690000.000,930.716,43.927
708000.000,1690000.000,934.739,70.516
709000.000,1690000.000,930.461,32.122
710000.000,1690000.000,924.585,-124.578
711000.000,1690000.000,920.245,-102.707
641000.000,1689000.000,992.001,-31.827
642000.000,1689000.000,994.879,-356.591
643000.000,1689000.000,973.365,-110.556
644000.000,1689000.000,967.198,134.643
645000.000,1689000.000,973.380,154.242
646000.000,1689000.000,975.261,105.946
647000.000,1689000.000,974.208,89.537
648000.000,1689000.000,979.255,65.227
649000.000,1689000.000,980.238,0.661
650000.000,1689000.000,977.783,-29.369
651000.000,1689000.000,984.509,-24.444
652000.000,1689000.000,986.409,2.391
653000.000,1689000.000,990.224,12.277
654000.000,1689000.000,989.633,12.466
655000.000,1689000.000,983.193,14.181
656000.000,1689000.000,996.782,15.523
657000.000,1689000.000,1031.584,28.017
658000.000,1689000.000,994.764,29.591
659000.000,1689000.000,999.061,42.422
660000.000,1689000.000,995.262,55.173
661000.000,1689000.000,1005.282,55.084
662000.000,1689000.000,1033.519,50.644
663000.000,1689000.000,1010.746,43.761
664000.000,1689000.000,1020.372,38.569
665000.000,1689000.000,1019.167,41.353
666000.000,1689000.000,1032.169,44.925
667000.000,1689000.000,1048.795,46.552
668000.000,1689000.000,1068.852,38.036
669000.000,1689000.000,1099.301,31.017
670000.000,1689000.000,1096.269,27.862
671000.000,1689000.000,1028.131,21.317
672000.000,1689000.000,996.514,0.822
673000.000,1689000.000,1058.053,-26.590
674000.000,1689000.000,1065.760,-46.500
675000.000,1689000.000,1029.721,-59.871
676000.000,1689000.000,988.552,-65.931
677000.000,1689000.000,1007.574,-54.287
678000.000,1689000.000,1007.486,-21.852
679000.000,1689000.000,993.725,4.745
680000.000,1689000.000,951.608,-57.978
681000.000,1689000.000,936.273,-59.977
682000.000,1689000.000,938.806,-35.458
683000.000,1689000.000,936.717,-18.924
684000.000,1689000.000,941.776,-12.769
685000.000,1689000.000,943.117,6.288
686000.000,1689000.000,938.149,9.446
687000.000,1689000.000,940.828,-8.744
688000.000,1689000.000,943.215,-7.793
689000.000,1689000.000,943.449,-20.760
690000.000,1689000.000,952.833,-14.675
691000.000,1689000.000,956.980,-17.204
692000.000,1689000.000,950.953,-55.524
693000.000,1689000.000,952.014,-90.850
694000.000,1689000.000,952.634,-92.898
695000.000,1689000.000,952.171,-101.788
696000.000,1689000.000,947.384,-104.741
697000.000,1689000.000,946.404,-96.206
698000.000,1689000.000,940.490,-89.210
699000.000,1689000.000,941.320,-75.552
700000.000,1689000.000,933.621,-70.368
701000.000,1689000.000,932.256,-62.942
702000.000,1689000.000,938.112,-44.963
703000.000,1689000.000,935.786,-21.948
704000.000,1689000.000,927.112,4.577
705000.000,1689000.000,929.048,1.352
706000.000,1689000.000,931.891,-3.657
707000.000,1689000.000,934.808,7.454
708000.000,1689000.000,937.222,35.933
709000.000,1689000.000,933.797,89.651
710000.000,1689000.000,929.159,51.344
711000.000,1689000.000,924.399,-112.157
641000.000,1688000.000,992.000,29.690
642000.000,1688000.000,992.132,270.666
643000.000,1688000.000,983.803,-133.635
644000.000,1688000.000,978.153,-335.806
645000.000,1688000.000,983.638,-144.856
646000.000,1688000.000,984.693,-133.787
647000.000,1688000.000,982.034,-34.810
648000.000,1688000.000,985.224,-44.845
649000.000,1688000.000,988.074,-124.981
650000.000,1688000.000,985.174,-104.817
651000.000,1688000.000,985.315,-59.635
652000.000,1688000.000,993.849,-29.152
653000.000,1688000.000,996.286,-7.527
654000.000,1688000.000,1000.888,1.223
655000.000,1688000.000,1005.969,15.999
656000.000,1688000.000,1018.509,23.280
657000.000,1688000.000,1031.844,21.688
658000.000,1688000.000,1010.292,38.236
659000.000,1688000.000,1025.368,49.755
660000.000,1688000.000,1023.795,50.435
661000.000,1688000.000,1042.985,56.011
662000.000,1688000.000,1024.516,59.402
663000.000,1688000.000,1033.126,58.015
664000.000,1688000.000,1027.568,56.168
665000.000,1688000.000,1038.118,49.091
666000.000,1688000.000,1050.630,49.193
667000.000,1688000.000,1063.256,42.705
668000.000,1688000.000,1089.913,34.520
669000.000,1688000.000,1100.370,24.221
670000.000,1688000.000,1086.349,12.526
671000.000,1688000.000,1021.618,-3.760
672000.000,1688000.000,1109.752,-28.227
673000.000,1688000.000,1103.689,-33.097
674000.000,1688000.000,1075.695,-32.467
675000.000,1688000.000,1018.798,-38.127
676000.000,1688000.000,1000.564,-45.500
677000.000,1688000.000,1012.969,-49.057
678000.000,1688000.000,1061.494,-58.141
679000.000,1688000.000,957.276,-31.410
680000.000,1688000.000,943.619,-46.470
681000.000,1688000.000,939.431,-87.605
682000.000,1688000.000,944.338,-112.794
683000.000,1688000.000,939.620,-88.675
684000.000,1688000.000,945.776,-49.803
685000.000,1688000.000,946.206,-26.330
686000.000,1688000.000,945.690,-14.521
687000.000,1688000.000,943.815,7.137
688000.000,1688000.000,947.890,26.055
689000.000,1688000.000,949.739,16.541
690000.000,1688000.000,954.691,-11.910
691000.000,1688000.000,955.108,-32.197
692000.000,1688000.000,953.486,-16.956
693000.000,1688000.000,957.038,-7.283
694000.000,1688000.000,958.192,-28.304
695000.000,1688000.000,954.474,-34.946
696000.000,1688000.000,951.727,-44.509
697000.000,1688000.000,948.702,-53.202
698000.000,1688000.000,942.791,-55.852
699000.000,1688000.000,944.781,-54.383
700000.000,1688000.000,935.657,-54.137
701000.000,1688000.000,937.835,-48.139
702000.000,1688000.000,943.576,-48.155
703000.000,1688000.000,942.379,-47.076
704000.000,1688000.000,932.965,-44.510
705000.000,1688000.000,929.491,-46.587
706000.000,1688000.000,934.677,-47.308
707000.000,1688000.000,937.057,-37.358
708000.000,1688000.000,941.457,-2.878
709000.000,1688000.000,938.755,35.925
710000.000,1688000.000,934.730,8.025
711000.000,1688000.000,927.010,-132.736
641000.000,1687000.000,992.000,22.483
642000.000,1687000.000,992.000,108.590
643000.000,1687000.000,992.000,102.447
644000.000,1687000.000,993.873,-314.901
645000.000,1687000.000,1063.466,-692.640
646000.000,1687000.000,993.492,-644.714
647000.000,1687000.000,1001.280,-624.592
648000.000,1687000.000,1026.623,-570.275
649000.000,1687000.000,994.210,-449.562
650000.000,1687000.000,994.491,-308.710
651000.000,1687000.000,994.249,-181.352
652000.000,1687000.000,1000.747,-110.250
653000.000,1687000.000,1007.439,-70.477
654000.000,1687000.000,1007.477,-42.822
655000.000,1687000.000,1013.340,-27.362
656000.000,1687000.000,1023.376,-8.304
657000.000,1687000.000,1033.931,14.663
658000.000,1687000.000,1046.181,37.648
659000.000,1687000.000,1056.018,51.381
660000.000,1687000.000,1060.548,56.989
661000.000,1687000.000,1078.890,58.253
662000.000,1687000.000,1054.530,61.544
663000.000,1687000.000,1041.429,66.160
664000.000,1687000.000,1121.128,62.276
665000.000,1687000.000,1085.321,57.816
666000.000,1687000.000,1067.014,53.565
667000.000,1687000.000,1083.225,44.970
668000.000,1687000.000,1108.951,35.347
669000.000,1687000.000,1054.562,27.106
670000.000,1687000.000,1049.892,-2.061
671000.000,1687000.000,1080.061,-28.546
672000.000,1687000.000,1073.325,-24.076
673000.000,1687000.000,1053.630,-25.583
674000.000,1687000.000,1051.101,-24.344
675000.000,1687000.000,1008.970,-19.060
676000.000,1687000.000,980.391,-21.325
677000.000,1687000.000,1035.303,-38.233
678000.000,1687000.000,1023.919,-54.744
679000.000,1687000.000,957.124,-75.696
680000.000,1687000.000,944.204,-79.414
681000.000,1687000.000,944.717,-124.192
682000.000,1687000.000,952.581,-218.970
683000.000,1687000.000,943.468,-185.814
684000.000,1687000.000,947.306,-142.320
685000.000,1687000.000,952.346,-97.872
686000.000,1687000.000,954.087,-72.716
687000.000,1687000.000,948.618,-59.292
688000.000,1687000.000,952.105,-46.516
689000.000,1687000.000,956.909,-44.245
690000.000,1687000.000,958.516,-49.729
691000.000,1687000.000,956.139,-40.394
692000.000,1687000.000,956.006,-41.427
693000.000,1687000.000,961.872,-49.034
694000.000,1687000.000,960.967,-37.629
695000.000,1687000.000,956.175,-43.224
696000.000,1687000.000,956.562,-48.846
697000.000,1687000.000,949.840,-50.476
698000.000,1687000.000,948.212,-50.514
699000.000,1687000.000,946.688,-59.286
700000.000,1687000.000,938.492,-59.322
701000.000,1687000.000,942.491,-56.477
702000.000,1687000.000,947.913,-56.780
703000.000,1687000.000,944.641,-51.469
704000.000,1687000.000,933.361,-41.684
705000.000,1687000.000,931.666,-39.269
706000.000,1687000.000,938.627,-42.619
707000.000,1687000.000,941.311,-41.698
708000.000,1687000.000,944.024,-38.080
709000.000,1687000.000,942.384,-26.291
710000.000,1687000.000,937.033,-24.452
711000.000,1687000.000,929.406,32.265
641000.000,1686000.000,992.000,-65.942
642000.000,1686000.000,992.000,-55.244
643000.000,1686000.000,992.000,-70.259
644000.000,1686000.000,992.000,-126.537
645000.000,1686000.000,1012.411,1.799
646000.000,1686000.000,1053.114,-628.915
647000.000,1686000.000,1011.772,-1134.343
648000.000,1686000.000,1023.022,-991.842
649000.000,1686000.000,1026.981,-963.996
650000.000,1686000.000,1019.599,-733.095
651000.000,1686000.000,1022.481,-467.971
652000.000,1686000.000,1039.664,-307.290
653000.000,1686000.000,1036.593,-235.909
654000.000,1686000.000,1021.966,-191.461
655000.000,1686000.000,1021.406,-124.852
656000.000,1686000.000,1030.582,-50.591
657000.000,1686000.000,1071.670,5.309
658000.000,1686000.000,1066.660,34.417
659000.000,1686000.000,1068.726,44.821
660000.000,1686000.000,1078.382,53.339
661000.000,1686000.000,1056.644,66.364
662000.000,1686000.000,1046.039,80.668
663000.000,1686000.000,1034.926,87.189
664000.000,1686000.000,1032.322,86.219
665000.000,1686000.000,1042.965,78.268
666000.000,1686000.000,1035.010,67.078
667000.000,1686000.000,1069.298,57.644
668000.000,1686000.000,1051.900,47.605
669000.000,1686000.000,1027.149,31.104
670000.000,1686000.000,1060.237,6.631
671000.000,1686000.000,1056.259,-6.799
672000.000,1686000.000,1002.760,-0.257
673000.000,1686000.000,1003.406,-7.936
674000.000,1686000.000,1037.425,-13.822
675000.000,1686000.000,1059.744,-22.498
676000.000,1686000.000,1031.632,-29.296
677000.000,1686000.000,960.965,-43.678
678000.000,1686000.000,957.595,-73.802
679000.000,1686000.000,957.422,-80.804
680000.000,1686000.000,947.500,-104.525
681000.000,1686000.000,948.804,-107.003
682000.000,1686000.000,960.254,-70.924
683000.000,1686000.000,949.834,-217.025
684000.000,1686000.000,946.822,-215.253
685000.000,1686000.000,950.522,-168.946
686000.000,1686000.000,956.606,-124.401
687000.000,1686000.000,954.516,-99.351
688000.000,1686000.000,955.274,-85.121
689000.000,1686000.000,962.163,-80.168
690000.000,1686000.000,960.831,-85.691
691000.000,1686000.000,961.056,-101.077
692000.000,1686000.000,958.109,-87.515
693000.000,1686000.000,962.238,-48.633
694000.000,1686000.000,963.560,-53.474
695000.000,1686000.000,961.575,-69.814
696000.000,1686000.000,958.424,-75.446
697000.000,1686000.000,950.468,-90.739
698000.000,1686000.000,953.111,-99.015
699000.000,1686000.000,945.272,-101.604
700000.000,1686000.000,944.390,-87.554
701000.000,1686000.000,946.995,-81.497
702000.000,1686000.000,947.243,-81.053
703000.000,1686000.000,938.827,-75.551
704000.000,1686000.000,934.812,-69.565
705000.000,1686000.000,937.817,-54.684
706000.000,1686000.000,941.317,-38.953
707000.000,1686000.000,945.388,-34.982
708000.000,1686000.000,941.236,-36.823
709000.000,1686000.000,937.510,-37.924
710000.000,1686000.000,935.070,-16.651
711000.000,1686000.000,927.469,42.951
641000.000,1685000.000,992.000,-69.977
642000.000,1685000.000,992.000,-101.099
643000.000,1685000.000,992.000,-138.823
644000.000,1685000.000,992.000,-105.804
645000.000,1685000.000,992.000,69.278
646000.000,1685000.000,1005.919,100.898
647000.000,1685000.000,1106.956,-653.175
648000.000,1685000.000,1034.453,-898.174
649000.000,1685000.000,1025.074,-365.145
650000.000,1685000.000,1077.466,-395.851
651000.000,1685000.000,1174.194,-746.195
652000.000,1685000.000,1207.019,-588.814
653000.000,1685000.000,1130.151,-504.509
654000.000,1685000.000,1094.556,-485.764
655000.000,1685000.000,1041.409,-278.464
656000.000,1685000.000,1035.841,-120.796
657000.000,1685000.000,1039.366,-23.596
658000.000,1685000.000,1046.965,24.575
659000.000,1685000.000,1052.036,47.748
660000.000,1685000.000,1057.977,56.248
661000.000,1685000.000,1051.732,58.554
662000.000,1685000.000,1042.016,58.473
663000.000,1685000.000,1036.425,52.830
664000.000,1685000.000,1030.740,46.779
665000.000,1685000.000,1023.729,49.663
666000.000,1685000.000,1018.929,57.790
667000.000,1685000.000,1012.633,58.579
668000.000,1685000.000,1006.107,47.703
669000.000,1685000.000,1006.170,34.753
670000.000,1685000.000,1012.412,25.939
671000.000,1685000.000,1062.569,26.840
672000.000,1685000.000,989.299,16.101
673000.000,1685000.000,984.583,4.612
674000.000,1685000.000,983.950,-12.462
675000.000,1685000.000,1041.167,-29.933
676000.000,1685000.000,999.875,-34.140
677000.000,1685000.000,967.760,-46.213
678000.000,1685000.000,959.043,-93.997
679000.000,1685000.000,957.634,-132.258
680000.000,1685000.000,956.432,-150.766
681000.000,1685000.000,953.620,-179.378
682000.000,1685000.000,962.378,-158.242
683000.000,1685000.000,955.523,-138.996
684000.000,1685000.000,950.656,-239.125
685000.000,1685000.000,952.892,-209.133
686000.000,1685000.000,955.672,-187.787
687000.000,1685000.000,960.063,-138.026
688000.000,1685000.000,960.521,-100.493
689000.000,1685000.000,965.795,-89.578
690000.000,1685000.000,965.058,-74.688
691000.000,1685000.000,965.195,-84.216
692000.000,1685000.000,961.119,-102.273
693000.000,1685000.000,964.564,-87.444
694000.000,1685000.000,967.250,-75.392
695000.000,1685000.000,964.073,-56.286
696000.000,1685000.000,957.681,-35.812
697000.000,1685000.000,953.313,-40.603
698000.000,1685000.000,955.763,-57.868
699000.000,1685000.000,945.857,-61.960
700000.000,1685000.000,950.761,-86.281
701000.000,1685000.000,948.335,-107.229
702000.000,1685000.000,941.955,-103.206
703000.000,1685000.000,939.952,-89.388
704000.000,1685000.000,942.426,-70.213
705000.000,1685000.000,944.510,-60.195
706000.000,1685000.000,945.073,-44.591
707000.000,1685000.000,942.708,-31.640
708000.000,1685000.000,938.463,-20.140
709000.000,1685000.000,935.186,-12.761
710000.000,1685000.000,929.730,4.446
711000.000,1685000.000,924.948,29.877
641000.000,1684000.000,992.000,-92.584
642000.000,1684000.000,992.000,-119.318
643000.000,1684000.000,992.000,-129.567
644000.000,1684000.000,992.000,-109.831
645000.000,1684000.000,992.000,-34.919
646000.000,1684000.000,992.658,229.833
647000.000,1684000.000,1040.950,722.575
648000.000,1684000.000,1160.129,119.324
649000.000,1684000.000,1046.010,-426.092
650000.000,1684000.000,1032.240,267.712
651000.000,1684000.000,1092.213,354.548
652000.000,1684000.000,1189.703,-216.548
653000.000,1684000.000,1305.784,-788.279
654000.000,1684000.000,1244.975,-543.130
655000.000,1684000.000,1094.381,-359.016
656000.000,1684000.000,1054.108,-164.817
657000.000,1684000.000,1055.125,-55.791
658000.000,1684000.000,1056.440,6.897
659000.000,1684000.000,1067.316,11.540
660000.000,1684000.000,1074.986,5.464
661000.000,1684000.000,1074.591,0.525
662000.000,1684000.000,1057.747,-13.111
663000.000,1684000.000,1048.716,-28.479
664000.000,1684000.000,1035.816,-24.022
665000.000,1684000.000,1031.771,-19.603
666000.000,1684000.000,1027.166,-21.286
667000.000,1684000.000,1020.611,-34.588
668000.000,1684000.000,1012.843,-27.478
669000.000,1684000.000,1003.832,-6.033
670000.000,1684000.000,992.159,7.047
671000.000,1684000.000,989.059,18.559
672000.000,1684000.000,983.322,17.531
673000.000,1684000.000,977.087,5.988
674000.000,1684000.000,972.614,-3.920
675000.000,1684000.000,968.101,-15.862
676000.000,1684000.000,964.482,-38.420
677000.000,1684000.000,963.016,-61.263
678000.000,1684000.000,961.809,-98.180
679000.000,1684000.000,959.067,-172.497
680000.000,1684000.000,957.508,-288.915
681000.000,1684000.000,977.254,-502.705
682000.000,1684000.000,966.774,-468.729
683000.000,1684000.000,960.483,-341.011
684000.000,1684000.000,956.842,-222.889
685000.000,1684000.000,956.862,-240.389
686000.000,1684000.000,959.079,-217.201
687000.000,1684000.000,960.833,-185.373
688000.000,1684000.000,966.848,-140.938
689000.000,1684000.000,971.430,-91.263
690000.000,1684000.000,970.213,-50.269
691000.000,1684000.000,966.156,-12.400
692000.000,1684000.000,964.727,-45.299
693000.000,1684000.000,969.253,-103.519
694000.000,1684000.000,971.757,-114.772
695000.000,1684000.000,966.822,-93.142
696000.000,1684000.000,957.666,-65.793
697000.000,1684000.000,957.732,-41.512
698000.000,1684000.000,957.696,-25.341
699000.000,1684000.000,948.945,-37.221
700000.000,1684000.000,953.215,-61.984
701000.000,1684000.000,946.525,-65.604
702000.000,1684000.000,943.479,-66.103
703000.000,1684000.000,945.718,-65.903
704000.000,1684000.000,947.607,-49.394
705000.000,1684000.000,948.153,-34.512
706000.000,1684000.000,942.560,-33.953
707000.000,1684000.000,938.592,-31.775
708000.000,1684000.000,934.650,-23.392
709000.000,1684000.000,930.771,-9.103
710000.000,1684000.000,926.621,7.839
711000.000,1684000.000,925.202,24.687
641000.000,1683000.000,992.000,-69.856
642000.000,1683000.000,992.000,-105.584
643000.000,1683000.000,992.000,-128.223
644000.000,1683000.000,992.000,-117.444
645000.000,1683000.000,992.000,-34.908
646000.000,1683000.000,992.000,170.911
647000.000,1683000.000,1002.927,745.821
648000.000,1683000.000,1067.649,1731.595
649000.000,1683000.000,1210.938,692.848
650000.000,1683000.000,1065.360,76.476
651000.000,1683000.000,1052.889,132.847
652000.000,1683000.000,1076.787,140.042
653000.000,1683000.000,1145.936,330.200
654000.000,1683000.000,1266.385,-107.631
655000.000,1683000.000,1137.619,-234.712
656000.000,1683000.000,1117.207,-189.722
657000.000,1683000.000,1114.614,-145.484
658000.000,1683000.000,1122.753,-128.866
659000.000,1683000.000,1124.918,-169.640
660000.000,1683000.000,1087.209,-118.167
661000.000,1683000.000,1104.522,-86.494
662000.000,1683000.000,1089.399,-85.720
663000.000,1683000.000,1074.678,-100.714
664000.000,1683000.000,1045.711,-107.204
665000.000,1683000.000,1042.325,-105.478
666000.000,1683000.000,1070.327,-97.983
667000.000,1683000.000,1144.532,-70.656
668000.000,1683000.000,1048.111,-98.822
669000.000,1683000.000,1012.631,-91.945
670000.000,1683000.000,996.841,-68.273
671000.000,1683000.000,990.688,-39.649
672000.000,1683000.000,985.871,-26.254
673000.000,1683000.000,981.409,-22.415
674000.000,1683000.000,975.967,-30.234
675000.000,1683000.000,971.426,-45.195
676000.000,1683000.000,968.763,-58.876
677000.000,1683000.000,968.273,-91.150
678000.000,1683000.000,964.308,-136.266
679000.000,1683000.000,960.845,-211.907
680000.000,1683000.000,959.461,-381.079
681000.000,1683000.000,1007.319,-628.931
682000.000,1683000.000,991.873,-1021.863
683000.000,1683000.000,967.871,-655.002
684000.000,1683000.000,963.120,-431.223
685000.000,1683000.000,963.261,-277.468
686000.000,1683000.000,963.751,-206.035
687000.000,1683000.000,965.332,-205.004
688000.000,1683000.000,968.961,-140.689
689000.000,1683000.000,975.245,-110.887
690000.000,1683000.000,972.879,-75.033
691000.000,1683000.000,970.982,-40.125
692000.000,1683000.000,968.692,-11.995
693000.000,1683000.000,974.362,-36.349
694000.000,1683000.000,969.545,-78.236
695000.000,1683000.000,963.289,-71.107
696000.000,1683000.000,961.475,-71.022
697000.000,1683000.000,961.625,-74.126
698000.000,1683000.000,958.791,-55.159
699000.000,1683000.000,953.338,-26.151
700000.000,1683000.000,952.905,-8.083
701000.000,1683000.000,947.921,1.048
702000.000,1683000.000,950.295,-2.341
703000.000,1683000.000,951.788,1.138
704000.000,1683000.000,946.080,-4.826
705000.000,1683000.000,941.556,1.429
706000.000,1683000.000,937.364,5.374
707000.000,1683000.000,933.840,11.548
708000.000,1683000.000,931.610,21.256
709000.000,1683000.000,929.018,21.058
710000.000,1683000.000,930.501,17.744
711000.000,1683000.000,930.979,18.072
641000.000,1682000.000,992.000,-69.523
642000.000,1682000.000,992.399,-64.819
643000.000,1682000.000,992.223,-79.586
644000.000,1682000.000,992.016,-65.305
645000.000,1682000.000,992.014,-39.655
646000.000,1682000.000,992.079,85.280
647000.000,1682000.000,994.423,430.803
648000.000,1682000.000,1017.778,965.658
649000.000,1682000.000,1088.159,854.805
650000.000,1682000.000,1234.972,-158.364
651000.000,1682000.000,1134.667,-310.014
652000.000,1682000.000,1073.033,-21.184
653000.000,1682000.000,1083.918,396.458
654000.000,1682000.000,1161.691,664.550
655000.000,1682000.000,1281.823,60.173
656000.000,1682000.000,1257.421,-212.939
657000.000,1682000.000,1236.518,-273.328
658000.000,1682000.000,1215.625,-324.810
659000.000,1682000.000,1153.361,-199.327
660000.000,1682000.000,1141.791,-229.198
661000.000,1682000.000,1138.362,-203.214
662000.000,1682000.000,1116.484,-200.213
663000.000,1682000.000,1106.702,-201.343
664000.000,1682000.000,1075.703,-192.527
665000.000,1682000.000,1058.144,-180.355
666000.000,1682000.000,1083.233,-171.612
667000.000,1682000.000,1147.525,-166.773
668000.000,1682000.000,1099.261,-159.215
669000.000,1682000.000,1060.688,-150.608
670000.000,1682000.000,1012.699,-141.638
671000.000,1682000.000,1001.954,-131.774
672000.000,1682000.000,994.394,-119.523
673000.000,1682000.000,989.002,-87.583
674000.000,1682000.000,982.143,-62.024
675000.000,1682000.000,976.468,-75.720
676000.000,1682000.000,974.683,-94.490
677000.000,1682000.000,969.871,-105.865
678000.000,1682000.000,967.552,-102.357
679000.000,1682000.000,963.373,-172.373
680000.000,1682000.000,961.780,-316.571
681000.000,1682000.000,966.210,-57.175
682000.000,1682000.000,1025.656,-37.846
683000.000,1682000.000,978.204,-871.397
684000.000,1682000.000,972.452,-629.499
685000.000,1682000.000,971.264,-415.265
686000.000,1682000.000,975.244,-243.704
687000.000,1682000.000,970.478,-160.773
688000.000,1682000.000,972.700,-138.925
689000.000,1682000.000,977.709,-132.067
690000.000,1682000.000,978.726,-99.702
691000.000,1682000.000,974.511,-69.199
692000.000,1682000.000,974.285,-35.106
693000.000,1682000.000,973.665,1.664
694000.000,1682000.000,970.702,9.208
695000.000,1682000.000,969.883,-30.900
696000.000,1682000.000,965.584,-55.102
697000.000,1682000.000,965.577,-62.404
698000.000,1682000.000,959.150,-56.423
699000.000,1682000.000,958.425,-48.245
700000.000,1682000.000,953.785,-34.117
701000.000,1682000.000,951.853,-17.471
702000.000,1682000.000,953.711,2.967
703000.000,1682000.000,948.264,-0.045
704000.000,1682000.000,943.447,-10.036
705000.000,1682000.000,939.682,-25.851
706000.000,1682000.000,939.403,-31.300
707000.000,1682000.000,938.723,-25.500
708000.000,1682000.000,932.938,-6.545
709000.000,1682000.000,934.287,3.679
710000.000,1682000.000,938.625,-1.577
711000.000,1682000.000,938.272,6.853
641000.000,1681000.000,993.209,-61.715
642000.000,1681000.000,993.715,-53.856
643000.000,1681000.000,1002.343,-49.518
644000.000,1681000.000,994.277,-54.459
645000.000,1681000.000,997.376,-15.475
646000.000,1681000.000,995.871,76.805
647000.000,1681000.000,992.000,210.632
648000.000,1681000.000,1005.297,373.877
649000.000,1681000.000,1033.042,458.677
650000.000,1681000.000,1129.906,88.974
651000.000,1681000.000,1223.393,-680.214
652000.000,1681000.000,1142.099,-531.542
653000.000,1681000.000,1090.641,-51.675
654000.000,1681000.000,1104.326,204.484
655000.000,1681000.000,1167.710,-34.634
656000.000,1681000.000,1297.390,-250.917
657000.000,1681000.000,1354.136,-372.629
658000.000,1681000.000,1278.356,-390.170
659000.000,1681000.000,1259.445,-303.769
660000.000,1681000.000,1215.065,-319.036
661000.000,1681000.000,1232.147,-307.087
662000.000,1681000.000,1150.925,-304.256
663000.000,1681000.000,1132.802,-340.203
664000.000,1681000.000,1095.246,-354.558
665000.000,1681000.000,1092.629,-279.833
666000.000,1681000.000,1101.727,-310.857
667000.000,1681000.000,1217.635,-286.198
668000.000,1681000.000,1177.396,-302.837
669000.000,1681000.000,1062.010,-262.636
670000.000,1681000.000,1033.355,-230.806
671000.000,1681000.000,1019.603,-288.052
672000.000,1681000.000,1011.742,-296.018
673000.000,1681000.000,998.332,-224.685
674000.000,1681000.000,989.898,-182.454
675000.000,1681000.000,979.864,-116.141
676000.000,1681000.000,975.770,-104.770
677000.000,1681000.000,973.087,-118.364
678000.000,1681000.000,973.607,-139.572
679000.000,1681000.000,969.945,-153.811
680000.000,1681000.000,969.329,-78.481
681000.000,1681000.000,966.435,303.866
682000.000,1681000.000,996.964,1394.075
683000.000,1681000.000,1027.479,-466.825
684000.000,1681000.000,982.681,-793.557
685000.000,1681000.000,976.412,-553.305
686000.000,1681000.000,977.910,-376.600
687000.000,1681000.000,978.078,-244.928
688000.000,1681000.000,978.865,-201.537
689000.000,1681000.000,983.644,-176.465
690000.000,1681000.000,985.562,-141.686
691000.000,1681000.000,980.942,-109.545
692000.000,1681000.000,980.815,-73.881
693000.000,1681000.000,977.347,-35.853
694000.000,1681000.000,976.008,-5.951
695000.000,1681000.000,972.459,-12.442
696000.000,1681000.000,970.210,-30.150
697000.000,1681000.000,967.947,-25.206
698000.000,1681000.000,964.716,-29.199
699000.000,1681000.000,960.931,-51.774
700000.000,1681000.000,955.967,-68.337
701000.000,1681000.000,957.872,-61.871
702000.000,1681000.000,953.794,-53.105
703000.000,1681000.000,949.621,-39.375
704000.000,1681000.000,944.842,-24.483
705000.000,1681000.000,944.393,-18.758
706000.000,1681000.000,943.070,-23.832
707000.000,1681000.000,937.841,-20.856
708000.000,1681000.000,935.376,-16.978
709000.000,1681000.000,940.710,-34.311
710000.000,1681000.000,942.407,-38.152
711000.000,1681000.000,944.639,-36.937
641000.000,1680000.000,1001.687,-68.919
642000.000,1680000.000,997.313,-62.022
643000.000,1680000.000,1000.038,-45.746
644000.000,1680000.000,1003.854,-24.703
645000.000,1680000.000,1001.970,-1.674
646000.000,1680000.000,998.011,26.227
647000.000,1680000.000,992.036,79.582
648000.000,1680000.000,1003.286,155.608
649000.000,1680000.000,1018.260,221.272
650000.000,1680000.000,1048.040,347.850
651000.000,1680000.000,1158.221,316.520
652000.000,1680000.000,1208.013,-655.327
653000.000,1680000.000,1129.104,-566.506
654000.000,1680000.000,1096.120,-298.283
655000.000,1680000.000,1164.359,-270.780
656000.000,1680000.000,1167.033,-367.573
657000.000,1680000.000,1265.340,-502.808
658000.000,1680000.000,1408.579,-585.997
659000.000,1680000.000,1347.164,-467.641
660000.000,1680000.000,1201.101,-340.089
661000.000,1680000.000,1301.638,-331.142
662000.000,1680000.000,1242.319,-374.489
663000.000,1680000.000,1144.705,-296.769
664000.000,1680000.000,1169.250,-207.260
665000.000,1680000.000,1120.029,-314.148
666000.000,1680000.000,1106.929,-224.053
667000.000,1680000.000,1131.477,-48.625
668000.000,1680000.000,1090.407,31.550
669000.000,1680000.000,1115.002,-0.525
670000.000,1680000.000,1065.407,-20.656
671000.000,1680000.000,1036.907,121.186
672000.000,1680000.000,1016.851,192.745
673000.000,1680000.000,1007.352,-34.863
674000.000,1680000.000,991.379,-96.427
675000.000,1680000.000,981.562,-145.370
676000.000,1680000.000,983.174,-158.750
677000.000,1680000.000,982.118,-198.135
678000.000,1680000.000,984.154,-223.895
679000.000,1680000.000,976.724,-162.072
680000.000,1680000.000,975.953,-77.299
681000.000,1680000.000,972.924,187.414
682000.000,1680000.000,972.715,828.632
683000.000,1680000.000,990.483,832.108
684000.000,1680000.000,997.692,-534.825
685000.000,1680000.000,984.057,-597.206
686000.000,1680000.000,983.182,-451.657
687000.000,1680000.000,985.784,-342.051
688000.000,1680000.000,985.303,-279.073
689000.000,1680000.000,990.447,-231.529
690000.000,1680000.000,993.168,-190.016
691000.000,1680000.000,986.807,-146.484
692000.000,1680000.000,985.988,-107.448
693000.000,1680000.000,982.904,-82.549
694000.000,1680000.000,980.395,-78.023
695000.000,1680000.000,976.436,-73.147
696000.000,1680000.000,975.332,-46.451
697000.000,1680000.000,971.591,-38.200
698000.000,1680000.000,965.314,-39.836
699000.000,1680000.000,962.464,-32.513
700000.000,1680000.000,960.899,-21.151
701000.000,1680000.000,963.281,-48.181
702000.000,1680000.000,957.540,-69.288
703000.000,1680000.000,950.652,-55.432
704000.000,1680000.000,946.600,-57.644
705000.000,1680000.000,949.187,-31.202
706000.000,1680000.000,944.171,-15.816
707000.000,1680000.000,941.532,-14.667
708000.000,1680000.000,940.080,-21.619
709000.000,1680000.000,942.166,-35.093
710000.000,1680000.000,948.581,-43.800
711000.000,1680000.000,964.349,-42.853
641000.000,1679000.000,1005.520,-35.860
642000.000,1679000.000,1009.352,-33.280
643000.000,1679000.000,1008.573,-29.008
644000.000,1679000.000,1008.374,-19.501
645000.000,1679000.000,1009.272,-9.426
646000.000,1679000.000,1001.252,2.223
647000.000,1679000.000,999.703,2.734
648000.000,1679000.000,1002.707,27.586
649000.000,1679000.000,1013.499,96.166
650000.000,1679000.000,1032.143,247.345
651000.000,1679000.000,1061.480,651.152
652000.000,1679000.000,1195.556,1161.104
653000.000,1679000.000,1304.534,-300.117
654000.000,1679000.000,1128.820,-716.956
655000.000,1679000.000,1115.934,-612.774
656000.000,1679000.000,1159.492,-500.456
657000.000,1679000.000,1181.196,-499.126
658000.000,1679000.000,1213.647,-376.392
659000.000,1679000.000,1342.943,-443.847
660000.000,1679000.000,1337.163,-456.090
661000.000,1679000.000,1284.653,-451.291
662000.000,1679000.000,1226.293,-453.596
663000.000,1679000.000,1236.841,-413.599
664000.000,1679000.000,1118.954,-358.167
665000.000,1679000.000,1102.729,-336.710
666000.000,1679000.000,1090.169,-224.235
667000.000,1679000.000,1068.385,-132.441
668000.000,1679000.000,1070.154,-26.624
669000.000,1679000.000,1055.562,138.108
670000.000,1679000.000,1035.768,135.190
671000.000,1679000.000,1020.669,158.235
672000.000,1679000.000,1009.096,124.294
673000.000,1679000.000,995.825,109.600
674000.000,1679000.000,988.171,26.310
675000.000,1679000.000,994.872,-109.002
676000.000,1679000.000,993.438,-147.279
677000.000,1679000.000,991.175,-145.511
678000.000,1679000.000,989.913,-114.589
679000.000,1679000.000,983.081,-157.745
680000.000,1679000.000,982.673,-82.460
681000.000,1679000.000,983.637,56.195
682000.000,1679000.000,978.951,297.329
683000.000,1679000.000,976.963,772.734
684000.000,1679000.000,1031.032,942.932
685000.000,1679000.000,988.269,-379.499
686000.000,1679000.000,992.101,-475.742
687000.000,1679000.000,992.670,-484.062
688000.000,1679000.000,995.296,-435.165
689000.000,1679000.000,998.284,-350.020
690000.000,1679000.000,999.458,-270.495
691000.000,1679000.000,994.401,-207.216
692000.000,1679000.000,993.394,-155.700
693000.000,1679000.000,988.785,-109.395
694000.000,1679000.000,984.096,-80.509
695000.000,1679000.000,981.271,-63.618
696000.000,1679000.000,977.601,-56.507
697000.000,1679000.000,971.604,-59.595
698000.000,1679000.000,969.807,-59.229
699000.000,1679000.000,964.620,-36.930
700000.000,1679000.000,964.223,-38.143
701000.000,1679000.000,960.863,-33.696
702000.000,1679000.000,954.996,-37.494
703000.000,1679000.000,951.037,-34.748
704000.000,1679000.000,950.526,-31.336
705000.000,1679000.000,950.245,-48.021
706000.000,1679000.000,946.241,-23.241
707000.000,1679000.000,947.045,-29.893
708000.000,1679000.000,943.167,-38.807
709000.000,1679000.000,943.119,-29.476
710000.000,1679000.000,948.966,-40.468
711000.000,1679000.000,955.842,-45.000
641000.000,1678000.000,997.693,-37.690
642000.000,1678000.000,1002.499,-23.823
643000.000,1678000.000,1004.416,-19.881
644000.000,1678000.000,1009.003,-12.454
645000.000,1678000.000,1012.193,-4.483
646000.000,1678000.000,1010.844,1.482
647000.000,1678000.000,1004.905,-10.538
648000.000,1678000.000,1007.204,-68.587
649000.000,1678000.000,1008.745,8.242
650000.000,1678000.000,1020.765,151.351
651000.000,1678000.000,1041.862,439.349
652000.000,1678000.000,1072.992,785.449
653000.000,1678000.000,1250.332,458.275
654000.000,1678000.000,1254.008,-554.721
655000.000,1678000.000,1165.667,-784.982
656000.000,1678000.000,1146.588,-595.423
657000.000,1678000.000,1179.651,-499.119
658000.000,1678000.000,1310.778,-385.423
659000.000,1678000.000,1249.284,-427.056
660000.000,1678000.000,1408.859,-536.331
661000.000,1678000.000,1394.384,-707.931
662000.000,1678000.000,1316.259,-832.368
663000.000,1678000.000,1196.398,-842.278
664000.000,1678000.000,1166.023,-712.998
665000.000,1678000.000,1122.519,-505.681
666000.000,1678000.000,1127.198,-345.469
667000.000,1678000.000,1095.356,-243.940
668000.000,1678000.000,1068.793,-149.507
669000.000,1678000.000,1055.041,-96.162
670000.000,1678000.000,1046.137,-75.893
671000.000,1678000.000,1025.407,-44.368
672000.000,1678000.000,1003.688,-17.112
673000.000,1678000.000,995.149,-1.542
674000.000,1678000.000,1006.141,-9.007
675000.000,1678000.000,1015.936,-45.062
676000.000,1678000.000,1010.641,-93.129
677000.000,1678000.000,1001.149,-53.422
678000.000,1678000.000,997.769,-37.099
679000.000,1678000.000,993.874,-39.679
680000.000,1678000.000,995.220,0.427
681000.000,1678000.000,999.349,68.167
682000.000,1678000.000,1005.358,215.172
683000.000,1678000.000,988.724,662.464
684000.000,1678000.000,989.328,1686.738
685000.000,1678000.000,1004.898,539.878
686000.000,1678000.000,1011.118,-715.060
687000.000,1678000.000,1007.842,-899.858
688000.000,1678000.000,1011.067,-781.185
689000.000,1678000.000,1010.704,-608.886
690000.000,1678000.000,1013.643,-426.983
691000.000,1678000.000,1005.284,-271.171
692000.000,1678000.000,1000.368,-190.869
693000.000,1678000.000,993.398,-137.446
694000.000,1678000.000,990.544,-94.732
695000.000,1678000.000,984.020,-55.198
696000.000,1678000.000,978.273,-36.963
697000.000,1678000.000,976.648,-58.124
698000.000,1678000.000,972.072,-47.246
699000.000,1678000.000,967.889,-20.645
700000.000,1678000.000,968.783,-11.749
701000.000,1678000.000,962.397,1.837
702000.000,1678000.000,956.987,1.175
703000.000,1678000.000,956.322,-28.352
704000.000,1678000.000,956.930,-31.307
705000.000,1678000.000,959.653,-9.101
706000.000,1678000.000,953.626,-33.022
707000.000,1678000.000,948.805,-30.850
708000.000,1678000.000,947.763,-36.327
709000.000,1678000.000,946.953,-33.512
710000.000,1678000.000,947.902,-23.705
711000.000,1678000.000,945.601,-42.008
641000.000,1677000.000,995.574,-66.862
642000.000,1677000.000,1001.976,-55.433
643000.000,1677000.000,1005.942,-50.223
644000.000,1677000.000,1011.341,-42.914
645000.000,1677000.000,1014.258,-32.082
646000.000,1677000.000,1019.685,-12.310
647000.000,1677000.000,1006.044,-7.208
648000.000,1677000.000,1010.343,12.602
649000.000,1677000.000,1015.868,19.624
650000.000,1677000.000,1019.029,79.999
651000.000,1677000.000,1033.918,225.132
652000.000,1677000.000,1054.025,431.214
653000.000,1677000.000,1098.658,811.690
654000.000,1677000.000,1352.195,698.395
655000.000,1677000.000,1246.752,-423.265
656000.000,1677000.000,1163.032,-514.391
657000.000,1677000.000,1166.048,-289.552
658000.000,1677000.000,1215.419,-183.459
659000.000,1677000.000,1226.767,-186.714
660000.000,1677000.000,1249.467,-469.949
661000.000,1677000.000,1397.084,-791.266
662000.000,1677000.000,1375.819,-1077.112
663000.000,1677000.000,1347.252,-1086.582
664000.000,1677000.000,1202.347,-970.208
665000.000,1677000.000,1144.228,-670.215
666000.000,1677000.000,1154.109,-416.039
667000.000,1677000.000,1152.760,-293.618
668000.000,1677000.000,1164.917,-240.536
669000.000,1677000.000,1071.029,-180.985
670000.000,1677000.000,1045.400,-135.533
671000.000,1677000.000,1027.132,-108.313
672000.000,1677000.000,1019.222,-75.470
673000.000,1677000.000,1000.871,-75.897
674000.000,1677000.000,1025.423,-55.565
675000.000,1677000.000,1075.306,-23.856
676000.000,1677000.000,1051.865,10.606
677000.000,1677000.000,1016.584,-31.058
678000.000,1677000.000,1011.245,6.643
679000.000,1677000.000,1025.364,35.392
680000.000,1677000.000,1037.997,70.015
681000.000,1677000.000,1051.808,130.325
682000.000,1677000.000,1074.884,245.128
683000.000,1677000.000,1009.087,458.730
684000.000,1677000.000,991.041,779.913
685000.000,1677000.000,1022.121,796.768
686000.000,1677000.000,1055.345,690.360
687000.000,1677000.000,1108.605,-664.811
688000.000,1677000.000,1048.892,-1171.122
689000.000,1677000.000,1060.518,-836.961
690000.000,1677000.000,1024.951,-577.351
691000.000,1677000.000,1013.636,-341.536
692000.000,1677000.000,1005.510,-211.954
693000.000,1677000.000,999.549,-146.141
694000.000,1677000.000,993.306,-119.231
695000.000,1677000.000,986.657,-91.606
696000.000,1677000.000,983.974,-84.604
697000.000,1677000.000,979.324,-71.499
698000.000,1677000.000,975.031,-48.268
699000.000,1677000.000,975.189,-41.035
700000.000,1677000.000,974.791,-27.744
701000.000,1677000.000,967.591,-25.052
702000.000,1677000.000,964.454,-31.301
703000.000,1677000.000,958.521,-43.260
704000.000,1677000.000,965.550,-66.672
705000.000,1677000.000,999.035,-101.944
706000.000,1677000.000,964.297,-91.817
707000.000,1677000.000,955.851,-73.547
708000.000,1677000.000,953.001,-52.363
709000.000,1677000.000,947.156,-37.703
710000.000,1677000.000,942.103,-27.231
711000.000,1677000.000,939.548,-18.957
641000.000,1676000.000,1002.600,-97.981
642000.000,1676000.000,1004.200,-85.241
643000.000,1676000.000,1012.007,-63.735
644000.000,1676000.000,1011.176,-52.417
645000.000,1676000.000,1017.492,-60.000
646000.000,1676000.000,1015.174,-49.771
647000.000,1676000.000,1010.537,-23.773
648000.000,1676000.000,1014.395,13.760
649000.000,1676000.000,1022.991,29.671
650000.000,1676000.000,1026.678,52.788
651000.000,1676000.000,1038.152,133.959
652000.000,1676000.000,1050.653,286.951
653000.000,1676000.000,1076.504,615.693
654000.000,1676000.000,1161.437,1130.029
655000.000,1676000.000,1370.948,523.279
656000.000,1676000.000,1230.056,-317.285
657000.000,1676000.000,1169.364,-231.858
658000.000,1676000.000,1173.634,-1.896
659000.000,1676000.000,1199.958,-60.205
660000.000,1676000.000,1225.863,-163.711
661000.000,1676000.000,1255.927,100.654
662000.000,1676000.000,1397.295,240.843
663000.000,1676000.000,1412.978,370.240
664000.000,1676000.000,1363.377,104.769
665000.000,1676000.000,1225.600,-277.649
666000.000,1676000.000,1209.320,-351.748
667000.000,1676000.000,1182.373,-333.666
668000.000,1676000.000,1197.150,-298.244
669000.000,1676000.000,1189.729,-281.914
670000.000,1676000.000,1066.148,-261.233
671000.000,1676000.000,1034.877,-174.092
672000.000,1676000.000,1017.291,-137.320
673000.000,1676000.000,1005.399,-93.486
674000.000,1676000.000,1017.288,14.765
675000.000,1676000.000,1061.961,54.521
676000.000,1676000.000,1135.679,-5.291
677000.000,1676000.000,1056.860,-43.914
678000.000,1676000.000,1023.536,-40.806
679000.000,1676000.000,1062.555,-31.635
680000.000,1676000.000,1093.744,-10.173
681000.000,1676000.000,1075.746,31.814
682000.000,1676000.000,1040.373,108.728
683000.000,1676000.000,1001.456,229.949
684000.000,1676000.000,1004.429,350.184
685000.000,1676000.000,1012.186,466.283
686000.000,1676000.000,1039.125,562.691
687000.000,1676000.000,1133.586,628.249
688000.000,1676000.000,1139.929,277.741
689000.000,1676000.000,1064.108,-547.747
690000.000,1676000.000,1032.667,-390.198
691000.000,1676000.000,1023.083,-354.363
692000.000,1676000.000,1014.029,-261.098
693000.000,1676000.000,1006.497,-191.050
694000.000,1676000.000,997.928,-149.499
695000.000,1676000.000,990.560,-143.869
696000.000,1676000.000,987.054,-119.241
697000.000,1676000.000,982.242,-96.359
698000.000,1676000.000,978.574,-95.568
699000.000,1676000.000,977.039,-83.247
700000.000,1676000.000,975.034,-76.743
701000.000,1676000.000,968.449,-72.345
702000.000,1676000.000,963.400,-74.940
703000.000,1676000.000,963.727,-80.192
704000.000,1676000.000,966.914,-96.898
705000.000,1676000.000,995.989,-130.380
706000.000,1676000.000,971.569,-168.388
707000.000,1676000.000,957.251,-160.374
708000.000,1676000.000,949.164,-114.048
709000.000,1676000.000,943.625,-78.101
710000.000,1676000.000,936.776,-52.439
711000.000,1676000.000,935.726,-38.306
641000.000,1675000.000,1011.069,-108.755
642000.000,1675000.000,1007.478,-108.975
643000.000,1675000.000,1016.778,-91.074
644000.000,1675000.000,1016.237,-82.862
645000.000,1675000.000,1021.777,-66.605
646000.000,1675000.000,1015.505,-48.693
647000.000,1675000.000,1014.882,-36.977
648000.000,1675000.000,1020.374,-24.006
649000.000,1675000.000,1036.543,4.394
650000.000,1675000.000,1035.041,46.122
651000.000,1675000.000,1040.959,87.270
652000.000,1675000.000,1085.128,175.485
653000.000,1675000.000,1075.067,394.762
654000.000,1675000.000,1094.110,720.782
655000.000,1675000.000,1272.587,876.980
656000.000,1675000.000,1338.892,234.600
657000.000,1675000.000,1239.007,-433.929
658000.000,1675000.000,1192.895,-311.485
659000.000,1675000.000,1211.272,-123.290
660000.000,1675000.000,1216.232,-40.033
661000.000,1675000.000,1190.269,322.493
662000.000,1675000.000,1243.917,1095.034
663000.000,1675000.000,1407.595,1499.480
664000.000,1675000.000,1335.431,1310.881
665000.000,1675000.000,1394.667,534.053
666000.000,1675000.000,1366.732,-103.939
667000.000,1675000.000,1205.445,-418.479
668000.000,1675000.000,1150.162,-393.015
669000.000,1675000.000,1171.654,-342.889
670000.000,1675000.000,1166.040,-379.800
671000.000,1675000.000,1047.056,-378.255
672000.000,1675000.000,1022.862,-245.074
673000.000,1675000.000,1013.580,-148.438
674000.000,1675000.000,1018.865,-129.026
675000.000,1675000.000,1047.939,-125.815
676000.000,1675000.000,1138.602,-134.055
677000.000,1675000.000,1158.380,-136.576
678000.000,1675000.000,1068.315,-111.803
679000.000,1675000.000,1043.484,-82.376
680000.000,1675000.000,1051.834,-61.744
681000.000,1675000.000,1026.346,-40.045
682000.000,1675000.000,1015.338,-13.305
683000.000,1675000.000,997.566,43.006
684000.000,1675000.000,1006.300,136.038
685000.000,1675000.000,1021.375,246.826
686000.000,1675000.000,1059.808,302.665
687000.000,1675000.000,1157.193,557.467
688000.000,1675000.000,1173.571,620.711
689000.000,1675000.000,1076.633,-186.325
690000.000,1675000.000,1041.321,-305.220
691000.000,1675000.000,1031.368,-322.223
692000.000,1675000.000,1021.966,-290.957
693000.000,1675000.000,1012.733,-245.796
694000.000,1675000.000,1000.638,-216.383
695000.000,1675000.000,1002.351,-187.873
696000.000,1675000.000,991.441,-171.032
697000.000,1675000.000,988.108,-153.611
698000.000,1675000.000,982.615,-129.011
699000.000,1675000.000,981.990,-110.639
700000.000,1675000.000,978.822,-96.342
701000.000,1675000.000,974.269,-84.068
702000.000,1675000.000,968.116,-77.351
703000.000,1675000.000,967.840,-80.625
704000.000,1675000.000,965.335,-72.722
705000.000,1675000.000,964.960,-84.658
706000.000,1675000.000,959.004,-128.338
707000.000,1675000.000,952.588,-157.701
708000.000,1675000.000,947.834,-171.410
709000.000,1675000.000,944.252,-132.464
710000.000,1675000.000,937.885,-95.022
711000.000,1675000.000,933.663,-96.743
641000.000,1674000.000,1014.496,-98.381
642000.000,1674000.000,1016.383,-93.562
643000.000,1674000.000,1014.683,-91.633
644000.000,1674000.000,1021.225,-79.018
645000.000,1674000.000,1039.014,-68.119
646000.000,1674000.000,1017.819,-61.402
647000.000,1674000.000,1018.443,-56.959
648000.000,1674000.000,1023.253,-42.852
649000.000,1674000.000,1030.524,-21.243
650000.000,1674000.000,1049.434,14.800
651000.000,1674000.000,1047.918,60.732
652000.000,1674000.000,1056.949,115.104
653000.000,1674000.000,1066.203,220.186
654000.000,1674000.000,1087.486,416.442
655000.000,1674000.000,1131.880,706.062
656000.000,1674000.000,1402.135,469.131
657000.000,1674000.000,1369.039,-386.700
658000.000,1674000.000,1218.527,-652.051
659000.000,1674000.000,1167.439,-337.380
660000.000,1674000.000,1176.296,-4.690
661000.000,1674000.000,1170.522,297.994
662000.000,1674000.000,1219.330,719.788
663000.000,1674000.000,1243.582,1006.684
664000.000,1674000.000,1410.384,865.696
665000.000,1674000.000,1329.408,606.827
666000.000,1674000.000,1239.658,273.461
667000.000,1674000.000,1379.454,-1.270
668000.000,1674000.000,1224.398,-309.188
669000.000,1674000.000,1109.544,-394.547
670000.000,1674000.000,1081.205,-265.671
671000.000,1674000.000,1099.557,-492.112
672000.000,1674000.000,1035.868,-485.699
673000.000,1674000.000,1019.077,-311.304
674000.000,1674000.000,1022.763,-226.067
675000.000,1674000.000,1036.397,-189.372
676000.000,1674000.000,1073.088,-162.247
677000.000,1674000.000,1139.054,-154.632
678000.000,1674000.000,1139.275,-153.489
679000.000,1674000.000,1101.323,-141.298
680000.000,1674000.000,1037.124,-121.497
681000.000,1674000.000,1017.132,-112.379
682000.000,1674000.000,1007.085,-85.560
683000.000,1674000.000,1010.050,-44.850
684000.000,1674000.000,1007.666,16.134
685000.000,1674000.000,1020.468,115.890
686000.000,1674000.000,1042.886,231.705
687000.000,1674000.000,1122.752,616.547
688000.000,1674000.000,1186.659,977.388
689000.000,1674000.000,1132.075,580.384
690000.000,1674000.000,1055.767,-291.962
691000.000,1674000.000,1044.898,-359.494
692000.000,1674000.000,1026.204,-395.170
693000.000,1674000.000,1014.892,-378.336
694000.000,1674000.000,1008.593,-356.702
695000.000,1674000.000,1005.422,-307.635
696000.000,1674000.000,1007.281,-252.868
697000.000,1674000.000,1004.588,-220.938
698000.000,1674000.000,989.856,-189.068
699000.000,1674000.000,983.162,-166.123
700000.000,1674000.000,975.478,-135.250
701000.000,1674000.000,972.209,-109.470
702000.000,1674000.000,966.219,-89.938
703000.000,1674000.000,961.749,-65.216
704000.000,1674000.000,959.573,-28.186
705000.000,1674000.000,956.146,20.383
706000.000,1674000.000,952.233,19.130
707000.000,1674000.000,948.915,-2.002
708000.000,1674000.000,944.603,-31.283
709000.000,1674000.000,937.837,-76.908
710000.000,1674000.000,934.892,-98.777
711000.000,1674000.000,932.770,-85.179
641000.000,1673000.000,1018.416,-80.491
642000.000,1673000.000,1025.809,-76.925
643000.000,1673000.000,1023.185,-75.718
644000.000,1673000.000,1024.613,-80.035
645000.000,1673000.000,1029.383,-68.717
646000.000,1673000.000,1021.815,-55.194
647000.000,1673000.000,1024.773,-46.571
648000.000,1673000.000,1024.199,-44.036
649000.000,1673000.000,1027.070,-27.292
650000.000,1673000.000,1041.399,-7.426
651000.000,1673000.000,1061.417,32.893
652000.000,1673000.000,1072.652,69.176
653000.000,1673000.000,1121.444,127.668
654000.000,1673000.000,1096.671,233.355
655000.000,1673000.000,1118.634,396.105
656000.000,1673000.000,1238.680,651.310
657000.000,1673000.000,1456.918,209.520
658000.000,1673000.000,1313.566,-547.407
659000.000,1673000.000,1209.186,-532.948
660000.000,1673000.000,1144.187,-243.367
661000.000,1673000.000,1159.551,63.550
662000.000,1673000.000,1216.411,323.808
663000.000,1673000.000,1143.383,446.834
664000.000,1673000.000,1177.242,470.963
665000.000,1673000.000,1176.309,400.016
666000.000,1673000.000,1137.952,373.518
667000.000,1673000.000,1375.679,516.748
668000.000,1673000.000,1386.152,225.282
669000.000,1673000.000,1207.690,-89.164
670000.000,1673000.000,1173.829,-247.008
671000.000,1673000.000,1077.483,-55.554
672000.000,1673000.000,1106.812,-284.689
673000.000,1673000.000,1026.855,-465.627
674000.000,1673000.000,1037.022,-363.547
675000.000,1673000.000,1041.951,-287.904
676000.000,1673000.000,1056.583,-265.374
677000.000,1673000.000,1075.825,-224.971
678000.000,1673000.000,1164.077,-206.233
679000.000,1673000.000,1100.900,-201.116
680000.000,1673000.000,1035.206,-195.893
681000.000,1673000.000,1018.279,-185.002
682000.000,1673000.000,1035.891,-150.752
683000.000,1673000.000,1033.640,-81.756
684000.000,1673000.000,1021.828,-39.001
685000.000,1673000.000,1017.010,48.524
686000.000,1673000.000,1028.027,271.806
687000.000,1673000.000,1076.306,703.165
688000.000,1673000.000,1157.800,1602.562
689000.000,1673000.000,1159.163,1226.382
690000.000,1673000.000,1098.101,403.628
691000.000,1673000.000,1066.245,-285.115
692000.000,1673000.000,1040.672,-489.963
693000.000,1673000.000,1028.706,-657.576
694000.000,1673000.000,1021.668,-624.387
695000.000,1673000.000,1015.869,-497.336
696000.000,1673000.000,1007.716,-387.638
697000.000,1673000.000,997.418,-309.825
698000.000,1673000.000,989.432,-243.047
699000.000,1673000.000,981.438,-188.671
700000.000,1673000.000,975.317,-153.059
701000.000,1673000.000,969.194,-129.186
702000.000,1673000.000,965.192,-104.546
703000.000,1673000.000,962.523,-72.081
704000.000,1673000.000,956.723,-29.635
705000.000,1673000.000,951.045,22.903
706000.000,1673000.000,948.066,56.895
707000.000,1673000.000,944.202,41.832
708000.000,1673000.000,941.349,0.795
709000.000,1673000.000,939.953,-39.788
710000.000,1673000.000,938.139,-70.353
711000.000,1673000.000,935.173,-74.022
641000.000,1672000.000,1027.961,-33.152
642000.000,1672000.000,1061.456,-46.182
643000.000,1672000.000,1060.847,-53.465
644000.000,1672000.000,1037.115,-51.212
645000.000,1672000.000,1028.997,-50.664
646000.000,1672000.000,1028.896,-46.513
647000.000,1672000.000,1027.634,-37.421
648000.000,1672000.000,1029.556,-28.387
649000.000,1672000.000,1028.675,-20.901
650000.000,1672000.000,1032.017,-0.108
651000.000,1672000.000,1038.732,12.415
652000.000,1672000.000,1046.781,42.104
653000.000,1672000.000,1068.402,86.879
654000.000,1672000.000,1083.903,130.129
655000.000,1672000.000,1113.403,224.060
656000.000,1672000.000,1134.157,475.504
657000.000,1672000.000,1324.141,737.148
658000.000,1672000.000,1427.587,126.815
659000.000,1672000.000,1205.031,-669.889
660000.000,1672000.000,1176.843,-543.001
661000.000,1672000.000,1127.303,-252.377
662000.000,1672000.000,1154.614,42.321
663000.000,1672000.000,1170.883,196.883
664000.000,1672000.000,1120.080,201.117
665000.000,1672000.000,1122.678,171.521
666000.000,1672000.000,1104.815,232.954
667000.000,1672000.000,1133.485,431.654
668000.000,1672000.000,1252.028,373.004
669000.000,1672000.000,1305.868,155.123
670000.000,1672000.000,1113.725,34.665
671000.000,1672000.000,1128.178,12.407
672000.000,1672000.000,1041.154,163.645
673000.000,1672000.000,1137.775,-244.999
674000.000,1672000.000,1072.858,-460.665
675000.000,1672000.000,1086.953,-445.946
676000.000,1672000.000,1115.833,-404.497
677000.000,1672000.000,1085.387,-366.745
678000.000,1672000.000,1125.967,-320.417
679000.000,1672000.000,1110.174,-278.168
680000.000,1672000.000,1054.065,-255.310
681000.000,1672000.000,1031.645,-225.749
682000.000,1672000.000,1030.723,-180.926
683000.000,1672000.000,1050.402,-159.201
684000.000,1672000.000,1020.011,-131.115
685000.000,1672000.000,1023.492,-92.278
686000.000,1672000.000,1051.947,58.047
687000.000,1672000.000,1085.169,274.718
688000.000,1672000.000,1081.012,717.973
689000.000,1672000.000,1137.128,1161.991
690000.000,1672000.000,1165.098,1027.985
691000.000,1672000.000,1177.417,-122.090
692000.000,1672000.000,1151.038,-944.500
693000.000,1672000.000,1061.070,-1530.866
694000.000,1672000.000,1039.677,-1138.092
695000.000,1672000.000,1028.866,-789.442
696000.000,1672000.000,1014.719,-607.212
697000.000,1672000.000,1007.834,-439.315
698000.000,1672000.000,995.983,-309.970
699000.000,1672000.000,988.666,-243.329
700000.000,1672000.000,979.710,-198.202
701000.000,1672000.000,976.029,-156.636
702000.000,1672000.000,970.447,-117.634
703000.000,1672000.000,965.286,-86.172
704000.000,1672000.000,960.343,-50.048
705000.000,1672000.000,956.361,-8.125
706000.000,1672000.000,950.164,22.759
707000.000,1672000.000,948.772,24.266
708000.000,1672000.000,946.850,9.606
709000.000,1672000.000,942.386,-15.760
710000.000,1672000.000,938.884,-30.306
711000.000,1672000.000,939.171,-39.442
641000.000,1671000.000,1042.139,-25.243
642000.000,1671000.000,1044.392,-21.502
643000.000,1671000.000,1043.904,-13.110
644000.000,1671000.000,1040.817,-19.104
645000.000,1671000.000,1032.294,-36.709
646000.000,1671000.000,1036.172,-33.991
647000.000,1671000.000,1029.629,-25.547
648000.000,1671000.000,1037.235,-16.483
649000.000,1671000.000,1032.683,-11.121
650000.000,1671000.000,1034.482,-8.990
651000.000,1671000.000,1037.568,5.579
652000.000,1671000.000,1044.218,28.043
653000.000,1671000.000,1053.803,45.972
654000.000,1671000.000,1094.251,80.716
655000.000,1671000.000,1093.373,138.653
656000.000,1671000.000,1103.562,309.897
657000.000,1671000.000,1190.471,664.720
658000.000,1671000.000,1464.886,377.652
659000.000,1671000.000,1309.360,-432.234
660000.000,1671000.000,1188.615,-770.197
661000.000,1671000.000,1136.237,-558.476
662000.000,1671000.000,1116.682,-295.127
663000.000,1671000.000,1104.925,-145.457
664000.000,1671000.000,1092.783,-97.426
665000.000,1671000.000,1082.061,-86.059
666000.000,1671000.000,1074.572,-27.264
667000.000,1671000.000,1068.061,75.004
668000.000,1671000.000,1071.917,117.383
669000.000,1671000.000,1141.526,37.160
670000.000,1671000.000,1110.812,-18.434
671000.000,1671000.000,1046.312,0.861
672000.000,1671000.000,1122.415,-177.618
673000.000,1671000.000,1151.918,-273.045
674000.000,1671000.000,1131.225,-457.996
675000.000,1671000.000,1265.773,-642.687
676000.000,1671000.000,1180.041,-698.854
677000.000,1671000.000,1091.227,-595.414
678000.000,1671000.000,1106.181,-460.037
679000.000,1671000.000,1096.668,-348.639
680000.000,1671000.000,1067.015,-273.312
681000.000,1671000.000,1073.202,-222.429
682000.000,1671000.000,1045.530,-194.223
683000.000,1671000.000,1033.266,-168.912
684000.000,1671000.000,1029.874,-165.730
685000.000,1671000.000,1023.973,-197.902
686000.000,1671000.000,1055.679,-144.382
687000.000,1671000.000,1070.821,49.441
688000.000,1671000.000,1069.314,438.684
689000.000,1671000.000,1081.879,688.129
690000.000,1671000.000,1106.741,712.191
691000.000,1671000.000,1153.601,394.496
692000.000,1671000.000,1185.259,290.583
693000.000,1671000.000,1188.119,738.367
694000.000,1671000.000,1068.969,-1002.752
695000.000,1671000.000,1047.309,-1187.811
696000.000,1671000.000,1029.337,-953.626
697000.000,1671000.000,1021.251,-643.058
698000.000,1671000.000,1009.167,-429.478
699000.000,1671000.000,1012.539,-320.618
700000.000,1671000.000,994.265,-249.815
701000.000,1671000.000,980.773,-203.092
702000.000,1671000.000,977.051,-162.188
703000.000,1671000.000,969.002,-117.794
704000.000,1671000.000,964.635,-89.942
705000.000,1671000.000,959.828,-69.994
706000.000,1671000.000,955.519,-62.112
707000.000,1671000.000,954.833,-52.912
708000.000,1671000.000,948.696,-54.972
709000.000,1671000.000,946.849,-64.862
710000.000,1671000.000,944.661,-75.133
711000.000,1671000.000,948.509,-75.632
641000.000,1670000.000,1025.590,-10.145
642000.000,1670000.000,1036.521,-2.837
643000.000,1670000.000,1035.321,-0.735
644000.000,1670000.000,1041.077,-7.411
645000.000,1670000.000,1038.369,-3.154
646000.000,1670000.000,1044.532,-8.781
647000.000,1670000.000,1035.491,-12.893
648000.000,1670000.000,1040.440,-15.431
649000.000,1670000.000,1041.222,-12.287
650000.000,1670000.000,1038.833,-3.364
651000.000,1670000.000,1041.389,6.033
652000.000,1670000.000,1043.319,20.022
653000.000,1670000.000,1053.497,41.798
654000.000,1670000.000,1061.453,61.604
655000.000,1670000.000,1075.310,98.541
656000.000,1670000.000,1091.823,202.166
657000.000,1670000.000,1134.859,460.483
658000.000,1670000.000,1377.094,681.686
659000.000,1670000.000,1445.279,274.541
660000.000,1670000.000,1211.583,-760.264
661000.000,1670000.000,1201.425,-767.052
662000.000,1670000.000,1146.427,-623.515
663000.000,1670000.000,1127.159,-557.540
664000.000,1670000.000,1101.424,-487.998
665000.000,1670000.000,1087.558,-408.684
666000.000,1670000.000,1079.383,-328.539
667000.000,1670000.000,1064.858,-261.343
668000.000,1670000.000,1052.322,-224.009
669000.000,1670000.000,1052.076,-204.962
670000.000,1670000.000,1127.883,-215.923
671000.000,1670000.000,1242.982,-320.681
672000.000,1670000.000,1247.269,-443.666
673000.000,1670000.000,1234.420,-512.341
674000.000,1670000.000,1180.045,-585.349
675000.000,1670000.000,1212.778,-1015.480
676000.000,1670000.000,1220.149,-1240.963
677000.000,1670000.000,1118.409,-892.458
678000.000,1670000.000,1136.173,-606.243
679000.000,1670000.000,1090.562,-411.406
680000.000,1670000.000,1074.294,-285.672
681000.000,1670000.000,1060.068,-211.726
682000.000,1670000.000,1054.095,-187.491
683000.000,1670000.000,1053.007,-199.467
684000.000,1670000.000,1041.790,-196.606
685000.000,1670000.000,1029.648,-186.163
686000.000,1670000.000,1033.956,-23.771
687000.000,1670000.000,1048.672,-6.899
688000.000,1670000.000,1144.665,-1142.413
689000.000,1670000.000,1219.438,-835.283
690000.000,1670000.000,1112.737,41.297
691000.000,1670000.000,1115.415,304.395
692000.000,1670000.000,1172.500,671.604
693000.000,1670000.000,1227.239,1137.190
694000.000,1670000.000,1247.766,616.096
695000.000,1670000.000,1206.724,-707.818
696000.000,1670000.000,1058.711,-1280.250
697000.000,1670000.000,1038.882,-900.526
698000.000,1670000.000,1020.490,-582.656
699000.000,1670000.000,1006.080,-451.443
700000.000,1670000.000,995.522,-354.712
701000.000,1670000.000,986.022,-268.887
702000.000,1670000.000,984.139,-209.017
703000.000,1670000.000,978.412,-164.304
704000.000,1670000.000,969.689,-131.271
705000.000,1670000.000,962.851,-109.436
706000.000,1670000.000,959.714,-100.629
707000.000,1670000.000,958.817,-95.274
708000.000,1670000.000,954.881,-88.777
709000.000,1670000.000,951.668,-84.570
710000.000,1670000.000,949.255,-91.013
711000.000,1670000.000,946.924,-109.228
641000.000,1669000.000,1023.669,11.326
642000.000,1669000.000,1028.252,15.881
643000.000,1669000.000,1031.419,16.127
644000.000,1669000.000,1037.886,6.439
645000.000,1669000.000,1046.924,-4.610
646000.000,1669000.000,1048.304,4.362
647000.000,1669000.000,1039.675,7.146
648000.000,1669000.000,1042.245,13.927
649000.000,1669000.000,1043.391,16.570
650000.000,1669000.000,1048.949,3.572
651000.000,1669000.000,1047.414,8.963
652000.000,1669000.000,1045.994,17.402
653000.000,1669000.000,1052.676,30.158
654000.000,1669000.000,1062.762,47.531
655000.000,1669000.000,1075.285,81.573
656000.000,1669000.000,1089.854,157.658
657000.000,1669000.000,1112.966,363.615
658000.000,1669000.000,1269.951,809.611
659000.000,1669000.000,1381.348,944.876
660000.000,1669000.000,1413.652,442.522
661000.000,1669000.000,1275.785,-979.859
662000.000,1669000.000,1156.154,-1368.443
663000.000,1669000.000,1130.629,-1175.235
664000.000,1669000.000,1104.050,-945.731
665000.000,1669000.000,1085.829,-763.653
666000.000,1669000.000,1071.247,-641.238
667000.000,1669000.000,1058.681,-581.709
668000.000,1669000.000,1054.888,-542.433
669000.000,1669000.000,1059.992,-508.331
670000.000,1669000.000,1065.970,-511.232
671000.000,1669000.000,1137.934,-529.009
672000.000,1669000.000,1333.123,-657.375
673000.000,1669000.000,1406.042,-809.102
674000.000,1669000.000,1298.768,-909.881
675000.000,1669000.000,1237.492,-751.841
676000.000,1669000.000,1413.280,-420.523
677000.000,1669000.000,1198.431,-788.286
678000.000,1669000.000,1149.010,-622.909
679000.000,1669000.000,1100.839,-450.298
680000.000,1669000.000,1085.400,-331.596
681000.000,1669000.000,1073.533,-260.637
682000.000,1669000.000,1071.463,-212.131
683000.000,1669000.000,1074.549,-162.021
684000.000,1669000.000,1064.886,-139.232
685000.000,1669000.000,1043.071,-134.412
686000.000,1669000.000,1043.002,-127.276
687000.000,1669000.000,1041.976,-208.438
688000.000,1669000.000,1100.349,215.318
689000.000,1669000.000,1210.331,125.513
690000.000,1669000.000,1223.407,-650.152
691000.000,1669000.000,1144.708,-159.376
692000.000,1669000.000,1197.530,203.149
693000.000,1669000.000,1217.524,442.942
694000.000,1669000.000,1228.005,686.795
695000.000,1669000.000,1244.383,1345.562
696000.000,1669000.000,1110.407,570.717
697000.000,1669000.000,1104.898,-525.513
698000.000,1669000.000,1052.901,-708.286
699000.000,1669000.000,1021.927,-635.683
700000.000,1669000.000,1050.864,-487.656
701000.000,1669000.000,1016.259,-353.711
702000.000,1669000.000,985.956,-259.605
703000.000,1669000.000,974.989,-218.112
704000.000,1669000.000,972.475,-179.738
705000.000,1669000.000,967.847,-159.612
706000.000,1669000.000,962.733,-124.236
707000.000,1669000.000,957.208,-94.700
708000.000,1669000.000,952.311,-87.699
709000.000,1669000.000,948.089,-82.960
710000.000,1669000.000,943.901,-70.606
711000.000,1669000.000,941.416,-54.237
641000.000,1668000.000,1027.941,7.043
642000.000,1668000.000,1032.052,3.042
643000.000,1668000.000,1032.369,5.488
644000.000,1668000.000,1043.678,9.338
645000.000,1668000.000,1041.852,14.040
646000.000,1668000.000,1050.127,6.426
647000.000,1668000.000,1048.401,2.320
648000.000,1668000.000,1047.550,4.558
649000.000,1668000.000,1051.130,9.693
650000.000,1668000.000,1053.234,12.338
651000.000,1668000.000,1054.465,-4.277
652000.000,1668000.000,1050.482,-0.705
653000.000,1668000.000,1054.802,7.131
654000.000,1668000.000,1064.090,24.117
655000.000,1668000.000,1083.283,57.327
656000.000,1668000.000,1110.948,133.995
657000.000,1668000.000,1103.696,322.139
658000.000,1668000.000,1125.764,716.905
659000.000,1668000.000,1271.058,1082.102
660000.000,1668000.000,1420.633,491.946
661000.000,1668000.000,1463.569,-494.107
662000.000,1668000.000,1267.324,-1668.809
663000.000,1668000.000,1156.479,-1771.829
664000.000,1668000.000,1152.532,-1416.141
665000.000,1668000.000,1105.117,-1110.707
666000.000,1668000.000,1069.545,-937.399
667000.000,1668000.000,1063.834,-891.010
668000.000,1668000.000,1105.050,-1002.353
669000.000,1668000.000,1099.520,-1058.710
670000.000,1668000.000,1079.318,-945.331
671000.000,1668000.000,1093.696,-739.177
672000.000,1668000.000,1243.844,-641.461
673000.000,1668000.000,1437.034,-784.388
674000.000,1668000.000,1424.935,-801.643
675000.000,1668000.000,1179.835,-483.133
676000.000,1668000.000,1338.092,157.670
677000.000,1668000.000,1220.431,-257.614
678000.000,1668000.000,1174.227,-499.172
679000.000,1668000.000,1134.206,-466.133
680000.000,1668000.000,1103.190,-366.907
681000.000,1668000.000,1088.033,-298.899
682000.000,1668000.000,1087.054,-242.938
683000.000,1668000.000,1072.296,-210.688
684000.000,1668000.000,1061.590,-182.764
685000.000,1668000.000,1055.891,-162.585
686000.000,1668000.000,1048.102,-145.730
687000.000,1668000.000,1047.305,-99.552
688000.000,1668000.000,1063.174,191.966
689000.000,1668000.000,1119.078,296.077
690000.000,1668000.000,1272.237,-266.176
691000.000,1668000.000,1317.718,-723.515
692000.000,1668000.000,1260.623,-312.104
693000.000,1668000.000,1165.583,35.965
694000.000,1668000.000,1169.851,372.260
695000.000,1668000.000,1213.623,1064.506
696000.000,1668000.000,1279.925,1304.472
697000.000,1668000.000,1332.584,-272.148
698000.000,1668000.000,1176.071,-856.999
699000.000,1668000.000,1067.767,-897.568
700000.000,1668000.000,1008.212,-657.799
701000.000,1668000.000,991.297,-397.798
702000.000,1668000.000,983.981,-271.847
703000.000,1668000.000,981.271,-231.015
704000.000,1668000.000,976.833,-222.667
705000.000,1668000.000,969.235,-199.811
706000.000,1668000.000,964.841,-180.045
707000.000,1668000.000,960.408,-157.780
708000.000,1668000.000,954.765,-128.618
709000.000,1668000.000,953.700,-103.086
710000.000,1668000.000,948.462,-76.669
711000.000,1668000.000,944.032,-53.220
641000.000,1667000.000,1032.938,-0.162
642000.000,1667000.000,1037.334,-11.587
643000.000,1667000.000,1037.310,-31.223
644000.000,1667000.000,1040.480,-31.993
645000.000,1667000.000,1048.189,-23.379
646000.000,1667000.000,1057.839,-11.828
647000.000,1667000.000,1058.802,-11.470
648000.000,1667000.000,1063.664,-9.321
649000.000,1667000.000,1073.762,-5.465
650000.000,1667000.000,1062.780,-4.614
651000.000,1667000.000,1071.145,-0.686
652000.000,1667000.000,1063.351,-9.148
653000.000,1667000.000,1063.072,-4.024
654000.000,1667000.000,1065.689,10.413
655000.000,1667000.000,1078.410,44.557
656000.000,1667000.000,1137.399,116.680
657000.000,1667000.000,1131.435,236.298
658000.000,1667000.000,1126.682,431.066
659000.000,1667000.000,1152.897,751.006
660000.000,1667000.000,1267.678,830.924
661000.000,1667000.000,1420.973,263.838
662000.000,1667000.000,1431.900,-72.341
663000.000,1667000.000,1199.094,-1703.733
664000.000,1667000.000,1101.079,-1691.662
665000.000,1667000.000,1085.341,-1388.695
666000.000,1667000.000,1068.606,-1204.575
667000.000,1667000.000,1075.140,-1100.809
668000.000,1667000.000,1162.900,-1088.495
669000.000,1667000.000,1308.814,-1341.892
670000.000,1667000.000,1149.078,-1295.014
671000.000,1667000.000,1088.586,-847.518
672000.000,1667000.000,1144.431,-562.106
673000.000,1667000.000,1266.116,-467.051
674000.000,1667000.000,1467.535,-133.093
675000.000,1667000.000,1268.550,38.975
676000.000,1667000.000,1326.463,684.553
677000.000,1667000.000,1292.073,447.007
678000.000,1667000.000,1183.400,-203.366
679000.000,1667000.000,1150.802,-396.758
680000.000,1667000.000,1130.737,-409.569
681000.000,1667000.000,1094.562,-347.208
682000.000,1667000.000,1084.630,-288.199
683000.000,1667000.000,1077.327,-244.422
684000.000,1667000.000,1068.873,-210.791
685000.000,1667000.000,1058.251,-186.431
686000.000,1667000.000,1055.302,-163.513
687000.000,1667000.000,1052.405,-101.923
688000.000,1667000.000,1057.602,14.274
689000.000,1667000.000,1081.319,229.403
690000.000,1667000.000,1112.879,614.615
691000.000,1667000.000,1205.845,410.487
692000.000,1667000.000,1297.742,-178.296
693000.000,1667000.000,1200.705,-107.230
694000.000,1667000.000,1112.474,190.582
695000.000,1667000.000,1105.714,443.263
696000.000,1667000.000,1192.509,690.186
697000.000,1667000.000,1256.920,484.117
698000.000,1667000.000,1110.341,-447.247
699000.000,1667000.000,1129.488,-252.987
700000.000,1667000.000,1027.873,-366.769
701000.000,1667000.000,998.737,-335.073
702000.000,1667000.000,991.432,-245.530
703000.000,1667000.000,986.724,-240.606
704000.000,1667000.000,980.976,-255.478
705000.000,1667000.000,974.866,-266.861
706000.000,1667000.000,970.681,-254.220
707000.000,1667000.000,964.032,-226.711
708000.000,1667000.000,961.941,-192.558
709000.000,1667000.000,959.169,-152.137
710000.000,1667000.000,954.822,-110.050
711000.000,1667000.000,947.490,-75.319
641000.000,1666000.000,1041.589,-3.829
642000.000,1666000.000,1046.297,-15.407
643000.000,1666000.000,1042.132,-13.984
644000.000,1666000.000,1043.614,-24.544
645000.000,1666000.000,1047.660,-37.363
646000.000,1666000.000,1054.239,-51.154
647000.000,1666000.000,1058.236,-46.539
648000.000,1666000.000,1078.432,-34.140
649000.000,1666000.000,1119.262,-24.035
650000.000,1666000.000,1120.352,-17.429
651000.000,1666000.000,1088.534,-14.642
652000.000,1666000.000,1077.230,-2.845
653000.000,1666000.000,1075.574,1.509
654000.000,1666000.000,1077.325,11.926
655000.000,1666000.000,1089.460,37.136
656000.000,1666000.000,1113.273,84.043
657000.000,1666000.000,1156.135,166.270
658000.000,1666000.000,1137.023,272.107
659000.000,1666000.000,1136.364,425.385
660000.000,1666000.000,1180.515,686.921
661000.000,1666000.000,1268.658,945.846
662000.000,1666000.000,1286.992,908.189
663000.000,1666000.000,1284.304,862.702
664000.000,1666000.000,1080.854,-1616.985
665000.000,1666000.000,1078.932,-1782.746
666000.000,1666000.000,1112.863,-1508.411
667000.000,1666000.000,1089.373,-1222.466
668000.000,1666000.000,1120.496,-846.078
669000.000,1666000.000,1311.129,-234.517
670000.000,1666000.000,1267.079,-67.850
671000.000,1666000.000,1113.799,-517.362
672000.000,1666000.000,1134.042,-466.188
673000.000,1666000.000,1190.731,-200.703
674000.000,1666000.000,1398.158,-54.583
675000.000,1666000.000,1435.176,-77.319
676000.000,1666000.000,1403.533,198.643
677000.000,1666000.000,1341.618,201.198
678000.000,1666000.000,1185.118,-233.906
679000.000,1666000.000,1147.952,-423.646
680000.000,1666000.000,1130.265,-453.294
681000.000,1666000.000,1108.584,-381.639
682000.000,1666000.000,1094.630,-316.987
683000.000,1666000.000,1078.868,-271.708
684000.000,1666000.000,1068.510,-242.787
685000.000,1666000.000,1060.914,-206.487
686000.000,1666000.000,1066.297,-165.555
687000.000,1666000.000,1059.157,-108.731
688000.000,1666000.000,1060.486,-30.441
689000.000,1666000.000,1067.712,88.734
690000.000,1666000.000,1084.370,252.142
691000.000,1666000.000,1096.612,415.951
692000.000,1666000.000,1099.884,510.453
693000.000,1666000.000,1083.127,180.780
694000.000,1666000.000,1072.911,94.288
695000.000,1666000.000,1067.736,235.584
696000.000,1666000.000,1083.064,549.914
697000.000,1666000.000,1123.797,1352.510
698000.000,1666000.000,1101.743,2530.173
699000.000,1666000.000,1037.984,665.224
700000.000,1666000.000,1025.635,349.043
701000.000,1666000.000,1016.794,-91.926
702000.000,1666000.000,1000.411,-306.525
703000.000,1666000.000,994.419,-358.540
704000.000,1666000.000,993.248,-435.623
705000.000,1666000.000,986.260,-494.073
706000.000,1666000.000,980.307,-463.022
707000.000,1666000.000,974.439,-411.838
708000.000,1666000.000,972.114,-344.134
709000.000,1666000.000,966.729,-261.011
710000.000,1666000.000,960.684,-192.903
711000.000,1666000.000,955.218,-145.963
641000.000,1665000.000,1047.423,-30.012
642000.000,1665000.000,1053.887,-35.448
643000.000,1665000.000,1050.656,-39.902
644000.000,1665000.000,1055.007,-41.206
645000.000,1665000.000,1048.260,-43.603
646000.000,1665000.000,1055.664,-58.720
647000.000,1665000.000,1067.899,-77.532
648000.000,1665000.000,1086.319,-78.596
649000.000,1665000.000,1104.157,-65.124
650000.000,1665000.000,1118.138,-45.292
651000.000,1665000.000,1122.028,-19.187
652000.000,1665000.000,1106.061,-3.822
653000.000,1665000.000,1085.600,3.075
654000.000,1665000.000,1109.979,11.873
655000.000,1665000.000,1088.347,25.075
656000.000,1665000.000,1125.675,48.364
657000.000,1665000.000,1162.639,90.981
658000.000,1665000.000,1139.386,183.023
659000.000,1665000.000,1116.948,270.642
660000.000,1665000.000,1117.917,466.078
661000.000,1665000.000,1117.316,915.371
662000.000,1665000.000,1136.513,1317.406
663000.000,1665000.000,1136.618,841.217
664000.000,1665000.000,1203.105,-1007.270
665000.000,1665000.000,1142.978,-2177.608
666000.000,1665000.000,1141.123,-1900.928
667000.000,1665000.000,1155.653,-1463.704
668000.000,1665000.000,1108.409,-1036.867
669000.000,1665000.000,1146.730,-473.470
670000.000,1665000.000,1250.541,-226.578
671000.000,1665000.000,1135.865,-568.841
672000.000,1665000.000,1118.802,-610.107
673000.000,1665000.000,1187.312,-370.563
674000.000,1665000.000,1278.076,-92.226
675000.000,1665000.000,1475.462,-187.277
676000.000,1665000.000,1401.423,-418.992
677000.000,1665000.000,1324.415,-621.882
678000.000,1665000.000,1178.820,-609.207
679000.000,1665000.000,1154.739,-565.109
680000.000,1665000.000,1132.455,-534.048
681000.000,1665000.000,1114.656,-451.347
682000.000,1665000.000,1093.479,-359.826
683000.000,1665000.000,1091.060,-300.945
684000.000,1665000.000,1077.964,-253.259
685000.000,1665000.000,1070.992,-208.343
686000.000,1665000.000,1075.043,-169.434
687000.000,1665000.000,1076.122,-133.203
688000.000,1665000.000,1073.225,-81.105
689000.000,1665000.000,1070.359,-16.385
690000.000,1665000.000,1070.187,40.904
691000.000,1665000.000,1082.875,91.655
692000.000,1665000.000,1065.068,99.335
693000.000,1665000.000,1055.549,43.925
694000.000,1665000.000,1052.407,31.108
695000.000,1665000.000,1048.433,113.047
696000.000,1665000.000,1049.251,362.350
697000.000,1665000.000,1046.478,1008.872
698000.000,1665000.000,1042.830,2400.649
699000.000,1665000.000,1025.731,1456.874
700000.000,1665000.000,1024.425,302.926
701000.000,1665000.000,1014.414,17.228
702000.000,1665000.000,1015.354,-196.432
703000.000,1665000.000,1034.563,-164.996
704000.000,1665000.000,1024.339,-158.351
705000.000,1665000.000,1012.425,-284.134
706000.000,1665000.000,995.279,-581.195
707000.000,1665000.000,984.282,-693.157
708000.000,1665000.000,985.235,-659.038
709000.000,1665000.000,978.307,-491.298
710000.000,1665000.000,967.564,-314.033
711000.000,1665000.000,961.904,-212.631
641000.000,1664000.000,1087.057,-42.262
642000.000,1664000.000,1065.803,-48.180
643000.000,1664000.000,1056.506,-44.453
644000.000,1664000.000,1062.322,-46.970
645000.000,1664000.000,1056.861,-54.076
646000.000,1664000.000,1057.453,-67.704
647000.000,1664000.000,1073.444,-90.103
648000.000,1664000.000,1093.270,-106.497
649000.000,1664000.000,1100.962,-103.567
650000.000,1664000.000,1109.353,-93.444
651000.000,1664000.000,1124.151,-64.296
652000.000,1664000.000,1114.934,-30.833
653000.000,1664000.000,1097.821,-7.153
654000.000,1664000.000,1106.333,4.877
655000.000,1664000.000,1123.673,14.284
656000.000,1664000.000,1116.811,33.061
657000.000,1664000.000,1152.231,65.535
658000.000,1664000.000,1129.004,107.769
659000.000,1664000.000,1107.921,167.565
660000.000,1664000.000,1101.829,309.835
661000.000,1664000.000,1098.891,565.575
662000.000,1664000.000,1132.620,943.149
663000.000,1664000.000,1364.705,776.064
664000.000,1664000.000,1359.378,895.786
665000.000,1664000.000,1368.859,-230.401
666000.000,1664000.000,1183.158,-1540.708
667000.000,1664000.000,1171.511,-1840.763
668000.000,1664000.000,1126.933,-1622.981
669000.000,1664000.000,1122.968,-1285.419
670000.000,1664000.000,1235.791,-1190.797
671000.000,1664000.000,1231.370,-1416.698
672000.000,1664000.000,1149.905,-1287.120
673000.000,1664000.000,1149.609,-925.863
674000.000,1664000.000,1213.122,-572.096
675000.000,1664000.000,1437.961,-480.599
676000.000,1664000.000,1346.282,-563.215
677000.000,1664000.000,1309.046,-561.335
678000.000,1664000.000,1192.513,-831.612
679000.000,1664000.000,1155.233,-628.357
680000.000,1664000.000,1137.427,-481.029
681000.000,1664000.000,1122.569,-471.499
682000.000,1664000.000,1103.762,-384.741
683000.000,1664000.000,1110.980,-294.386
684000.000,1664000.000,1082.749,-221.885
685000.000,1664000.000,1077.033,-185.918
686000.000,1664000.000,1090.648,-154.944
687000.000,1664000.000,1090.356,-127.096
688000.000,1664000.000,1073.787,-97.799
689000.000,1664000.000,1076.872,-74.701
690000.000,1664000.000,1074.146,-49.883
691000.000,1664000.000,1083.192,-42.393
692000.000,1664000.000,1067.823,-44.127
693000.000,1664000.000,1052.221,-43.336
694000.000,1664000.000,1043.266,-29.501
695000.000,1664000.000,1036.428,41.046
696000.000,1664000.000,1035.350,190.238
697000.000,1664000.000,1030.523,481.933
698000.000,1664000.000,1026.809,846.214
699000.000,1664000.000,1032.481,736.812
700000.000,1664000.000,1032.284,445.218
701000.000,1664000.000,1031.192,-63.619
702000.000,1664000.000,1059.020,-186.727
703000.000,1664000.000,1129.721,-244.091
704000.000,1664000.000,1156.668,-155.088
705000.000,1664000.000,1080.346,74.366
706000.000,1664000.000,1042.003,238.542
707000.000,1664000.000,1066.772,219.380
708000.000,1664000.000,1003.427,-199.065
709000.000,1664000.000,997.798,-558.717
710000.000,1664000.000,975.736,-406.839
711000.000,1664000.000,963.082,-302.354
641000.000,1663000.000,1072.535,-41.201
642000.000,1663000.000,1073.296,-49.171
643000.000,1663000.000,1087.200,-55.100
644000.000,1663000.000,1077.170,-56.250
645000.000,1663000.000,1071.010,-54.626
646000.000,1663000.000,1063.347,-61.600
647000.000,1663000.000,1065.947,-64.528
648000.000,1663000.000,1077.666,-82.091
649000.000,1663000.000,1090.363,-97.370
650000.000,1663000.000,1092.475,-95.784
651000.000,1663000.000,1119.493,-84.394
652000.000,1663000.000,1125.149,-66.218
653000.000,1663000.000,1123.596,-33.370
654000.000,1663000.000,1122.934,-13.543
655000.000,1663000.000,1138.681,7.450
656000.000,1663000.000,1155.735,26.209
657000.000,1663000.000,1154.577,51.842
658000.000,1663000.000,1133.585,94.350
659000.000,1663000.000,1112.030,130.579
660000.000,1663000.000,1103.580,194.554
661000.000,1663000.000,1104.261,347.124
662000.000,1663000.000,1121.901,648.049
663000.000,1663000.000,1206.908,1097.969
664000.000,1663000.000,1429.363,781.756
665000.000,1663000.000,1354.766,358.249
666000.000,1663000.000,1231.170,-1430.453
667000.000,1663000.000,1199.417,-2618.430
668000.000,1663000.000,1180.035,-2303.361
669000.000,1663000.000,1147.557,-1791.740
670000.000,1663000.000,1186.712,-1715.446
671000.000,1663000.000,1378.085,-1911.689
672000.000,1663000.000,1242.827,-2078.338
673000.000,1663000.000,1154.928,-1610.642
674000.000,1663000.000,1173.097,-1106.452
675000.000,1663000.000,1297.310,-862.758
676000.000,1663000.000,1450.359,-673.413
677000.000,1663000.000,1374.844,-497.768
678000.000,1663000.000,1246.709,-906.307
679000.000,1663000.000,1175.383,-1006.936
680000.000,1663000.000,1145.585,-783.228
681000.000,1663000.000,1130.067,-517.365
682000.000,1663000.000,1114.988,-395.041
683000.000,1663000.000,1099.196,-297.970
684000.000,1663000.000,1087.212,-236.650
685000.000,1663000.000,1089.531,-202.039
686000.000,1663000.000,1101.210,-165.716
687000.000,1663000.000,1104.755,-138.742
688000.000,1663000.000,1090.225,-117.054
689000.000,1663000.000,1080.335,-111.257
690000.000,1663000.000,1080.842,-88.403
691000.000,1663000.000,1084.209,-76.973
692000.000,1663000.000,1076.117,-74.905
693000.000,1663000.000,1070.426,-79.667
694000.000,1663000.000,1049.920,-52.870
695000.000,1663000.000,1033.563,-1.293
696000.000,1663000.000,1025.399,82.776
697000.000,1663000.000,1022.867,212.206
698000.000,1663000.000,1017.632,307.597
699000.000,1663000.000,1017.328,263.560
700000.000,1663000.000,1020.568,142.500
701000.000,1663000.000,1098.900,78.989
702000.000,1663000.000,1166.345,-236.774
703000.000,1663000.000,1110.744,-534.771
704000.000,1663000.000,1111.159,-648.499
705000.000,1663000.000,1128.081,-563.975
706000.000,1663000.000,1097.531,-396.038
707000.000,1663000.000,1071.629,-5.988
708000.000,1663000.000,1054.583,535.843
709000.000,1663000.000,1100.239,601.289
710000.000,1663000.000,1050.420,-51.506
711000.000,1663000.000,984.059,-441.622
641000.000,1662000.000,1066.592,-38.465
642000.000,1662000.000,1097.852,-51.059
643000.000,1662000.000,1093.750,-60.145
644000.000,1662000.000,1085.186,-62.499
645000.000,1662000.000,1083.447,-58.823
646000.000,1662000.000,1076.404,-47.939
647000.000,1662000.000,1072.107,-37.612
648000.000,1662000.000,1083.002,-42.235
649000.000,1662000.000,1094.794,-60.932
650000.000,1662000.000,1103.764,-69.920
651000.000,1662000.000,1106.887,-69.231
652000.000,1662000.000,1125.626,-65.155
653000.000,1662000.000,1125.792,-55.294
654000.000,1662000.000,1128.088,-18.671
655000.000,1662000.000,1143.000,8.248
656000.000,1662000.000,1150.735,23.383
657000.000,1662000.000,1148.818,44.380
658000.000,1662000.000,1143.689,84.114
659000.000,1662000.000,1125.984,95.253
660000.000,1662000.000,1116.699,121.379
661000.000,1662000.000,1107.443,217.958
662000.000,1662000.000,1122.240,392.810
663000.000,1662000.000,1177.028,706.180
664000.000,1662000.000,1352.962,979.047
665000.000,1662000.000,1423.534,172.359
666000.000,1662000.000,1413.973,-605.377
667000.000,1662000.000,1417.419,-753.639
668000.000,1662000.000,1241.936,-1158.601
669000.000,1662000.000,1159.309,-1687.057
670000.000,1662000.000,1183.594,-1777.041
671000.000,1662000.000,1367.185,-1684.940
672000.000,1662000.000,1422.135,-1677.446
673000.000,1662000.000,1239.412,-1840.693
674000.000,1662000.000,1302.537,-1689.760
675000.000,1662000.000,1206.792,-1376.173
676000.000,1662000.000,1278.525,-860.851
677000.000,1662000.000,1362.558,-525.566
678000.000,1662000.000,1308.956,-1003.459
679000.000,1662000.000,1291.163,-1166.971
680000.000,1662000.000,1161.474,-1026.570
681000.000,1662000.000,1135.255,-650.871
682000.000,1662000.000,1136.758,-455.427
683000.000,1662000.000,1108.774,-350.933
684000.000,1662000.000,1098.907,-263.179
685000.000,1662000.000,1099.950,-211.555
686000.000,1662000.000,1111.653,-185.062
687000.000,1662000.000,1121.928,-154.943
688000.000,1662000.000,1095.106,-136.743
689000.000,1662000.000,1088.842,-116.901
690000.000,1662000.000,1096.821,-100.009
691000.000,1662000.000,1089.373,-88.806
692000.000,1662000.000,1083.626,-76.869
693000.000,1662000.000,1060.873,-80.582
694000.000,1662000.000,1043.338,-61.475
695000.000,1662000.000,1030.812,-27.779
696000.000,1662000.000,1022.305,10.501
697000.000,1662000.000,1016.680,56.945
698000.000,1662000.000,1013.675,87.379
699000.000,1662000.000,1008.958,64.668
700000.000,1662000.000,1009.529,-8.744
701000.000,1662000.000,1101.920,-51.955
702000.000,1662000.000,1104.768,-75.844
703000.000,1662000.000,1073.076,675.007
704000.000,1662000.000,1042.190,917.833
705000.000,1662000.000,1048.679,857.490
706000.000,1662000.000,1036.455,336.961
707000.000,1662000.000,1022.651,-385.805
708000.000,1662000.000,1028.668,-238.577
709000.000,1662000.000,1048.214,70.608
710000.000,1662000.000,1010.954,213.586
711000.000,1662000.000,978.729,696.623
641000.000,1661000.000,1066.507,-44.955
642000.000,1661000.000,1075.642,-53.946
643000.000,1661000.000,1113.542,-62.910
644000.000,1661000.000,1109.228,-74.705
645000.000,1661000.000,1123.927,-74.644
646000.000,1661000.000,1095.069,-64.867
647000.000,1661000.000,1080.792,-44.287
648000.000,1661000.000,1089.789,-22.959
649000.000,1661000.000,1097.738,-6.886
650000.000,1661000.000,1107.227,-19.458
651000.000,1661000.000,1122.196,-36.235
652000.000,1661000.000,1119.690,-49.522
653000.000,1661000.000,1129.566,-53.165
654000.000,1661000.000,1128.967,-40.902
655000.000,1661000.000,1136.902,-0.653
656000.000,1661000.000,1151.905,36.867
657000.000,1661000.000,1165.216,55.705
658000.000,1661000.000,1156.254,80.186
659000.000,1661000.000,1140.880,132.820
660000.000,1661000.000,1126.988,126.727
661000.000,1661000.000,1112.988,148.073
662000.000,1661000.000,1121.129,240.891
663000.000,1661000.000,1160.168,397.354
664000.000,1661000.000,1289.433,1017.594
665000.000,1661000.000,1492.150,2482.181
666000.000,1661000.000,1429.284,2986.155
667000.000,1661000.000,1532.803,2078.105
668000.000,1661000.000,1371.956,654.937
669000.000,1661000.000,1315.293,-627.187
670000.000,1661000.000,1312.283,-1509.700
671000.000,1661000.000,1294.190,-1514.941
672000.000,1661000.000,1345.917,-1381.644
673000.000,1661000.000,1447.895,-1501.286
674000.000,1661000.000,1498.623,-1439.979
675000.000,1661000.000,1378.984,-1090.643
676000.000,1661000.000,1245.347,-952.510
677000.000,1661000.000,1260.054,-88.952
678000.000,1661000.000,1256.790,845.134
679000.000,1661000.000,1222.643,-266.292
680000.000,1661000.000,1177.058,-479.901
681000.000,1661000.000,1175.885,-533.036
682000.000,1661000.000,1154.962,-389.317
683000.000,1661000.000,1112.299,-299.754
684000.000,1661000.000,1110.680,-243.953
685000.000,1661000.000,1120.194,-196.065
686000.000,1661000.000,1120.907,-168.224
687000.000,1661000.000,1110.333,-163.434
688000.000,1661000.000,1100.873,-144.423
689000.000,1661000.000,1104.823,-120.149
690000.000,1661000.000,1101.697,-97.956
691000.000,1661000.000,1098.982,-86.193
692000.000,1661000.000,1100.523,-77.885
693000.000,1661000.000,1079.259,-59.350
694000.000,1661000.000,1044.535,-54.452
695000.000,1661000.000,1063.704,-55.592
696000.000,1661000.000,1028.014,-47.008
697000.000,1661000.000,1015.339,-33.094
698000.000,1661000.000,1010.081,-21.456
699000.000,1661000.000,1005.271,-24.541
700000.000,1661000.000,1001.589,-39.343
701000.000,1661000.000,1021.788,29.909
702000.000,1661000.000,1033.450,283.339
703000.000,1661000.000,1015.878,309.799
704000.000,1661000.000,1011.029,368.733
705000.000,1661000.000,1001.465,498.485
706000.000,1661000.000,991.201,661.289
707000.000,1661000.000,988.289,935.630
708000.000,1661000.000,987.975,453.420
709000.000,1661000.000,1019.307,-123.672
710000.000,1661000.000,1003.891,-27.097
711000.000,1661000.000,967.100,134.604
641000.000,1660000.000,1070.384,-41.125
642000.000,1660000.000,1089.270,-51.949
643000.000,1660000.000,1110.872,-68.666
644000.000,1660000.000,1132.202,-79.356
645000.000,1660000.000,1127.648,-81.082
646000.000,1660000.000,1110.216,-69.962
647000.000,1660000.000,1094.141,-53.576
648000.000,1660000.000,1094.528,-35.893
649000.000,1660000.000,1103.963,-20.443
650000.000,1660000.000,1104.739,-9.717
651000.000,1660000.000,1113.913,-4.912
652000.000,1660000.000,1129.719,-3.595
653000.000,1660000.000,1140.397,-11.881
654000.000,1660000.000,1134.938,-18.843
655000.000,1660000.000,1144.110,-19.575
656000.000,1660000.000,1147.959,17.292
657000.000,1660000.000,1165.932,63.612
658000.000,1660000.000,1149.256,102.486
659000.000,1660000.000,1150.463,143.185
660000.000,1660000.000,1119.603,188.836
661000.000,1660000.000,1126.496,234.241
662000.000,1660000.000,1124.486,318.186
663000.000,1660000.000,1167.265,496.759
664000.000,1660000.000,1340.840,883.185
665000.000,1660000.000,1314.693,1494.224
666000.000,1660000.000,1399.285,1311.143
667000.000,1660000.000,1502.457,714.955
668000.000,1660000.000,1431.465,616.528
669000.000,1660000.000,1464.996,574.313
670000.000,1660000.000,1551.732,1006.259
671000.000,1660000.000,1550.084,1538.959
672000.000,1660000.000,1529.879,1559.384
673000.000,1660000.000,1542.785,812.241
674000.000,1660000.000,1504.358,61.936
675000.000,1660000.000,1485.254,118.622
676000.000,1660000.000,1431.587,88.328
677000.000,1660000.000,1270.274,74.356
678000.000,1660000.000,1280.939,739.828
679000.000,1660000.000,1312.466,434.661
680000.000,1660000.000,1232.722,-272.193
681000.000,1660000.000,1144.086,-406.153
682000.000,1660000.000,1129.013,-303.067
683000.000,1660000.000,1117.248,-225.328
684000.000,1660000.000,1116.871,-179.440
685000.000,1660000.000,1120.470,-169.661
686000.000,1660000.000,1131.187,-155.008
687000.000,1660000.000,1115.707,-141.175
688000.000,1660000.000,1109.246,-129.818
689000.000,1660000.000,1121.038,-111.061
690000.000,1660000.000,1135.920,-97.675
691000.000,1660000.000,1125.217,-86.728
692000.000,1660000.000,1115.471,-82.301
693000.000,1660000.000,1089.640,-72.232
694000.000,1660000.000,1096.637,-64.337
695000.000,1660000.000,1077.842,-66.541
696000.000,1660000.000,1041.757,-65.654
697000.000,1660000.000,1018.152,-62.811
698000.000,1660000.000,1008.402,-62.447
699000.000,1660000.000,1001.562,-61.640
700000.000,1660000.000,997.711,-56.071
701000.000,1660000.000,1007.550,12.901
702000.000,1660000.000,1035.822,63.634
703000.000,1660000.000,1006.497,-10.899
704000.000,1660000.000,998.414,56.745
705000.000,1660000.000,994.381,120.206
706000.000,1660000.000,986.344,192.318
707000.000,1660000.000,982.791,304.572
708000.000,1660000.000,977.608,378.362
709000.000,1660000.000,982.766,225.027
710000.000,1660000.000,968.288,-53.474
711000.000,1660000.000,959.095,-1.257
641000.000,1659000.000,1071.946,-11.896
642000.000,1659000.000,1087.486,-29.477
643000.000,1659000.000,1104.437,-37.001
644000.000,1659000.000,1114.141,-50.783
645000.000,1659000.000,1109.796,-59.598
646000.000,1659000.000,1121.805,-57.133
647000.000,1659000.000,1100.451,-44.468
648000.000,1659000.000,1092.318,-30.745
649000.000,1659000.000,1100.629,-22.803
650000.000,1659000.000,1111.287,-19.016
651000.000,1659000.000,1120.383,-14.370
652000.000,1659000.000,1127.822,-13.585
653000.000,1659000.000,1142.341,0.204
654000.000,1659000.000,1145.537,4.168
655000.000,1659000.000,1147.745,11.964
656000.000,1659000.000,1155.288,12.790
657000.000,1659000.000,1152.359,39.534
658000.000,1659000.000,1139.808,84.751
659000.000,1659000.000,1130.015,136.261
660000.000,1659000.000,1127.581,193.690
661000.000,1659000.000,1139.100,268.788
662000.000,1659000.000,1132.407,458.415
663000.000,1659000.000,1143.484,806.941
664000.000,1659000.000,1174.545,1349.590
665000.000,1659000.000,1208.588,1777.369
666000.000,1659000.000,1423.143,2129.505
667000.000,1659000.000,1492.364,2304.689
668000.000,1659000.000,1489.612,2378.855
669000.000,1659000.000,1489.362,1811.804
670000.000,1659000.000,1509.480,1014.853
671000.000,1659000.000,1518.540,1089.197
672000.000,1659000.000,1462.611,1266.166
673000.000,1659000.000,1475.719,1130.991
674000.000,1659000.000,1448.573,1230.950
675000.000,1659000.000,1381.083,1362.641
676000.000,1659000.000,1332.091,1339.254
677000.000,1659000.000,1366.256,1009.732
678000.000,1659000.000,1304.029,755.530
679000.000,1659000.000,1334.111,1347.008
680000.000,1659000.000,1306.912,1026.221
681000.000,1659000.000,1167.292,-160.463
682000.000,1659000.000,1139.983,-269.706
683000.000,1659000.000,1123.579,-208.580
684000.000,1659000.000,1128.958,-172.182
685000.000,1659000.000,1129.594,-146.961
686000.000,1659000.000,1134.288,-132.447
687000.000,1659000.000,1118.972,-111.710
688000.000,1659000.000,1118.752,-102.152
689000.000,1659000.000,1119.779,-101.392
690000.000,1659000.000,1123.319,-87.398
691000.000,1659000.000,1123.016,-79.528
692000.000,1659000.000,1093.302,-73.772
693000.000,1659000.000,1099.681,-72.672
694000.000,1659000.000,1092.229,-69.183
695000.000,1659000.000,1057.406,-73.689
696000.000,1659000.000,1045.326,-71.637
697000.000,1659000.000,1018.298,-64.698
698000.000,1659000.000,1003.673,-63.672
699000.000,1659000.000,998.601,-63.668
700000.000,1659000.000,995.007,-45.241
701000.000,1659000.000,991.536,21.849
702000.000,1659000.000,996.512,138.480
703000.000,1659000.000,994.777,-26.733
704000.000,1659000.000,991.592,-25.027
705000.000,1659000.000,987.337,1.154
706000.000,1659000.000,986.675,34.120
707000.000,1659000.000,993.544,65.053
708000.000,1659000.000,970.210,81.198
709000.000,1659000.000,967.216,79.441
710000.000,1659000.000,960.380,22.341
711000.000,1659000.000,954.784,-20.133
641000.000,1658000.000,1070.431,17.958
642000.000,1658000.000,1082.526,6.521
643000.000,1658000.000,1081.987,-0.765
644000.000,1658000.000,1085.738,5.256
645000.000,1658000.000,1093.163,-0.606
646000.000,1658000.000,1108.555,-20.858
647000.000,1658000.000,1109.419,-44.400
648000.000,1658000.000,1107.702,-55.214
649000.000,1658000.000,1109.973,-53.188
650000.000,1658000.000,1115.887,-48.605
651000.000,1658000.000,1116.511,-39.288
652000.000,1658000.000,1128.848,-27.994
653000.000,1658000.000,1154.885,-18.116
654000.000,1658000.000,1167.363,-7.565
655000.000,1658000.000,1169.473,-4.802
656000.000,1658000.000,1160.189,5.090
657000.000,1658000.000,1148.457,22.399
658000.000,1658000.000,1142.871,58.162
659000.000,1658000.000,1137.919,109.291
660000.000,1658000.000,1137.028,169.878
661000.000,1658000.000,1141.686,259.711
662000.000,1658000.000,1145.486,405.554
663000.000,1658000.000,1142.748,618.426
664000.000,1658000.000,1152.447,909.278
665000.000,1658000.000,1174.341,1287.701
666000.000,1658000.000,1223.827,1858.366
667000.000,1658000.000,1268.993,2459.088
668000.000,1658000.000,1332.199,2821.691
669000.000,1658000.000,1333.600,3041.780
670000.000,1658000.000,1416.152,3194.291
671000.000,1658000.000,1442.909,3033.996
672000.000,1658000.000,1467.562,2534.469
673000.000,1658000.000,1412.662,2543.934
674000.000,1658000.000,1356.398,2291.386
675000.000,1658000.000,1243.206,1567.060
676000.000,1658000.000,1246.514,1215.378
677000.000,1658000.000,1212.355,1191.949
678000.000,1658000.000,1337.236,1245.254
679000.000,1658000.000,1320.945,1240.847
680000.000,1658000.000,1311.766,1319.490
681000.000,1658000.000,1197.850,-3.371
682000.000,1658000.000,1156.283,-243.800
683000.000,1658000.000,1137.226,-159.311
684000.000,1658000.000,1145.419,-116.409
685000.000,1658000.000,1162.034,-108.417
686000.000,1658000.000,1146.814,-99.825
687000.000,1658000.000,1133.605,-92.614
688000.000,1658000.000,1131.022,-84.593
689000.000,1658000.000,1145.282,-84.449
690000.000,1658000.000,1138.938,-92.861
691000.000,1658000.000,1129.488,-89.060
692000.000,1658000.000,1088.882,-72.522
693000.000,1658000.000,1067.228,-68.927
694000.000,1658000.000,1055.313,-67.277
695000.000,1658000.000,1043.615,-66.731
696000.000,1658000.000,1038.954,-57.566
697000.000,1658000.000,1012.271,-59.433
698000.000,1658000.000,1003.188,-68.579
699000.000,1658000.000,996.270,-58.224
700000.000,1658000.000,991.782,-55.654
701000.000,1658000.000,987.910,-20.368
702000.000,1658000.000,987.111,51.770
703000.000,1658000.000,985.580,-15.148
704000.000,1658000.000,985.381,-46.872
705000.000,1658000.000,981.972,-50.351
706000.000,1658000.000,977.471,-40.807
707000.000,1658000.000,982.765,-31.179
708000.000,1658000.000,970.323,-25.670
709000.000,1658000.000,965.458,-29.070
710000.000,1658000.000,961.087,-45.227
711000.000,1658000.000,956.270,-82.249
641000.000,1657000.000,1064.264,15.173
642000.000,1657000.000,1069.485,11.280
643000.000,1657000.000,1074.441,-8.310
644000.000,1657000.000,1084.791,-15.246
645000.000,1657000.000,1092.622,-4.292
646000.000,1657000.000,1106.023,-20.494
647000.000,1657000.000,1121.958,-53.396
648000.000,1657000.000,1119.064,-74.564
649000.000,1657000.000,1137.594,-82.769
650000.000,1657000.000,1122.707,-74.857
651000.000,1657000.000,1132.666,-57.730
652000.000,1657000.000,1151.141,-47.744
653000.000,1657000.000,1173.573,-33.303
654000.000,1657000.000,1195.611,-14.357
655000.000,1657000.000,1172.300,0.623
656000.000,1657000.000,1163.218,19.070
657000.000,1657000.000,1156.044,31.588
658000.000,1657000.000,1156.414,57.686
659000.000,1657000.000,1144.453,94.173
660000.000,1657000.000,1146.521,149.422
661000.000,1657000.000,1157.216,228.789
662000.000,1657000.000,1161.808,338.834
663000.000,1657000.000,1168.542,479.379
664000.000,1657000.000,1168.601,669.142
665000.000,1657000.000,1167.845,916.095
666000.000,1657000.000,1190.005,1230.173
667000.000,1657000.000,1265.010,1575.376
668000.000,1657000.000,1269.401,1896.794
669000.000,1657000.000,1254.834,2249.771
670000.000,1657000.000,1291.902,2737.985
671000.000,1657000.000,1334.647,3205.808
672000.000,1657000.000,1350.273,3461.858
673000.000,1657000.000,1375.145,2974.972
674000.000,1657000.000,1255.955,2022.947
675000.000,1657000.000,1225.981,1341.050
676000.000,1657000.000,1202.454,1026.587
677000.000,1657000.000,1175.890,956.443
678000.000,1657000.000,1185.901,1100.913
679000.000,1657000.000,1315.077,1032.778
680000.000,1657000.000,1289.150,1082.462
681000.000,1657000.000,1262.977,661.541
682000.000,1657000.000,1170.321,-136.345
683000.000,1657000.000,1149.578,-121.802
684000.000,1657000.000,1153.158,-94.020
685000.000,1657000.000,1186.583,-93.185
686000.000,1657000.000,1188.448,-79.502
687000.000,1657000.000,1142.417,-61.978
688000.000,1657000.000,1143.811,-65.003
689000.000,1657000.000,1134.826,-68.588
690000.000,1657000.000,1129.649,-72.371
691000.000,1657000.000,1119.777,-87.494
692000.000,1657000.000,1118.055,-99.366
693000.000,1657000.000,1083.633,-97.240
694000.000,1657000.000,1090.287,-83.070
695000.000,1657000.000,1063.757,-76.514
696000.000,1657000.000,1044.705,-73.143
697000.000,1657000.000,1011.010,-71.815
698000.000,1657000.000,997.775,-75.582
699000.000,1657000.000,993.983,-79.579
700000.000,1657000.000,987.700,-92.985
701000.000,1657000.000,984.623,-70.060
702000.000,1657000.000,980.850,-30.073
703000.000,1657000.000,979.695,-45.764
704000.000,1657000.000,979.248,-73.917
705000.000,1657000.000,977.964,-78.247
706000.000,1657000.000,973.553,-69.048
707000.000,1657000.000,969.578,-66.765
708000.000,1657000.000,966.209,-63.047
709000.000,1657000.000,966.053,-66.462
710000.000,1657000.000,968.707,-80.967
711000.000,1657000.000,962.641,-86.679
641000.000,1656000.000,1069.301,-10.938
642000.000,1656000.000,1071.153,-7.169
643000.000,1656000.000,1075.705,5.561
644000.000,1656000.000,1085.261,12.620
645000.000,1656000.000,1086.367,-13.297
646000.000,1656000.000,1097.417,-23.876
647000.000,1656000.000,1105.663,-33.911
648000.000,1656000.000,1101.736,-48.489
649000.000,1656000.000,1109.093,-51.798
650000.000,1656000.000,1117.939,-54.167
651000.000,1656000.000,1138.979,-59.899
652000.000,1656000.000,1151.863,-61.044
653000.000,1656000.000,1154.633,-53.290
654000.000,1656000.000,1165.234,-32.838
655000.000,1656000.000,1181.461,-13.223
656000.000,1656000.000,1167.685,7.868
657000.000,1656000.000,1174.808,33.995
658000.000,1656000.000,1168.269,54.038
659000.000,1656000.000,1160.515,81.065
660000.000,1656000.000,1153.543,130.548
661000.000,1656000.000,1156.092,199.126
662000.000,1656000.000,1167.353,285.038
663000.000,1656000.000,1180.399,390.210
664000.000,1656000.000,1190.654,522.153
665000.000,1656000.000,1190.111,677.885
666000.000,1656000.000,1193.918,864.250
667000.000,1656000.000,1240.030,1071.127
668000.000,1656000.000,1227.134,1286.651
669000.000,1656000.000,1247.313,1526.604
670000.000,1656000.000,1290.015,1803.525
671000.000,1656000.000,1255.639,2082.989
672000.000,1656000.000,1263.988,2260.390
673000.000,1656000.000,1270.461,2031.165
674000.000,1656000.000,1261.885,1511.949
675000.000,1656000.000,1242.719,1086.454
676000.000,1656000.000,1223.985,859.269
677000.000,1656000.000,1183.747,772.853
678000.000,1656000.000,1177.059,802.243
679000.000,1656000.000,1163.024,1010.705
680000.000,1656000.000,1275.441,1189.482
681000.000,1656000.000,1270.763,1310.519
682000.000,1656000.000,1179.045,161.223
683000.000,1656000.000,1155.967,-23.030
684000.000,1656000.000,1164.535,-47.379
685000.000,1656000.000,1174.845,-36.881
686000.000,1656000.000,1154.290,-36.626
687000.000,1656000.000,1152.265,-55.945
688000.000,1656000.000,1147.349,-61.631
689000.000,1656000.000,1147.010,-68.601
690000.000,1656000.000,1162.790,-79.160
691000.000,1656000.000,1136.782,-100.861
692000.000,1656000.000,1099.546,-111.355
693000.000,1656000.000,1069.054,-96.585
694000.000,1656000.000,1054.152,-87.879
695000.000,1656000.000,1030.670,-78.868
696000.000,1656000.000,1025.631,-84.600
697000.000,1656000.000,1014.887,-79.508
698000.000,1656000.000,996.834,-86.342
699000.000,1656000.000,992.531,-99.675
700000.000,1656000.000,985.414,-101.535
701000.000,1656000.000,981.375,-93.082
702000.000,1656000.000,976.606,-77.841
703000.000,1656000.000,976.643,-73.460
704000.000,1656000.000,972.625,-74.770
705000.000,1656000.000,973.347,-85.916
706000.000,1656000.000,971.500,-87.030
707000.000,1656000.000,967.385,-80.368
708000.000,1656000.000,961.323,-80.018
709000.000,1656000.000,958.603,-92.853
710000.000,1656000.000,958.976,-102.194
711000.000,1656000.000,957.874,-137.849
641000.000,1655000.000,1068.527,-17.539
642000.000,1655000.000,1072.188,-13.866
643000.000,1655000.000,1079.329,0.294
644000.000,1655000.000,1077.391,9.843
645000.000,1655000.000,1083.469,-22.109
646000.000,1655000.000,1094.875,-52.022
647000.000,1655000.000,1099.167,-45.899
648000.000,1655000.000,1096.644,-43.399
649000.000,1655000.000,1100.755,-50.731
650000.000,1655000.000,1105.488,-64.688
651000.000,1655000.000,1117.974,-98.939
652000.000,1655000.000,1123.953,-104.146
653000.000,1655000.000,1126.763,-95.560
654000.000,1655000.000,1142.956,-68.780
655000.000,1655000.000,1172.128,-29.371
656000.000,1655000.000,1182.597,-7.581
657000.000,1655000.000,1175.473,15.423
658000.000,1655000.000,1170.484,39.571
659000.000,1655000.000,1168.920,71.929
660000.000,1655000.000,1165.844,114.758
661000.000,1655000.000,1169.466,169.228
662000.000,1655000.000,1166.659,234.636
663000.000,1655000.000,1175.350,321.357
664000.000,1655000.000,1183.067,418.744
665000.000,1655000.000,1198.312,522.164
666000.000,1655000.000,1202.477,640.009
667000.000,1655000.000,1211.304,770.613
668000.000,1655000.000,1220.420,906.390
669000.000,1655000.000,1230.157,1050.707
670000.000,1655000.000,1230.341,1191.436
671000.000,1655000.000,1231.336,1323.444
672000.000,1655000.000,1239.793,1386.925
673000.000,1655000.000,1245.128,1318.539
674000.000,1655000.000,1237.323,1069.175
675000.000,1655000.000,1246.606,834.208
676000.000,1655000.000,1236.748,681.704
677000.000,1655000.000,1217.145,621.920
678000.000,1655000.000,1193.240,628.208
679000.000,1655000.000,1190.914,744.497
680000.000,1655000.000,1136.244,1080.911
681000.000,1655000.000,1178.267,1480.521
682000.000,1655000.000,1173.134,665.842
683000.000,1655000.000,1166.772,-37.573
684000.000,1655000.000,1179.134,-63.656
685000.000,1655000.000,1188.811,-26.933
686000.000,1655000.000,1248.901,-27.522
687000.000,1655000.000,1185.318,-40.877
688000.000,1655000.000,1153.933,-47.821
689000.000,1655000.000,1156.501,-60.070
690000.000,1655000.000,1172.144,-67.105
691000.000,1655000.000,1168.450,-80.189
692000.000,1655000.000,1083.566,-77.020
693000.000,1655000.000,1050.387,-73.363
694000.000,1655000.000,1033.141,-78.893
695000.000,1655000.000,1022.230,-88.144
696000.000,1655000.000,1016.945,-96.104
697000.000,1655000.000,1011.579,-89.709
698000.000,1655000.000,1001.507,-101.592
699000.000,1655000.000,993.683,-111.759
700000.000,1655000.000,990.370,-95.202
701000.000,1655000.000,984.363,-81.775
702000.000,1655000.000,977.698,-80.911
703000.000,1655000.000,972.663,-78.039
704000.000,1655000.000,969.770,-68.372
705000.000,1655000.000,966.956,-72.388
706000.000,1655000.000,964.268,-89.025
707000.000,1655000.000,966.015,-102.244
708000.000,1655000.000,963.916,-103.345
709000.000,1655000.000,956.176,-110.051
710000.000,1655000.000,952.464,-117.529
711000.000,1655000.000,951.864,-129.128
641000.000,1654000.000,1068.452,-15.294
642000.000,1654000.000,1064.938,-7.230
643000.000,1654000.000,1069.387,-0.167
644000.000,1654000.000,1071.819,-12.512
645000.000,1654000.000,1078.752,-14.827
646000.000,1654000.000,1087.804,-32.846
647000.000,1654000.000,1086.945,-49.909
648000.000,1654000.000,1091.817,-52.336
649000.000,1654000.000,1117.076,-79.477
650000.000,1654000.000,1115.795,-94.471
651000.000,1654000.000,1115.598,-87.065
652000.000,1654000.000,1126.663,-115.809
653000.000,1654000.000,1133.077,-100.956
654000.000,1654000.000,1180.229,-95.547
655000.000,1654000.000,1163.620,-75.110
656000.000,1654000.000,1164.292,-30.350
657000.000,1654000.000,1178.343,4.279
658000.000,1654000.000,1184.701,34.935
659000.000,1654000.000,1178.605,66.296
660000.000,1654000.000,1187.172,102.715
661000.000,1654000.000,1177.632,140.844
662000.000,1654000.000,1170.858,195.421
663000.000,1654000.000,1178.247,261.200
664000.000,1654000.000,1185.531,335.130
665000.000,1654000.000,1188.575,411.270
666000.000,1654000.000,1194.329,482.201
667000.000,1654000.000,1202.637,566.897
668000.000,1654000.000,1206.358,660.820
669000.000,1654000.000,1217.275,737.201
670000.000,1654000.000,1224.170,829.022
671000.000,1654000.000,1214.616,874.519
672000.000,1654000.000,1209.540,887.631
673000.000,1654000.000,1209.259,866.814
674000.000,1654000.000,1204.714,776.833
675000.000,1654000.000,1232.827,663.764
676000.000,1654000.000,1211.836,577.510
677000.000,1654000.000,1201.683,524.233
678000.000,1654000.000,1203.996,512.704
679000.000,1654000.000,1173.962,554.979
680000.000,1654000.000,1141.161,655.470
681000.000,1654000.000,1115.389,758.847
682000.000,1654000.000,1152.041,677.185
683000.000,1654000.000,1205.327,309.796
684000.000,1654000.000,1204.502,52.025
685000.000,1654000.000,1233.566,16.405
686000.000,1654000.000,1236.849,1.804
687000.000,1654000.000,1232.875,-7.289
688000.000,1654000.000,1163.241,-18.900
689000.000,1654000.000,1101.932,-37.312
690000.000,1654000.000,1119.747,-60.812
691000.000,1654000.000,1139.022,-58.128
692000.000,1654000.000,1086.417,-60.472
693000.000,1654000.000,1042.338,-60.383
694000.000,1654000.000,1027.345,-65.299
695000.000,1654000.000,1017.548,-73.247
696000.000,1654000.000,1010.010,-77.643
697000.000,1654000.000,1008.000,-97.825
698000.000,1654000.000,1001.318,-107.141
699000.000,1654000.000,993.093,-102.989
700000.000,1654000.000,986.298,-107.279
701000.000,1654000.000,987.607,-96.127
702000.000,1654000.000,981.670,-80.601
703000.000,1654000.000,977.162,-95.341
704000.000,1654000.000,972.027,-91.625
705000.000,1654000.000,967.285,-84.520
706000.000,1654000.000,962.598,-88.896
707000.000,1654000.000,959.362,-93.357
708000.000,1654000.000,963.041,-109.815
709000.000,1654000.000,958.151,-121.047
710000.000,1654000.000,951.499,-131.288
711000.000,1654000.000,946.985,-160.079
641000.000,1653000.000,1058.456,-34.824
642000.000,1653000.000,1059.909,-21.280
643000.000,1653000.000,1064.708,-6.171
644000.000,1653000.000,1073.387,-4.911
645000.000,1653000.000,1080.623,-22.851
646000.000,1653000.000,1079.611,-15.047
647000.000,1653000.000,1086.296,-35.451
648000.000,1653000.000,1097.364,-46.188
649000.000,1653000.000,1104.310,-52.071
650000.000,1653000.000,1117.507,-60.487
651000.000,1653000.000,1122.848,-24.669
652000.000,1653000.000,1131.071,16.689
653000.000,1653000.000,1143.779,-26.506
654000.000,1653000.000,1163.999,-47.832
655000.000,1653000.000,1182.130,-85.464
656000.000,1653000.000,1169.630,-63.853
657000.000,1653000.000,1180.965,-16.340
658000.000,1653000.000,1190.130,10.663
659000.000,1653000.000,1189.555,41.055
660000.000,1653000.000,1191.819,73.747
661000.000,1653000.000,1183.065,113.190
662000.000,1653000.000,1174.273,160.391
663000.000,1653000.000,1177.728,212.582
664000.000,1653000.000,1184.057,268.305
665000.000,1653000.000,1189.706,321.911
666000.000,1653000.000,1193.477,378.913
667000.000,1653000.000,1195.921,443.427
668000.000,1653000.000,1201.762,515.671
669000.000,1653000.000,1210.994,601.642
670000.000,1653000.000,1219.441,643.985
671000.000,1653000.000,1215.278,690.306
672000.000,1653000.000,1200.034,710.744
673000.000,1653000.000,1185.270,664.808
674000.000,1653000.000,1178.940,594.379
675000.000,1653000.000,1189.890,532.871
676000.000,1653000.000,1162.915,489.674
677000.000,1653000.000,1181.416,440.638
678000.000,1653000.000,1186.866,412.627
679000.000,1653000.000,1193.486,417.010
680000.000,1653000.000,1165.258,439.637
681000.000,1653000.000,1107.743,457.200
682000.000,1653000.000,1131.404,454.900
683000.000,1653000.000,1197.349,454.010
684000.000,1653000.000,1219.506,171.018
685000.000,1653000.000,1217.367,70.146
686000.000,1653000.000,1160.717,43.932
687000.000,1653000.000,1176.991,17.915
688000.000,1653000.000,1122.270,4.000
689000.000,1653000.000,1069.444,-10.153
690000.000,1653000.000,1076.272,-32.637
691000.000,1653000.000,1061.572,-46.929
692000.000,1653000.000,1033.561,-58.941
693000.000,1653000.000,1019.979,-67.782
694000.000,1653000.000,1015.364,-94.904
695000.000,1653000.000,1010.620,-79.704
696000.000,1653000.000,1004.719,-61.915
697000.000,1653000.000,1002.942,-87.038
698000.000,1653000.000,997.491,-90.595
699000.000,1653000.000,991.741,-66.845
700000.000,1653000.000,984.501,-61.864
701000.000,1653000.000,981.032,-56.729
702000.000,1653000.000,976.836,-40.044
703000.000,1653000.000,974.680,-69.770
704000.000,1653000.000,971.103,-79.954
705000.000,1653000.000,967.655,-87.636
706000.000,1653000.000,962.705,-87.861
707000.000,1653000.000,957.407,-98.528
708000.000,1653000.000,955.163,-94.081
709000.000,1653000.000,954.438,-94.259
710000.000,1653000.000,949.204,-105.724
711000.000,1653000.000,946.254,-55.056
641000.000,1652000.000,1055.696,15.449
642000.000,1652000.000,1059.530,-2.484
643000.000,1652000.000,1063.852,-12.015
644000.000,1652000.000,1068.826,-10.461
645000.000,1652000.000,1072.189,3.647
646000.000,1652000.000,1076.085,-1.271
647000.000,1652000.000,1084.146,4.150
648000.000,1652000.000,1092.529,7.024
649000.000,1652000.000,1100.154,17.773
650000.000,1652000.000,1103.218,37.828
651000.000,1652000.000,1123.958,48.983
652000.000,1652000.000,1134.443,-2.260
653000.000,1652000.000,1154.676,-7.633
654000.000,1652000.000,1178.570,-9.805
655000.000,1652000.000,1177.491,-21.734
656000.000,1652000.000,1183.235,-58.436
657000.000,1652000.000,1184.047,-55.884
658000.000,1652000.000,1195.940,-12.025
659000.000,1652000.000,1203.409,16.859
660000.000,1652000.000,1189.126,54.574
661000.000,1652000.000,1184.911,91.600
662000.000,1652000.000,1177.436,127.827
663000.000,1652000.000,1179.049,166.932
664000.000,1652000.000,1184.558,210.769
665000.000,1652000.000,1191.462,264.952
666000.000,1652000.000,1206.388,331.600
667000.000,1652000.000,1200.824,379.583
668000.000,1652000.000,1205.594,420.896
669000.000,1652000.000,1209.485,474.715
670000.000,1652000.000,1220.486,525.065
671000.000,1652000.000,1220.396,573.958
672000.000,1652000.000,1222.951,569.580
673000.000,1652000.000,1208.566,538.613
674000.000,1652000.000,1174.715,507.955
675000.000,1652000.000,1187.564,463.660
676000.000,1652000.000,1148.754,410.974
677000.000,1652000.000,1166.772,355.317
678000.000,1652000.000,1147.992,327.200
679000.000,1652000.000,1146.048,325.024
680000.000,1652000.000,1127.211,324.857
681000.000,1652000.000,1153.539,322.745
682000.000,1652000.000,1091.919,326.229
683000.000,1652000.000,1145.314,347.866
684000.000,1652000.000,1167.666,350.981
685000.000,1652000.000,1163.560,165.938
686000.000,1652000.000,1104.787,61.606
687000.000,1652000.000,1143.252,30.784
688000.000,1652000.000,1090.796,11.602
689000.000,1652000.000,1060.683,5.411
690000.000,1652000.000,1053.075,3.400
691000.000,1652000.000,1043.669,-16.639
692000.000,1652000.000,1029.629,-42.796
693000.000,1652000.000,1019.108,-65.738
694000.000,1652000.000,1012.258,-84.055
695000.000,1652000.000,1004.297,-92.750
696000.000,1652000.000,1000.377,-76.467
697000.000,1652000.000,997.275,-83.748
698000.000,1652000.000,994.358,-73.931
699000.000,1652000.000,989.436,-76.683
700000.000,1652000.000,983.947,-76.496
701000.000,1652000.000,977.466,-82.087
702000.000,1652000.000,972.261,-78.823
703000.000,1652000.000,968.494,-91.134
704000.000,1652000.000,967.128,-94.239
705000.000,1652000.000,963.748,-99.377
706000.000,1652000.000,963.379,-106.047
707000.000,1652000.000,956.247,-101.739
708000.000,1652000.000,952.198,-94.551
709000.000,1652000.000,951.616,-86.408
710000.000,1652000.000,949.621,-78.041
711000.000,1652000.000,945.771,-61.191
641000.000,1651000.000,1057.248,-13.679
642000.000,1651000.000,1060.195,-24.518
643000.000,1651000.000,1068.194,-32.665
644000.000,1651000.000,1072.348,-30.622
645000.000,1651000.000,1074.588,-20.553
646000.000,1651000.000,1084.048,-24.097
647000.000,1651000.000,1084.653,-18.394
648000.000,1651000.000,1095.185,-10.030
649000.000,1651000.000,1107.842,14.682
650000.000,1651000.000,1109.422,29.788
651000.000,1651000.000,1119.663,19.177
652000.000,1651000.000,1146.048,-4.031
653000.000,1651000.000,1143.644,5.813
654000.000,1651000.000,1177.182,20.909
655000.000,1651000.000,1153.106,37.064
656000.000,1651000.000,1171.269,7.050
657000.000,1651000.000,1188.517,-29.145
658000.000,1651000.000,1200.189,-20.533
659000.000,1651000.000,1203.651,21.569
660000.000,1651000.000,1193.643,43.880
661000.000,1651000.000,1187.385,77.507
662000.000,1651000.000,1179.258,99.179
663000.000,1651000.000,1190.508,122.128
664000.000,1651000.000,1192.634,150.643
665000.000,1651000.000,1201.323,202.988
666000.000,1651000.000,1206.742,265.621
667000.000,1651000.000,1216.546,315.490
668000.000,1651000.000,1218.129,363.553
669000.000,1651000.000,1212.840,388.855
670000.000,1651000.000,1216.535,412.086
671000.000,1651000.000,1221.200,432.626
672000.000,1651000.000,1236.583,430.365
673000.000,1651000.000,1235.978,420.461
674000.000,1651000.000,1174.067,411.480
675000.000,1651000.000,1143.358,402.728
676000.000,1651000.000,1127.436,400.313
677000.000,1651000.000,1114.258,338.129
678000.000,1651000.000,1109.347,280.242
679000.000,1651000.000,1097.660,267.396
680000.000,1651000.000,1089.223,259.678
681000.000,1651000.000,1089.130,254.275
682000.000,1651000.000,1101.993,254.608
683000.000,1651000.000,1094.104,297.428
684000.000,1651000.000,1113.171,405.804
685000.000,1651000.000,1114.149,252.435
686000.000,1651000.000,1102.220,143.423
687000.000,1651000.000,1087.781,76.173
688000.000,1651000.000,1066.808,50.161
689000.000,1651000.000,1053.789,50.267
690000.000,1651000.000,1044.537,40.577
691000.000,1651000.000,1038.217,13.005
692000.000,1651000.000,1026.271,-7.529
693000.000,1651000.000,1018.479,-18.750
694000.000,1651000.000,1013.061,11.817
695000.000,1651000.000,1004.666,-45.978
696000.000,1651000.000,997.422,-70.374
697000.000,1651000.000,990.980,-70.478
698000.000,1651000.000,989.618,-53.066
699000.000,1651000.000,983.634,-72.559
700000.000,1651000.000,984.321,-93.429
701000.000,1651000.000,992.578,-104.620
702000.000,1651000.000,980.624,-104.355
703000.000,1651000.000,970.914,-99.825
704000.000,1651000.000,963.289,-100.723
705000.000,1651000.000,959.919,-99.317
706000.000,1651000.000,957.361,-95.300
707000.000,1651000.000,955.487,-97.148
708000.000,1651000.000,951.237,-91.035
709000.000,1651000.000,949.330,-88.412
710000.000,1651000.000,947.962,-80.521
711000.000,1651000.000,945.675,-70.129
641000.000,1650000.000,1066.452,-30.189
642000.000,1650000.000,1063.292,-38.684
643000.000,1650000.000,1065.931,-47.432
644000.000,1650000.000,1069.214,-46.350
645000.000,1650000.000,1076.321,-43.037
646000.000,1650000.000,1081.373,-39.148
647000.000,1650000.000,1088.111,-37.747
648000.000,1650000.000,1098.872,-29.778
649000.000,1650000.000,1102.086,-36.998
650000.000,1650000.000,1099.919,-45.484
651000.000,1650000.000,1110.879,-33.932
652000.000,1650000.000,1114.574,-21.294
653000.000,1650000.000,1124.492,5.522
654000.000,1650000.000,1132.575,36.063
655000.000,1650000.000,1132.439,39.111
656000.000,1650000.000,1146.589,43.237
657000.000,1650000.000,1165.163,50.344
658000.000,1650000.000,1192.760,4.517
659000.000,1650000.000,1204.370,12.108
660000.000,1650000.000,1196.493,29.371
661000.000,1650000.000,1185.956,44.495
662000.000,1650000.000,1185.570,65.661
663000.000,1650000.000,1186.587,86.832
664000.000,1650000.000,1189.047,112.615
665000.000,1650000.000,1193.804,145.702
666000.000,1650000.000,1199.911,191.355
667000.000,1650000.000,1206.802,236.097
668000.000,1650000.000,1219.180,281.523
669000.000,1650000.000,1222.418,300.889
670000.000,1650000.000,1226.423,318.246
671000.000,1650000.000,1235.000,329.232
672000.000,1650000.000,1241.608,331.677
673000.000,1650000.000,1260.519,329.116
674000.000,1650000.000,1240.787,324.454
675000.000,1650000.000,1221.530,326.484
676000.000,1650000.000,1205.344,329.797
677000.000,1650000.000,1157.485,302.908
678000.000,1650000.000,1149.440,234.728
679000.000,1650000.000,1157.527,213.298
680000.000,1650000.000,1122.678,209.416
681000.000,1650000.000,1198.952,210.313
682000.000,1650000.000,1188.214,216.268
683000.000,1650000.000,1150.398,222.849
684000.000,1650000.000,1083.807,240.606
685000.000,1650000.000,1064.559,227.204
686000.000,1650000.000,1064.316,194.034
687000.000,1650000.000,1056.981,130.217
688000.000,1650000.000,1048.418,81.638
689000.000,1650000.000,1042.356,66.046
690000.000,1650000.000,1034.226,54.859
691000.000,1650000.000,1028.932,47.269
692000.000,1650000.000,1029.207,19.399
693000.000,1650000.000,1027.935,5.643
694000.000,1650000.000,1011.038,10.454
695000.000,1650000.000,1001.504,-14.389
696000.000,1650000.000,995.429,-34.524
697000.000,1650000.000,990.019,-44.010
698000.000,1650000.000,985.340,-84.391
699000.000,1650000.000,982.185,-97.908
700000.000,1650000.000,976.309,-89.868
701000.000,1650000.000,974.219,-81.120
702000.000,1650000.000,972.710,-84.523
703000.000,1650000.000,969.768,-83.358
704000.000,1650000.000,966.513,-95.976
705000.000,1650000.000,961.968,-93.497
706000.000,1650000.000,957.943,-92.321
707000.000,1650000.000,953.334,-98.644
708000.000,1650000.000,951.688,-106.258
709000.000,1650000.000,951.193,-103.699
710000.000,1650000.000,949.271,-92.063
711000.000,1650000.000,950.393,-81.609
641000.000,1649000.000,1070.229,-38.980
642000.000,1649000.000,1069.963,-38.837
643000.000,1649000.000,1073.480,-45.191
644000.000,1649000.000,1071.028,-49.479
645000.000,1649000.000,1075.015,-46.856
646000.000,1649000.000,1078.272,-52.478
647000.000,1649000.000,1083.043,-37.549
648000.000,1649000.000,1087.518,-34.591
649000.000,1649000.000,1091.271,-36.852
650000.000,1649000.000,1097.098,-32.051
651000.000,1649000.000,1103.346,-42.308
652000.000,1649000.000,1110.673,-67.395
653000.000,1649000.000,1118.021,-56.919
654000.000,1649000.000,1128.202,-45.685
655000.000,1649000.000,1147.979,-41.143
656000.000,1649000.000,1157.515,-25.037
657000.000,1649000.000,1184.799,6.970
658000.000,1649000.000,1205.332,-5.187
659000.000,1649000.000,1203.754,7.128
660000.000,1649000.000,1197.275,21.713
661000.000,1649000.000,1189.599,30.110
662000.000,1649000.000,1192.932,40.514
663000.000,1649000.000,1196.426,59.170
664000.000,1649000.000,1194.109,90.533
665000.000,1649000.000,1199.754,105.444
666000.000,1649000.000,1202.092,134.410
667000.000,1649000.000,1213.283,172.836
668000.000,1649000.000,1231.369,200.135
669000.000,1649000.000,1234.104,226.424
670000.000,1649000.000,1236.018,244.417
671000.000,1649000.000,1253.792,253.288
672000.000,1649000.000,1253.734,258.257
673000.000,1649000.000,1265.869,260.258
674000.000,1649000.000,1269.278,260.553
675000.000,1649000.000,1255.738,262.875
676000.000,1649000.000,1240.880,274.987
677000.000,1649000.000,1197.988,276.865
678000.000,1649000.000,1213.871,231.577
679000.000,1649000.000,1193.207,194.068
680000.000,1649000.000,1185.191,183.207
681000.000,1649000.000,1197.118,179.843
682000.000,1649000.000,1200.890,180.806
683000.000,1649000.000,1192.590,184.357
684000.000,1649000.000,1158.900,181.066
685000.000,1649000.000,1107.046,175.520
686000.000,1649000.000,1057.922,178.890
687000.000,1649000.000,1043.360,169.121
688000.000,1649000.000,1040.583,126.843
689000.000,1649000.000,1035.547,81.346
690000.000,1649000.000,1028.089,51.382
691000.000,1649000.000,1023.840,56.737
692000.000,1649000.000,1018.991,51.629
693000.000,1649000.000,1015.301,35.384
694000.000,1649000.000,1005.437,29.234
695000.000,1649000.000,1001.241,12.288
696000.000,1649000.000,997.427,-3.638
697000.000,1649000.000,995.476,-32.222
698000.000,1649000.000,990.759,-39.468
699000.000,1649000.000,981.919,-49.952
700000.000,1649000.000,979.149,-63.465
701000.000,1649000.000,974.851,-64.680
702000.000,1649000.000,970.129,-86.958
703000.000,1649000.000,966.658,-91.966
704000.000,1649000.000,962.835,-110.332
705000.000,1649000.000,959.874,-116.663
706000.000,1649000.000,956.653,-126.089
707000.000,1649000.000,956.306,-130.065
708000.000,1649000.000,956.916,-130.079
709000.000,1649000.000,954.668,-122.707
710000.000,1649000.000,949.412,-115.252
711000.000,1649000.000,953.001,-107.432
641000.000,1648000.000,1074.945,-32.019
642000.000,1648000.000,1079.540,-41.623
643000.000,1648000.000,1080.863,-40.966
644000.000,1648000.000,1078.212,-42.513
645000.000,1648000.000,1079.210,-36.673
646000.000,1648000.000,1082.214,-25.305
647000.000,1648000.000,1083.672,-59.515
648000.000,1648000.000,1087.174,-57.921
649000.000,1648000.000,1093.330,-56.237
650000.000,1648000.000,1098.627,-61.916
651000.000,1648000.000,1108.943,-70.956
652000.000,1648000.000,1120.774,-97.728
653000.000,1648000.000,1146.967,-105.793
654000.000,1648000.000,1156.042,-87.687
655000.000,1648000.000,1167.031,-60.122
656000.000,1648000.000,1174.076,-48.794
657000.000,1648000.000,1176.858,-18.518
658000.000,1648000.000,1191.271,-11.220
659000.000,1648000.000,1199.580,-2.923
660000.000,1648000.000,1195.166,6.320
661000.000,1648000.000,1196.342,17.569
662000.000,1648000.000,1197.252,26.326
663000.000,1648000.000,1207.266,59.348
664000.000,1648000.000,1207.166,75.686
665000.000,1648000.000,1204.072,103.647
666000.000,1648000.000,1208.119,125.916
667000.000,1648000.000,1210.772,130.262
668000.000,1648000.000,1231.840,153.159
669000.000,1648000.000,1248.486,175.438
670000.000,1648000.000,1250.482,193.397
671000.000,1648000.000,1268.334,205.018
672000.000,1648000.000,1278.969,211.885
673000.000,1648000.000,1274.772,214.372
674000.000,1648000.000,1275.483,215.242
675000.000,1648000.000,1260.621,219.071
676000.000,1648000.000,1260.482,224.395
677000.000,1648000.000,1245.698,229.798
678000.000,1648000.000,1238.970,214.386
679000.000,1648000.000,1227.099,174.514
680000.000,1648000.000,1204.339,165.894
681000.000,1648000.000,1139.766,165.219
682000.000,1648000.000,1136.509,164.519
683000.000,1648000.000,1108.104,167.605
684000.000,1648000.000,1130.074,168.570
685000.000,1648000.000,1125.816,156.969
686000.000,1648000.000,1076.628,144.987
687000.000,1648000.000,1039.799,167.665
688000.000,1648000.000,1035.371,168.924
689000.000,1648000.000,1034.237,136.576
690000.000,1648000.000,1028.945,111.251
691000.000,1648000.000,1023.758,71.381
692000.000,1648000.000,1017.997,54.121
693000.000,1648000.000,1013.455,43.320
694000.000,1648000.000,1011.485,28.669
695000.000,1648000.000,1008.503,30.628
696000.000,1648000.000,1002.598,27.416
697000.000,1648000.000,997.803,29.019
698000.000,1648000.000,991.816,-4.459
699000.000,1648000.000,985.352,-30.655
700000.000,1648000.000,979.457,-64.421
701000.000,1648000.000,974.113,-98.652
702000.000,1648000.000,969.601,-89.761
703000.000,1648000.000,966.185,-111.467
704000.000,1648000.000,962.184,-113.217
705000.000,1648000.000,961.362,-118.916
706000.000,1648000.000,958.506,-121.605
707000.000,1648000.000,961.335,-123.669
708000.000,1648000.000,958.761,-129.845
709000.000,1648000.000,954.566,-134.330
710000.000,1648000.000,951.364,-126.177
711000.000,1648000.000,956.562,-121.595
641000.000,1647000.000,1076.910,-27.100
642000.000,1647000.000,1087.081,-33.104
643000.000,1647000.000,1092.300,-36.891
644000.000,1647000.000,1085.504,-35.566
645000.000,1647000.000,1087.806,-40.732
646000.000,1647000.000,1088.364,-41.854
647000.000,1647000.000,1094.525,-48.941
648000.000,1647000.000,1109.717,-65.590
649000.000,1647000.000,1094.411,-70.645
650000.000,1647000.000,1099.118,-68.257
651000.000,1647000.000,1103.573,-64.741
652000.000,1647000.000,1116.006,-62.087
653000.000,1647000.000,1149.047,-89.189
654000.000,1647000.000,1142.447,-99.844
655000.000,1647000.000,1164.030,-77.528
656000.000,1647000.000,1199.112,-53.030
657000.000,1647000.000,1198.916,-53.610
658000.000,1647000.000,1208.264,-19.048
659000.000,1647000.000,1203.306,-12.700
660000.000,1647000.000,1202.570,-16.722
661000.000,1647000.000,1199.814,4.147
662000.000,1647000.000,1198.814,25.095
663000.000,1647000.000,1190.532,40.520
664000.000,1647000.000,1205.579,47.563
665000.000,1647000.000,1210.144,74.528
666000.000,1647000.000,1220.188,81.831
667000.000,1647000.000,1226.169,88.120
668000.000,1647000.000,1233.344,105.080
669000.000,1647000.000,1255.236,130.049
670000.000,1647000.000,1259.878,150.623
671000.000,1647000.000,1238.410,166.635
672000.000,1647000.000,1233.528,176.607
673000.000,1647000.000,1243.341,181.387
674000.000,1647000.000,1255.520,184.198
675000.000,1647000.000,1249.001,189.284
676000.000,1647000.000,1204.254,194.577
677000.000,1647000.000,1188.190,205.035
678000.000,1647000.000,1161.683,232.761
679000.000,1647000.000,1161.375,198.031
680000.000,1647000.000,1125.684,159.232
681000.000,1647000.000,1089.119,143.529
682000.000,1647000.000,1078.834,128.419
683000.000,1647000.000,1074.306,126.124
684000.000,1647000.000,1076.447,127.229
685000.000,1647000.000,1067.064,144.676
686000.000,1647000.000,1041.545,133.365
687000.000,1647000.000,1043.003,112.644
688000.000,1647000.000,1032.151,138.348
689000.000,1647000.000,1027.022,161.240
690000.000,1647000.000,1025.801,145.489
691000.000,1647000.000,1020.945,94.639
692000.000,1647000.000,1015.333,55.523
693000.000,1647000.000,1012.209,41.013
694000.000,1647000.000,1010.663,33.954
695000.000,1647000.000,1005.532,35.982
696000.000,1647000.000,1002.410,38.805
697000.000,1647000.000,996.930,41.729
698000.000,1647000.000,988.846,44.206
699000.000,1647000.000,985.415,16.124
700000.000,1647000.000,980.740,-67.927
701000.000,1647000.000,978.632,-132.657
702000.000,1647000.000,977.979,-88.289
703000.000,1647000.000,971.174,-69.720
704000.000,1647000.000,969.194,-98.153
705000.000,1647000.000,962.600,-106.572
706000.000,1647000.000,960.098,-113.691
707000.000,1647000.000,961.528,-124.693
708000.000,1647000.000,959.750,-115.562
709000.000,1647000.000,955.932,-117.499
710000.000,1647000.000,956.634,-130.339
711000.000,1647000.000,960.103,-130.533
641000.000,1646000.000,1085.833,-30.678
642000.000,1646000.000,1094.192,-29.207
643000.000,1646000.000,1102.203,-30.382
644000.000,1646000.000,1096.865,-31.758
645000.000,1646000.000,1096.278,-30.237
646000.000,1646000.000,1093.327,-34.721
647000.000,1646000.000,1100.050,-44.404
648000.000,1646000.000,1112.923,-104.097
649000.000,1646000.000,1104.521,-83.303
650000.000,1646000.000,1116.098,-77.979
651000.000,1646000.000,1125.725,-82.064
652000.000,1646000.000,1113.476,-61.714
653000.000,1646000.000,1117.300,-39.984
654000.000,1646000.000,1126.042,-76.324
655000.000,1646000.000,1140.807,-67.022
656000.000,1646000.000,1167.828,-50.982
657000.000,1646000.000,1198.422,-40.079
658000.000,1646000.000,1214.278,-41.848
659000.000,1646000.000,1214.014,-52.070
660000.000,1646000.000,1199.969,-39.831
661000.000,1646000.000,1197.281,-18.313
662000.000,1646000.000,1190.878,0.917
663000.000,1646000.000,1181.527,19.713
664000.000,1646000.000,1186.390,33.306
665000.000,1646000.000,1220.115,52.554
666000.000,1646000.000,1211.189,85.530
667000.000,1646000.000,1232.109,73.618
668000.000,1646000.000,1212.556,87.142
669000.000,1646000.000,1207.874,99.495
670000.000,1646000.000,1211.959,117.274
671000.000,1646000.000,1215.697,131.194
672000.000,1646000.000,1234.226,142.343
673000.000,1646000.000,1241.687,149.435
674000.000,1646000.000,1239.962,152.828
675000.000,1646000.000,1238.419,154.310
676000.000,1646000.000,1221.485,158.632
677000.000,1646000.000,1215.899,164.898
678000.000,1646000.000,1175.656,175.293
679000.000,1646000.000,1159.801,179.010
680000.000,1646000.000,1119.776,144.379
681000.000,1646000.000,1164.506,111.106
682000.000,1646000.000,1182.362,101.470
683000.000,1646000.000,1192.585,96.299
684000.000,1646000.000,1136.043,99.276
685000.000,1646000.000,1172.442,99.855
686000.000,1646000.000,1151.637,102.070
687000.000,1646000.000,1096.516,100.803
688000.000,1646000.000,1044.790,104.709
689000.000,1646000.000,1040.811,120.770
690000.000,1646000.000,1023.879,129.146
691000.000,1646000.000,1018.509,138.702
692000.000,1646000.000,1014.504,115.366
693000.000,1646000.000,1008.095,84.782
694000.000,1646000.000,1002.970,64.947
695000.000,1646000.000,999.532,50.989
696000.000,1646000.000,996.456,62.130
697000.000,1646000.000,996.291,55.225
698000.000,1646000.000,993.201,29.413
699000.000,1646000.000,990.641,9.497
700000.000,1646000.000,989.100,-0.872
701000.000,1646000.000,985.571,5.637
702000.000,1646000.000,978.693,-39.668
703000.000,1646000.000,974.489,-52.140
704000.000,1646000.000,965.689,-76.715
705000.000,1646000.000,962.356,-93.846
706000.000,1646000.000,964.617,-101.002
707000.000,1646000.000,962.790,-92.015
708000.000,1646000.000,960.157,-96.234
709000.000,1646000.000,958.170,-106.526
710000.000,1646000.000,962.443,-122.519
711000.000,1646000.000,961.091,-138.706
641000.000,1645000.000,1089.503,-20.729
642000.000,1645000.000,1091.732,-20.306
643000.000,1645000.000,1100.016,-18.106
644000.000,1645000.000,1109.023,-22.510
645000.000,1645000.000,1109.760,-22.800
646000.000,1645000.000,1107.581,-21.245
647000.000,1645000.000,1109.089,-20.469
648000.000,1645000.000,1119.007,-8.987
649000.000,1645000.000,1117.265,-51.415
650000.000,1645000.000,1132.129,-49.204
651000.000,1645000.000,1123.670,-41.996
652000.000,1645000.000,1132.158,-39.607
653000.000,1645000.000,1122.310,-36.034
654000.000,1645000.000,1125.110,-32.712
655000.000,1645000.000,1139.470,-58.092
656000.000,1645000.000,1178.784,-51.450
657000.000,1645000.000,1176.041,-55.855
658000.000,1645000.000,1207.708,-51.064
659000.000,1645000.000,1209.044,-53.201
660000.000,1645000.000,1188.999,-49.065
661000.000,1645000.000,1196.419,-21.420
662000.000,1645000.000,1177.225,-14.386
663000.000,1645000.000,1167.631,-0.683
664000.000,1645000.000,1167.413,36.130
665000.000,1645000.000,1182.390,44.343
666000.000,1645000.000,1193.228,58.105
667000.000,1645000.000,1178.807,70.734
668000.000,1645000.000,1178.537,79.770
669000.000,1645000.000,1190.101,75.800
670000.000,1645000.000,1203.104,83.670
671000.000,1645000.000,1214.271,95.375
672000.000,1645000.000,1178.531,105.963
673000.000,1645000.000,1238.739,115.158
674000.000,1645000.000,1225.177,120.967
675000.000,1645000.000,1208.123,122.133
676000.000,1645000.000,1268.992,124.791
677000.000,1645000.000,1269.413,130.686
678000.000,1645000.000,1231.893,136.190
679000.000,1645000.000,1216.111,138.400
680000.000,1645000.000,1153.318,130.538
681000.000,1645000.000,1114.835,114.890
682000.000,1645000.000,1139.320,99.183
683000.000,1645000.000,1146.985,92.180
684000.000,1645000.000,1130.288,90.255
685000.000,1645000.000,1104.713,94.794
686000.000,1645000.000,1087.518,98.970
687000.000,1645000.000,1070.594,112.052
688000.000,1645000.000,1063.135,97.982
689000.000,1645000.000,1068.131,96.599
690000.000,1645000.000,1081.775,103.196
691000.000,1645000.000,1031.358,116.201
692000.000,1645000.000,1011.989,135.934
693000.000,1645000.000,1008.744,132.040
694000.000,1645000.000,1004.103,101.297
695000.000,1645000.000,1000.185,70.987
696000.000,1645000.000,995.812,48.032
697000.000,1645000.000,991.122,25.736
698000.000,1645000.000,988.746,-12.896
699000.000,1645000.000,984.867,-12.645
700000.000,1645000.000,984.438,12.680
701000.000,1645000.000,979.597,33.086
702000.000,1645000.000,974.037,-18.185
703000.000,1645000.000,969.057,-43.097
704000.000,1645000.000,965.428,-73.025
705000.000,1645000.000,963.902,-87.008
706000.000,1645000.000,965.035,-92.349
707000.000,1645000.000,964.865,-101.634
708000.000,1645000.000,962.700,-120.021
709000.000,1645000.000,960.545,-129.591
710000.000,1645000.000,966.075,-130.437
711000.000,1645000.000,961.251,-121.856
641000.000,1644000.000,1099.806,-30.041
642000.000,1644000.000,1093.337,-28.205
643000.000,1644000.000,1099.026,-19.074
644000.000,1644000.000,1101.227,-9.442
645000.000,1644000.000,1104.762,-9.661
646000.000,1644000.000,1110.717,-8.754
647000.000,1644000.000,1113.703,1.247
648000.000,1644000.000,1117.283,29.782
649000.000,1644000.000,1121.598,47.370
650000.000,1644000.000,1127.736,29.843
651000.000,1644000.000,1131.888,21.049
652000.000,1644000.000,1135.154,-2.047
653000.000,1644000.000,1135.551,-31.320
654000.000,1644000.000,1141.462,-41.850
655000.000,1644000.000,1159.813,-42.760
656000.000,1644000.000,1141.658,-50.628
657000.000,1644000.000,1150.934,-48.361
658000.000,1644000.000,1180.316,-51.423
659000.000,1644000.000,1189.524,-17.703
660000.000,1644000.000,1183.572,-23.290
661000.000,1644000.000,1171.492,-34.889
662000.000,1644000.000,1165.498,-24.471
663000.000,1644000.000,1170.161,-8.302
664000.000,1644000.000,1155.400,16.616
665000.000,1644000.000,1166.870,32.387
666000.000,1644000.000,1162.173,44.115
667000.000,1644000.000,1146.759,49.048
668000.000,1644000.000,1154.418,53.394
669000.000,1644000.000,1166.529,54.638
670000.000,1644000.000,1186.474,60.995
671000.000,1644000.000,1183.310,68.028
672000.000,1644000.000,1176.661,74.858
673000.000,1644000.000,1164.189,82.906
674000.000,1644000.000,1183.398,91.289
675000.000,1644000.000,1144.420,98.142
676000.000,1644000.000,1203.401,102.108
677000.000,1644000.000,1223.756,104.699
678000.000,1644000.000,1162.149,110.088
679000.000,1644000.000,1141.943,113.565
680000.000,1644000.000,1213.970,114.025
681000.000,1644000.000,1093.608,114.496
682000.000,1644000.000,1119.264,102.609
683000.000,1644000.000,1104.258,96.177
684000.000,1644000.000,1095.219,90.635
685000.000,1644000.000,1073.507,94.110
686000.000,1644000.000,1064.669,92.059
687000.000,1644000.000,1054.606,89.674
688000.000,1644000.000,1056.824,79.846
689000.000,1644000.000,1050.669,71.124
690000.000,1644000.000,1040.007,73.664
691000.000,1644000.000,1047.994,73.404
692000.000,1644000.000,1045.424,75.383
693000.000,1644000.000,1012.034,83.033
694000.000,1644000.000,1003.211,84.728
695000.000,1644000.000,997.631,74.161
696000.000,1644000.000,995.058,46.502
697000.000,1644000.000,991.342,33.280
698000.000,1644000.000,985.924,42.469
699000.000,1644000.000,982.889,30.762
700000.000,1644000.000,978.278,18.743
701000.000,1644000.000,974.975,-3.680
702000.000,1644000.000,972.051,-29.832
703000.000,1644000.000,968.711,-62.560
704000.000,1644000.000,967.634,-68.702
705000.000,1644000.000,965.733,-81.791
706000.000,1644000.000,968.124,-97.080
707000.000,1644000.000,966.840,-110.819
708000.000,1644000.000,964.331,-107.023
709000.000,1644000.000,965.470,-115.502
710000.000,1644000.000,968.645,-117.315
711000.000,1644000.000,962.617,-107.208
641000.000,1643000.000,1104.949,-37.426
642000.000,1643000.000,1102.913,-39.917
643000.000,1643000.000,1101.874,-32.436
644000.000,1643000.000,1106.737,-28.336
645000.000,1643000.000,1110.787,-27.398
646000.000,1643000.000,1117.345,-24.511
647000.000,1643000.000,1115.764,-14.844
648000.000,1643000.000,1126.413,10.356
649000.000,1643000.000,1129.457,56.967
650000.000,1643000.000,1133.499,47.645
651000.000,1643000.000,1138.016,1.313
652000.000,1643000.000,1138.734,-22.442
653000.000,1643000.000,1146.420,-26.757
654000.000,1643000.000,1153.427,-31.242
655000.000,1643000.000,1157.564,-40.597
656000.000,1643000.000,1185.915,-61.453
657000.000,1643000.000,1198.799,-64.434
658000.000,1643000.000,1162.924,-36.653
659000.000,1643000.000,1166.601,-34.009
660000.000,1643000.000,1175.628,-46.239
661000.000,1643000.000,1166.046,-45.524
662000.000,1643000.000,1157.709,-27.662
663000.000,1643000.000,1155.200,-6.310
664000.000,1643000.000,1144.001,6.836
665000.000,1643000.000,1151.866,15.631
666000.000,1643000.000,1154.464,12.190
667000.000,1643000.000,1135.186,15.808
668000.000,1643000.000,1165.460,22.503
669000.000,1643000.000,1147.685,30.251
670000.000,1643000.000,1149.282,32.444
671000.000,1643000.000,1163.316,42.801
672000.000,1643000.000,1161.973,54.060
673000.000,1643000.000,1152.804,61.478
674000.000,1643000.000,1183.767,68.672
675000.000,1643000.000,1145.275,80.655
676000.000,1643000.000,1125.847,87.753
677000.000,1643000.000,1122.820,88.730
678000.000,1643000.000,1106.186,86.518
679000.000,1643000.000,1092.742,87.921
680000.000,1643000.000,1104.783,90.731
681000.000,1643000.000,1085.248,93.261
682000.000,1643000.000,1074.108,97.249
683000.000,1643000.000,1068.245,92.798
684000.000,1643000.000,1077.547,84.565
685000.000,1643000.000,1076.653,75.661
686000.000,1643000.000,1074.235,67.990
687000.000,1643000.000,1057.324,61.849
688000.000,1643000.000,1044.133,65.308
689000.000,1643000.000,1046.984,51.825
690000.000,1643000.000,1061.594,44.143
691000.000,1643000.000,1040.017,42.895
692000.000,1643000.000,1069.295,44.251
693000.000,1643000.000,1059.640,40.276
694000.000,1643000.000,1040.055,35.730
695000.000,1643000.000,998.502,43.814
696000.000,1643000.000,992.014,52.275
697000.000,1643000.000,989.762,49.654
698000.000,1643000.000,987.166,46.586
699000.000,1643000.000,979.664,21.849
700000.000,1643000.000,976.051,-0.501
701000.000,1643000.000,973.445,-10.498
702000.000,1643000.000,971.368,-32.380
703000.000,1643000.000,970.217,-47.044
704000.000,1643000.000,968.488,-60.204
705000.000,1643000.000,970.158,-69.004
706000.000,1643000.000,970.974,-81.737
707000.000,1643000.000,967.355,-84.324
708000.000,1643000.000,974.235,-98.490
709000.000,1643000.000,970.874,-104.341
710000.000,1643000.000,970.370,-104.077
711000.000,1643000.000,967.039,-111.901
641000.000,1642000.000,1113.477,-31.841
642000.000,1642000.000,1112.198,-27.717
643000.000,1642000.000,1109.459,-31.187
644000.000,1642000.000,1112.235,-29.775
645000.000,1642000.000,1114.207,-33.869
646000.000,1642000.000,1122.221,-36.457
647000.000,1642000.000,1126.395,-24.680
648000.000,1642000.000,1132.515,-10.474
649000.000,1642000.000,1171.917,-0.679
650000.000,1642000.000,1136.603,-7.742
651000.000,1642000.000,1146.818,-38.406
652000.000,1642000.000,1156.799,-42.534
653000.000,1642000.000,1152.486,-21.576
654000.000,1642000.000,1159.261,4.385
655000.000,1642000.000,1173.574,6.587
656000.000,1642000.000,1209.818,-35.411
657000.000,1642000.000,1196.251,-48.669
658000.000,1642000.000,1186.064,-67.202
659000.000,1642000.000,1188.143,-88.545
660000.000,1642000.000,1174.853,-71.389
661000.000,1642000.000,1172.640,-52.738
662000.000,1642000.000,1164.728,-32.596
663000.000,1642000.000,1148.098,-26.636
664000.000,1642000.000,1141.512,-28.074
665000.000,1642000.000,1146.254,-18.849
666000.000,1642000.000,1144.708,-11.465
667000.000,1642000.000,1131.075,-8.135
668000.000,1642000.000,1149.975,-1.872
669000.000,1642000.000,1141.631,3.868
670000.000,1642000.000,1129.823,1.527
671000.000,1642000.000,1137.963,-1.775
672000.000,1642000.000,1134.319,15.171
673000.000,1642000.000,1126.126,31.101
674000.000,1642000.000,1119.729,39.157
675000.000,1642000.000,1106.907,45.633
676000.000,1642000.000,1101.771,52.633
677000.000,1642000.000,1095.974,64.468
678000.000,1642000.000,1084.607,63.510
679000.000,1642000.000,1078.525,56.132
680000.000,1642000.000,1087.547,58.007
681000.000,1642000.000,1105.318,64.075
682000.000,1642000.000,1083.016,66.436
683000.000,1642000.000,1070.583,67.900
684000.000,1642000.000,1105.443,62.498
685000.000,1642000.000,1096.589,55.806
686000.000,1642000.000,1052.944,51.738
687000.000,1642000.000,1091.418,52.458
688000.000,1642000.000,1058.490,45.345
689000.000,1642000.000,1046.037,38.339
690000.000,1642000.000,1068.755,38.573
691000.000,1642000.000,1047.572,38.818
692000.000,1642000.000,1025.050,30.205
693000.000,1642000.000,1049.277,29.204
694000.000,1642000.000,1013.525,21.104
695000.000,1642000.000,1020.286,5.734
696000.000,1642000.000,994.527,11.809
697000.000,1642000.000,986.020,17.036
698000.000,1642000.000,982.799,28.283
699000.000,1642000.000,979.549,34.676
700000.000,1642000.000,976.844,17.489
701000.000,1642000.000,976.021,-1.925
702000.000,1642000.000,973.794,-20.979
703000.000,1642000.000,971.167,-44.320
704000.000,1642000.000,973.656,-60.182
705000.000,1642000.000,975.279,-87.905
706000.000,1642000.000,972.944,-104.978
707000.000,1642000.000,969.607,-106.938
708000.000,1642000.000,976.394,-99.949
709000.000,1642000.000,977.415,-88.596
710000.000,1642000.000,971.687,-93.594
711000.000,1642000.000,973.533,-99.788
641000.000,1641000.000,1120.328,-42.062
642000.000,1641000.000,1122.030,-32.299
643000.000,1641000.000,1121.559,-27.295
644000.000,1641000.000,1123.189,-27.262
645000.000,1641000.000,1124.631,-32.586
646000.000,1641000.000,1127.420,-27.686
647000.000,1641000.000,1134.479,-28.753
648000.000,1641000.000,1142.727,-20.381
649000.000,1641000.000,1165.699,-0.446
650000.000,1641000.000,1151.165,-4.102
651000.000,1641000.000,1156.766,-13.531
652000.000,1641000.000,1156.496,-19.182
653000.000,1641000.000,1165.444,-21.067
654000.000,1641000.000,1162.022,-14.104
655000.000,1641000.000,1178.008,-18.692
656000.000,1641000.000,1191.346,-36.380
657000.000,1641000.000,1198.563,-47.840
658000.000,1641000.000,1192.648,-58.275
659000.000,1641000.000,1184.286,-52.662
660000.000,1641000.000,1173.029,-76.172
661000.000,1641000.000,1165.444,-67.083
662000.000,1641000.000,1157.765,-60.902
663000.000,1641000.000,1151.778,-61.039
664000.000,1641000.000,1143.467,-53.419
665000.000,1641000.000,1134.709,-45.607
666000.000,1641000.000,1131.050,-32.606
667000.000,1641000.000,1123.618,-27.747
668000.000,1641000.000,1137.013,-28.923
669000.000,1641000.000,1127.454,-16.583
670000.000,1641000.000,1119.831,-4.953
671000.000,1641000.000,1116.251,-4.167
672000.000,1641000.000,1117.957,-24.814
673000.000,1641000.000,1119.009,-24.893
674000.000,1641000.000,1132.023,-2.660
675000.000,1641000.000,1143.220,6.756
676000.000,1641000.000,1135.032,9.431
677000.000,1641000.000,1168.205,10.649
678000.000,1641000.000,1122.996,18.739
679000.000,1641000.000,1104.769,28.340
680000.000,1641000.000,1069.365,40.556
681000.000,1641000.000,1078.801,49.348
682000.000,1641000.000,1058.594,53.942
683000.000,1641000.000,1053.992,51.507
684000.000,1641000.000,1058.990,52.038
685000.000,1641000.000,1053.743,48.568
686000.000,1641000.000,1038.376,41.861
687000.000,1641000.000,1032.078,42.121
688000.000,1641000.000,1023.902,42.296
689000.000,1641000.000,1021.201,45.221
690000.000,1641000.000,1016.040,43.779
691000.000,1641000.000,1020.596,29.196
692000.000,1641000.000,1006.373,24.688
693000.000,1641000.000,1000.334,29.577
694000.000,1641000.000,997.070,21.427
695000.000,1641000.000,992.232,10.739
696000.000,1641000.000,990.116,1.904
697000.000,1641000.000,984.131,10.052
698000.000,1641000.000,981.553,16.245
699000.000,1641000.000,979.798,23.458
700000.000,1641000.000,980.605,27.254
701000.000,1641000.000,978.278,18.046
702000.000,1641000.000,980.172,13.842
703000.000,1641000.000,975.878,8.020
704000.000,1641000.000,977.583,-18.703
705000.000,1641000.000,978.177,-49.684
706000.000,1641000.000,974.198,-68.779
707000.000,1641000.000,976.072,-85.278
708000.000,1641000.000,976.423,-97.478
709000.000,1641000.000,982.341,-102.045
710000.000,1641000.000,978.971,-99.021
711000.000,1641000.000,978.742,-99.782
641000.000,1640000.000,1113.373,-54.982
642000.000,1640000.000,1114.748,-47.402
643000.000,1640000.000,1111.122,-39.220
644000.000,1640000.000,1111.146,-36.894
645000.000,1640000.000,1118.489,-34.360
646000.000,1640000.000,1121.395,-32.686
647000.000,1640000.000,1132.485,-41.944
648000.000,1640000.000,1136.149,-39.230
649000.000,1640000.000,1140.819,-30.296
650000.000,1640000.000,1142.942,-13.998
651000.000,1640000.000,1143.243,25.133
652000.000,1640000.000,1148.467,-3.704
653000.000,1640000.000,1155.874,-32.882
654000.000,1640000.000,1164.458,-45.533
655000.000,1640000.000,1171.401,-47.628
656000.000,1640000.000,1185.821,-51.779
657000.000,1640000.000,1210.269,-62.059
658000.000,1640000.000,1195.843,-87.570
659000.000,1640000.000,1198.095,-104.477
660000.000,1640000.000,1185.565,-104.252
661000.000,1640000.000,1168.278,-92.676
662000.000,1640000.000,1162.946,-79.079
663000.000,1640000.000,1145.223,-65.557
664000.000,1640000.000,1148.950,-54.605
665000.000,1640000.000,1125.456,-43.077
666000.000,1640000.000,1122.598,-30.457
667000.000,1640000.000,1115.783,-31.036
668000.000,1640000.000,1119.265,-33.292
669000.000,1640000.000,1118.212,-40.550
670000.000,1640000.000,1119.886,-29.528
671000.000,1640000.000,1110.506,-17.423
672000.000,1640000.000,1108.667,-9.488
673000.000,1640000.000,1110.357,-7.462
674000.000,1640000.000,1108.914,-14.752
675000.000,1640000.000,1115.588,-5.781
676000.000,1640000.000,1105.867,5.733
677000.000,1640000.000,1114.820,9.547
678000.000,1640000.000,1130.760,4.518
679000.000,1640000.000,1135.826,12.589
680000.000,1640000.000,1099.135,20.882
681000.000,1640000.000,1104.080,31.594
682000.000,1640000.000,1062.524,39.074
683000.000,1640000.000,1046.402,43.301
684000.000,1640000.000,1040.773,50.906
685000.000,1640000.000,1045.919,58.391
686000.000,1640000.000,1041.042,51.476
687000.000,1640000.000,1029.921,41.510
688000.000,1640000.000,1030.593,27.976
689000.000,1640000.000,1025.482,19.475
690000.000,1640000.000,1009.580,9.613
691000.000,1640000.000,1006.620,7.682
692000.000,1640000.000,1000.474,9.045
693000.000,1640000.000,994.581,16.113
694000.000,1640000.000,993.903,21.105
695000.000,1640000.000,987.975,22.426
696000.000,1640000.000,986.849,6.624
697000.000,1640000.000,985.490,-15.486
698000.000,1640000.000,984.580,-23.387
699000.000,1640000.000,983.945,-33.092
700000.000,1640000.000,987.644,-26.340
701000.000,1640000.000,984.367,-14.787
702000.000,1640000.000,986.459,-6.392
703000.000,1640000.000,983.261,1.219
704000.000,1640000.000,978.431,2.875
705000.000,1640000.000,982.546,2.111
706000.000,1640000.000,978.069,-13.819
707000.000,1640000.000,978.418,-36.406
708000.000,1640000.000,982.533,-59.964
709000.000,1640000.000,987.129,-86.960
710000.000,1640000.000,984.649,-95.631
711000.000,1640000.000,978.425,-92.956
641000.000,1639000.000,1103.094,-64.977
642000.000,1639000.000,1103.357,-60.173
643000.000,1639000.000,1106.743,-51.333
644000.000,1639000.000,1114.403,-44.147
645000.000,1639000.000,1115.932,-35.203
646000.000,1639000.000,1121.685,-27.692
647000.000,1639000.000,1124.577,-17.902
648000.000,1639000.000,1128.513,-23.368
649000.000,1639000.000,1134.572,-31.619
650000.000,1639000.000,1149.408,-24.522
651000.000,1639000.000,1157.923,-25.427
652000.000,1639000.000,1155.483,-30.846
653000.000,1639000.000,1156.645,-30.582
654000.000,1639000.000,1166.125,-46.915
655000.000,1639000.000,1183.312,-68.415
656000.000,1639000.000,1198.023,-86.367
657000.000,1639000.000,1212.904,-89.286
658000.000,1639000.000,1214.323,-81.822
659000.000,1639000.000,1233.487,-63.473
660000.000,1639000.000,1261.806,-66.633
661000.000,1639000.000,1197.316,-84.284
662000.000,1639000.000,1147.832,-76.351
663000.000,1639000.000,1142.843,-51.333
664000.000,1639000.000,1147.711,-38.060
665000.000,1639000.000,1135.214,-46.181
666000.000,1639000.000,1116.459,-50.227
667000.000,1639000.000,1110.514,-50.704
668000.000,1639000.000,1111.544,-52.348
669000.000,1639000.000,1111.282,-54.308
670000.000,1639000.000,1124.477,-54.747
671000.000,1639000.000,1128.061,-42.610
672000.000,1639000.000,1102.086,-33.055
673000.000,1639000.000,1099.194,-24.262
674000.000,1639000.000,1095.527,-21.887
675000.000,1639000.000,1100.283,-18.200
676000.000,1639000.000,1114.599,-5.451
677000.000,1639000.000,1096.312,6.687
678000.000,1639000.000,1106.231,15.107
679000.000,1639000.000,1116.217,15.447
680000.000,1639000.000,1114.171,14.850
681000.000,1639000.000,1094.954,17.723
682000.000,1639000.000,1091.986,23.925
683000.000,1639000.000,1059.425,29.100
684000.000,1639000.000,1058.616,32.408
685000.000,1639000.000,1036.909,42.050
686000.000,1639000.000,1027.654,50.149
687000.000,1639000.000,1028.451,48.512
688000.000,1639000.000,1017.242,33.386
689000.000,1639000.000,1023.327,20.264
690000.000,1639000.000,1017.482,6.783
691000.000,1639000.000,1001.818,4.802
692000.000,1639000.000,996.538,22.671
693000.000,1639000.000,992.644,22.392
694000.000,1639000.000,992.482,0.051
695000.000,1639000.000,991.821,-17.248
696000.000,1639000.000,989.490,-24.893
697000.000,1639000.000,992.572,-30.531
698000.000,1639000.000,991.077,-47.850
699000.000,1639000.000,990.000,-46.337
700000.000,1639000.000,995.787,-49.713
701000.000,1639000.000,992.285,-45.250
702000.000,1639000.000,990.850,-32.908
703000.000,1639000.000,984.868,-27.437
704000.000,1639000.000,981.816,-13.741
705000.000,1639000.000,984.785,-10.039
706000.000,1639000.000,983.922,-20.992
707000.000,1639000.000,980.863,-35.774
708000.000,1639000.000,981.759,-34.756
709000.000,1639000.000,987.770,-46.371
710000.000,1639000.000,986.752,-73.452
711000.000,1639000.000,985.144,-83.327
641000.000,1638000.000,1098.556,-76.884
642000.000,1638000.000,1102.163,-64.203
643000.000,1638000.000,1108.332,-63.788
644000.000,1638000.000,1117.203,-57.614
645000.000,1638000.000,1128.247,-53.323
646000.000,1638000.000,1127.569,-46.041
647000.000,1638000.000,1127.677,-38.674
648000.000,1638000.000,1134.861,-35.004
649000.000,1638000.000,1144.092,-34.136
650000.000,1638000.000,1173.429,-45.304
651000.000,1638000.000,1177.258,-45.502
652000.000,1638000.000,1173.470,-40.066
653000.000,1638000.000,1164.672,-31.502
654000.000,1638000.000,1163.330,-11.708
655000.000,1638000.000,1170.709,-3.130
656000.000,1638000.000,1186.251,-10.809
657000.000,1638000.000,1192.464,-29.524
658000.000,1638000.000,1234.365,-32.451
659000.000,1638000.000,1204.614,-49.872
660000.000,1638000.000,1182.615,-55.106
661000.000,1638000.000,1188.998,-69.878
662000.000,1638000.000,1141.625,-72.022
663000.000,1638000.000,1130.463,-55.876
664000.000,1638000.000,1136.129,-61.196
665000.000,1638000.000,1130.416,-64.311
666000.000,1638000.000,1124.354,-66.527
667000.000,1638000.000,1110.302,-72.680
668000.000,1638000.000,1101.263,-71.401
669000.000,1638000.000,1102.939,-66.374
670000.000,1638000.000,1112.382,-63.816
671000.000,1638000.000,1120.108,-60.570
672000.000,1638000.000,1108.081,-46.053
673000.000,1638000.000,1097.503,-37.755
674000.000,1638000.000,1087.061,-35.994
675000.000,1638000.000,1083.841,-26.689
676000.000,1638000.000,1107.370,-19.860
677000.000,1638000.000,1075.686,-9.785
678000.000,1638000.000,1081.328,4.137
679000.000,1638000.000,1114.216,14.788
680000.000,1638000.000,1103.442,16.298
681000.000,1638000.000,1087.444,13.323
682000.000,1638000.000,1064.814,17.066
683000.000,1638000.000,1040.973,20.202
684000.000,1638000.000,1033.221,22.057
685000.000,1638000.000,1041.986,26.585
686000.000,1638000.000,1021.635,32.908
687000.000,1638000.000,1015.159,39.302
688000.000,1638000.000,1013.180,46.894
689000.000,1638000.000,1006.736,47.444
690000.000,1638000.000,1005.016,39.476
691000.000,1638000.000,998.851,38.470
692000.000,1638000.000,998.198,37.877
693000.000,1638000.000,1000.400,8.359
694000.000,1638000.000,1016.969,-4.198
695000.000,1638000.000,1058.976,-7.350
696000.000,1638000.000,996.277,-6.403
697000.000,1638000.000,999.122,-11.797
698000.000,1638000.000,996.677,-15.103
699000.000,1638000.000,996.378,-34.347
700000.000,1638000.000,1003.138,-44.219
701000.000,1638000.000,1006.141,-67.746
702000.000,1638000.000,991.462,-61.434
703000.000,1638000.000,988.146,-29.173
704000.000,1638000.000,986.326,-11.565
705000.000,1638000.000,988.593,-12.940
706000.000,1638000.000,990.845,-11.737
707000.000,1638000.000,989.378,-12.235
708000.000,1638000.000,985.990,-30.948
709000.000,1638000.000,985.776,-39.560
710000.000,1638000.000,991.088,-39.517
711000.000,1638000.000,998.539,-52.651
641000.000,1637000.000,1108.812,-59.121
642000.000,1637000.000,1104.441,-71.631
643000.000,1637000.000,1116.096,-84.647
644000.000,1637000.000,1117.357,-74.900
645000.000,1637000.000,1124.014,-59.024
646000.000,1637000.000,1136.165,-53.655
647000.000,1637000.000,1137.354,-44.976
648000.000,1637000.000,1138.475,-33.689
649000.000,1637000.000,1152.635,-24.372
650000.000,1637000.000,1184.958,-15.523
651000.000,1637000.000,1188.934,-20.348
652000.000,1637000.000,1183.493,-26.446
653000.000,1637000.000,1174.459,-24.036
654000.000,1637000.000,1176.142,-26.673
655000.000,1637000.000,1192.905,-23.652
656000.000,1637000.000,1192.432,-11.297
657000.000,1637000.000,1208.141,-13.834
658000.000,1637000.000,1187.890,-28.835
659000.000,1637000.000,1165.406,-42.000
660000.000,1637000.000,1156.846,-42.458
661000.000,1637000.000,1147.249,-42.513
662000.000,1637000.000,1143.952,-65.966
663000.000,1637000.000,1136.101,-75.516
664000.000,1637000.000,1127.110,-70.041
665000.000,1637000.000,1118.764,-70.002
666000.000,1637000.000,1110.116,-69.802
667000.000,1637000.000,1104.335,-68.930
668000.000,1637000.000,1102.157,-59.609
669000.000,1637000.000,1098.244,-56.662
670000.000,1637000.000,1105.157,-50.273
671000.000,1637000.000,1101.860,-47.384
672000.000,1637000.000,1103.756,-48.964
673000.000,1637000.000,1100.529,-48.049
674000.000,1637000.000,1094.894,-40.746
675000.000,1637000.000,1076.054,-35.858
676000.000,1637000.000,1075.960,-26.961
677000.000,1637000.000,1070.146,-21.807
678000.000,1637000.000,1075.283,-16.746
679000.000,1637000.000,1070.254,-10.064
680000.000,1637000.000,1087.411,-3.149
681000.000,1637000.000,1070.174,3.297
682000.000,1637000.000,1038.965,2.924
683000.000,1637000.000,1033.581,8.889
684000.000,1637000.000,1023.853,13.666
685000.000,1637000.000,1019.052,14.987
686000.000,1637000.000,1014.129,15.015
687000.000,1637000.000,1009.024,19.401
688000.000,1637000.000,1005.917,38.246
689000.000,1637000.000,1005.618,38.430
690000.000,1637000.000,1003.198,43.417
691000.000,1637000.000,1003.297,54.684
692000.000,1637000.000,1001.671,40.100
693000.000,1637000.000,1008.789,20.520
694000.000,1637000.000,1021.843,18.152
695000.000,1637000.000,1132.063,17.217
696000.000,1637000.000,1020.514,7.182
697000.000,1637000.000,1003.449,4.546
698000.000,1637000.000,1007.931,-14.125
699000.000,1637000.000,1010.795,-21.850
700000.000,1637000.000,1005.223,-18.816
701000.000,1637000.000,1001.557,-27.959
702000.000,1637000.000,1024.022,-48.901
703000.000,1637000.000,994.614,-47.697
704000.000,1637000.000,990.487,-26.861
705000.000,1637000.000,990.522,-8.224
706000.000,1637000.000,993.113,-1.390
707000.000,1637000.000,996.246,1.716
708000.000,1637000.000,993.252,6.849
709000.000,1637000.000,991.829,-7.077
710000.000,1637000.000,991.417,-23.396
711000.000,1637000.000,995.443,-48.940
641000.000,1636000.000,1116.485,-53.917
642000.000,1636000.000,1108.289,-66.188
643000.000,1636000.000,1111.762,-50.895
644000.000,1636000.000,1124.286,-58.945
645000.000,1636000.000,1133.593,-59.695
646000.000,1636000.000,1138.815,-57.780
647000.000,1636000.000,1146.618,-51.792
648000.000,1636000.000,1142.302,-36.535
649000.000,1636000.000,1149.955,-21.064
650000.000,1636000.000,1157.566,-21.411
651000.000,1636000.000,1166.217,-20.909
652000.000,1636000.000,1179.706,-22.872
653000.000,1636000.000,1179.378,-26.942
654000.000,1636000.000,1184.040,-28.996
655000.000,1636000.000,1217.405,-24.346
656000.000,1636000.000,1197.485,-19.016
657000.000,1636000.000,1202.853,-11.910
658000.000,1636000.000,1187.090,-11.382
659000.000,1636000.000,1174.846,-17.397
660000.000,1636000.000,1168.120,-34.151
661000.000,1636000.000,1174.054,-59.798
662000.000,1636000.000,1189.455,-71.723
663000.000,1636000.000,1183.101,-77.241
664000.000,1636000.000,1136.213,-75.651
665000.000,1636000.000,1130.430,-73.703
666000.000,1636000.000,1120.563,-74.399
667000.000,1636000.000,1114.786,-77.468
668000.000,1636000.000,1103.535,-69.297
669000.000,1636000.000,1091.110,-66.428
670000.000,1636000.000,1092.141,-61.145
671000.000,1636000.000,1093.483,-59.100
672000.000,1636000.000,1100.221,-50.526
673000.000,1636000.000,1107.977,-43.450
674000.000,1636000.000,1096.426,-37.201
675000.000,1636000.000,1082.450,-24.692
676000.000,1636000.000,1069.933,-21.345
677000.000,1636000.000,1062.174,-14.652
678000.000,1636000.000,1054.382,-12.964
679000.000,1636000.000,1051.712,-9.239
680000.000,1636000.000,1049.434,-7.718
681000.000,1636000.000,1038.637,-13.654
682000.000,1636000.000,1029.456,-9.231
683000.000,1636000.000,1023.803,-5.261
684000.000,1636000.000,1021.420,6.648
685000.000,1636000.000,1015.225,14.558
686000.000,1636000.000,1014.196,22.809
687000.000,1636000.000,1019.782,28.047
688000.000,1636000.000,1029.922,34.488
689000.000,1636000.000,1014.596,47.591
690000.000,1636000.000,1014.838,52.375
691000.000,1636000.000,1009.759,44.907
692000.000,1636000.000,1006.509,45.294
693000.000,1636000.000,1017.960,48.383
694000.000,1636000.000,1022.428,48.515
695000.000,1636000.000,1047.384,46.972
696000.000,1636000.000,1026.701,39.135
697000.000,1636000.000,1011.207,30.846
698000.000,1636000.000,1013.259,29.838
699000.000,1636000.000,1032.908,28.257
700000.000,1636000.000,1010.375,7.906
701000.000,1636000.000,1008.909,3.506
702000.000,1636000.000,1002.935,6.953
703000.000,1636000.000,996.270,-20.400
704000.000,1636000.000,993.671,-29.979
705000.000,1636000.000,1000.366,-23.084
706000.000,1636000.000,997.448,-8.735
707000.000,1636000.000,999.841,-0.372
708000.000,1636000.000,1007.036,3.744
709000.000,1636000.000,999.933,1.826
710000.000,1636000.000,995.903,-21.680
711000.000,1636000.000,993.950,-46.308
641000.000,1635000.000,1124.776,-56.712
642000.000,1635000.000,1113.576,-48.726
643000.000,1635000.000,1120.499,-44.946
644000.000,1635000.000,1120.997,-49.890
645000.000,1635000.000,1129.401,-66.486
646000.000,1635000.000,1133.267,-55.634
647000.000,1635000.000,1138.218,-64.839
648000.000,1635000.000,1145.841,-53.828
649000.000,1635000.000,1152.847,-41.569
650000.000,1635000.000,1162.824,-34.546
651000.000,1635000.000,1180.324,-27.569
652000.000,1635000.000,1188.671,-34.476
653000.000,1635000.000,1197.191,-36.297
654000.000,1635000.000,1195.813,-29.986
655000.000,1635000.000,1190.123,-20.931
656000.000,1635000.000,1186.165,-16.343
657000.000,1635000.000,1180.377,-18.077
658000.000,1635000.000,1179.042,-32.594
659000.000,1635000.000,1195.398,-51.288
660000.000,1635000.000,1166.675,-52.696
661000.000,1635000.000,1204.787,-40.755
662000.000,1635000.000,1183.354,-45.791
663000.000,1635000.000,1170.820,-53.232
664000.000,1635000.000,1135.768,-71.694
665000.000,1635000.000,1120.540,-73.929
666000.000,1635000.000,1114.345,-81.763
667000.000,1635000.000,1116.191,-86.722
668000.000,1635000.000,1104.533,-89.255
669000.000,1635000.000,1095.723,-73.863
670000.000,1635000.000,1085.257,-62.358
671000.000,1635000.000,1092.028,-58.390
672000.000,1635000.000,1086.966,-54.714
673000.000,1635000.000,1081.522,-49.338
674000.000,1635000.000,1082.911,-46.503
675000.000,1635000.000,1077.963,-43.961
676000.000,1635000.000,1072.074,-45.890
677000.000,1635000.000,1064.941,-38.479
678000.000,1635000.000,1059.582,-25.664
679000.000,1635000.000,1055.048,-17.393
680000.000,1635000.000,1041.820,-15.218
681000.000,1635000.000,1033.699,-16.755
682000.000,1635000.000,1025.839,-19.284
683000.000,1635000.000,1021.079,-15.500
684000.000,1635000.000,1019.356,-7.911
685000.000,1635000.000,1018.071,6.969
686000.000,1635000.000,1021.832,20.574
687000.000,1635000.000,1034.664,30.919
688000.000,1635000.000,1019.868,42.506
689000.000,1635000.000,1018.977,54.628
690000.000,1635000.000,1022.705,58.168
691000.000,1635000.000,1022.513,55.270
692000.000,1635000.000,1015.841,42.818
693000.000,1635000.000,1016.212,50.708
694000.000,1635000.000,1028.479,58.638
695000.000,1635000.000,1036.770,64.422
696000.000,1635000.000,1025.882,74.695
697000.000,1635000.000,1026.896,65.938
698000.000,1635000.000,1018.496,63.355
699000.000,1635000.000,1016.843,59.109
700000.000,1635000.000,1016.139,53.113
701000.000,1635000.000,1009.276,44.113
702000.000,1635000.000,1003.667,30.941
703000.000,1635000.000,1000.144,6.201
704000.000,1635000.000,997.861,-11.813
705000.000,1635000.000,1003.294,-19.394
706000.000,1635000.000,1006.585,-18.477
707000.000,1635000.000,1005.822,-13.951
708000.000,1635000.000,1008.013,-27.360
709000.000,1635000.000,1001.974,-39.495
710000.000,1635000.000,995.005,-35.666
711000.000,1635000.000,988.270,-20.146
641000.000,1634000.000,1121.561,-55.371
642000.000,1634000.000,1121.256,-45.751
643000.000,1634000.000,1121.026,-47.658
644000.000,1634000.000,1126.802,-46.297
645000.000,1634000.000,1135.130,-48.427
646000.000,1634000.000,1141.954,-56.663
647000.000,1634000.000,1151.478,-27.539
648000.000,1634000.000,1152.793,-61.476
649000.000,1634000.000,1155.173,-69.456
650000.000,1634000.000,1160.875,-54.178
651000.000,1634000.000,1170.523,-33.098
652000.000,1634000.000,1180.670,-13.660
653000.000,1634000.000,1212.822,-6.693
654000.000,1634000.000,1177.684,-13.908
655000.000,1634000.000,1181.137,-22.841
656000.000,1634000.000,1175.926,-26.595
657000.000,1634000.000,1166.922,-19.177
658000.000,1634000.000,1168.080,-8.545
659000.000,1634000.000,1168.239,-21.795
660000.000,1634000.000,1162.980,-57.405
661000.000,1634000.000,1169.628,-52.861
662000.000,1634000.000,1160.636,-52.550
663000.000,1634000.000,1166.674,-59.950
664000.000,1634000.000,1129.573,-70.902
665000.000,1634000.000,1118.038,-80.748
666000.000,1634000.000,1108.949,-89.526
667000.000,1634000.000,1106.382,-100.753
668000.000,1634000.000,1099.839,-86.581
669000.000,1634000.000,1093.057,-69.681
670000.000,1634000.000,1085.006,-72.982
671000.000,1634000.000,1081.403,-64.200
672000.000,1634000.000,1087.284,-57.847
673000.000,1634000.000,1074.220,-57.982
674000.000,1634000.000,1072.700,-56.404
675000.000,1634000.000,1079.523,-58.066
676000.000,1634000.000,1069.583,-57.634
677000.000,1634000.000,1069.565,-59.618
678000.000,1634000.000,1060.051,-63.984
679000.000,1634000.000,1052.964,-40.080
680000.000,1634000.000,1047.629,-22.998
681000.000,1634000.000,1038.203,-16.544
682000.000,1634000.000,1031.257,-16.630
683000.000,1634000.000,1033.384,-17.930
684000.000,1634000.000,1034.377,-15.159
685000.000,1634000.000,1038.414,-7.890
686000.000,1634000.000,1027.101,5.577
687000.000,1634000.000,1040.435,23.797
688000.000,1634000.000,1030.288,33.039
689000.000,1634000.000,1029.495,35.804
690000.000,1634000.000,1031.720,34.199
691000.000,1634000.000,1032.579,22.096
692000.000,1634000.000,1022.264,21.633
693000.000,1634000.000,1021.505,32.459
694000.000,1634000.000,1025.771,47.445
695000.000,1634000.000,1032.902,63.758
696000.000,1634000.000,1031.446,64.028
697000.000,1634000.000,1028.348,65.050
698000.000,1634000.000,1024.747,62.548
699000.000,1634000.000,1029.821,54.448
700000.000,1634000.000,1034.984,43.461
701000.000,1634000.000,1019.400,25.529
702000.000,1634000.000,1011.309,-1.017
703000.000,1634000.000,1003.299,-21.917
704000.000,1634000.000,1002.018,-41.415
705000.000,1634000.000,1009.505,-67.801
706000.000,1634000.000,1013.090,-76.552
707000.000,1634000.000,1009.952,-73.143
708000.000,1634000.000,1023.381,-73.983
709000.000,1634000.000,1012.238,-79.597
710000.000,1634000.000,1015.737,-83.259
711000.000,1634000.000,995.173,-84.408
