x,y,z,tmi
641000.000,1704000.000,594.781,98.549
642000.000,1704000.000,611.894,105.976
643000.000,1704000.000,652.742,118.613
644000.000,1704000.000,700.812,94.900
645000.000,1704000.000,704.948,77.194
646000.000,1704000.000,726.820,-7.420
647000.000,1704000.000,666.340,-41.886
648000.000,1704000.000,704.661,40.972
649000.000,1704000.000,707.706,46.503
650000.000,1704000.000,641.811,64.315
651000.000,1704000.000,618.605,61.572
652000.000,1704000.000,646.635,25.012
653000.000,1704000.000,635.322,12.947
654000.000,1704000.000,636.214,-26.273
655000.000,1704000.000,613.894,-44.688
656000.000,1704000.000,653.474,-42.400
657000.000,1704000.000,631.876,-46.355
658000.000,1704000.000,599.260,-48.980
659000.000,1704000.000,564.581,-67.509
660000.000,1704000.000,551.675,-79.754
661000.000,1704000.000,574.013,-83.812
662000.000,1704000.000,541.491,-100.956
663000.000,1704000.000,521.006,-117.783
664000.000,1704000.000,519.481,-153.527
665000.000,1704000.000,496.024,-96.369
666000.000,1704000.000,475.759,-116.110
667000.000,1704000.000,474.307,-100.355
668000.000,1704000.000,473.165,-90.533
669000.000,1704000.000,470.096,-89.368
670000.000,1704000.000,464.761,-29.068
671000.000,1704000.000,470.273,-143.103
672000.000,1704000.000,479.942,-86.974
673000.000,1704000.000,488.614,-114.519
674000.000,1704000.000,493.915,-85.069
675000.000,1704000.000,494.219,-55.339
676000.000,1704000.000,492.907,-169.468
677000.000,1704000.000,483.729,-346.754
678000.000,1704000.000,486.763,-399.791
679000.000,1704000.000,478.327,-96.460
680000.000,1704000.000,474.893,116.397
681000.000,1704000.000,484.693,-93.166
682000.000,1704000.000,474.368,-106.801
683000.000,1704000.000,482.529,-114.742
684000.000,1704000.000,488.690,-79.166
685000.000,1704000.000,490.770,-55.575
686000.000,1704000.000,489.836,-48.934
687000.000,1704000.000,491.943,-39.219
688000.000,1704000.000,493.288,-38.114
689000.000,1704000.000,490.474,-32.243
690000.000,1704000.000,490.470,-40.450
691000.000,1704000.000,484.744,-44.413
692000.000,1704000.000,478.798,-37.848
693000.000,1704000.000,482.616,-13.896
694000.000,1704000.000,480.076,-16.820
695000.000,1704000.000,477.864,-23.041
696000.000,1704000.000,481.363,-51.865
697000.000,1704000.000,482.954,-52.052
698000.000,1704000.000,487.185,-34.719
699000.000,1704000.000,491.598,-41.866
700000.000,1704000.000,499.221,-41.302
701000.000,1704000.000,507.648,10.303
702000.000,1704000.000,545.877,25.337
703000.000,1704000.000,504.650,23.067
704000.000,1704000.000,497.615,131.456
705000.000,1704000.000,492.546,211.369
706000.000,1704000.000,485.334,356.103
707000.000,1704000.000,480.970,159.624
708000.000,1704000.000,478.626,85.248
709000.000,1704000.000,473.128,17.497
710000.000,1704000.000,473.756,37.743
711000.000,1704000.000,471.011,13.921
641000.000,1703000.000,588.209,129.373
642000.000,1703000.000,588.664,97.808
643000.000,1703000.000,595.027,34.159
644000.000,1703000.000,666.211,12.884
645000.000,1703000.000,621.476,1.669
646000.000,1703000.000,645.712,51.639
647000.000,1703000.000,650.980,-12.908
648000.000,1703000.000,639.561,123.677
649000.000,1703000.000,632.267,128.203
650000.000,1703000.000,630.925,92.653
651000.000,1703000.000,644.039,63.873
652000.000,1703000.000,662.601,58.399
653000.000,1703000.000,662.136,22.925
654000.000,1703000.000,664.491,14.461
655000.000,1703000.000,643.169,-9.663
656000.000,1703000.000,645.647,-30.561
657000.000,1703000.000,603.806,-5.880
658000.000,1703000.000,551.229,-30.606
659000.000,1703000.000,538.465,-28.665
660000.000,1703000.000,567.627,-13.135
661000.000,1703000.000,543.217,19.313
662000.000,1703000.000,541.159,-76.773
663000.000,1703000.000,524.252,-134.914
664000.000,1703000.000,506.636,-162.381
665000.000,1703000.000,499.434,-162.410
666000.000,1703000.000,476.843,-105.945
667000.000,1703000.000,469.143,-195.363
668000.000,1703000.000,468.289,-134.159
669000.000,1703000.000,470.776,-139.255
670000.000,1703000.000,473.238,-121.601
671000.000,1703000.000,475.674,-31.558
672000.000,1703000.000,480.033,-93.581
673000.000,1703000.000,492.557,-81.310
674000.000,1703000.000,500.167,-71.359
675000.000,1703000.000,494.974,-60.751
676000.000,1703000.000,489.212,-69.299
677000.000,1703000.000,485.495,99.194
678000.000,1703000.000,489.653,-360.093
679000.000,1703000.000,478.875,-411.631
680000.000,1703000.000,479.880,47.559
681000.000,1703000.000,489.033,-169.037
682000.000,1703000.000,479.543,-79.783
683000.000,1703000.000,479.980,-72.259
684000.000,1703000.000,487.676,-87.984
685000.000,1703000.000,493.041,-79.399
686000.000,1703000.000,494.298,-90.238
687000.000,1703000.000,497.882,-56.811
688000.000,1703000.000,497.389,-28.384
689000.000,1703000.000,498.573,-54.031
690000.000,1703000.000,494.987,-43.461
691000.000,1703000.000,484.142,-26.984
692000.000,1703000.000,485.474,-46.953
693000.000,1703000.000,490.896,-33.282
694000.000,1703000.000,486.817,-18.064
695000.000,1703000.000,479.439,32.102
696000.000,1703000.000,479.442,-42.077
697000.000,1703000.000,484.803,-68.109
698000.000,1703000.000,489.213,-87.089
699000.000,1703000.000,493.009,-83.555
700000.000,1703000.000,497.093,-67.972
701000.000,1703000.000,502.606,8.319
702000.000,1703000.000,514.103,-25.472
703000.000,1703000.000,518.772,69.083
704000.000,1703000.000,502.134,102.929
705000.000,1703000.000,494.011,159.028
706000.000,1703000.000,493.978,290.148
707000.000,1703000.000,493.271,478.173
708000.000,1703000.000,486.113,347.967
709000.000,1703000.000,475.872,183.316
710000.000,1703000.000,479.724,129.123
711000.000,1703000.000,474.472,-32.263
641000.000,1702000.000,581.755,149.324
642000.000,1702000.000,587.708,157.557
643000.000,1702000.000,602.479,205.751
644000.000,1702000.000,604.034,197.183
645000.000,1702000.000,613.799,158.752
646000.000,1702000.000,621.848,219.033
647000.000,1702000.000,629.474,216.500
648000.000,1702000.000,618.826,183.726
649000.000,1702000.000,610.267,150.030
650000.000,1702000.000,616.526,128.824
651000.000,1702000.000,634.678,99.571
652000.000,1702000.000,657.779,70.161
653000.000,1702000.000,657.080,55.711
654000.000,1702000.000,654.118,47.703
655000.000,1702000.000,623.711,8.215
656000.000,1702000.000,653.856,10.117
657000.000,1702000.000,612.203,-10.112
658000.000,1702000.000,589.528,-27.827
659000.000,1702000.000,524.915,-23.288
660000.000,1702000.000,522.463,-9.855
661000.000,1702000.000,518.210,-37.492
662000.000,1702000.000,512.083,-61.225
663000.000,1702000.000,495.501,-27.920
664000.000,1702000.000,505.325,-157.075
665000.000,1702000.000,490.592,-115.401
666000.000,1702000.000,476.312,-173.877
667000.000,1702000.000,476.118,-129.332
668000.000,1702000.000,478.718,-173.320
669000.000,1702000.000,477.378,-105.871
670000.000,1702000.000,474.791,-64.910
671000.000,1702000.000,480.167,-60.503
672000.000,1702000.000,486.587,-60.267
673000.000,1702000.000,498.716,-69.704
674000.000,1702000.000,500.204,-72.177
675000.000,1702000.000,494.063,-81.134
676000.000,1702000.000,489.581,-84.901
677000.000,1702000.000,492.185,-38.425
678000.000,1702000.000,489.012,-152.849
679000.000,1702000.000,480.223,17.434
680000.000,1702000.000,482.214,-321.857
681000.000,1702000.000,492.047,-114.605
682000.000,1702000.000,485.948,-101.703
683000.000,1702000.000,480.520,-99.461
684000.000,1702000.000,481.888,-85.128
685000.000,1702000.000,494.902,-91.893
686000.000,1702000.000,499.669,-79.380
687000.000,1702000.000,503.758,-56.160
688000.000,1702000.000,505.862,-70.014
689000.000,1702000.000,500.479,-70.013
690000.000,1702000.000,490.241,-53.128
691000.000,1702000.000,491.475,-60.782
692000.000,1702000.000,489.924,-11.257
693000.000,1702000.000,501.954,-11.852
694000.000,1702000.000,488.654,37.556
695000.000,1702000.000,485.449,14.104
696000.000,1702000.000,484.873,10.940
697000.000,1702000.000,483.181,37.462
698000.000,1702000.000,486.753,-1.837
699000.000,1702000.000,490.261,-39.962
700000.000,1702000.000,494.162,-43.784
701000.000,1702000.000,498.106,-43.182
702000.000,1702000.000,505.192,20.879
703000.000,1702000.000,526.451,20.698
704000.000,1702000.000,528.788,55.132
705000.000,1702000.000,501.396,88.118
706000.000,1702000.000,499.068,114.581
707000.000,1702000.000,497.035,173.599
708000.000,1702000.000,487.010,177.382
709000.000,1702000.000,478.039,71.447
710000.000,1702000.000,483.816,93.506
711000.000,1702000.000,478.972,120.697
641000.000,1701000.000,580.655,9.929
642000.000,1701000.000,620.333,100.725
643000.000,1701000.000,597.289,176.389
644000.000,1701000.000,595.037,195.120
645000.000,1701000.000,604.018,201.532
646000.000,1701000.000,606.607,190.090
647000.000,1701000.000,612.540,212.519
648000.000,1701000.000,665.226,181.902
649000.000,1701000.000,590.766,162.007
650000.000,1701000.000,627.063,152.505
651000.000,1701000.000,639.236,113.579
652000.000,1701000.000,627.150,113.657
653000.000,1701000.000,600.151,85.923
654000.000,1701000.000,608.416,80.752
655000.000,1701000.000,560.456,57.950
656000.000,1701000.000,601.436,69.781
657000.000,1701000.000,576.688,99.281
658000.000,1701000.000,532.012,42.298
659000.000,1701000.000,513.811,21.008
660000.000,1701000.000,517.379,30.226
661000.000,1701000.000,521.514,-3.641
662000.000,1701000.000,499.111,-4.695
663000.000,1701000.000,519.140,-20.626
664000.000,1701000.000,485.895,35.742
665000.000,1701000.000,478.538,-36.322
666000.000,1701000.000,496.467,-121.534
667000.000,1701000.000,488.112,-119.305
668000.000,1701000.000,502.809,47.230
669000.000,1701000.000,481.353,-147.045
670000.000,1701000.000,481.086,-113.563
671000.000,1701000.000,480.478,-67.372
672000.000,1701000.000,489.022,-81.722
673000.000,1701000.000,499.769,-98.435
674000.000,1701000.000,498.287,-42.352
675000.000,1701000.000,494.469,-61.767
676000.000,1701000.000,494.836,-53.269
677000.000,1701000.000,495.240,-32.109
678000.000,1701000.000,484.200,-38.182
679000.000,1701000.000,481.541,175.010
680000.000,1701000.000,480.964,409.961
681000.000,1701000.000,491.833,13.277
682000.000,1701000.000,491.328,-45.767
683000.000,1701000.000,486.116,-57.084
684000.000,1701000.000,485.713,-77.523
685000.000,1701000.000,483.576,-74.144
686000.000,1701000.000,491.927,-73.242
687000.000,1701000.000,498.689,-80.704
688000.000,1701000.000,508.111,-103.574
689000.000,1701000.000,499.958,-92.356
690000.000,1701000.000,492.205,-54.241
691000.000,1701000.000,496.901,-37.896
692000.000,1701000.000,498.516,-38.279
693000.000,1701000.000,496.043,-51.516
694000.000,1701000.000,492.892,-28.960
695000.000,1701000.000,493.484,18.181
696000.000,1701000.000,493.584,-5.891
697000.000,1701000.000,488.726,-68.894
698000.000,1701000.000,488.576,-79.822
699000.000,1701000.000,497.299,-109.916
700000.000,1701000.000,499.913,-58.292
701000.000,1701000.000,502.720,-60.186
702000.000,1701000.000,507.748,-16.479
703000.000,1701000.000,514.013,2.425
704000.000,1701000.000,540.109,-60.098
705000.000,1701000.000,512.981,12.605
706000.000,1701000.000,497.887,77.726
707000.000,1701000.000,490.541,89.262
708000.000,1701000.000,484.154,132.823
709000.000,1701000.000,481.201,117.004
710000.000,1701000.000,488.261,75.069
711000.000,1701000.000,484.836,72.760
641000.000,1700000.000,572.529,232.551
642000.000,1700000.000,586.057,184.232
643000.000,1700000.000,601.649,161.960
644000.000,1700000.000,595.991,162.732
645000.000,1700000.000,602.532,166.715
646000.000,1700000.000,576.057,177.223
647000.000,1700000.000,578.721,185.361
648000.000,1700000.000,567.495,176.570
649000.000,1700000.000,567.679,158.863
650000.000,1700000.000,588.527,177.664
651000.000,1700000.000,618.943,111.720
652000.000,1700000.000,629.702,113.185
653000.000,1700000.000,593.422,103.923
654000.000,1700000.000,586.764,109.583
655000.000,1700000.000,551.388,79.887
656000.000,1700000.000,565.577,55.087
657000.000,1700000.000,528.956,49.577
658000.000,1700000.000,529.663,41.455
659000.000,1700000.000,532.571,15.368
660000.000,1700000.000,511.733,26.419
661000.000,1700000.000,502.177,39.794
662000.000,1700000.000,492.578,21.316
663000.000,1700000.000,492.728,-3.944
664000.000,1700000.000,480.448,87.670
665000.000,1700000.000,485.540,-20.941
666000.000,1700000.000,492.152,-11.658
667000.000,1700000.000,536.651,-58.182
668000.000,1700000.000,490.832,-46.099
669000.000,1700000.000,492.997,-204.221
670000.000,1700000.000,485.912,-137.158
671000.000,1700000.000,489.423,-117.366
672000.000,1700000.000,492.302,-32.266
673000.000,1700000.000,503.652,-43.729
674000.000,1700000.000,500.586,-38.451
675000.000,1700000.000,500.748,-18.768
676000.000,1700000.000,500.528,-4.444
677000.000,1700000.000,495.802,1.774
678000.000,1700000.000,486.328,-28.166
679000.000,1700000.000,485.028,20.169
680000.000,1700000.000,482.046,53.251
681000.000,1700000.000,494.394,46.102
682000.000,1700000.000,495.843,-31.793
683000.000,1700000.000,490.567,-54.381
684000.000,1700000.000,489.522,-69.346
685000.000,1700000.000,484.382,-46.213
686000.000,1700000.000,494.530,-67.151
687000.000,1700000.000,500.662,-95.648
688000.000,1700000.000,508.468,-71.262
689000.000,1700000.000,502.792,-37.160
690000.000,1700000.000,496.890,-15.862
691000.000,1700000.000,501.034,-21.234
692000.000,1700000.000,514.688,-30.327
693000.000,1700000.000,508.663,-36.280
694000.000,1700000.000,503.237,-38.350
695000.000,1700000.000,505.160,-51.091
696000.000,1700000.000,501.452,-1.904
697000.000,1700000.000,495.419,-59.586
698000.000,1700000.000,490.208,-78.390
699000.000,1700000.000,490.897,-62.925
700000.000,1700000.000,493.905,-77.056
701000.000,1700000.000,498.981,-45.594
702000.000,1700000.000,503.244,-28.556
703000.000,1700000.000,510.654,-55.149
704000.000,1700000.000,522.932,7.492
705000.000,1700000.000,524.670,-110.562
706000.000,1700000.000,498.637,37.505
707000.000,1700000.000,491.275,18.551
708000.000,1700000.000,485.430,71.504
709000.000,1700000.000,487.620,87.557
710000.000,1700000.000,490.429,63.178
711000.000,1700000.000,484.728,71.175
641000.000,1699000.000,573.172,88.800
642000.000,1699000.000,593.966,43.769
643000.000,1699000.000,634.491,17.471
644000.000,1699000.000,625.636,68.760
645000.000,1699000.000,564.897,79.963
646000.000,1699000.000,563.728,112.743
647000.000,1699000.000,577.564,135.728
648000.000,1699000.000,565.752,129.490
649000.000,1699000.000,547.567,137.915
650000.000,1699000.000,555.923,157.001
651000.000,1699000.000,541.777,136.711
652000.000,1699000.000,553.421,119.098
653000.000,1699000.000,575.478,135.059
654000.000,1699000.000,554.572,105.110
655000.000,1699000.000,543.720,110.326
656000.000,1699000.000,528.351,86.018
657000.000,1699000.000,515.774,98.757
658000.000,1699000.000,516.374,91.912
659000.000,1699000.000,518.255,45.438
660000.000,1699000.000,508.268,34.063
661000.000,1699000.000,525.611,-0.654
662000.000,1699000.000,497.073,15.705
663000.000,1699000.000,486.634,43.599
664000.000,1699000.000,498.548,45.467
665000.000,1699000.000,508.457,11.509
666000.000,1699000.000,523.130,-35.720
667000.000,1699000.000,532.960,-37.158
668000.000,1699000.000,507.349,-66.248
669000.000,1699000.000,493.996,3.416
670000.000,1699000.000,501.509,-142.541
671000.000,1699000.000,498.822,-138.278
672000.000,1699000.000,493.972,-92.288
673000.000,1699000.000,504.687,-23.180
674000.000,1699000.000,505.473,20.062
675000.000,1699000.000,501.645,25.752
676000.000,1699000.000,496.520,-24.763
677000.000,1699000.000,491.034,1.846
678000.000,1699000.000,489.285,30.516
679000.000,1699000.000,489.208,13.707
680000.000,1699000.000,484.506,-45.175
681000.000,1699000.000,492.108,59.457
682000.000,1699000.000,497.876,-46.561
683000.000,1699000.000,494.994,-32.114
684000.000,1699000.000,493.887,-5.491
685000.000,1699000.000,486.119,-18.968
686000.000,1699000.000,493.304,-19.932
687000.000,1699000.000,497.922,-27.835
688000.000,1699000.000,504.323,-19.248
689000.000,1699000.000,508.310,-55.969
690000.000,1699000.000,502.163,-80.856
691000.000,1699000.000,506.208,-65.713
692000.000,1699000.000,517.824,-59.145
693000.000,1699000.000,522.011,-33.551
694000.000,1699000.000,512.685,-42.823
695000.000,1699000.000,543.445,-42.834
696000.000,1699000.000,513.366,-27.754
697000.000,1699000.000,507.408,34.551
698000.000,1699000.000,499.448,16.975
699000.000,1699000.000,496.443,24.480
700000.000,1699000.000,495.396,11.621
701000.000,1699000.000,499.661,-58.268
702000.000,1699000.000,502.481,-2.168
703000.000,1699000.000,507.692,8.056
704000.000,1699000.000,514.651,28.241
705000.000,1699000.000,509.667,-10.453
706000.000,1699000.000,501.146,-39.650
707000.000,1699000.000,494.035,-41.826
708000.000,1699000.000,491.615,-14.641
709000.000,1699000.000,497.223,18.963
710000.000,1699000.000,493.931,38.016
711000.000,1699000.000,487.818,19.719
641000.000,1698000.000,562.167,59.717
642000.000,1698000.000,563.138,70.026
643000.000,1698000.000,589.708,73.469
644000.000,1698000.000,578.644,78.631
645000.000,1698000.000,558.868,23.471
646000.000,1698000.000,551.978,96.057
647000.000,1698000.000,567.329,57.468
648000.000,1698000.000,559.682,93.629
649000.000,1698000.000,535.066,61.725
650000.000,1698000.000,536.861,64.009
651000.000,1698000.000,538.142,97.628
652000.000,1698000.000,534.313,119.237
653000.000,1698000.000,588.690,133.110
654000.000,1698000.000,527.937,126.528
655000.000,1698000.000,536.934,137.683
656000.000,1698000.000,538.102,143.538
657000.000,1698000.000,516.477,107.810
658000.000,1698000.000,504.101,65.039
659000.000,1698000.000,550.354,53.560
660000.000,1698000.000,496.769,46.839
661000.000,1698000.000,489.626,73.259
662000.000,1698000.000,488.933,71.957
663000.000,1698000.000,496.305,63.307
664000.000,1698000.000,503.552,49.500
665000.000,1698000.000,532.184,37.165
666000.000,1698000.000,535.315,26.703
667000.000,1698000.000,549.094,50.877
668000.000,1698000.000,531.663,-12.943
669000.000,1698000.000,498.899,-25.268
670000.000,1698000.000,505.279,-49.210
671000.000,1698000.000,509.514,-37.230
672000.000,1698000.000,505.215,-27.572
673000.000,1698000.000,507.338,-43.058
674000.000,1698000.000,507.801,-56.180
675000.000,1698000.000,502.444,38.884
676000.000,1698000.000,500.948,32.378
677000.000,1698000.000,498.520,-4.899
678000.000,1698000.000,493.785,-2.861
679000.000,1698000.000,491.701,83.311
680000.000,1698000.000,486.542,53.005
681000.000,1698000.000,492.382,33.967
682000.000,1698000.000,500.118,40.694
683000.000,1698000.000,498.983,-3.356
684000.000,1698000.000,496.872,-79.223
685000.000,1698000.000,488.843,-92.349
686000.000,1698000.000,499.646,-74.172
687000.000,1698000.000,504.151,-63.827
688000.000,1698000.000,508.492,-73.564
689000.000,1698000.000,512.807,-62.601
690000.000,1698000.000,511.934,-56.712
691000.000,1698000.000,512.121,-81.935
692000.000,1698000.000,520.279,-55.082
693000.000,1698000.000,563.076,-47.084
694000.000,1698000.000,595.978,-47.096
695000.000,1698000.000,570.619,-40.501
696000.000,1698000.000,568.719,-36.864
697000.000,1698000.000,554.274,-14.505
698000.000,1698000.000,509.368,27.914
699000.000,1698000.000,501.183,-28.141
700000.000,1698000.000,498.781,-90.067
701000.000,1698000.000,503.739,-77.835
702000.000,1698000.000,509.576,-44.162
703000.000,1698000.000,511.512,-16.919
704000.000,1698000.000,511.744,-21.760
705000.000,1698000.000,505.609,22.466
706000.000,1698000.000,501.793,-76.803
707000.000,1698000.000,494.930,-70.633
708000.000,1698000.000,495.468,-45.649
709000.000,1698000.000,501.692,-13.301
710000.000,1698000.000,498.741,7.833
711000.000,1698000.000,492.887,27.201
641000.000,1697000.000,552.398,278.390
642000.000,1697000.000,552.474,218.771
643000.000,1697000.000,549.908,176.372
644000.000,1697000.000,548.873,184.624
645000.000,1697000.000,549.497,159.749
646000.000,1697000.000,576.945,173.296
647000.000,1697000.000,538.093,182.806
648000.000,1697000.000,531.407,208.006
649000.000,1697000.000,527.510,191.340
650000.000,1697000.000,525.008,176.749
651000.000,1697000.000,524.179,195.049
652000.000,1697000.000,519.966,226.137
653000.000,1697000.000,518.164,250.682
654000.000,1697000.000,508.562,243.625
655000.000,1697000.000,515.837,195.190
656000.000,1697000.000,507.926,137.023
657000.000,1697000.000,521.343,68.547
658000.000,1697000.000,488.487,114.474
659000.000,1697000.000,515.555,112.719
660000.000,1697000.000,489.349,62.111
661000.000,1697000.000,499.321,54.569
662000.000,1697000.000,495.040,54.115
663000.000,1697000.000,539.363,43.793
664000.000,1697000.000,513.958,57.249
665000.000,1697000.000,536.575,66.974
666000.000,1697000.000,572.060,79.246
667000.000,1697000.000,576.764,-3.637
668000.000,1697000.000,590.291,-43.959
669000.000,1697000.000,542.341,-19.584
670000.000,1697000.000,512.062,117.029
671000.000,1697000.000,516.092,-27.083
672000.000,1697000.000,553.583,174.622
673000.000,1697000.000,533.857,-86.765
674000.000,1697000.000,509.347,-31.436
675000.000,1697000.000,508.852,-5.539
676000.000,1697000.000,507.586,-39.992
677000.000,1697000.000,501.479,18.327
678000.000,1697000.000,496.599,-117.059
679000.000,1697000.000,496.597,-75.203
680000.000,1697000.000,489.232,-48.149
681000.000,1697000.000,494.078,-84.250
682000.000,1697000.000,499.083,-81.181
683000.000,1697000.000,501.248,-78.423
684000.000,1697000.000,497.777,-84.100
685000.000,1697000.000,493.109,-71.233
686000.000,1697000.000,494.573,-58.312
687000.000,1697000.000,500.963,-66.711
688000.000,1697000.000,504.791,-96.141
689000.000,1697000.000,509.920,-84.794
690000.000,1697000.000,516.538,-96.088
691000.000,1697000.000,518.086,-70.838
692000.000,1697000.000,522.647,-37.088
693000.000,1697000.000,561.318,-53.753
694000.000,1697000.000,564.630,-40.365
695000.000,1697000.000,573.720,-29.686
696000.000,1697000.000,533.173,-49.379
697000.000,1697000.000,517.743,-52.113
698000.000,1697000.000,508.650,8.462
699000.000,1697000.000,503.646,-18.555
700000.000,1697000.000,502.299,0.123
701000.000,1697000.000,506.515,-12.426
702000.000,1697000.000,516.661,-17.775
703000.000,1697000.000,517.607,-55.174
704000.000,1697000.000,511.727,-47.784
705000.000,1697000.000,506.028,-11.191
706000.000,1697000.000,501.608,-11.321
707000.000,1697000.000,498.978,-14.015
708000.000,1697000.000,501.630,-30.378
709000.000,1697000.000,502.053,-51.768
710000.000,1697000.000,498.199,-48.025
711000.000,1697000.000,492.352,-82.202
641000.000,1696000.000,550.382,-115.234
642000.000,1696000.000,546.870,-29.602
643000.000,1696000.000,544.483,107.220
644000.000,1696000.000,540.576,145.097
645000.000,1696000.000,541.388,213.956
646000.000,1696000.000,532.183,217.842
647000.000,1696000.000,531.110,190.989
648000.000,1696000.000,530.297,187.094
649000.000,1696000.000,531.447,229.249
650000.000,1696000.000,532.055,231.054
651000.000,1696000.000,527.288,220.949
652000.000,1696000.000,520.321,203.762
653000.000,1696000.000,517.524,204.176
654000.000,1696000.000,510.690,194.759
655000.000,1696000.000,499.888,198.306
656000.000,1696000.000,497.777,162.859
657000.000,1696000.000,498.149,149.374
658000.000,1696000.000,525.739,123.801
659000.000,1696000.000,502.050,117.238
660000.000,1696000.000,524.544,124.598
661000.000,1696000.000,496.229,140.292
662000.000,1696000.000,502.770,129.344
663000.000,1696000.000,502.234,27.492
664000.000,1696000.000,511.453,43.615
665000.000,1696000.000,546.978,18.491
666000.000,1696000.000,602.517,33.059
667000.000,1696000.000,638.063,-6.103
668000.000,1696000.000,623.592,-40.114
669000.000,1696000.000,603.748,-5.679
670000.000,1696000.000,531.448,-5.536
671000.000,1696000.000,553.835,15.657
672000.000,1696000.000,539.332,44.598
673000.000,1696000.000,521.944,3.346
674000.000,1696000.000,512.976,-60.848
675000.000,1696000.000,513.893,-28.750
676000.000,1696000.000,511.432,-19.117
677000.000,1696000.000,503.870,-19.628
678000.000,1696000.000,502.762,3.629
679000.000,1696000.000,500.901,-60.007
680000.000,1696000.000,494.652,-29.007
681000.000,1696000.000,497.760,-63.645
682000.000,1696000.000,501.989,-40.537
683000.000,1696000.000,503.788,-20.732
684000.000,1696000.000,501.113,-37.072
685000.000,1696000.000,494.749,-51.767
686000.000,1696000.000,499.538,7.692
687000.000,1696000.000,503.861,-53.250
688000.000,1696000.000,507.942,-4.815
689000.000,1696000.000,512.085,-0.849
690000.000,1696000.000,511.331,0.323
691000.000,1696000.000,517.360,-38.342
692000.000,1696000.000,522.265,-65.176
693000.000,1696000.000,530.813,-23.571
694000.000,1696000.000,535.099,-57.137
695000.000,1696000.000,529.755,-46.632
696000.000,1696000.000,554.497,-31.964
697000.000,1696000.000,522.680,-19.835
698000.000,1696000.000,511.680,-44.640
699000.000,1696000.000,510.862,-21.061
700000.000,1696000.000,506.075,-54.974
701000.000,1696000.000,514.370,-55.309
702000.000,1696000.000,534.137,-132.773
703000.000,1696000.000,520.277,-217.392
704000.000,1696000.000,514.314,-208.329
705000.000,1696000.000,517.369,-29.281
706000.000,1696000.000,510.026,115.188
707000.000,1696000.000,505.644,-7.551
708000.000,1696000.000,506.267,-62.012
709000.000,1696000.000,495.246,-75.933
710000.000,1696000.000,490.423,-102.152
711000.000,1696000.000,485.495,-135.114
641000.000,1695000.000,554.366,40.260
642000.000,1695000.000,552.020,68.604
643000.000,1695000.000,550.329,57.869
644000.000,1695000.000,541.610,129.341
645000.000,1695000.000,534.934,79.543
646000.000,1695000.000,531.891,126.923
647000.000,1695000.000,530.604,159.768
648000.000,1695000.000,528.497,193.331
649000.000,1695000.000,524.396,240.207
650000.000,1695000.000,520.631,278.763
651000.000,1695000.000,520.189,247.382
652000.000,1695000.000,528.643,213.515
653000.000,1695000.000,522.736,212.107
654000.000,1695000.000,517.224,215.562
655000.000,1695000.000,511.529,187.021
656000.000,1695000.000,514.962,165.498
657000.000,1695000.000,510.172,126.477
658000.000,1695000.000,530.762,157.538
659000.000,1695000.000,518.011,162.614
660000.000,1695000.000,515.627,143.376
661000.000,1695000.000,508.264,119.330
662000.000,1695000.000,506.324,93.594
663000.000,1695000.000,522.721,80.038
664000.000,1695000.000,530.452,86.925
665000.000,1695000.000,566.482,109.881
666000.000,1695000.000,593.628,30.192
667000.000,1695000.000,652.288,-5.872
668000.000,1695000.000,643.262,4.630
669000.000,1695000.000,646.162,-158.992
670000.000,1695000.000,585.682,-94.989
671000.000,1695000.000,547.080,-6.362
672000.000,1695000.000,543.018,-53.951
673000.000,1695000.000,521.837,-36.140
674000.000,1695000.000,518.878,-55.389
675000.000,1695000.000,521.472,-35.108
676000.000,1695000.000,515.482,9.368
677000.000,1695000.000,510.562,35.884
678000.000,1695000.000,506.713,17.782
679000.000,1695000.000,498.123,18.378
680000.000,1695000.000,499.896,-117.474
681000.000,1695000.000,501.191,-53.308
682000.000,1695000.000,502.655,-12.360
683000.000,1695000.000,505.607,16.970
684000.000,1695000.000,501.782,2.622
685000.000,1695000.000,498.134,-7.068
686000.000,1695000.000,497.119,-47.533
687000.000,1695000.000,503.549,-38.878
688000.000,1695000.000,506.378,-32.998
689000.000,1695000.000,507.178,-32.177
690000.000,1695000.000,513.536,-60.597
691000.000,1695000.000,518.548,-83.240
692000.000,1695000.000,522.445,-70.641
693000.000,1695000.000,526.539,-80.615
694000.000,1695000.000,534.487,-57.987
695000.000,1695000.000,540.630,-30.324
696000.000,1695000.000,537.006,-26.160
697000.000,1695000.000,525.382,-19.482
698000.000,1695000.000,515.488,-2.889
699000.000,1695000.000,513.584,-18.057
700000.000,1695000.000,511.212,36.240
701000.000,1695000.000,514.946,24.073
702000.000,1695000.000,522.417,-34.228
703000.000,1695000.000,525.091,-29.869
704000.000,1695000.000,522.638,-35.471
705000.000,1695000.000,520.564,140.557
706000.000,1695000.000,512.189,4.443
707000.000,1695000.000,499.709,17.237
708000.000,1695000.000,497.597,28.831
709000.000,1695000.000,491.656,-16.380
710000.000,1695000.000,486.817,-9.610
711000.000,1695000.000,485.411,-31.554
641000.000,1694000.000,561.175,-12.355
642000.000,1694000.000,556.411,0.059
643000.000,1694000.000,546.313,34.827
644000.000,1694000.000,540.630,119.637
645000.000,1694000.000,534.194,142.792
646000.000,1694000.000,532.465,166.640
647000.000,1694000.000,536.194,168.198
648000.000,1694000.000,534.754,174.222
649000.000,1694000.000,531.710,150.781
650000.000,1694000.000,553.405,171.290
651000.000,1694000.000,536.390,134.598
652000.000,1694000.000,542.182,164.591
653000.000,1694000.000,530.304,167.003
654000.000,1694000.000,526.280,171.670
655000.000,1694000.000,523.240,241.308
656000.000,1694000.000,517.385,217.722
657000.000,1694000.000,517.009,193.766
658000.000,1694000.000,521.575,187.107
659000.000,1694000.000,526.705,133.258
660000.000,1694000.000,541.617,121.622
661000.000,1694000.000,530.907,103.628
662000.000,1694000.000,515.916,106.089
663000.000,1694000.000,540.341,86.973
664000.000,1694000.000,561.980,93.338
665000.000,1694000.000,571.251,95.942
666000.000,1694000.000,580.564,127.776
667000.000,1694000.000,602.912,136.625
668000.000,1694000.000,640.347,66.243
669000.000,1694000.000,634.806,79.872
670000.000,1694000.000,585.503,48.766
671000.000,1694000.000,540.669,-12.045
672000.000,1694000.000,532.032,-2.430
673000.000,1694000.000,550.761,-22.302
674000.000,1694000.000,530.230,9.855
675000.000,1694000.000,527.240,-15.725
676000.000,1694000.000,518.663,-10.242
677000.000,1694000.000,511.842,-3.205
678000.000,1694000.000,505.657,8.148
679000.000,1694000.000,504.176,51.250
680000.000,1694000.000,502.885,138.848
681000.000,1694000.000,504.773,37.132
682000.000,1694000.000,505.388,26.460
683000.000,1694000.000,506.966,7.420
684000.000,1694000.000,502.728,-55.949
685000.000,1694000.000,504.217,-35.260
686000.000,1694000.000,501.553,-46.445
687000.000,1694000.000,501.289,-37.127
688000.000,1694000.000,503.402,-20.799
689000.000,1694000.000,506.527,-73.554
690000.000,1694000.000,510.274,-69.027
691000.000,1694000.000,514.756,-28.691
692000.000,1694000.000,519.565,-16.663
693000.000,1694000.000,525.347,-71.346
694000.000,1694000.000,534.875,-68.675
695000.000,1694000.000,536.421,-39.568
696000.000,1694000.000,535.411,-31.134
697000.000,1694000.000,530.787,-14.132
698000.000,1694000.000,522.631,-0.822
699000.000,1694000.000,518.640,15.698
700000.000,1694000.000,519.415,-72.977
701000.000,1694000.000,520.133,41.068
702000.000,1694000.000,519.402,120.251
703000.000,1694000.000,519.477,7.956
704000.000,1694000.000,521.228,12.037
705000.000,1694000.000,509.665,-137.599
706000.000,1694000.000,506.438,-67.656
707000.000,1694000.000,497.226,-165.406
708000.000,1694000.000,490.394,-29.130
709000.000,1694000.000,488.526,-31.691
710000.000,1694000.000,490.486,-33.814
711000.000,1694000.000,494.202,-66.374
641000.000,1693000.000,569.815,37.083
642000.000,1693000.000,555.860,57.909
643000.000,1693000.000,550.023,62.497
644000.000,1693000.000,543.573,69.847
645000.000,1693000.000,530.329,105.800
646000.000,1693000.000,538.428,141.442
647000.000,1693000.000,538.428,170.471
648000.000,1693000.000,536.060,177.329
649000.000,1693000.000,540.327,180.338
650000.000,1693000.000,564.957,164.052
651000.000,1693000.000,554.634,172.002
652000.000,1693000.000,554.343,150.533
653000.000,1693000.000,554.256,103.118
654000.000,1693000.000,535.412,139.089
655000.000,1693000.000,530.069,170.146
656000.000,1693000.000,527.327,152.197
657000.000,1693000.000,520.530,154.315
658000.000,1693000.000,525.908,150.303
659000.000,1693000.000,538.770,155.208
660000.000,1693000.000,535.315,199.893
661000.000,1693000.000,524.710,202.477
662000.000,1693000.000,520.338,161.545
663000.000,1693000.000,537.912,133.044
664000.000,1693000.000,544.042,116.956
665000.000,1693000.000,570.485,103.121
666000.000,1693000.000,592.324,111.250
667000.000,1693000.000,582.929,161.076
668000.000,1693000.000,592.586,150.856
669000.000,1693000.000,620.661,125.718
670000.000,1693000.000,597.630,43.862
671000.000,1693000.000,608.452,-17.149
672000.000,1693000.000,612.250,28.535
673000.000,1693000.000,594.742,-6.003
674000.000,1693000.000,546.400,-3.892
675000.000,1693000.000,524.972,15.291
676000.000,1693000.000,519.056,-13.333
677000.000,1693000.000,513.577,-17.577
678000.000,1693000.000,508.601,-0.541
679000.000,1693000.000,511.865,19.215
680000.000,1693000.000,506.285,31.782
681000.000,1693000.000,507.728,2.803
682000.000,1693000.000,508.722,-20.309
683000.000,1693000.000,509.294,-0.871
684000.000,1693000.000,505.682,-11.793
685000.000,1693000.000,506.535,-62.325
686000.000,1693000.000,505.170,-25.882
687000.000,1693000.000,505.492,13.303
688000.000,1693000.000,511.296,28.331
689000.000,1693000.000,511.129,34.363
690000.000,1693000.000,511.354,-6.387
691000.000,1693000.000,517.638,4.043
692000.000,1693000.000,524.597,27.763
693000.000,1693000.000,529.436,46.795
694000.000,1693000.000,533.054,50.164
695000.000,1693000.000,529.437,20.182
696000.000,1693000.000,525.940,-8.277
697000.000,1693000.000,527.515,-17.549
698000.000,1693000.000,523.009,-34.298
699000.000,1693000.000,520.903,13.355
700000.000,1693000.000,518.691,42.849
701000.000,1693000.000,515.823,103.928
702000.000,1693000.000,515.588,45.514
703000.000,1693000.000,512.927,-16.853
704000.000,1693000.000,513.767,12.812
705000.000,1693000.000,504.963,191.899
706000.000,1693000.000,500.425,-98.469
707000.000,1693000.000,493.852,-11.483
708000.000,1693000.000,491.698,-213.364
709000.000,1693000.000,494.305,-81.722
710000.000,1693000.000,498.769,-44.082
711000.000,1693000.000,497.749,-34.652
641000.000,1692000.000,564.921,123.220
642000.000,1692000.000,560.732,187.745
643000.000,1692000.000,547.829,196.058
644000.000,1692000.000,539.172,205.288
645000.000,1692000.000,534.267,154.684
646000.000,1692000.000,540.185,126.330
647000.000,1692000.000,539.651,100.706
648000.000,1692000.000,539.770,140.851
649000.000,1692000.000,542.292,148.141
650000.000,1692000.000,546.591,173.795
651000.000,1692000.000,556.117,163.597
652000.000,1692000.000,559.752,147.107
653000.000,1692000.000,552.994,177.993
654000.000,1692000.000,541.748,192.135
655000.000,1692000.000,544.104,145.380
656000.000,1692000.000,536.228,157.543
657000.000,1692000.000,531.277,160.903
658000.000,1692000.000,532.252,124.268
659000.000,1692000.000,549.087,132.019
660000.000,1692000.000,551.030,83.173
661000.000,1692000.000,534.083,129.195
662000.000,1692000.000,533.985,111.085
663000.000,1692000.000,536.277,112.387
664000.000,1692000.000,538.352,109.198
665000.000,1692000.000,540.312,100.686
666000.000,1692000.000,559.865,101.177
667000.000,1692000.000,578.196,104.246
668000.000,1692000.000,575.270,116.712
669000.000,1692000.000,579.993,105.660
670000.000,1692000.000,568.310,87.872
671000.000,1692000.000,558.223,138.785
672000.000,1692000.000,550.639,81.034
673000.000,1692000.000,539.980,29.875
674000.000,1692000.000,547.379,-71.184
675000.000,1692000.000,557.249,-399.135
676000.000,1692000.000,526.481,-108.333
677000.000,1692000.000,518.616,-36.602
678000.000,1692000.000,513.429,-15.411
679000.000,1692000.000,515.969,2.067
680000.000,1692000.000,508.643,-4.461
681000.000,1692000.000,511.704,-36.269
682000.000,1692000.000,511.571,93.088
683000.000,1692000.000,512.097,63.164
684000.000,1692000.000,506.902,57.630
685000.000,1692000.000,509.538,-59.127
686000.000,1692000.000,510.420,-71.995
687000.000,1692000.000,507.748,-56.996
688000.000,1692000.000,514.638,-21.965
689000.000,1692000.000,521.606,-16.195
690000.000,1692000.000,518.687,-4.790
691000.000,1692000.000,518.002,-26.587
692000.000,1692000.000,524.991,7.943
693000.000,1692000.000,528.925,13.242
694000.000,1692000.000,528.104,5.938
695000.000,1692000.000,524.753,6.167
696000.000,1692000.000,520.640,0.741
697000.000,1692000.000,519.344,-37.693
698000.000,1692000.000,515.772,-61.901
699000.000,1692000.000,511.722,-73.409
700000.000,1692000.000,508.381,-46.422
701000.000,1692000.000,508.415,-30.142
702000.000,1692000.000,512.377,-17.461
703000.000,1692000.000,510.515,-3.701
704000.000,1692000.000,504.179,7.740
705000.000,1692000.000,499.764,38.599
706000.000,1692000.000,495.505,21.565
707000.000,1692000.000,498.655,29.088
708000.000,1692000.000,498.828,20.971
709000.000,1692000.000,502.808,-100.524
710000.000,1692000.000,503.385,-49.318
711000.000,1692000.000,497.261,-42.380
641000.000,1691000.000,582.151,442.838
642000.000,1691000.000,554.922,248.068
643000.000,1691000.000,548.497,146.847
644000.000,1691000.000,538.746,123.422
645000.000,1691000.000,540.395,253.905
646000.000,1691000.000,543.915,172.856
647000.000,1691000.000,545.323,143.621
648000.000,1691000.000,545.311,47.521
649000.000,1691000.000,545.194,149.214
650000.000,1691000.000,550.343,194.717
651000.000,1691000.000,553.820,208.532
652000.000,1691000.000,557.785,170.979
653000.000,1691000.000,561.426,135.542
654000.000,1691000.000,553.321,173.937
655000.000,1691000.000,551.554,186.853
656000.000,1691000.000,540.029,181.919
657000.000,1691000.000,534.080,179.608
658000.000,1691000.000,541.984,188.697
659000.000,1691000.000,547.210,175.433
660000.000,1691000.000,547.026,171.277
661000.000,1691000.000,549.086,116.438
662000.000,1691000.000,556.552,73.521
663000.000,1691000.000,569.658,16.859
664000.000,1691000.000,582.756,13.083
665000.000,1691000.000,575.043,59.696
666000.000,1691000.000,569.559,52.576
667000.000,1691000.000,578.033,37.715
668000.000,1691000.000,589.921,41.522
669000.000,1691000.000,601.008,66.637
670000.000,1691000.000,588.399,28.462
671000.000,1691000.000,566.945,44.163
672000.000,1691000.000,557.006,46.189
673000.000,1691000.000,556.827,25.542
674000.000,1691000.000,578.892,-8.424
675000.000,1691000.000,546.846,250.531
676000.000,1691000.000,530.924,-76.780
677000.000,1691000.000,521.236,-66.523
678000.000,1691000.000,529.803,-26.501
679000.000,1691000.000,521.254,19.591
680000.000,1691000.000,514.856,114.701
681000.000,1691000.000,510.116,63.893
682000.000,1691000.000,514.340,32.592
683000.000,1691000.000,512.369,40.064
684000.000,1691000.000,512.834,25.345
685000.000,1691000.000,509.540,-21.199
686000.000,1691000.000,515.415,-115.635
687000.000,1691000.000,511.369,-195.818
688000.000,1691000.000,515.996,-159.477
689000.000,1691000.000,526.581,-170.082
690000.000,1691000.000,528.523,-210.931
691000.000,1691000.000,523.566,-145.576
692000.000,1691000.000,530.066,-136.352
693000.000,1691000.000,528.812,-150.003
694000.000,1691000.000,523.052,-167.412
695000.000,1691000.000,520.033,-139.913
696000.000,1691000.000,518.153,-90.706
697000.000,1691000.000,515.897,-82.367
698000.000,1691000.000,514.879,-7.898
699000.000,1691000.000,513.141,-0.438
700000.000,1691000.000,513.452,-16.599
701000.000,1691000.000,507.920,-21.234
702000.000,1691000.000,503.580,-14.325
703000.000,1691000.000,502.068,-16.225
704000.000,1691000.000,500.723,-19.225
705000.000,1691000.000,501.670,26.596
706000.000,1691000.000,504.300,36.026
707000.000,1691000.000,507.946,84.872
708000.000,1691000.000,507.162,266.628
709000.000,1691000.000,508.813,-230.232
710000.000,1691000.000,504.801,-119.618
711000.000,1691000.000,498.531,-35.729
641000.000,1690000.000,574.409,188.776
642000.000,1690000.000,571.913,-17.149
643000.000,1690000.000,549.614,142.909
644000.000,1690000.000,543.687,181.347
645000.000,1690000.000,546.994,124.793
646000.000,1690000.000,548.701,131.635
647000.000,1690000.000,551.170,161.837
648000.000,1690000.000,552.778,219.746
649000.000,1690000.000,551.499,109.163
650000.000,1690000.000,554.624,35.679
651000.000,1690000.000,559.897,45.530
652000.000,1690000.000,560.791,19.119
653000.000,1690000.000,566.757,11.804
654000.000,1690000.000,560.948,-20.248
655000.000,1690000.000,551.249,-0.692
656000.000,1690000.000,546.580,7.665
657000.000,1690000.000,544.409,-76.615
658000.000,1690000.000,545.704,-29.396
659000.000,1690000.000,559.050,-5.497
660000.000,1690000.000,562.550,28.949
661000.000,1690000.000,565.440,17.297
662000.000,1690000.000,565.591,34.185
663000.000,1690000.000,586.616,55.455
664000.000,1690000.000,577.510,42.814
665000.000,1690000.000,588.378,56.652
666000.000,1690000.000,598.383,23.154
667000.000,1690000.000,608.200,30.794
668000.000,1690000.000,611.303,35.650
669000.000,1690000.000,641.905,20.065
670000.000,1690000.000,637.981,38.662
671000.000,1690000.000,645.552,-9.808
672000.000,1690000.000,582.608,-9.447
673000.000,1690000.000,593.216,-16.687
674000.000,1690000.000,590.354,-42.221
675000.000,1690000.000,574.131,-58.737
676000.000,1690000.000,536.622,-50.589
677000.000,1690000.000,535.448,-173.774
678000.000,1690000.000,532.724,-186.816
679000.000,1690000.000,529.572,-142.547
680000.000,1690000.000,520.236,-22.689
681000.000,1690000.000,511.872,22.258
682000.000,1690000.000,517.241,-18.594
683000.000,1690000.000,513.954,-39.574
684000.000,1690000.000,518.606,-17.397
685000.000,1690000.000,516.278,6.976
686000.000,1690000.000,515.545,4.290
687000.000,1690000.000,516.932,57.013
688000.000,1690000.000,516.429,-90.850
689000.000,1690000.000,523.873,-122.609
690000.000,1690000.000,531.600,-185.804
691000.000,1690000.000,533.174,-178.536
692000.000,1690000.000,531.642,-124.081
693000.000,1690000.000,526.042,-149.772
694000.000,1690000.000,526.520,-110.469
695000.000,1690000.000,526.263,-152.356
696000.000,1690000.000,525.345,-154.687
697000.000,1690000.000,520.282,-100.789
698000.000,1690000.000,518.820,-55.484
699000.000,1690000.000,517.708,-83.823
700000.000,1690000.000,516.403,-23.975
701000.000,1690000.000,508.557,-46.241
702000.000,1690000.000,510.219,-68.667
703000.000,1690000.000,512.593,-80.348
704000.000,1690000.000,502.830,-120.500
705000.000,1690000.000,510.081,-22.705
706000.000,1690000.000,510.182,26.950
707000.000,1690000.000,510.716,65.057
708000.000,1690000.000,514.739,107.504
709000.000,1690000.000,510.461,74.909
710000.000,1690000.000,504.585,-292.476
711000.000,1690000.000,500.245,-108.400
641000.000,1689000.000,572.001,-79.412
642000.000,1689000.000,574.879,-1524.389
643000.000,1689000.000,553.365,-90.898
644000.000,1689000.000,547.198,346.353
645000.000,1689000.000,553.380,323.815
646000.000,1689000.000,555.261,189.965
647000.000,1689000.000,554.208,148.736
648000.000,1689000.000,559.255,118.720
649000.000,1689000.000,560.238,40.086
650000.000,1689000.000,557.783,-42.232
651000.000,1689000.000,564.509,-37.780
652000.000,1689000.000,566.409,23.170
653000.000,1689000.000,570.224,-1.256
654000.000,1689000.000,569.633,39.464
655000.000,1689000.000,563.193,-7.575
656000.000,1689000.000,576.782,10.825
657000.000,1689000.000,611.584,27.676
658000.000,1689000.000,574.764,9.427
659000.000,1689000.000,579.061,61.524
660000.000,1689000.000,575.262,76.778
661000.000,1689000.000,585.282,73.086
662000.000,1689000.000,613.519,50.460
663000.000,1689000.000,590.746,39.227
664000.000,1689000.000,600.372,27.880
665000.000,1689000.000,599.167,39.300
666000.000,1689000.000,612.169,43.563
667000.000,1689000.000,628.795,58.069
668000.000,1689000.000,648.852,49.625
669000.000,1689000.000,679.301,35.106
670000.000,1689000.000,676.269,37.744
671000.000,1689000.000,608.131,40.480
672000.000,1689000.000,576.514,24.368
673000.000,1689000.000,638.053,-33.530
674000.000,1689000.000,645.760,-71.466
675000.000,1689000.000,609.721,-97.849
676000.000,1689000.000,568.552,-95.150
677000.000,1689000.000,587.574,-93.625
678000.000,1689000.000,587.486,14.829
679000.000,1689000.000,573.725,166.294
680000.000,1689000.000,531.608,-42.702
681000.000,1689000.000,516.273,-101.844
682000.000,1689000.000,518.806,-11.040
683000.000,1689000.000,516.717,15.233
684000.000,1689000.000,521.776,5.904
685000.000,1689000.000,523.117,51.307
686000.000,1689000.000,518.149,30.658
687000.000,1689000.000,520.828,3.029
688000.000,1689000.000,523.215,23.995
689000.000,1689000.000,523.449,-40.569
690000.000,1689000.000,532.833,19.056
691000.000,1689000.000,536.980,88.954
692000.000,1689000.000,530.953,-81.044
693000.000,1689000.000,532.014,-162.289
694000.000,1689000.000,532.634,-124.896
695000.000,1689000.000,532.171,-120.963
696000.000,1689000.000,527.384,-143.497
697000.000,1689000.000,526.404,-118.891
698000.000,1689000.000,520.490,-122.602
699000.000,1689000.000,521.320,-75.925
700000.000,1689000.000,513.621,-85.901
701000.000,1689000.000,512.256,-85.334
702000.000,1689000.000,518.112,-44.894
703000.000,1689000.000,515.786,0.756
704000.000,1689000.000,507.112,60.341
705000.000,1689000.000,509.048,36.857
706000.000,1689000.000,511.891,-1.174
707000.000,1689000.000,514.808,12.151
708000.000,1689000.000,517.222,64.000
709000.000,1689000.000,513.797,173.246
710000.000,1689000.000,509.159,259.445
711000.000,1689000.000,504.399,-130.900
641000.000,1688000.000,572.000,6.453
642000.000,1688000.000,572.132,878.298
643000.000,1688000.000,563.803,-400.535
644000.000,1688000.000,558.153,-186.569
645000.000,1688000.000,563.638,27.544
646000.000,1688000.000,564.693,-60.707
647000.000,1688000.000,562.034,107.109
648000.000,1688000.000,565.224,81.842
649000.000,1688000.000,568.074,-106.313
650000.000,1688000.000,565.174,-81.185
651000.000,1688000.000,565.315,-18.783
652000.000,1688000.000,573.849,-12.209
653000.000,1688000.000,576.286,29.192
654000.000,1688000.000,580.888,16.582
655000.000,1688000.000,585.969,43.924
656000.000,1688000.000,598.509,41.068
657000.000,1688000.000,611.844,11.937
658000.000,1688000.000,590.292,52.649
659000.000,1688000.000,605.368,56.334
660000.000,1688000.000,603.795,48.879
661000.000,1688000.000,622.985,73.019
662000.000,1688000.000,604.516,76.936
663000.000,1688000.000,613.126,72.864
664000.000,1688000.000,607.568,80.168
665000.000,1688000.000,618.118,55.671
666000.000,1688000.000,630.630,56.958
667000.000,1688000.000,643.256,45.789
668000.000,1688000.000,669.913,35.291
669000.000,1688000.000,680.370,23.948
670000.000,1688000.000,666.349,19.975
671000.000,1688000.000,601.618,-5.190
672000.000,1688000.000,689.752,-40.546
673000.000,1688000.000,683.689,-37.770
674000.000,1688000.000,655.695,-24.386
675000.000,1688000.000,598.798,-41.332
676000.000,1688000.000,580.564,-44.789
677000.000,1688000.000,592.969,-46.575
678000.000,1688000.000,641.494,-80.414
679000.000,1688000.000,537.276,-26.608
680000.000,1688000.000,523.619,-4.229
681000.000,1688000.000,519.431,-80.660
682000.000,1688000.000,524.338,-118.089
683000.000,1688000.000,519.620,-64.332
684000.000,1688000.000,525.776,-23.496
685000.000,1688000.000,526.206,-4.524
686000.000,1688000.000,525.690,2.590
687000.000,1688000.000,523.815,63.836
688000.000,1688000.000,527.890,126.192
689000.000,1688000.000,529.739,26.172
690000.000,1688000.000,534.691,-7.306
691000.000,1688000.000,535.108,-82.962
692000.000,1688000.000,533.486,20.002
693000.000,1688000.000,537.038,113.122
694000.000,1688000.000,538.192,-7.390
695000.000,1688000.000,534.474,-20.483
696000.000,1688000.000,531.727,-25.664
697000.000,1688000.000,528.702,-63.875
698000.000,1688000.000,522.791,-58.665
699000.000,1688000.000,524.781,-49.790
700000.000,1688000.000,515.657,-41.478
701000.000,1688000.000,517.835,-8.165
702000.000,1688000.000,523.576,-42.891
703000.000,1688000.000,522.379,-59.901
704000.000,1688000.000,512.965,-82.762
705000.000,1688000.000,509.491,-65.296
706000.000,1688000.000,514.677,-88.475
707000.000,1688000.000,517.057,-71.250
708000.000,1688000.000,521.457,25.885
709000.000,1688000.000,518.755,76.402
710000.000,1688000.000,514.730,28.205
711000.000,1688000.000,507.010,-241.818
641000.000,1687000.000,572.000,36.906
642000.000,1687000.000,572.000,168.602
643000.000,1687000.000,572.000,224.829
644000.000,1687000.000,573.873,-211.557
645000.000,1687000.000,643.466,-1382.533
646000.000,1687000.000,573.492,-928.398
647000.000,1687000.000,581.280,-862.732
648000.000,1687000.000,606.623,-631.839
649000.000,1687000.000,574.210,-452.231
650000.000,1687000.000,574.491,-291.877
651000.000,1687000.000,574.249,-122.588
652000.000,1687000.000,580.747,-62.508
653000.000,1687000.000,587.439,-29.108
654000.000,1687000.000,587.477,15.392
655000.000,1687000.000,593.340,24.381
656000.000,1687000.000,603.376,28.260
657000.000,1687000.000,613.931,-6.306
658000.000,1687000.000,626.181,48.034
659000.000,1687000.000,636.018,72.880
660000.000,1687000.000,640.548,73.019
661000.000,1687000.000,658.890,70.058
662000.000,1687000.000,634.530,57.298
663000.000,1687000.000,621.429,71.914
664000.000,1687000.000,701.128,57.308
665000.000,1687000.000,665.321,65.391
666000.000,1687000.000,647.014,57.671
667000.000,1687000.000,663.225,53.456
668000.000,1687000.000,688.951,45.890
669000.000,1687000.000,634.562,44.209
670000.000,1687000.000,629.892,-8.536
671000.000,1687000.000,660.061,-51.996
672000.000,1687000.000,653.325,-19.850
673000.000,1687000.000,633.630,-31.626
674000.000,1687000.000,631.101,-22.226
675000.000,1687000.000,588.970,-10.293
676000.000,1687000.000,560.391,-1.625
677000.000,1687000.000,615.303,-37.218
678000.000,1687000.000,603.919,-47.975
679000.000,1687000.000,537.124,-125.157
680000.000,1687000.000,524.204,-59.644
681000.000,1687000.000,524.717,-161.323
682000.000,1687000.000,532.581,-331.409
683000.000,1687000.000,523.468,-203.364
684000.000,1687000.000,527.306,-186.449
685000.000,1687000.000,532.346,-90.560
686000.000,1687000.000,534.087,-75.464
687000.000,1687000.000,528.618,-65.971
688000.000,1687000.000,532.105,-38.681
689000.000,1687000.000,536.909,-50.389
690000.000,1687000.000,538.516,-31.133
691000.000,1687000.000,536.139,11.247
692000.000,1687000.000,536.006,-36.966
693000.000,1687000.000,541.872,-119.894
694000.000,1687000.000,540.967,-29.841
695000.000,1687000.000,536.175,-45.450
696000.000,1687000.000,536.562,-13.498
697000.000,1687000.000,529.840,-38.691
698000.000,1687000.000,528.212,-30.417
699000.000,1687000.000,526.688,-42.154
700000.000,1687000.000,518.492,-48.038
701000.000,1687000.000,522.491,-45.462
702000.000,1687000.000,527.913,-69.664
703000.000,1687000.000,524.641,-58.835
704000.000,1687000.000,513.361,-17.993
705000.000,1687000.000,511.666,-12.474
706000.000,1687000.000,518.627,-40.534
707000.000,1687000.000,521.311,-61.575
708000.000,1687000.000,524.024,-56.122
709000.000,1687000.000,522.384,-34.297
710000.000,1687000.000,517.033,-44.311
711000.000,1687000.000,509.406,101.221
641000.000,1686000.000,572.000,-176.905
642000.000,1686000.000,572.000,-89.297
643000.000,1686000.000,572.000,-69.321
644000.000,1686000.000,572.000,-151.064
645000.000,1686000.000,592.411,431.651
646000.000,1686000.000,633.114,-1093.858
647000.000,1686000.000,591.772,-1544.280
648000.000,1686000.000,603.022,-1284.453
649000.000,1686000.000,606.981,-1716.979
650000.000,1686000.000,599.599,-874.796
651000.000,1686000.000,602.481,-468.871
652000.000,1686000.000,619.664,-299.683
653000.000,1686000.000,616.593,-203.841
654000.000,1686000.000,601.966,-169.920
655000.000,1686000.000,601.406,-100.381
656000.000,1686000.000,610.582,-24.831
657000.000,1686000.000,651.670,38.958
658000.000,1686000.000,646.660,64.856
659000.000,1686000.000,648.726,66.720
660000.000,1686000.000,658.382,68.625
661000.000,1686000.000,636.644,85.030
662000.000,1686000.000,626.039,120.764
663000.000,1686000.000,614.926,123.618
664000.000,1686000.000,612.322,123.743
665000.000,1686000.000,622.965,113.855
666000.000,1686000.000,615.010,88.021
667000.000,1686000.000,649.298,71.254
668000.000,1686000.000,631.900,70.312
669000.000,1686000.000,607.149,48.640
670000.000,1686000.000,640.237,10.401
671000.000,1686000.000,636.259,-5.512
672000.000,1686000.000,582.760,17.954
673000.000,1686000.000,583.406,7.678
674000.000,1686000.000,617.425,-1.451
675000.000,1686000.000,639.744,-10.939
676000.000,1686000.000,611.632,-28.791
677000.000,1686000.000,540.965,-16.809
678000.000,1686000.000,537.595,-74.807
679000.000,1686000.000,537.422,-30.328
680000.000,1686000.000,527.500,-101.335
681000.000,1686000.000,528.804,-96.339
682000.000,1686000.000,540.254,113.678
683000.000,1686000.000,529.834,-431.479
684000.000,1686000.000,526.822,-253.740
685000.000,1686000.000,530.522,-191.452
686000.000,1686000.000,536.606,-116.381
687000.000,1686000.000,534.516,-114.890
688000.000,1686000.000,535.274,-58.951
689000.000,1686000.000,542.163,-85.665
690000.000,1686000.000,540.831,-83.976
691000.000,1686000.000,541.056,-92.308
692000.000,1686000.000,538.109,-119.275
693000.000,1686000.000,542.238,-4.294
694000.000,1686000.000,543.560,-58.933
695000.000,1686000.000,541.575,-97.986
696000.000,1686000.000,538.424,-94.642
697000.000,1686000.000,530.468,-175.637
698000.000,1686000.000,533.111,-118.269
699000.000,1686000.000,525.272,-175.037
700000.000,1686000.000,524.390,-108.741
701000.000,1686000.000,526.995,-88.097
702000.000,1686000.000,527.243,-89.344
703000.000,1686000.000,518.827,-91.203
704000.000,1686000.000,514.812,-87.162
705000.000,1686000.000,517.817,-64.617
706000.000,1686000.000,521.317,-22.712
707000.000,1686000.000,525.388,-61.737
708000.000,1686000.000,521.236,-55.031
709000.000,1686000.000,517.510,-74.531
710000.000,1686000.000,515.070,-51.409
711000.000,1686000.000,507.469,64.654
641000.000,1685000.000,572.000,-72.952
642000.000,1685000.000,572.000,-124.492
643000.000,1685000.000,572.000,-210.514
644000.000,1685000.000,572.000,-153.174
645000.000,1685000.000,572.000,143.608
646000.000,1685000.000,585.919,1179.832
647000.000,1685000.000,686.956,-1183.674
648000.000,1685000.000,614.453,-1472.716
649000.000,1685000.000,605.074,115.799
650000.000,1685000.000,657.466,-318.396
651000.000,1685000.000,754.194,-2436.773
652000.000,1685000.000,787.019,-760.559
653000.000,1685000.000,710.151,-513.679
654000.000,1685000.000,674.556,-672.835
655000.000,1685000.000,621.409,-329.311
656000.000,1685000.000,615.841,-126.077
657000.000,1685000.000,619.366,4.716
658000.000,1685000.000,626.965,47.215
659000.000,1685000.000,632.036,86.868
660000.000,1685000.000,637.977,105.832
661000.000,1685000.000,631.732,88.073
662000.000,1685000.000,622.016,94.125
663000.000,1685000.000,616.425,90.049
664000.000,1685000.000,610.740,60.747
665000.000,1685000.000,603.729,92.092
666000.000,1685000.000,598.929,116.513
667000.000,1685000.000,592.633,105.916
668000.000,1685000.000,586.107,82.141
669000.000,1685000.000,586.170,60.931
670000.000,1685000.000,592.412,46.349
671000.000,1685000.000,642.569,69.130
672000.000,1685000.000,569.299,28.874
673000.000,1685000.000,564.583,16.914
674000.000,1685000.000,563.950,-2.753
675000.000,1685000.000,621.167,-39.363
676000.000,1685000.000,579.875,-32.966
677000.000,1685000.000,547.760,-31.873
678000.000,1685000.000,539.043,-137.785
679000.000,1685000.000,537.634,-158.968
680000.000,1685000.000,536.432,-143.689
681000.000,1685000.000,533.620,-166.234
682000.000,1685000.000,542.378,-96.592
683000.000,1685000.000,535.523,100.400
684000.000,1685000.000,530.656,-391.588
685000.000,1685000.000,532.892,-239.329
686000.000,1685000.000,535.672,-239.030
687000.000,1685000.000,540.063,-126.924
688000.000,1685000.000,540.521,-73.159
689000.000,1685000.000,545.795,-112.023
690000.000,1685000.000,545.058,-118.242
691000.000,1685000.000,545.195,-136.856
692000.000,1685000.000,541.119,-143.452
693000.000,1685000.000,544.564,-103.240
694000.000,1685000.000,547.250,-87.779
695000.000,1685000.000,544.073,-19.577
696000.000,1685000.000,537.681,15.244
697000.000,1685000.000,533.313,-34.571
698000.000,1685000.000,535.763,-50.465
699000.000,1685000.000,525.857,-48.830
700000.000,1685000.000,530.761,-95.705
701000.000,1685000.000,528.335,-164.071
702000.000,1685000.000,521.955,-128.058
703000.000,1685000.000,519.952,-113.056
704000.000,1685000.000,522.426,-52.439
705000.000,1685000.000,524.510,-69.351
706000.000,1685000.000,525.073,-50.184
707000.000,1685000.000,522.708,-28.616
708000.000,1685000.000,518.463,6.096
709000.000,1685000.000,515.186,10.930
710000.000,1685000.000,509.730,21.136
711000.000,1685000.000,504.948,43.723
641000.000,1684000.000,572.000,-139.078
642000.000,1684000.000,572.000,-156.788
643000.000,1684000.000,572.000,-154.662
644000.000,1684000.000,572.000,-140.011
645000.000,1684000.000,572.000,-116.603
646000.000,1684000.000,572.658,217.527
647000.000,1684000.000,620.950,1564.345
648000.000,1684000.000,740.129,-669.677
649000.000,1684000.000,626.010,-1020.640
650000.000,1684000.000,612.240,722.394
651000.000,1684000.000,672.213,1011.438
652000.000,1684000.000,769.703,808.651
653000.000,1684000.000,885.784,-1404.947
654000.000,1684000.000,824.975,-560.292
655000.000,1684000.000,674.381,-487.467
656000.000,1684000.000,634.108,-150.918
657000.000,1684000.000,635.125,-19.270
658000.000,1684000.000,636.440,81.851
659000.000,1684000.000,647.316,73.506
660000.000,1684000.000,654.986,63.680
661000.000,1684000.000,654.591,32.543
662000.000,1684000.000,637.747,-0.433
663000.000,1684000.000,628.716,22.352
664000.000,1684000.000,615.816,23.027
665000.000,1684000.000,611.771,37.549
666000.000,1684000.000,607.166,-3.770
667000.000,1684000.000,600.611,-20.138
668000.000,1684000.000,592.843,-24.031
669000.000,1684000.000,583.832,40.390
670000.000,1684000.000,572.159,42.750
671000.000,1684000.000,569.059,54.756
672000.000,1684000.000,563.322,52.495
673000.000,1684000.000,557.087,11.669
674000.000,1684000.000,552.614,40.450
675000.000,1684000.000,548.101,10.506
676000.000,1684000.000,544.482,-26.494
677000.000,1684000.000,543.016,-42.385
678000.000,1684000.000,541.809,-74.732
679000.000,1684000.000,539.067,-189.389
680000.000,1684000.000,537.508,-354.440
681000.000,1684000.000,557.254,-792.997
682000.000,1684000.000,546.774,-490.146
683000.000,1684000.000,540.483,-357.208
684000.000,1684000.000,536.842,-46.288
685000.000,1684000.000,536.862,-229.931
686000.000,1684000.000,539.079,-218.889
687000.000,1684000.000,540.833,-216.481
688000.000,1684000.000,546.848,-155.441
689000.000,1684000.000,551.430,-89.571
690000.000,1684000.000,550.213,-12.378
691000.000,1684000.000,546.156,66.763
692000.000,1684000.000,544.727,-62.134
693000.000,1684000.000,549.253,-172.511
694000.000,1684000.000,551.757,-217.742
695000.000,1684000.000,546.822,-170.316
696000.000,1684000.000,537.666,-86.044
697000.000,1684000.000,537.732,-31.040
698000.000,1684000.000,537.696,9.263
699000.000,1684000.000,528.945,-26.664
700000.000,1684000.000,533.215,-83.352
701000.000,1684000.000,526.525,-108.478
702000.000,1684000.000,523.479,-54.082
703000.000,1684000.000,525.718,-75.878
704000.000,1684000.000,527.607,-60.593
705000.000,1684000.000,528.153,-13.189
706000.000,1684000.000,522.560,-25.349
707000.000,1684000.000,518.592,-36.516
708000.000,1684000.000,514.650,-53.595
709000.000,1684000.000,510.771,-16.104
710000.000,1684000.000,506.621,14.537
711000.000,1684000.000,505.202,29.759
641000.000,1683000.000,572.000,-51.790
642000.000,1683000.000,572.000,-122.663
643000.000,1683000.000,572.000,-168.436
644000.000,1683000.000,572.000,-177.794
645000.000,1683000.000,572.000,-118.731
646000.000,1683000.000,572.000,116.998
647000.000,1683000.000,582.927,770.709
648000.000,1683000.000,647.649,3626.546
649000.000,1683000.000,790.938,1409.034
650000.000,1683000.000,645.360,-9.981
651000.000,1683000.000,632.889,209.830
652000.000,1683000.000,656.787,454.662
653000.000,1683000.000,725.936,1453.093
654000.000,1683000.000,846.385,-703.307
655000.000,1683000.000,717.619,-413.962
656000.000,1683000.000,697.207,-212.603
657000.000,1683000.000,694.614,-97.973
658000.000,1683000.000,702.753,-32.942
659000.000,1683000.000,704.918,-183.458
660000.000,1683000.000,667.209,-120.696
661000.000,1683000.000,684.522,-69.531
662000.000,1683000.000,669.399,-43.463
663000.000,1683000.000,654.678,-82.414
664000.000,1683000.000,625.711,-99.315
665000.000,1683000.000,622.325,-105.731
666000.000,1683000.000,650.327,-91.606
667000.000,1683000.000,724.532,-91.840
668000.000,1683000.000,628.111,-110.223
669000.000,1683000.000,592.631,-107.255
670000.000,1683000.000,576.841,-66.458
671000.000,1683000.000,570.688,-10.393
672000.000,1683000.000,565.871,-8.546
673000.000,1683000.000,561.409,7.265
674000.000,1683000.000,555.967,-2.208
675000.000,1683000.000,551.426,-51.908
676000.000,1683000.000,548.763,-21.573
677000.000,1683000.000,548.273,-99.686
678000.000,1683000.000,544.308,-176.082
679000.000,1683000.000,540.845,-232.570
680000.000,1683000.000,539.461,-456.556
681000.000,1683000.000,587.319,-171.430
682000.000,1683000.000,571.873,-1778.351
683000.000,1683000.000,547.871,-710.127
684000.000,1683000.000,543.120,-526.495
685000.000,1683000.000,543.261,-274.905
686000.000,1683000.000,543.751,-128.198
687000.000,1683000.000,545.332,-266.663
688000.000,1683000.000,548.961,-90.116
689000.000,1683000.000,555.245,-116.314
690000.000,1683000.000,552.879,-55.055
691000.000,1683000.000,550.982,-47.723
692000.000,1683000.000,548.692,19.793
693000.000,1683000.000,554.362,-1.585
694000.000,1683000.000,549.545,-92.731
695000.000,1683000.000,543.289,-96.097
696000.000,1683000.000,541.475,-59.380
697000.000,1683000.000,541.625,-66.134
698000.000,1683000.000,538.791,-77.396
699000.000,1683000.000,533.338,-12.524
700000.000,1683000.000,532.905,43.726
701000.000,1683000.000,527.921,21.661
702000.000,1683000.000,530.295,14.101
703000.000,1683000.000,531.788,34.065
704000.000,1683000.000,526.080,-0.612
705000.000,1683000.000,521.556,42.931
706000.000,1683000.000,517.364,51.782
707000.000,1683000.000,513.840,47.111
708000.000,1683000.000,511.610,89.910
709000.000,1683000.000,509.018,73.249
710000.000,1683000.000,510.501,44.049
711000.000,1683000.000,510.979,12.484
641000.000,1682000.000,572.000,-75.630
642000.000,1682000.000,572.399,-50.503
643000.000,1682000.000,572.223,-139.145
644000.000,1682000.000,572.016,-25.224
645000.000,1682000.000,572.014,-108.914
646000.000,1682000.000,572.079,-14.843
647000.000,1682000.000,574.423,424.065
648000.000,1682000.000,597.778,1215.624
649000.000,1682000.000,668.159,1810.415
650000.000,1682000.000,814.972,-417.091
651000.000,1682000.000,714.667,-470.399
652000.000,1682000.000,653.033,42.348
653000.000,1682000.000,663.918,687.287
654000.000,1682000.000,741.691,1728.868
655000.000,1682000.000,861.823,105.582
656000.000,1682000.000,837.421,-342.333
657000.000,1682000.000,816.518,-309.710
658000.000,1682000.000,795.625,-509.034
659000.000,1682000.000,733.361,231.870
660000.000,1682000.000,721.791,-229.705
661000.000,1682000.000,718.362,-193.246
662000.000,1682000.000,696.484,-199.784
663000.000,1682000.000,686.702,-187.356
664000.000,1682000.000,655.703,-147.117
665000.000,1682000.000,638.144,-188.985
666000.000,1682000.000,663.233,-142.042
667000.000,1682000.000,727.525,-142.186
668000.000,1682000.000,679.261,-157.739
669000.000,1682000.000,640.688,-136.905
670000.000,1682000.000,592.699,-153.267
671000.000,1682000.000,581.954,-154.162
672000.000,1682000.000,574.394,-124.298
673000.000,1682000.000,569.002,-84.439
674000.000,1682000.000,562.143,-31.539
675000.000,1682000.000,556.468,-66.026
676000.000,1682000.000,554.683,-100.887
677000.000,1682000.000,549.871,-118.841
678000.000,1682000.000,547.552,-56.652
679000.000,1682000.000,543.373,-146.239
680000.000,1682000.000,541.780,-564.067
681000.000,1682000.000,546.210,-528.391
682000.000,1682000.000,605.656,-933.864
683000.000,1682000.000,558.204,-1357.409
684000.000,1682000.000,552.452,-763.000
685000.000,1682000.000,551.264,-500.752
686000.000,1682000.000,555.244,-72.647
687000.000,1682000.000,550.478,-95.066
688000.000,1682000.000,552.700,-109.286
689000.000,1682000.000,557.709,-126.496
690000.000,1682000.000,558.726,-83.345
691000.000,1682000.000,554.511,-54.629
692000.000,1682000.000,554.285,-21.188
693000.000,1682000.000,553.665,45.321
694000.000,1682000.000,550.702,138.944
695000.000,1682000.000,549.883,-14.263
696000.000,1682000.000,545.584,-76.774
697000.000,1682000.000,545.577,-80.242
698000.000,1682000.000,539.150,-77.843
699000.000,1682000.000,538.425,-71.633
700000.000,1682000.000,533.785,-48.614
701000.000,1682000.000,531.853,-12.701
702000.000,1682000.000,533.711,51.511
703000.000,1682000.000,528.264,-3.990
704000.000,1682000.000,523.447,-12.946
705000.000,1682000.000,519.682,-63.800
706000.000,1682000.000,519.403,-54.171
707000.000,1682000.000,518.723,-51.094
708000.000,1682000.000,512.938,-3.801
709000.000,1682000.000,514.287,33.521
710000.000,1682000.000,518.625,-7.614
711000.000,1682000.000,518.272,22.788
641000.000,1681000.000,573.209,-61.855
642000.000,1681000.000,573.715,-66.472
643000.000,1681000.000,582.343,-40.213
644000.000,1681000.000,574.277,-100.462
645000.000,1681000.000,577.376,-52.294
646000.000,1681000.000,575.871,79.537
647000.000,1681000.000,572.000,229.926
648000.000,1681000.000,585.297,343.088
649000.000,1681000.000,613.042,577.765
650000.000,1681000.000,709.906,689.119
651000.000,1681000.000,803.393,-1546.439
652000.000,1681000.000,722.099,-805.148
653000.000,1681000.000,670.641,20.773
654000.000,1681000.000,684.326,478.311
655000.000,1681000.000,747.710,-35.293
656000.000,1681000.000,877.390,-273.093
657000.000,1681000.000,934.136,-433.698
658000.000,1681000.000,858.356,-421.735
659000.000,1681000.000,839.445,-285.656
660000.000,1681000.000,795.065,-416.826
661000.000,1681000.000,812.147,-383.825
662000.000,1681000.000,730.925,-389.603
663000.000,1681000.000,712.802,-355.068
664000.000,1681000.000,675.246,-423.551
665000.000,1681000.000,672.629,-300.387
666000.000,1681000.000,681.727,-507.284
667000.000,1681000.000,797.635,-561.146
668000.000,1681000.000,757.396,-1302.251
669000.000,1681000.000,642.010,-489.492
670000.000,1681000.000,613.355,-240.829
671000.000,1681000.000,599.603,-394.043
672000.000,1681000.000,591.742,-419.557
673000.000,1681000.000,578.332,-252.271
674000.000,1681000.000,569.898,-99.398
675000.000,1681000.000,559.864,-46.024
676000.000,1681000.000,555.770,-86.195
677000.000,1681000.000,553.087,-63.549
678000.000,1681000.000,553.607,-63.209
679000.000,1681000.000,549.945,-174.694
680000.000,1681000.000,549.329,-96.369
681000.000,1681000.000,546.435,377.077
682000.000,1681000.000,576.964,4699.675
683000.000,1681000.000,607.479,-2028.013
684000.000,1681000.000,562.681,-1346.724
685000.000,1681000.000,556.412,-637.192
686000.000,1681000.000,557.910,-455.539
687000.000,1681000.000,558.078,-223.180
688000.000,1681000.000,558.865,-201.208
689000.000,1681000.000,563.644,-169.751
690000.000,1681000.000,565.562,-133.291
691000.000,1681000.000,560.942,-107.943
692000.000,1681000.000,560.815,-73.204
693000.000,1681000.000,557.347,-24.742
694000.000,1681000.000,556.008,30.420
695000.000,1681000.000,552.459,39.497
696000.000,1681000.000,550.210,-19.958
697000.000,1681000.000,547.947,-22.923
698000.000,1681000.000,544.716,-17.353
699000.000,1681000.000,540.931,-25.143
700000.000,1681000.000,535.967,-120.194
701000.000,1681000.000,537.872,-70.838
702000.000,1681000.000,533.794,-69.595
703000.000,1681000.000,529.621,-46.125
704000.000,1681000.000,524.842,-9.192
705000.000,1681000.000,524.393,14.066
706000.000,1681000.000,523.070,-27.715
707000.000,1681000.000,517.841,-20.842
708000.000,1681000.000,515.376,-8.233
709000.000,1681000.000,520.710,-70.051
710000.000,1681000.000,522.407,-66.693
711000.000,1681000.000,524.639,-61.040
641000.000,1680000.000,581.687,-113.926
642000.000,1680000.000,577.313,-75.688
643000.000,1680000.000,580.038,-55.697
644000.000,1680000.000,583.854,-3.832
645000.000,1680000.000,581.970,-12.341
646000.000,1680000.000,578.011,-1.620
647000.000,1680000.000,572.036,41.611
648000.000,1680000.000,583.286,162.496
649000.000,1680000.000,598.260,221.428
650000.000,1680000.000,628.040,487.505
651000.000,1680000.000,738.221,678.350
652000.000,1680000.000,788.013,-2609.212
653000.000,1680000.000,709.104,-928.781
654000.000,1680000.000,676.120,-318.567
655000.000,1680000.000,744.359,-237.797
656000.000,1680000.000,747.033,-356.436
657000.000,1680000.000,845.340,-658.589
658000.000,1680000.000,988.579,-1102.258
659000.000,1680000.000,927.164,-614.625
660000.000,1680000.000,781.101,-303.925
661000.000,1680000.000,881.638,-322.986
662000.000,1680000.000,822.319,-430.976
663000.000,1680000.000,724.705,-118.815
664000.000,1680000.000,749.250,326.777
665000.000,1680000.000,700.029,-413.538
666000.000,1680000.000,686.929,-270.763
667000.000,1680000.000,711.477,82.092
668000.000,1680000.000,670.407,155.812
669000.000,1680000.000,695.002,-106.833
670000.000,1680000.000,645.407,17.229
671000.000,1680000.000,616.907,792.015
672000.000,1680000.000,596.851,1056.315
673000.000,1680000.000,587.352,220.783
674000.000,1680000.000,571.379,65.085
675000.000,1680000.000,561.562,-222.072
676000.000,1680000.000,563.174,-190.406
677000.000,1680000.000,562.118,-256.432
678000.000,1680000.000,564.154,-785.845
679000.000,1680000.000,556.724,-207.549
680000.000,1680000.000,555.953,-127.239
681000.000,1680000.000,552.924,117.713
682000.000,1680000.000,552.715,1055.511
683000.000,1680000.000,570.483,1905.246
684000.000,1680000.000,577.692,-1301.627
685000.000,1680000.000,564.057,-778.613
686000.000,1680000.000,563.182,-539.978
687000.000,1680000.000,565.784,-342.278
688000.000,1680000.000,565.303,-259.791
689000.000,1680000.000,570.447,-192.762
690000.000,1680000.000,573.168,-218.701
691000.000,1680000.000,566.807,-144.605
692000.000,1680000.000,565.988,-89.304
693000.000,1680000.000,562.904,-72.730
694000.000,1680000.000,560.395,-101.844
695000.000,1680000.000,556.436,-99.337
696000.000,1680000.000,555.332,-19.105
697000.000,1680000.000,551.591,-16.579
698000.000,1680000.000,545.314,-34.512
699000.000,1680000.000,542.464,-12.514
700000.000,1680000.000,540.899,-0.267
701000.000,1680000.000,543.281,-48.333
702000.000,1680000.000,537.540,-125.641
703000.000,1680000.000,530.652,-57.352
704000.000,1680000.000,526.600,-113.914
705000.000,1680000.000,529.187,-25.820
706000.000,1680000.000,524.171,9.679
707000.000,1680000.000,521.532,-14.747
708000.000,1680000.000,520.080,-5.559
709000.000,1680000.000,522.166,-29.524
710000.000,1680000.000,528.581,-40.003
711000.000,1680000.000,544.349,-24.741
641000.000,1679000.000,585.520,-26.105
642000.000,1679000.000,589.352,1.598
643000.000,1679000.000,588.573,-18.874
644000.000,1679000.000,588.374,-50.315
645000.000,1679000.000,589.272,-29.890
646000.000,1679000.000,581.252,0.366
647000.000,1679000.000,579.703,-32.562
648000.000,1679000.000,582.707,-33.726
649000.000,1679000.000,593.499,72.433
650000.000,1679000.000,612.143,217.533
651000.000,1679000.000,641.480,856.032
652000.000,1679000.000,775.556,3573.327
653000.000,1679000.000,884.534,-1340.324
654000.000,1679000.000,708.820,-1148.847
655000.000,1679000.000,695.934,-810.009
656000.000,1679000.000,739.492,-514.746
657000.000,1679000.000,761.196,-577.527
658000.000,1679000.000,793.647,-147.831
659000.000,1679000.000,922.943,-539.889
660000.000,1679000.000,917.163,-556.608
661000.000,1679000.000,864.653,-471.663
662000.000,1679000.000,806.293,-397.616
663000.000,1679000.000,816.841,-388.599
664000.000,1679000.000,698.954,-348.274
665000.000,1679000.000,682.729,-350.221
666000.000,1679000.000,670.169,-188.446
667000.000,1679000.000,648.385,-102.649
668000.000,1679000.000,650.154,68.832
669000.000,1679000.000,635.562,639.998
670000.000,1679000.000,615.768,253.844
671000.000,1679000.000,600.669,254.809
672000.000,1679000.000,589.096,152.958
673000.000,1679000.000,575.825,226.577
674000.000,1679000.000,568.171,34.109
675000.000,1679000.000,574.872,-303.203
676000.000,1679000.000,573.438,-156.103
677000.000,1679000.000,571.175,-308.867
678000.000,1679000.000,569.913,-77.468
679000.000,1679000.000,563.081,-515.271
680000.000,1679000.000,562.673,-80.793
681000.000,1679000.000,563.637,-24.549
682000.000,1679000.000,558.951,221.824
683000.000,1679000.000,556.963,751.462
684000.000,1679000.000,611.032,2863.051
685000.000,1679000.000,568.269,-983.606
686000.000,1679000.000,572.101,-568.536
687000.000,1679000.000,572.670,-494.420
688000.000,1679000.000,575.296,-467.689
689000.000,1679000.000,578.284,-347.358
690000.000,1679000.000,579.458,-262.342
691000.000,1679000.000,574.401,-223.859
692000.000,1679000.000,573.394,-188.036
693000.000,1679000.000,568.785,-90.088
694000.000,1679000.000,564.096,-61.328
695000.000,1679000.000,561.271,-48.339
696000.000,1679000.000,557.601,-60.718
697000.000,1679000.000,551.604,-70.699
698000.000,1679000.000,549.807,-67.480
699000.000,1679000.000,544.620,43.421
700000.000,1679000.000,544.223,-73.837
701000.000,1679000.000,540.863,-48.697
702000.000,1679000.000,534.996,-69.301
703000.000,1679000.000,531.037,-14.034
704000.000,1679000.000,530.526,7.221
705000.000,1679000.000,530.245,-83.981
706000.000,1679000.000,526.241,5.992
707000.000,1679000.000,527.045,-40.819
708000.000,1679000.000,523.167,-55.486
709000.000,1679000.000,523.119,-16.324
710000.000,1679000.000,528.966,-10.558
711000.000,1679000.000,535.842,-37.091
641000.000,1678000.000,577.693,-37.813
642000.000,1678000.000,582.499,-13.490
643000.000,1678000.000,584.416,-1.615
644000.000,1678000.000,589.003,1.876
645000.000,1678000.000,592.193,27.632
646000.000,1678000.000,590.844,64.791
647000.000,1678000.000,584.905,28.669
648000.000,1678000.000,587.204,-839.109
649000.000,1678000.000,588.745,-53.720
650000.000,1678000.000,600.765,94.420
651000.000,1678000.000,621.862,453.999
652000.000,1678000.000,652.992,1068.714
653000.000,1678000.000,830.332,828.701
654000.000,1678000.000,834.008,-1485.567
655000.000,1678000.000,745.667,-1145.851
656000.000,1678000.000,726.588,-803.448
657000.000,1678000.000,759.651,-713.731
658000.000,1678000.000,890.778,-394.502
659000.000,1678000.000,829.284,-506.334
660000.000,1678000.000,988.859,-636.014
661000.000,1678000.000,974.384,-830.820
662000.000,1678000.000,896.259,-1011.558
663000.000,1678000.000,776.398,-1072.929
664000.000,1678000.000,746.023,-872.761
665000.000,1678000.000,702.519,-551.333
666000.000,1678000.000,707.198,-395.966
667000.000,1678000.000,675.356,-315.535
668000.000,1678000.000,648.793,-178.073
669000.000,1678000.000,635.041,-140.237
670000.000,1678000.000,626.137,-140.158
671000.000,1678000.000,605.407,-47.184
672000.000,1678000.000,583.688,-1.520
673000.000,1678000.000,575.149,46.184
674000.000,1678000.000,586.141,79.885
675000.000,1678000.000,595.936,17.879
676000.000,1678000.000,590.641,-138.919
677000.000,1678000.000,581.149,-33.579
678000.000,1678000.000,577.769,8.046
679000.000,1678000.000,573.874,-155.248
680000.000,1678000.000,575.220,45.288
681000.000,1678000.000,579.349,-26.489
682000.000,1678000.000,585.358,182.185
683000.000,1678000.000,568.724,769.279
684000.000,1678000.000,569.328,2820.366
685000.000,1678000.000,584.898,796.268
686000.000,1678000.000,591.118,-1329.667
687000.000,1678000.000,587.842,-1190.754
688000.000,1678000.000,591.067,-938.066
689000.000,1678000.000,590.704,-672.254
690000.000,1678000.000,593.643,-451.965
691000.000,1678000.000,585.284,-215.963
692000.000,1678000.000,580.368,-146.349
693000.000,1678000.000,573.398,-146.352
694000.000,1678000.000,570.544,-88.129
695000.000,1678000.000,564.020,-22.433
696000.000,1678000.000,558.273,39.028
697000.000,1678000.000,556.648,-65.553
698000.000,1678000.000,552.072,-52.604
699000.000,1678000.000,547.889,23.230
700000.000,1678000.000,548.783,4.876
701000.000,1678000.000,542.397,61.938
702000.000,1678000.000,536.987,71.113
703000.000,1678000.000,536.322,6.459
704000.000,1678000.000,536.930,7.525
705000.000,1678000.000,539.653,62.835
706000.000,1678000.000,533.626,3.636
707000.000,1678000.000,528.805,4.597
708000.000,1678000.000,527.763,-12.794
709000.000,1678000.000,526.953,-24.317
710000.000,1678000.000,527.902,5.022
711000.000,1678000.000,525.601,-62.741
641000.000,1677000.000,575.574,-79.694
642000.000,1677000.000,581.976,-67.422
643000.000,1677000.000,585.942,-68.630
644000.000,1677000.000,591.341,-62.153
645000.000,1677000.000,594.258,-45.985
646000.000,1677000.000,599.685,-5.265
647000.000,1677000.000,586.044,4.663
648000.000,1677000.000,590.343,213.262
649000.000,1677000.000,595.868,-4.427
650000.000,1677000.000,599.029,12.024
651000.000,1677000.000,613.918,200.375
652000.000,1677000.000,634.025,439.223
653000.000,1677000.000,678.658,1124.778
654000.000,1677000.000,932.195,1180.017
655000.000,1677000.000,826.752,-1239.824
656000.000,1677000.000,743.032,-738.103
657000.000,1677000.000,746.048,-266.563
658000.000,1677000.000,795.419,-217.064
659000.000,1677000.000,806.767,142.945
660000.000,1677000.000,829.467,-667.241
661000.000,1677000.000,977.084,-1613.774
662000.000,1677000.000,955.819,-2204.897
663000.000,1677000.000,927.252,-1941.449
664000.000,1677000.000,782.347,-1553.714
665000.000,1677000.000,724.228,-941.153
666000.000,1677000.000,734.109,-490.173
667000.000,1677000.000,732.760,-323.152
668000.000,1677000.000,744.917,-267.893
669000.000,1677000.000,651.029,-158.983
670000.000,1677000.000,625.400,-112.487
671000.000,1677000.000,607.132,-103.108
672000.000,1677000.000,599.222,-42.208
673000.000,1677000.000,580.871,-169.188
674000.000,1677000.000,605.423,-59.273
675000.000,1677000.000,655.306,-22.024
676000.000,1677000.000,631.865,234.327
677000.000,1677000.000,596.584,-46.796
678000.000,1677000.000,591.245,71.899
679000.000,1677000.000,605.364,90.146
680000.000,1677000.000,617.997,152.652
681000.000,1677000.000,631.808,162.920
682000.000,1677000.000,654.884,315.580
683000.000,1677000.000,589.087,490.490
684000.000,1677000.000,571.041,901.406
685000.000,1677000.000,602.121,1633.171
686000.000,1677000.000,635.345,3959.104
687000.000,1677000.000,688.605,-592.933
688000.000,1677000.000,628.892,-2135.666
689000.000,1677000.000,640.518,-1499.385
690000.000,1677000.000,604.951,-797.171
691000.000,1677000.000,593.636,-352.166
692000.000,1677000.000,585.510,-196.226
693000.000,1677000.000,579.549,-120.010
694000.000,1677000.000,573.306,-114.997
695000.000,1677000.000,566.657,-59.109
696000.000,1677000.000,563.974,-94.111
697000.000,1677000.000,559.324,-95.767
698000.000,1677000.000,555.031,-18.714
699000.000,1677000.000,555.189,-36.844
700000.000,1677000.000,554.791,-7.314
701000.000,1677000.000,547.591,-11.534
702000.000,1677000.000,544.454,-26.134
703000.000,1677000.000,538.521,-45.741
704000.000,1677000.000,545.550,-58.726
705000.000,1677000.000,579.035,-209.728
706000.000,1677000.000,544.297,-54.773
707000.000,1677000.000,535.851,-104.182
708000.000,1677000.000,533.001,-34.812
709000.000,1677000.000,527.156,-39.982
710000.000,1677000.000,522.103,-5.725
711000.000,1677000.000,519.548,-3.175
641000.000,1676000.000,582.600,-110.733
642000.000,1676000.000,584.200,-102.346
643000.000,1676000.000,592.007,-49.091
644000.000,1676000.000,591.176,-31.340
645000.000,1676000.000,597.492,-85.975
646000.000,1676000.000,595.174,-72.800
647000.000,1676000.000,590.537,-35.660
648000.000,1676000.000,594.395,30.321
649000.000,1676000.000,602.991,14.730
650000.000,1676000.000,606.678,17.528
651000.000,1676000.000,618.152,99.369
652000.000,1676000.000,630.653,270.288
653000.000,1676000.000,656.504,658.784
654000.000,1676000.000,741.437,1871.697
655000.000,1676000.000,950.948,748.932
656000.000,1676000.000,810.056,-799.900
657000.000,1676000.000,749.364,-203.835
658000.000,1676000.000,753.634,243.082
659000.000,1676000.000,779.958,4.588
660000.000,1676000.000,805.863,-196.224
661000.000,1676000.000,835.927,525.854
662000.000,1676000.000,977.295,408.763
663000.000,1676000.000,992.978,1095.362
664000.000,1676000.000,943.377,-455.904
665000.000,1676000.000,805.600,-515.668
666000.000,1676000.000,789.320,-474.932
667000.000,1676000.000,762.373,-374.135
668000.000,1676000.000,777.150,-310.779
669000.000,1676000.000,769.729,-342.296
670000.000,1676000.000,646.148,-293.238
671000.000,1676000.000,614.877,-114.841
672000.000,1676000.000,597.291,-130.196
673000.000,1676000.000,585.399,-143.151
674000.000,1676000.000,597.288,126.541
675000.000,1676000.000,641.961,163.158
676000.000,1676000.000,715.679,27.021
677000.000,1676000.000,636.860,-16.853
678000.000,1676000.000,603.536,-12.456
679000.000,1676000.000,642.555,-34.444
680000.000,1676000.000,673.744,-15.814
681000.000,1676000.000,655.746,23.376
682000.000,1676000.000,620.373,106.388
683000.000,1676000.000,581.456,198.846
684000.000,1676000.000,584.429,330.489
685000.000,1676000.000,592.186,450.879
686000.000,1676000.000,619.125,664.129
687000.000,1676000.000,713.586,1806.866
688000.000,1676000.000,719.929,1704.502
689000.000,1676000.000,644.108,-884.107
690000.000,1676000.000,612.667,-307.487
691000.000,1676000.000,603.083,-430.475
692000.000,1676000.000,594.029,-294.934
693000.000,1676000.000,586.497,-194.793
694000.000,1676000.000,577.928,-99.594
695000.000,1676000.000,570.560,-144.207
696000.000,1676000.000,567.054,-94.765
697000.000,1676000.000,562.242,-84.000
698000.000,1676000.000,558.574,-114.374
699000.000,1676000.000,557.039,-101.294
700000.000,1676000.000,555.034,-81.084
701000.000,1676000.000,548.449,-69.821
702000.000,1676000.000,543.400,-85.960
703000.000,1676000.000,543.727,-95.833
704000.000,1676000.000,546.914,-129.818
705000.000,1676000.000,575.989,-192.001
706000.000,1676000.000,551.569,-273.984
707000.000,1676000.000,537.251,-208.053
708000.000,1676000.000,529.164,-87.020
709000.000,1676000.000,523.625,-72.659
710000.000,1676000.000,516.776,-55.059
711000.000,1676000.000,515.726,-2.416
641000.000,1675000.000,591.069,-120.299
642000.000,1675000.000,587.478,-144.169
643000.000,1675000.000,596.778,-94.539
644000.000,1675000.000,596.237,-132.842
645000.000,1675000.000,601.777,-64.918
646000.000,1675000.000,595.505,-24.276
647000.000,1675000.000,594.882,-30.630
648000.000,1675000.000,600.374,-41.958
649000.000,1675000.000,616.543,-9.477
650000.000,1675000.000,615.041,52.757
651000.000,1675000.000,620.959,45.432
652000.000,1675000.000,665.128,125.008
653000.000,1675000.000,655.067,416.882
654000.000,1675000.000,674.110,869.091
655000.000,1675000.000,852.587,1627.706
656000.000,1675000.000,918.892,919.708
657000.000,1675000.000,819.007,-1065.746
658000.000,1675000.000,772.895,-377.577
659000.000,1675000.000,791.272,-56.072
660000.000,1675000.000,796.232,-145.869
661000.000,1675000.000,770.269,404.070
662000.000,1675000.000,823.917,2007.788
663000.000,1675000.000,987.595,2734.905
664000.000,1675000.000,915.431,2188.748
665000.000,1675000.000,974.667,855.432
666000.000,1675000.000,946.732,-235.144
667000.000,1675000.000,785.445,-667.244
668000.000,1675000.000,730.162,-499.686
669000.000,1675000.000,751.654,-381.773
670000.000,1675000.000,746.040,-916.431
671000.000,1675000.000,627.056,-468.433
672000.000,1675000.000,602.862,-196.422
673000.000,1675000.000,593.580,-81.968
674000.000,1675000.000,598.865,-121.260
675000.000,1675000.000,627.939,-143.377
676000.000,1675000.000,718.602,-147.915
677000.000,1675000.000,738.380,-181.270
678000.000,1675000.000,648.315,-133.761
679000.000,1675000.000,623.484,-74.329
680000.000,1675000.000,631.834,-33.273
681000.000,1675000.000,606.346,-45.990
682000.000,1675000.000,595.338,-62.239
683000.000,1675000.000,577.566,-48.344
684000.000,1675000.000,586.300,123.572
685000.000,1675000.000,601.375,312.610
686000.000,1675000.000,639.808,305.165
687000.000,1675000.000,737.193,521.541
688000.000,1675000.000,753.571,-887.229
689000.000,1675000.000,656.633,-1486.650
690000.000,1675000.000,621.321,-356.314
691000.000,1675000.000,611.368,-466.967
692000.000,1675000.000,601.966,-301.074
693000.000,1675000.000,592.733,-222.842
694000.000,1675000.000,580.638,-178.800
695000.000,1675000.000,582.351,-151.794
696000.000,1675000.000,571.441,-164.329
697000.000,1675000.000,568.108,-140.288
698000.000,1675000.000,562.615,-108.168
699000.000,1675000.000,561.990,-99.955
700000.000,1675000.000,558.822,-81.098
701000.000,1675000.000,554.269,-62.059
702000.000,1675000.000,548.116,-33.723
703000.000,1675000.000,547.840,-101.871
704000.000,1675000.000,545.335,-61.182
705000.000,1675000.000,544.960,-117.128
706000.000,1675000.000,539.004,-185.713
707000.000,1675000.000,532.588,-234.167
708000.000,1675000.000,527.834,-285.463
709000.000,1675000.000,524.252,-215.076
710000.000,1675000.000,517.885,-87.631
711000.000,1675000.000,513.663,-184.794
641000.000,1674000.000,594.496,-117.365
642000.000,1674000.000,596.383,-97.964
643000.000,1674000.000,594.683,-124.090
644000.000,1674000.000,601.225,-84.495
645000.000,1674000.000,619.014,-75.459
646000.000,1674000.000,597.819,-62.825
647000.000,1674000.000,598.443,-98.074
648000.000,1674000.000,603.253,-61.934
649000.000,1674000.000,610.524,-32.799
650000.000,1674000.000,629.434,0.200
651000.000,1674000.000,627.918,66.529
652000.000,1674000.000,636.949,113.893
653000.000,1674000.000,646.203,189.957
654000.000,1674000.000,667.486,425.308
655000.000,1674000.000,711.880,946.619
656000.000,1674000.000,982.135,690.555
657000.000,1674000.000,949.039,-905.590
658000.000,1674000.000,798.527,-1057.148
659000.000,1674000.000,747.439,-430.712
660000.000,1674000.000,756.296,95.776
661000.000,1674000.000,750.522,382.117
662000.000,1674000.000,799.330,916.928
663000.000,1674000.000,823.582,1306.802
664000.000,1674000.000,990.384,1017.395
665000.000,1674000.000,909.408,809.596
666000.000,1674000.000,819.658,353.456
667000.000,1674000.000,959.454,61.082
668000.000,1674000.000,804.398,-615.486
669000.000,1674000.000,689.544,-682.185
670000.000,1674000.000,661.205,-337.132
671000.000,1674000.000,679.557,-1146.668
672000.000,1674000.000,615.868,-659.130
673000.000,1674000.000,599.077,-315.541
674000.000,1674000.000,602.763,-188.316
675000.000,1674000.000,616.397,-166.255
676000.000,1674000.000,653.088,-61.529
677000.000,1674000.000,719.054,-124.860
678000.000,1674000.000,719.275,-189.627
679000.000,1674000.000,681.323,-149.661
680000.000,1674000.000,617.124,-111.398
681000.000,1674000.000,597.132,-123.882
682000.000,1674000.000,587.085,-95.141
683000.000,1674000.000,590.050,-88.059
684000.000,1674000.000,587.666,64.644
685000.000,1674000.000,600.468,103.527
686000.000,1674000.000,622.886,135.411
687000.000,1674000.000,702.752,784.773
688000.000,1674000.000,766.659,-521.462
689000.000,1674000.000,712.075,2447.970
690000.000,1674000.000,635.767,-773.487
691000.000,1674000.000,624.898,-742.234
692000.000,1674000.000,606.204,-480.472
693000.000,1674000.000,594.892,-424.130
694000.000,1674000.000,588.593,-384.848
695000.000,1674000.000,585.422,-312.727
696000.000,1674000.000,587.281,-237.966
697000.000,1674000.000,584.588,-160.269
698000.000,1674000.000,569.856,-234.678
699000.000,1674000.000,563.162,-218.655
700000.000,1674000.000,555.478,-135.253
701000.000,1674000.000,552.209,-112.830
702000.000,1674000.000,546.219,-91.599
703000.000,1674000.000,541.749,-84.173
704000.000,1674000.000,539.573,-3.148
705000.000,1674000.000,536.146,85.267
706000.000,1674000.000,532.233,93.916
707000.000,1674000.000,528.915,88.606
708000.000,1674000.000,524.603,21.377
709000.000,1674000.000,517.837,-92.286
710000.000,1674000.000,514.892,-187.502
711000.000,1674000.000,512.770,-144.239
641000.000,1673000.000,598.416,-102.902
642000.000,1673000.000,605.809,-93.063
643000.000,1673000.000,603.185,-86.511
644000.000,1673000.000,604.613,-99.321
645000.000,1673000.000,609.383,-88.167
646000.000,1673000.000,601.815,-51.756
647000.000,1673000.000,604.773,-46.207
648000.000,1673000.000,604.199,-67.144
649000.000,1673000.000,607.070,-42.161
650000.000,1673000.000,621.399,-40.340
651000.000,1673000.000,641.417,32.346
652000.000,1673000.000,652.652,50.886
653000.000,1673000.000,701.444,98.830
654000.000,1673000.000,676.671,217.934
655000.000,1673000.000,698.634,394.987
656000.000,1673000.000,818.680,1239.836
657000.000,1673000.000,1036.918,-19.803
658000.000,1673000.000,893.566,-1568.274
659000.000,1673000.000,789.186,-717.601
660000.000,1673000.000,724.187,-280.624
661000.000,1673000.000,739.551,103.130
662000.000,1673000.000,796.411,447.913
663000.000,1673000.000,723.383,471.367
664000.000,1673000.000,757.242,587.317
665000.000,1673000.000,756.309,496.384
666000.000,1673000.000,717.952,452.082
667000.000,1673000.000,955.679,864.292
668000.000,1673000.000,966.152,425.433
669000.000,1673000.000,787.690,-34.145
670000.000,1673000.000,753.829,-466.492
671000.000,1673000.000,657.483,230.504
672000.000,1673000.000,686.812,-570.376
673000.000,1673000.000,606.855,-700.234
674000.000,1673000.000,617.022,-416.347
675000.000,1673000.000,621.951,-291.039
676000.000,1673000.000,636.583,-301.797
677000.000,1673000.000,655.825,-167.702
678000.000,1673000.000,744.077,-197.751
679000.000,1673000.000,680.900,-206.450
680000.000,1673000.000,615.206,-213.195
681000.000,1673000.000,598.279,-230.397
682000.000,1673000.000,615.891,-195.208
683000.000,1673000.000,613.640,-13.601
684000.000,1673000.000,601.828,-50.045
685000.000,1673000.000,597.010,38.383
686000.000,1673000.000,608.027,260.272
687000.000,1673000.000,656.306,784.359
688000.000,1673000.000,737.800,2411.859
689000.000,1673000.000,739.163,830.886
690000.000,1673000.000,678.101,2398.920
691000.000,1673000.000,646.245,-516.535
692000.000,1673000.000,620.672,-564.840
693000.000,1673000.000,608.706,-669.908
694000.000,1673000.000,601.668,-668.796
695000.000,1673000.000,595.869,-547.106
696000.000,1673000.000,587.716,-378.274
697000.000,1673000.000,577.418,-322.177
698000.000,1673000.000,569.432,-274.311
699000.000,1673000.000,561.438,-177.016
700000.000,1673000.000,555.317,-122.159
701000.000,1673000.000,549.194,-113.329
702000.000,1673000.000,545.192,-129.929
703000.000,1673000.000,542.523,-74.194
704000.000,1673000.000,536.723,-19.065
705000.000,1673000.000,531.045,72.100
706000.000,1673000.000,528.066,151.961
707000.000,1673000.000,524.202,136.807
708000.000,1673000.000,521.349,-1.515
709000.000,1673000.000,519.953,-62.018
710000.000,1673000.000,518.139,-71.879
711000.000,1673000.000,515.173,-27.690
641000.000,1672000.000,607.961,17.728
642000.000,1672000.000,641.456,-65.565
643000.000,1672000.000,640.847,-67.424
644000.000,1672000.000,617.115,-55.978
645000.000,1672000.000,608.997,-46.084
646000.000,1672000.000,608.896,-53.843
647000.000,1672000.000,607.634,-41.227
648000.000,1672000.000,609.556,-24.103
649000.000,1672000.000,608.675,-45.689
650000.000,1672000.000,612.017,20.319
651000.000,1672000.000,618.732,-15.923
652000.000,1672000.000,626.781,27.177
653000.000,1672000.000,648.402,84.964
654000.000,1672000.000,663.903,96.469
655000.000,1672000.000,693.403,186.661
656000.000,1672000.000,714.157,497.633
657000.000,1672000.000,904.141,1253.391
658000.000,1672000.000,1007.587,673.331
659000.000,1672000.000,785.031,-1128.071
660000.000,1672000.000,756.843,-724.225
661000.000,1672000.000,707.303,-308.889
662000.000,1672000.000,734.614,157.634
663000.000,1672000.000,750.883,392.700
664000.000,1672000.000,700.080,298.219
665000.000,1672000.000,702.678,204.736
666000.000,1672000.000,684.815,290.108
667000.000,1672000.000,713.485,706.729
668000.000,1672000.000,832.028,689.222
669000.000,1672000.000,885.868,355.783
670000.000,1672000.000,693.725,171.983
671000.000,1672000.000,708.178,60.303
672000.000,1672000.000,621.154,746.148
673000.000,1672000.000,717.775,-180.978
674000.000,1672000.000,652.858,-609.793
675000.000,1672000.000,666.953,-545.999
676000.000,1672000.000,695.833,-510.564
677000.000,1672000.000,665.387,-363.357
678000.000,1672000.000,705.967,-327.997
679000.000,1672000.000,690.174,-286.896
680000.000,1672000.000,634.065,-286.150
681000.000,1672000.000,611.645,-288.952
682000.000,1672000.000,610.723,-198.883
683000.000,1672000.000,630.402,-214.325
684000.000,1672000.000,600.011,-167.080
685000.000,1672000.000,603.492,-124.632
686000.000,1672000.000,631.947,968.123
687000.000,1672000.000,665.169,569.665
688000.000,1672000.000,661.012,750.818
689000.000,1672000.000,717.128,1404.946
690000.000,1672000.000,745.098,1720.454
691000.000,1672000.000,757.417,-258.871
692000.000,1672000.000,731.038,-1659.784
693000.000,1672000.000,641.070,-2578.240
694000.000,1672000.000,619.677,-1498.196
695000.000,1672000.000,608.866,-867.139
696000.000,1672000.000,594.719,-676.842
697000.000,1672000.000,587.834,-450.004
698000.000,1672000.000,575.983,-283.237
699000.000,1672000.000,568.666,-242.674
700000.000,1672000.000,559.710,-216.277
701000.000,1672000.000,556.029,-143.785
702000.000,1672000.000,550.447,-107.095
703000.000,1672000.000,545.286,-81.517
704000.000,1672000.000,540.343,-51.390
705000.000,1672000.000,536.361,65.686
706000.000,1672000.000,530.164,76.571
707000.000,1672000.000,528.772,50.907
708000.000,1672000.000,526.850,32.867
709000.000,1672000.000,522.386,22.886
710000.000,1672000.000,518.884,16.746
711000.000,1672000.000,519.171,-0.442
641000.000,1671000.000,622.139,-24.557
642000.000,1671000.000,624.392,-19.562
643000.000,1671000.000,623.904,12.935
644000.000,1671000.000,620.817,-16.852
645000.000,1671000.000,612.294,-70.042
646000.000,1671000.000,616.172,-52.556
647000.000,1671000.000,609.629,-38.399
648000.000,1671000.000,617.235,-4.572
649000.000,1671000.000,612.683,-9.425
650000.000,1671000.000,614.482,-27.194
651000.000,1671000.000,617.568,-11.243
652000.000,1671000.000,624.218,32.165
653000.000,1671000.000,633.803,6.416
654000.000,1671000.000,674.251,66.384
655000.000,1671000.000,673.373,96.143
656000.000,1671000.000,683.562,278.976
657000.000,1671000.000,770.471,1054.685
658000.000,1671000.000,1044.886,296.254
659000.000,1671000.000,889.360,-1134.025
660000.000,1671000.000,768.615,-1125.876
661000.000,1671000.000,716.237,-707.747
662000.000,1671000.000,696.682,-299.555
663000.000,1671000.000,684.925,-96.807
664000.000,1671000.000,672.783,-34.852
665000.000,1671000.000,662.061,-57.236
666000.000,1671000.000,654.572,3.781
667000.000,1671000.000,648.061,147.442
668000.000,1671000.000,651.917,277.956
669000.000,1671000.000,721.526,114.868
670000.000,1671000.000,690.812,0.830
671000.000,1671000.000,626.312,330.946
672000.000,1671000.000,702.415,-142.870
673000.000,1671000.000,731.918,-192.134
674000.000,1671000.000,711.225,-383.938
675000.000,1671000.000,845.773,-623.549
676000.000,1671000.000,760.041,-782.116
677000.000,1671000.000,671.227,-647.468
678000.000,1671000.000,686.181,-485.065
679000.000,1671000.000,676.668,-352.942
680000.000,1671000.000,647.015,-278.276
681000.000,1671000.000,653.202,-226.883
682000.000,1671000.000,625.530,-214.910
683000.000,1671000.000,613.266,-182.849
684000.000,1671000.000,609.874,-147.264
685000.000,1671000.000,603.973,-277.615
686000.000,1671000.000,635.679,215.188
687000.000,1671000.000,650.821,747.845
688000.000,1671000.000,649.314,843.257
689000.000,1671000.000,661.879,1093.286
690000.000,1671000.000,686.741,942.410
691000.000,1671000.000,733.601,1611.234
692000.000,1671000.000,765.259,969.688
693000.000,1671000.000,768.119,5832.571
694000.000,1671000.000,648.969,-2537.322
695000.000,1671000.000,627.309,-1665.979
696000.000,1671000.000,609.337,-1138.441
697000.000,1671000.000,601.251,-697.555
698000.000,1671000.000,589.167,-417.466
699000.000,1671000.000,592.539,-317.925
700000.000,1671000.000,574.265,-244.102
701000.000,1671000.000,560.773,-196.654
702000.000,1671000.000,557.051,-163.557
703000.000,1671000.000,549.002,-109.422
704000.000,1671000.000,544.635,-83.298
705000.000,1671000.000,539.828,-67.393
706000.000,1671000.000,535.519,-78.646
707000.000,1671000.000,534.833,-76.086
708000.000,1671000.000,528.696,-104.525
709000.000,1671000.000,526.849,-112.914
710000.000,1671000.000,524.661,-95.027
711000.000,1671000.000,528.509,-38.626
641000.000,1670000.000,605.590,-9.865
642000.000,1670000.000,616.521,-16.011
643000.000,1670000.000,615.321,6.767
644000.000,1670000.000,621.077,-10.110
645000.000,1670000.000,618.369,32.168
646000.000,1670000.000,624.532,-12.496
647000.000,1670000.000,615.491,-14.973
648000.000,1670000.000,620.440,-30.439
649000.000,1670000.000,621.222,-23.201
650000.000,1670000.000,618.833,-6.625
651000.000,1670000.000,621.389,-3.619
652000.000,1670000.000,623.319,-4.767
653000.000,1670000.000,633.497,41.384
654000.000,1670000.000,641.453,48.427
655000.000,1670000.000,655.310,64.527
656000.000,1670000.000,671.823,154.888
657000.000,1670000.000,714.859,498.517
658000.000,1670000.000,957.094,1094.056
659000.000,1670000.000,1025.279,1131.493
660000.000,1670000.000,791.583,-1744.084
661000.000,1670000.000,781.425,-1005.455
662000.000,1670000.000,726.427,-576.442
663000.000,1670000.000,707.159,-557.795
664000.000,1670000.000,681.424,-518.923
665000.000,1670000.000,667.558,-423.031
666000.000,1670000.000,659.383,-325.946
667000.000,1670000.000,644.858,-245.028
668000.000,1670000.000,632.322,-206.466
669000.000,1670000.000,632.076,-160.050
670000.000,1670000.000,707.883,-128.086
671000.000,1670000.000,822.982,-395.545
672000.000,1670000.000,827.269,-509.537
673000.000,1670000.000,814.420,-527.290
674000.000,1670000.000,760.045,-285.581
675000.000,1670000.000,792.778,-1395.422
676000.000,1670000.000,800.149,-2291.534
677000.000,1670000.000,698.409,-1113.657
678000.000,1670000.000,716.173,-701.811
679000.000,1670000.000,670.562,-459.696
680000.000,1670000.000,654.294,-263.103
681000.000,1670000.000,640.068,-180.062
682000.000,1670000.000,634.095,-181.563
683000.000,1670000.000,633.007,-374.879
684000.000,1670000.000,621.790,-241.332
685000.000,1670000.000,609.648,-310.486
686000.000,1670000.000,613.956,-71.972
687000.000,1670000.000,628.672,-57.059
688000.000,1670000.000,724.665,-4349.678
689000.000,1670000.000,799.438,-2595.637
690000.000,1670000.000,692.737,86.508
691000.000,1670000.000,695.415,387.394
692000.000,1670000.000,752.500,889.671
693000.000,1670000.000,807.239,1639.592
694000.000,1670000.000,827.766,2153.696
695000.000,1670000.000,786.724,-1728.944
696000.000,1670000.000,638.711,-2283.187
697000.000,1670000.000,618.882,-1181.912
698000.000,1670000.000,600.490,-631.045
699000.000,1670000.000,586.080,-491.028
700000.000,1670000.000,575.522,-383.726
701000.000,1670000.000,566.022,-262.195
702000.000,1670000.000,564.139,-222.763
703000.000,1670000.000,558.412,-163.146
704000.000,1670000.000,549.689,-103.493
705000.000,1670000.000,542.851,-98.662
706000.000,1670000.000,539.714,-109.778
707000.000,1670000.000,538.817,-109.187
708000.000,1670000.000,534.881,-108.646
709000.000,1670000.000,531.668,-102.503
710000.000,1670000.000,529.255,-92.355
711000.000,1670000.000,526.924,-148.446
641000.000,1669000.000,603.669,37.858
642000.000,1669000.000,608.252,33.031
643000.000,1669000.000,611.419,34.339
644000.000,1669000.000,617.886,17.456
645000.000,1669000.000,626.924,-82.080
646000.000,1669000.000,628.304,36.692
647000.000,1669000.000,619.675,24.891
648000.000,1669000.000,622.245,43.807
649000.000,1669000.000,623.391,52.960
650000.000,1669000.000,628.949,-34.683
651000.000,1669000.000,627.414,9.552
652000.000,1669000.000,625.994,11.633
653000.000,1669000.000,632.676,26.294
654000.000,1669000.000,642.762,40.876
655000.000,1669000.000,655.285,68.078
656000.000,1669000.000,669.854,117.878
657000.000,1669000.000,692.966,316.773
658000.000,1669000.000,849.951,1342.010
659000.000,1669000.000,961.348,1526.171
660000.000,1669000.000,993.652,2000.256
661000.000,1669000.000,855.785,-1677.383
662000.000,1669000.000,736.154,-1839.097
663000.000,1669000.000,710.629,-1393.562
664000.000,1669000.000,684.050,-1053.958
665000.000,1669000.000,665.829,-819.515
666000.000,1669000.000,651.247,-674.184
667000.000,1669000.000,638.681,-647.044
668000.000,1669000.000,634.888,-551.116
669000.000,1669000.000,639.992,-475.108
670000.000,1669000.000,645.970,-514.085
671000.000,1669000.000,717.934,-521.893
672000.000,1669000.000,913.123,-784.680
673000.000,1669000.000,986.042,-1027.003
674000.000,1669000.000,878.768,-1291.004
675000.000,1669000.000,817.492,-955.164
676000.000,1669000.000,993.280,359.118
677000.000,1669000.000,778.431,-1150.013
678000.000,1669000.000,729.010,-728.041
679000.000,1669000.000,680.839,-478.278
680000.000,1669000.000,665.400,-346.247
681000.000,1669000.000,653.533,-275.307
682000.000,1669000.000,651.463,-223.544
683000.000,1669000.000,654.549,-140.390
684000.000,1669000.000,644.886,-113.984
685000.000,1669000.000,623.071,-128.134
686000.000,1669000.000,623.002,-53.526
687000.000,1669000.000,621.976,-403.890
688000.000,1669000.000,680.349,1510.007
689000.000,1669000.000,790.331,770.579
690000.000,1669000.000,803.407,-661.797
691000.000,1669000.000,724.708,-81.660
692000.000,1669000.000,777.530,250.407
693000.000,1669000.000,797.524,491.810
694000.000,1669000.000,808.005,895.197
695000.000,1669000.000,824.383,2814.283
696000.000,1669000.000,690.407,-55.652
697000.000,1669000.000,684.898,-1046.239
698000.000,1669000.000,632.901,-943.311
699000.000,1669000.000,601.927,-742.438
700000.000,1669000.000,630.864,-554.872
701000.000,1669000.000,596.259,-404.053
702000.000,1669000.000,565.956,-271.374
703000.000,1669000.000,554.989,-260.229
704000.000,1669000.000,552.475,-183.790
705000.000,1669000.000,547.847,-189.957
706000.000,1669000.000,542.733,-114.209
707000.000,1669000.000,537.208,-33.927
708000.000,1669000.000,532.311,-56.680
709000.000,1669000.000,528.089,-72.834
710000.000,1669000.000,523.901,-35.813
711000.000,1669000.000,521.416,-17.791
641000.000,1668000.000,607.941,5.269
642000.000,1668000.000,612.052,3.742
643000.000,1668000.000,612.369,24.789
644000.000,1668000.000,623.678,36.410
645000.000,1668000.000,621.852,41.604
646000.000,1668000.000,630.127,39.198
647000.000,1668000.000,628.401,10.888
648000.000,1668000.000,627.550,12.166
649000.000,1668000.000,631.130,22.134
650000.000,1668000.000,633.234,36.057
651000.000,1668000.000,634.465,-37.440
652000.000,1668000.000,630.482,-11.192
653000.000,1668000.000,634.802,-12.934
654000.000,1668000.000,644.090,7.639
655000.000,1668000.000,663.283,30.291
656000.000,1668000.000,690.948,96.155
657000.000,1668000.000,683.696,294.959
658000.000,1668000.000,705.764,885.577
659000.000,1668000.000,851.058,2046.103
660000.000,1668000.000,1000.633,286.330
661000.000,1668000.000,1043.569,-381.370
662000.000,1668000.000,847.324,-3483.482
663000.000,1668000.000,736.479,-2434.789
664000.000,1668000.000,732.532,-1719.981
665000.000,1668000.000,685.117,-1237.130
666000.000,1668000.000,649.545,-1018.188
667000.000,1668000.000,643.834,-958.712
668000.000,1668000.000,685.050,-1138.081
669000.000,1668000.000,679.520,-1137.444
670000.000,1668000.000,659.318,-1079.354
671000.000,1668000.000,673.696,-800.103
672000.000,1668000.000,823.844,-527.076
673000.000,1668000.000,1017.034,-1030.957
674000.000,1668000.000,1004.935,-787.246
675000.000,1668000.000,759.835,-675.494
676000.000,1668000.000,918.092,738.936
677000.000,1668000.000,800.431,-816.417
678000.000,1668000.000,754.227,-728.694
679000.000,1668000.000,714.206,-584.952
680000.000,1668000.000,683.190,-375.143
681000.000,1668000.000,668.033,-305.759
682000.000,1668000.000,667.054,-231.189
683000.000,1668000.000,652.296,-221.944
684000.000,1668000.000,641.590,-194.049
685000.000,1668000.000,635.891,-180.146
686000.000,1668000.000,628.102,-143.549
687000.000,1668000.000,627.305,-154.641
688000.000,1668000.000,643.174,198.805
689000.000,1668000.000,699.078,565.298
690000.000,1668000.000,852.237,-348.830
691000.000,1668000.000,897.718,-1548.802
692000.000,1668000.000,840.623,-205.759
693000.000,1668000.000,745.583,-28.291
694000.000,1668000.000,749.851,284.972
695000.000,1668000.000,793.623,1188.308
696000.000,1668000.000,859.925,2858.878
697000.000,1668000.000,912.584,-751.896
698000.000,1668000.000,756.071,-1372.138
699000.000,1668000.000,647.767,-1468.900
700000.000,1668000.000,588.212,-869.427
701000.000,1668000.000,571.297,-440.823
702000.000,1668000.000,563.981,-279.461
703000.000,1668000.000,561.271,-235.044
704000.000,1668000.000,556.833,-241.428
705000.000,1668000.000,549.235,-190.305
706000.000,1668000.000,544.841,-177.558
707000.000,1668000.000,540.408,-151.644
708000.000,1668000.000,534.765,-117.068
709000.000,1668000.000,533.700,-82.167
710000.000,1668000.000,528.462,-47.372
711000.000,1668000.000,524.032,-21.931
641000.000,1667000.000,612.938,-5.922
642000.000,1667000.000,617.334,-15.750
643000.000,1667000.000,617.310,-81.835
644000.000,1667000.000,620.480,-50.288
645000.000,1667000.000,628.189,-28.039
646000.000,1667000.000,637.839,15.742
647000.000,1667000.000,638.802,-0.891
648000.000,1667000.000,643.664,-8.974
649000.000,1667000.000,653.762,-3.412
650000.000,1667000.000,642.780,-7.384
651000.000,1667000.000,651.145,15.030
652000.000,1667000.000,643.351,-21.619
653000.000,1667000.000,643.072,-16.394
654000.000,1667000.000,645.689,-11.438
655000.000,1667000.000,658.410,23.222
656000.000,1667000.000,717.399,106.685
657000.000,1667000.000,711.435,220.220
658000.000,1667000.000,706.682,442.405
659000.000,1667000.000,732.897,931.640
660000.000,1667000.000,847.678,1239.469
661000.000,1667000.000,1000.973,-149.275
662000.000,1667000.000,1011.900,1028.613
663000.000,1667000.000,779.094,-3323.515
664000.000,1667000.000,681.079,-2181.608
665000.000,1667000.000,665.341,-1560.191
666000.000,1667000.000,648.606,-1312.746
667000.000,1667000.000,655.140,-1220.874
668000.000,1667000.000,742.900,-1154.192
669000.000,1667000.000,888.814,-2139.403
670000.000,1667000.000,729.078,-2065.473
671000.000,1667000.000,668.586,-1037.069
672000.000,1667000.000,724.431,-583.343
673000.000,1667000.000,846.116,-474.142
674000.000,1667000.000,1047.535,585.439
675000.000,1667000.000,848.550,125.418
676000.000,1667000.000,906.463,1455.781
677000.000,1667000.000,872.073,821.738
678000.000,1667000.000,763.400,-179.984
679000.000,1667000.000,730.802,-425.585
680000.000,1667000.000,710.737,-467.257
681000.000,1667000.000,674.562,-372.096
682000.000,1667000.000,664.630,-295.881
683000.000,1667000.000,657.327,-257.761
684000.000,1667000.000,648.873,-218.901
685000.000,1667000.000,638.251,-194.678
686000.000,1667000.000,635.302,-189.977
687000.000,1667000.000,632.405,-134.963
688000.000,1667000.000,637.602,17.144
689000.000,1667000.000,661.319,217.245
690000.000,1667000.000,692.879,1419.388
691000.000,1667000.000,785.845,1545.515
692000.000,1667000.000,877.742,-2671.679
693000.000,1667000.000,780.705,-450.262
694000.000,1667000.000,692.474,177.435
695000.000,1667000.000,685.714,335.945
696000.000,1667000.000,772.509,686.877
697000.000,1667000.000,836.920,1451.609
698000.000,1667000.000,690.341,-1602.530
699000.000,1667000.000,709.488,-121.762
700000.000,1667000.000,607.873,-482.908
701000.000,1667000.000,578.737,-523.228
702000.000,1667000.000,571.432,-273.938
703000.000,1667000.000,566.724,-218.672
704000.000,1667000.000,560.976,-211.013
705000.000,1667000.000,554.866,-274.298
706000.000,1667000.000,550.681,-242.843
707000.000,1667000.000,544.032,-202.219
708000.000,1667000.000,541.941,-172.778
709000.000,1667000.000,539.169,-119.252
710000.000,1667000.000,534.822,-42.732
711000.000,1667000.000,527.490,-44.796
641000.000,1666000.000,621.589,1.756
642000.000,1666000.000,626.297,-16.460
643000.000,1666000.000,622.132,-1.383
644000.000,1666000.000,623.614,1.998
645000.000,1666000.000,627.660,-51.988
646000.000,1666000.000,634.239,-67.418
647000.000,1666000.000,638.236,-32.498
648000.000,1666000.000,658.432,-19.579
649000.000,1666000.000,699.262,-14.594
650000.000,1666000.000,700.352,-17.905
651000.000,1666000.000,668.534,-38.756
652000.000,1666000.000,657.230,-4.340
653000.000,1666000.000,655.574,-2.006
654000.000,1666000.000,657.325,6.776
655000.000,1666000.000,669.460,27.789
656000.000,1666000.000,693.273,68.246
657000.000,1666000.000,736.135,156.066
658000.000,1666000.000,717.023,269.712
659000.000,1666000.000,716.364,421.940
660000.000,1666000.000,760.515,800.834
661000.000,1666000.000,848.658,1949.202
662000.000,1666000.000,866.992,619.940
663000.000,1666000.000,864.304,2549.204
664000.000,1666000.000,660.854,-2631.462
665000.000,1666000.000,658.932,-2166.431
666000.000,1666000.000,692.863,-1675.654
667000.000,1666000.000,669.373,-1345.057
668000.000,1666000.000,700.496,-840.495
669000.000,1666000.000,891.129,457.478
670000.000,1666000.000,847.079,1378.884
671000.000,1666000.000,693.799,-505.670
672000.000,1666000.000,714.042,-445.836
673000.000,1666000.000,770.731,13.867
674000.000,1666000.000,978.158,-0.644
675000.000,1666000.000,1015.176,-65.107
676000.000,1666000.000,983.533,537.395
677000.000,1666000.000,921.618,760.775
678000.000,1666000.000,765.118,-206.062
679000.000,1666000.000,727.952,-406.918
680000.000,1666000.000,710.265,-473.987
681000.000,1666000.000,688.584,-386.373
682000.000,1666000.000,674.630,-328.787
683000.000,1666000.000,658.868,-289.106
684000.000,1666000.000,648.510,-296.250
685000.000,1666000.000,640.914,-214.004
686000.000,1666000.000,646.297,-190.040
687000.000,1666000.000,639.157,-123.867
688000.000,1666000.000,640.486,-38.255
689000.000,1666000.000,647.712,131.348
690000.000,1666000.000,664.370,265.072
691000.000,1666000.000,676.612,489.226
692000.000,1666000.000,679.884,643.805
693000.000,1666000.000,663.127,148.154
694000.000,1666000.000,652.911,39.585
695000.000,1666000.000,647.736,168.436
696000.000,1666000.000,663.064,685.728
697000.000,1666000.000,703.797,1778.637
698000.000,1666000.000,681.743,12486.499
699000.000,1666000.000,617.984,332.206
700000.000,1666000.000,605.635,876.811
701000.000,1666000.000,596.794,-523.891
702000.000,1666000.000,580.411,-634.198
703000.000,1666000.000,574.419,-482.708
704000.000,1666000.000,573.248,-513.507
705000.000,1666000.000,566.260,-621.830
706000.000,1666000.000,560.307,-567.159
707000.000,1666000.000,554.439,-470.778
708000.000,1666000.000,552.114,-361.833
709000.000,1666000.000,546.729,-245.431
710000.000,1666000.000,540.684,-201.606
711000.000,1666000.000,535.218,-137.138
641000.000,1665000.000,627.423,-31.339
642000.000,1665000.000,633.887,-26.279
643000.000,1665000.000,630.656,-38.958
644000.000,1665000.000,635.007,-46.782
645000.000,1665000.000,628.260,-55.386
646000.000,1665000.000,635.664,-67.365
647000.000,1665000.000,647.899,-82.006
648000.000,1665000.000,666.319,-100.254
649000.000,1665000.000,684.157,-62.890
650000.000,1665000.000,698.138,-57.166
651000.000,1665000.000,702.028,8.920
652000.000,1665000.000,686.061,2.745
653000.000,1665000.000,665.600,4.188
654000.000,1665000.000,689.979,13.122
655000.000,1665000.000,668.347,15.319
656000.000,1665000.000,705.675,22.687
657000.000,1665000.000,742.639,34.169
658000.000,1665000.000,719.386,169.485
659000.000,1665000.000,696.948,246.443
660000.000,1665000.000,697.917,429.853
661000.000,1665000.000,697.316,1093.440
662000.000,1665000.000,716.513,2556.683
663000.000,1665000.000,716.618,994.925
664000.000,1665000.000,783.105,-2128.450
665000.000,1665000.000,722.978,-3615.176
666000.000,1665000.000,721.123,-2455.655
667000.000,1665000.000,735.653,-1636.574
668000.000,1665000.000,688.409,-1050.417
669000.000,1665000.000,726.730,-237.986
670000.000,1665000.000,830.541,270.769
671000.000,1665000.000,715.865,-426.497
672000.000,1665000.000,698.802,-535.741
673000.000,1665000.000,767.312,-214.445
674000.000,1665000.000,858.076,496.675
675000.000,1665000.000,1055.462,126.183
676000.000,1665000.000,981.423,-727.719
677000.000,1665000.000,904.415,-1304.446
678000.000,1665000.000,758.820,-776.013
679000.000,1665000.000,734.739,-679.644
680000.000,1665000.000,712.455,-689.184
681000.000,1665000.000,694.656,-542.362
682000.000,1665000.000,673.479,-377.250
683000.000,1665000.000,671.060,-333.415
684000.000,1665000.000,657.964,-267.703
685000.000,1665000.000,650.992,-204.736
686000.000,1665000.000,655.043,-223.137
687000.000,1665000.000,656.122,-157.603
688000.000,1665000.000,653.225,-101.926
689000.000,1665000.000,650.359,-38.247
690000.000,1665000.000,650.187,26.418
691000.000,1665000.000,662.875,72.599
692000.000,1665000.000,645.068,88.113
693000.000,1665000.000,635.549,12.637
694000.000,1665000.000,632.407,-18.723
695000.000,1665000.000,628.433,33.065
696000.000,1665000.000,629.251,287.214
697000.000,1665000.000,626.478,1020.512
698000.000,1665000.000,622.830,3351.797
699000.000,1665000.000,605.731,2113.420
700000.000,1665000.000,604.425,149.063
701000.000,1665000.000,594.414,-51.087
702000.000,1665000.000,595.354,-165.989
703000.000,1665000.000,614.563,230.712
704000.000,1665000.000,604.339,262.176
705000.000,1665000.000,592.425,-760.151
706000.000,1665000.000,575.279,-1270.271
707000.000,1665000.000,564.282,-1020.106
708000.000,1665000.000,565.235,-824.485
709000.000,1665000.000,558.307,-597.348
710000.000,1665000.000,547.564,-344.133
711000.000,1665000.000,541.904,-201.764
641000.000,1664000.000,667.057,-52.355
642000.000,1664000.000,645.803,-53.996
643000.000,1664000.000,636.506,-25.928
644000.000,1664000.000,642.322,-39.460
645000.000,1664000.000,636.861,-42.592
646000.000,1664000.000,637.453,-92.822
647000.000,1664000.000,653.444,-140.170
648000.000,1664000.000,673.270,-154.145
649000.000,1664000.000,680.962,-106.270
650000.000,1664000.000,689.353,-127.526
651000.000,1664000.000,704.151,-66.100
652000.000,1664000.000,694.934,-28.847
653000.000,1664000.000,677.821,5.094
654000.000,1664000.000,686.333,14.641
655000.000,1664000.000,703.673,4.047
656000.000,1664000.000,696.811,13.097
657000.000,1664000.000,732.231,44.477
658000.000,1664000.000,709.004,21.704
659000.000,1664000.000,687.921,107.133
660000.000,1664000.000,681.829,271.605
661000.000,1664000.000,678.891,543.458
662000.000,1664000.000,712.620,1178.047
663000.000,1664000.000,944.705,806.755
664000.000,1664000.000,939.378,2400.824
665000.000,1664000.000,948.859,-537.060
666000.000,1664000.000,763.158,-2441.977
667000.000,1664000.000,751.511,-2174.642
668000.000,1664000.000,706.933,-1869.665
669000.000,1664000.000,702.968,-1448.030
670000.000,1664000.000,815.791,-1251.468
671000.000,1664000.000,811.370,-1826.054
672000.000,1664000.000,729.905,-1499.945
673000.000,1664000.000,729.609,-996.705
674000.000,1664000.000,793.122,-532.518
675000.000,1664000.000,1017.961,-457.485
676000.000,1664000.000,926.282,-739.334
677000.000,1664000.000,889.046,-290.026
678000.000,1664000.000,772.513,-1177.516
679000.000,1664000.000,735.233,-548.434
680000.000,1664000.000,717.427,-416.633
681000.000,1664000.000,702.569,-570.757
682000.000,1664000.000,683.762,-375.698
683000.000,1664000.000,690.980,-290.679
684000.000,1664000.000,662.749,-216.056
685000.000,1664000.000,657.033,-174.031
686000.000,1664000.000,670.648,-153.415
687000.000,1664000.000,670.356,-124.458
688000.000,1664000.000,653.787,-123.989
689000.000,1664000.000,656.872,-95.328
690000.000,1664000.000,654.146,-54.514
691000.000,1664000.000,663.192,-91.875
692000.000,1664000.000,647.823,-100.540
693000.000,1664000.000,632.221,-85.978
694000.000,1664000.000,623.266,-108.015
695000.000,1664000.000,616.428,-17.291
696000.000,1664000.000,615.350,115.516
697000.000,1664000.000,610.523,421.534
698000.000,1664000.000,606.809,913.633
699000.000,1664000.000,612.481,837.708
700000.000,1664000.000,612.284,964.903
701000.000,1664000.000,611.192,-677.233
702000.000,1664000.000,639.020,-222.353
703000.000,1664000.000,709.721,-317.297
704000.000,1664000.000,736.668,-146.856
705000.000,1664000.000,660.346,350.818
706000.000,1664000.000,622.003,608.724
707000.000,1664000.000,646.772,371.894
708000.000,1664000.000,583.427,-1068.161
709000.000,1664000.000,577.798,-1705.625
710000.000,1664000.000,555.736,-488.870
711000.000,1664000.000,543.082,-357.668
641000.000,1663000.000,652.535,-52.488
642000.000,1663000.000,653.296,-47.270
643000.000,1663000.000,667.200,-65.294
644000.000,1663000.000,657.170,-64.742
645000.000,1663000.000,651.010,-30.817
646000.000,1663000.000,643.347,-80.630
647000.000,1663000.000,645.947,-60.227
648000.000,1663000.000,657.666,-107.898
649000.000,1663000.000,670.363,-153.453
650000.000,1663000.000,672.475,-138.095
651000.000,1663000.000,699.493,-108.452
652000.000,1663000.000,705.149,-91.118
653000.000,1663000.000,703.596,-39.771
654000.000,1663000.000,702.934,-53.907
655000.000,1663000.000,718.681,14.217
656000.000,1663000.000,735.735,20.244
657000.000,1663000.000,734.577,41.605
658000.000,1663000.000,713.585,66.472
659000.000,1663000.000,692.030,149.490
660000.000,1663000.000,683.580,159.379
661000.000,1663000.000,684.261,295.148
662000.000,1663000.000,701.901,699.940
663000.000,1663000.000,786.908,1651.901
664000.000,1663000.000,1009.363,900.287
665000.000,1663000.000,934.766,745.376
666000.000,1663000.000,811.170,-2645.843
667000.000,1663000.000,779.417,-4212.171
668000.000,1663000.000,760.035,-3395.016
669000.000,1663000.000,727.557,-2197.453
670000.000,1663000.000,766.712,-2100.717
671000.000,1663000.000,958.085,-2423.081
672000.000,1663000.000,822.827,-2900.705
673000.000,1663000.000,734.928,-2009.346
674000.000,1663000.000,753.097,-1127.234
675000.000,1663000.000,877.310,-906.820
676000.000,1663000.000,1030.359,-672.143
677000.000,1663000.000,954.844,-612.074
678000.000,1663000.000,826.709,-1348.052
679000.000,1663000.000,755.383,-1068.312
680000.000,1663000.000,725.585,-890.929
681000.000,1663000.000,710.067,-470.750
682000.000,1663000.000,694.988,-406.867
683000.000,1663000.000,679.196,-289.173
684000.000,1663000.000,667.212,-268.623
685000.000,1663000.000,669.531,-253.200
686000.000,1663000.000,681.210,-171.484
687000.000,1663000.000,684.755,-146.098
688000.000,1663000.000,670.225,-124.333
689000.000,1663000.000,660.335,-170.614
690000.000,1663000.000,660.842,-103.161
691000.000,1663000.000,664.209,-83.106
692000.000,1663000.000,656.117,32.045
693000.000,1663000.000,650.426,-103.187
694000.000,1663000.000,629.920,-86.844
695000.000,1663000.000,613.563,-33.512
696000.000,1663000.000,605.399,48.947
697000.000,1663000.000,602.867,195.505
698000.000,1663000.000,597.632,303.282
699000.000,1663000.000,597.328,235.159
700000.000,1663000.000,600.568,131.767
701000.000,1663000.000,678.900,562.686
702000.000,1663000.000,746.345,-222.824
703000.000,1663000.000,690.744,-994.744
704000.000,1663000.000,691.159,-1382.961
705000.000,1663000.000,708.081,-1049.313
706000.000,1663000.000,677.531,-571.382
707000.000,1663000.000,651.629,-155.125
708000.000,1663000.000,634.583,914.936
709000.000,1663000.000,680.239,2246.702
710000.000,1663000.000,630.420,100.745
711000.000,1663000.000,564.059,-1467.301
641000.000,1662000.000,646.592,-33.099
642000.000,1662000.000,677.852,-59.815
643000.000,1662000.000,673.750,-80.950
644000.000,1662000.000,665.186,-64.010
645000.000,1662000.000,663.447,-43.554
646000.000,1662000.000,656.404,-39.466
647000.000,1662000.000,652.107,-10.979
648000.000,1662000.000,663.002,-40.060
649000.000,1662000.000,674.794,-81.857
650000.000,1662000.000,683.764,-105.456
651000.000,1662000.000,686.887,-91.442
652000.000,1662000.000,705.626,-81.764
653000.000,1662000.000,705.792,-76.845
654000.000,1662000.000,708.088,-10.238
655000.000,1662000.000,723.000,10.827
656000.000,1662000.000,730.735,9.152
657000.000,1662000.000,728.818,24.304
658000.000,1662000.000,723.689,72.488
659000.000,1662000.000,705.984,79.415
660000.000,1662000.000,696.699,82.312
661000.000,1662000.000,687.443,171.607
662000.000,1662000.000,702.240,342.328
663000.000,1662000.000,757.028,858.636
664000.000,1662000.000,932.962,1854.520
665000.000,1662000.000,1003.534,-704.086
666000.000,1662000.000,993.973,-3812.692
667000.000,1662000.000,997.419,-2517.664
668000.000,1662000.000,821.936,-1527.402
669000.000,1662000.000,739.309,-2342.997
670000.000,1662000.000,763.594,-2219.868
671000.000,1662000.000,947.185,-1975.065
672000.000,1662000.000,1002.135,-1487.324
673000.000,1662000.000,819.412,-2536.255
674000.000,1662000.000,882.537,-2610.807
675000.000,1662000.000,786.792,-1894.497
676000.000,1662000.000,858.525,-966.208
677000.000,1662000.000,942.558,-627.061
678000.000,1662000.000,888.956,-3417.901
679000.000,1662000.000,871.163,-1647.516
680000.000,1662000.000,741.474,-1544.050
681000.000,1662000.000,715.255,-797.473
682000.000,1662000.000,716.758,-525.171
683000.000,1662000.000,688.774,-432.385
684000.000,1662000.000,678.907,-284.359
685000.000,1662000.000,679.950,-238.452
686000.000,1662000.000,691.653,-207.974
687000.000,1662000.000,701.928,-172.614
688000.000,1662000.000,675.106,-147.132
689000.000,1662000.000,668.842,-106.707
690000.000,1662000.000,676.821,-95.854
691000.000,1662000.000,669.373,-105.052
692000.000,1662000.000,663.626,-77.233
693000.000,1662000.000,640.873,-115.934
694000.000,1662000.000,623.338,-69.511
695000.000,1662000.000,610.812,-42.057
696000.000,1662000.000,602.305,-4.606
697000.000,1662000.000,596.680,45.577
698000.000,1662000.000,593.675,79.470
699000.000,1662000.000,588.958,33.612
700000.000,1662000.000,589.529,-84.157
701000.000,1662000.000,681.920,479.272
702000.000,1662000.000,684.768,-731.198
703000.000,1662000.000,653.076,2931.864
704000.000,1662000.000,622.190,2980.809
705000.000,1662000.000,628.679,3988.019
706000.000,1662000.000,616.455,196.655
707000.000,1662000.000,602.651,-1696.688
708000.000,1662000.000,608.668,-636.597
709000.000,1662000.000,628.214,70.294
710000.000,1662000.000,590.954,222.674
711000.000,1662000.000,558.729,1983.429
641000.000,1661000.000,646.507,-54.164
642000.000,1661000.000,655.642,-83.232
643000.000,1661000.000,693.542,-88.183
644000.000,1661000.000,689.228,-103.804
645000.000,1661000.000,703.927,-94.445
646000.000,1661000.000,675.069,-95.641
647000.000,1661000.000,660.792,-36.741
648000.000,1661000.000,669.789,4.754
649000.000,1661000.000,677.738,45.808
650000.000,1661000.000,687.227,-9.439
651000.000,1661000.000,702.196,-51.312
652000.000,1661000.000,699.690,-77.579
653000.000,1661000.000,709.566,-80.433
654000.000,1661000.000,708.967,-74.940
655000.000,1661000.000,716.902,2.894
656000.000,1661000.000,731.905,50.351
657000.000,1661000.000,745.216,51.276
658000.000,1661000.000,736.254,15.013
659000.000,1661000.000,720.880,288.905
660000.000,1661000.000,706.988,60.363
661000.000,1661000.000,692.988,-56.511
662000.000,1661000.000,701.129,119.486
663000.000,1661000.000,740.168,204.971
664000.000,1661000.000,869.433,1277.860
665000.000,1661000.000,1072.150,4813.990
666000.000,1661000.000,1009.284,5966.043
667000.000,1661000.000,1112.803,3600.334
668000.000,1661000.000,951.956,1030.783
669000.000,1661000.000,895.293,-1395.914
670000.000,1661000.000,892.283,-3793.853
671000.000,1661000.000,874.190,-3128.756
672000.000,1661000.000,925.917,-2863.711
673000.000,1661000.000,1027.895,-2693.394
674000.000,1661000.000,1078.623,-2835.100
675000.000,1661000.000,958.984,-1471.540
676000.000,1661000.000,825.347,-1674.703
677000.000,1661000.000,840.054,-278.319
678000.000,1661000.000,836.790,2629.399
679000.000,1661000.000,802.643,-1992.234
680000.000,1661000.000,757.058,-692.778
681000.000,1661000.000,755.885,-690.773
682000.000,1661000.000,734.962,-421.854
683000.000,1661000.000,692.299,-332.563
684000.000,1661000.000,690.680,-305.928
685000.000,1661000.000,700.194,-211.811
686000.000,1661000.000,700.907,-168.761
687000.000,1661000.000,690.333,-220.609
688000.000,1661000.000,680.873,-152.921
689000.000,1661000.000,684.823,-131.268
690000.000,1661000.000,681.697,-79.660
691000.000,1661000.000,678.982,-78.988
692000.000,1661000.000,680.523,-86.991
693000.000,1661000.000,659.259,-63.095
694000.000,1661000.000,624.535,-54.495
695000.000,1661000.000,643.704,-75.818
696000.000,1661000.000,608.014,-75.584
697000.000,1661000.000,595.339,-68.788
698000.000,1661000.000,590.081,-50.200
699000.000,1661000.000,585.271,-43.185
700000.000,1661000.000,581.589,-77.184
701000.000,1661000.000,601.788,17.107
702000.000,1661000.000,613.450,1092.164
703000.000,1661000.000,595.878,299.291
704000.000,1661000.000,591.029,329.524
705000.000,1661000.000,581.465,488.306
706000.000,1661000.000,571.201,740.857
707000.000,1661000.000,568.289,1674.584
708000.000,1661000.000,567.975,541.838
709000.000,1661000.000,599.307,-420.730
710000.000,1661000.000,583.891,-132.126
711000.000,1661000.000,547.100,229.541
641000.000,1660000.000,650.384,-54.183
642000.000,1660000.000,669.270,-51.446
643000.000,1660000.000,690.872,-92.457
644000.000,1660000.000,712.202,-102.380
645000.000,1660000.000,707.648,-109.284
646000.000,1660000.000,690.216,-86.220
647000.000,1660000.000,674.141,-65.226
648000.000,1660000.000,674.528,-45.566
649000.000,1660000.000,683.963,-17.608
650000.000,1660000.000,684.739,-12.350
651000.000,1660000.000,693.913,-7.822
652000.000,1660000.000,709.719,27.650
653000.000,1660000.000,720.397,9.065
654000.000,1660000.000,714.938,-29.949
655000.000,1660000.000,724.110,-75.531
656000.000,1660000.000,727.959,3.626
657000.000,1660000.000,745.932,72.060
658000.000,1660000.000,729.256,116.982
659000.000,1660000.000,730.463,147.691
660000.000,1660000.000,699.603,441.938
661000.000,1660000.000,706.496,236.911
662000.000,1660000.000,704.486,269.604
663000.000,1660000.000,747.265,384.574
664000.000,1660000.000,920.840,306.349
665000.000,1660000.000,894.693,1106.188
666000.000,1660000.000,979.285,398.686
667000.000,1660000.000,1082.457,-708.727
668000.000,1660000.000,1011.465,-463.185
669000.000,1660000.000,1044.996,474.098
670000.000,1660000.000,1131.732,2484.319
671000.000,1660000.000,1130.084,4221.009
672000.000,1660000.000,1109.879,4659.549
673000.000,1660000.000,1122.785,1217.855
674000.000,1660000.000,1084.358,-110.979
675000.000,1660000.000,1065.254,150.891
676000.000,1660000.000,1011.587,198.306
677000.000,1660000.000,850.274,-507.441
678000.000,1660000.000,860.939,1449.061
679000.000,1660000.000,892.466,-569.389
680000.000,1660000.000,812.722,-1008.883
681000.000,1660000.000,724.086,-644.565
682000.000,1660000.000,709.013,-332.035
683000.000,1660000.000,697.248,-220.709
684000.000,1660000.000,696.871,-157.847
685000.000,1660000.000,700.470,-192.321
686000.000,1660000.000,711.187,-175.426
687000.000,1660000.000,695.707,-147.649
688000.000,1660000.000,689.246,-154.850
689000.000,1660000.000,701.038,-116.734
690000.000,1660000.000,715.920,-107.144
691000.000,1660000.000,705.217,-94.353
692000.000,1660000.000,695.471,-95.296
693000.000,1660000.000,669.640,-83.607
694000.000,1660000.000,676.637,-66.560
695000.000,1660000.000,657.842,-68.693
696000.000,1660000.000,621.757,-85.390
697000.000,1660000.000,598.152,-79.481
698000.000,1660000.000,588.402,-89.770
699000.000,1660000.000,581.562,-82.849
700000.000,1660000.000,577.711,-74.449
701000.000,1660000.000,587.550,-63.881
702000.000,1660000.000,615.822,-113.669
703000.000,1660000.000,586.497,-138.448
704000.000,1660000.000,578.414,-11.110
705000.000,1660000.000,574.381,69.219
706000.000,1660000.000,566.344,130.668
707000.000,1660000.000,562.791,266.129
708000.000,1660000.000,557.608,497.777
709000.000,1660000.000,562.766,920.222
710000.000,1660000.000,548.288,-253.783
711000.000,1660000.000,539.095,-4.903
641000.000,1659000.000,651.946,-11.873
642000.000,1659000.000,667.486,-34.225
643000.000,1659000.000,684.437,-34.109
644000.000,1659000.000,694.141,-69.893
645000.000,1659000.000,689.796,-94.190
646000.000,1659000.000,701.805,-80.869
647000.000,1659000.000,680.451,-48.259
648000.000,1659000.000,672.318,-30.103
649000.000,1659000.000,680.629,-8.956
650000.000,1659000.000,691.287,-10.048
651000.000,1659000.000,700.383,-17.142
652000.000,1659000.000,707.822,-33.174
653000.000,1659000.000,722.341,14.573
654000.000,1659000.000,725.537,4.853
655000.000,1659000.000,727.745,26.935
656000.000,1659000.000,735.288,14.907
657000.000,1659000.000,732.359,27.702
658000.000,1659000.000,719.808,82.230
659000.000,1659000.000,710.015,136.750
660000.000,1659000.000,707.581,189.787
661000.000,1659000.000,719.100,252.066
662000.000,1659000.000,712.407,513.661
663000.000,1659000.000,723.484,970.409
664000.000,1659000.000,754.545,1645.805
665000.000,1659000.000,788.588,2265.267
666000.000,1659000.000,1003.143,3209.366
667000.000,1659000.000,1072.364,3406.155
668000.000,1659000.000,1069.612,4174.381
669000.000,1659000.000,1069.362,2336.424
670000.000,1659000.000,1089.480,-600.327
671000.000,1659000.000,1098.540,336.295
672000.000,1659000.000,1042.611,728.124
673000.000,1659000.000,1055.719,526.101
674000.000,1659000.000,1028.573,964.862
675000.000,1659000.000,961.083,1779.218
676000.000,1659000.000,912.091,2169.953
677000.000,1659000.000,946.256,1706.204
678000.000,1659000.000,884.029,702.395
679000.000,1659000.000,914.111,2168.529
680000.000,1659000.000,886.912,2899.316
681000.000,1659000.000,747.292,-557.987
682000.000,1659000.000,719.983,-390.837
683000.000,1659000.000,703.579,-248.563
684000.000,1659000.000,708.958,-219.869
685000.000,1659000.000,709.594,-164.479
686000.000,1659000.000,714.288,-177.154
687000.000,1659000.000,698.972,-103.477
688000.000,1659000.000,698.752,-93.998
689000.000,1659000.000,699.779,-94.914
690000.000,1659000.000,703.319,-70.530
691000.000,1659000.000,703.016,-72.817
692000.000,1659000.000,673.302,-75.867
693000.000,1659000.000,679.681,-73.300
694000.000,1659000.000,672.229,-70.666
695000.000,1659000.000,637.406,-75.098
696000.000,1659000.000,625.326,-81.336
697000.000,1659000.000,598.298,-80.778
698000.000,1659000.000,583.673,-76.218
699000.000,1659000.000,578.601,-68.030
700000.000,1659000.000,575.007,-53.115
701000.000,1659000.000,571.536,7.159
702000.000,1659000.000,576.512,440.768
703000.000,1659000.000,574.777,-86.683
704000.000,1659000.000,571.592,-62.041
705000.000,1659000.000,567.337,-26.241
706000.000,1659000.000,566.675,8.735
707000.000,1659000.000,573.544,36.879
708000.000,1659000.000,550.210,53.897
709000.000,1659000.000,547.216,84.326
710000.000,1659000.000,540.380,77.193
711000.000,1659000.000,534.784,-15.529
641000.000,1658000.000,650.431,43.580
642000.000,1658000.000,662.526,23.750
643000.000,1658000.000,661.987,8.274
644000.000,1658000.000,665.738,39.674
645000.000,1658000.000,673.163,58.633
646000.000,1658000.000,688.555,-3.995
647000.000,1658000.000,689.419,-39.333
648000.000,1658000.000,687.702,-44.709
649000.000,1658000.000,689.973,-56.748
650000.000,1658000.000,695.887,-50.225
651000.000,1658000.000,696.511,-42.123
652000.000,1658000.000,708.848,-29.944
653000.000,1658000.000,734.885,-22.114
654000.000,1658000.000,747.363,-15.342
655000.000,1658000.000,749.473,-24.695
656000.000,1658000.000,740.189,-28.348
657000.000,1658000.000,728.457,1.808
658000.000,1658000.000,722.871,39.461
659000.000,1658000.000,717.919,103.760
660000.000,1658000.000,717.028,150.034
661000.000,1658000.000,721.686,247.475
662000.000,1658000.000,725.486,400.166
663000.000,1658000.000,722.748,607.799
664000.000,1658000.000,732.447,898.406
665000.000,1658000.000,754.341,1315.780
666000.000,1658000.000,803.827,2158.837
667000.000,1658000.000,848.993,3168.145
668000.000,1658000.000,912.199,3885.554
669000.000,1658000.000,913.600,4234.312
670000.000,1658000.000,996.152,4518.841
671000.000,1658000.000,1022.909,5689.785
672000.000,1658000.000,1047.562,3432.541
673000.000,1658000.000,992.662,4087.727
674000.000,1658000.000,936.398,3209.026
675000.000,1658000.000,823.206,1827.877
676000.000,1658000.000,826.514,1310.053
677000.000,1658000.000,792.355,1332.110
678000.000,1658000.000,917.236,2030.027
679000.000,1658000.000,900.945,1361.276
680000.000,1658000.000,891.766,2402.500
681000.000,1658000.000,777.850,-421.689
682000.000,1658000.000,736.283,-430.348
683000.000,1658000.000,717.226,-193.059
684000.000,1658000.000,725.419,-117.113
685000.000,1658000.000,742.034,-96.880
686000.000,1658000.000,726.814,-110.244
687000.000,1658000.000,713.605,-110.207
688000.000,1658000.000,711.022,-98.384
689000.000,1658000.000,725.282,-97.756
690000.000,1658000.000,718.938,-110.670
691000.000,1658000.000,709.488,-100.827
692000.000,1658000.000,668.882,-78.442
693000.000,1658000.000,647.228,-61.283
694000.000,1658000.000,635.313,-62.327
695000.000,1658000.000,623.615,-37.533
696000.000,1658000.000,618.954,-35.158
697000.000,1658000.000,592.271,-67.114
698000.000,1658000.000,583.188,-86.357
699000.000,1658000.000,576.270,55.437
700000.000,1658000.000,571.782,-64.477
701000.000,1658000.000,567.910,-33.554
702000.000,1658000.000,567.111,138.637
703000.000,1658000.000,565.580,-41.545
704000.000,1658000.000,565.381,-50.872
705000.000,1658000.000,561.972,-65.807
706000.000,1658000.000,557.471,-64.110
707000.000,1658000.000,562.765,-57.001
708000.000,1658000.000,550.323,-44.780
709000.000,1658000.000,545.458,-47.223
710000.000,1658000.000,541.087,-58.682
711000.000,1658000.000,536.270,-137.592
641000.000,1657000.000,644.264,17.830
642000.000,1657000.000,649.485,22.968
643000.000,1657000.000,654.441,11.911
644000.000,1657000.000,664.791,15.106
645000.000,1657000.000,672.622,12.090
646000.000,1657000.000,686.023,-22.482
647000.000,1657000.000,701.958,-61.036
648000.000,1657000.000,699.064,-103.020
649000.000,1657000.000,717.594,-126.386
650000.000,1657000.000,702.707,-95.593
651000.000,1657000.000,712.666,-71.424
652000.000,1657000.000,731.141,-53.047
653000.000,1657000.000,753.573,-45.065
654000.000,1657000.000,775.611,-18.183
655000.000,1657000.000,752.300,10.912
656000.000,1657000.000,743.218,31.481
657000.000,1657000.000,736.044,15.238
658000.000,1657000.000,736.414,54.265
659000.000,1657000.000,724.453,80.175
660000.000,1657000.000,726.521,130.533
661000.000,1657000.000,737.216,210.469
662000.000,1657000.000,741.808,326.679
663000.000,1657000.000,748.542,458.140
664000.000,1657000.000,748.601,649.402
665000.000,1657000.000,747.845,906.706
666000.000,1657000.000,770.005,1243.463
667000.000,1657000.000,845.010,1629.851
668000.000,1657000.000,849.401,1995.038
669000.000,1657000.000,834.834,2391.217
670000.000,1657000.000,871.902,3185.195
671000.000,1657000.000,914.647,4004.588
672000.000,1657000.000,930.273,5052.610
673000.000,1657000.000,955.145,4159.694
674000.000,1657000.000,835.955,2330.578
675000.000,1657000.000,805.981,1369.671
676000.000,1657000.000,782.454,1035.872
677000.000,1657000.000,755.890,948.108
678000.000,1657000.000,765.901,1213.253
679000.000,1657000.000,895.077,1292.985
680000.000,1657000.000,869.150,1266.670
681000.000,1657000.000,842.977,359.136
682000.000,1657000.000,750.321,-443.076
683000.000,1657000.000,729.578,-206.626
684000.000,1657000.000,733.158,-122.365
685000.000,1657000.000,766.583,-125.778
686000.000,1657000.000,768.448,-79.338
687000.000,1657000.000,722.417,-51.662
688000.000,1657000.000,723.811,-65.402
689000.000,1657000.000,714.826,-59.382
690000.000,1657000.000,709.649,-47.806
691000.000,1657000.000,699.777,-120.357
692000.000,1657000.000,698.055,-148.203
693000.000,1657000.000,663.633,-109.807
694000.000,1657000.000,670.287,-98.777
695000.000,1657000.000,643.757,-81.958
696000.000,1657000.000,624.705,-72.508
697000.000,1657000.000,591.010,-70.792
698000.000,1657000.000,577.775,-78.129
699000.000,1657000.000,573.983,-59.611
700000.000,1657000.000,567.700,-92.714
701000.000,1657000.000,564.623,-77.825
702000.000,1657000.000,560.850,-21.070
703000.000,1657000.000,559.695,-45.991
704000.000,1657000.000,559.248,-79.219
705000.000,1657000.000,557.964,-113.916
706000.000,1657000.000,553.553,-79.489
707000.000,1657000.000,549.578,-89.506
708000.000,1657000.000,546.209,-70.954
709000.000,1657000.000,546.053,-68.226
710000.000,1657000.000,548.707,-98.854
711000.000,1657000.000,542.641,89.378
641000.000,1656000.000,649.301,-12.985
642000.000,1656000.000,651.153,-10.179
643000.000,1656000.000,655.705,29.495
644000.000,1656000.000,665.261,47.427
645000.000,1656000.000,666.367,-10.109
646000.000,1656000.000,677.417,-7.064
647000.000,1656000.000,685.663,-27.594
648000.000,1656000.000,681.736,-55.541
649000.000,1656000.000,689.093,-40.518
650000.000,1656000.000,697.939,-45.045
651000.000,1656000.000,718.979,-48.474
652000.000,1656000.000,731.863,-43.317
653000.000,1656000.000,734.633,-62.585
654000.000,1656000.000,745.234,-33.649
655000.000,1656000.000,761.461,-16.875
656000.000,1656000.000,747.685,-2.469
657000.000,1656000.000,754.808,41.842
658000.000,1656000.000,748.269,44.819
659000.000,1656000.000,740.515,69.386
660000.000,1656000.000,733.543,119.633
661000.000,1656000.000,736.092,189.743
662000.000,1656000.000,747.353,279.027
663000.000,1656000.000,760.399,376.847
664000.000,1656000.000,770.654,508.118
665000.000,1656000.000,770.111,657.992
666000.000,1656000.000,773.918,848.527
667000.000,1656000.000,820.030,1076.432
668000.000,1656000.000,807.134,1299.941
669000.000,1656000.000,827.313,1562.470
670000.000,1656000.000,870.015,1872.740
671000.000,1656000.000,835.639,2221.813
672000.000,1656000.000,843.988,2608.785
673000.000,1656000.000,850.461,2200.040
674000.000,1656000.000,841.885,1596.828
675000.000,1656000.000,822.719,1105.851
676000.000,1656000.000,803.985,855.828
677000.000,1656000.000,763.747,769.865
678000.000,1656000.000,757.059,782.340
679000.000,1656000.000,743.024,1083.382
680000.000,1656000.000,855.441,765.838
681000.000,1656000.000,850.763,1891.490
682000.000,1656000.000,759.045,-284.543
683000.000,1656000.000,735.967,-87.117
684000.000,1656000.000,744.535,-67.994
685000.000,1656000.000,754.845,-59.834
686000.000,1656000.000,734.290,39.314
687000.000,1656000.000,732.265,-72.985
688000.000,1656000.000,727.349,-71.108
689000.000,1656000.000,727.010,-75.702
690000.000,1656000.000,742.790,-88.462
691000.000,1656000.000,716.782,-109.263
692000.000,1656000.000,679.546,-159.693
693000.000,1656000.000,649.054,-102.185
694000.000,1656000.000,634.152,-95.370
695000.000,1656000.000,610.670,-72.920
696000.000,1656000.000,605.631,-133.427
697000.000,1656000.000,594.887,-77.469
698000.000,1656000.000,576.834,-87.967
699000.000,1656000.000,572.531,-97.862
700000.000,1656000.000,565.414,-100.424
701000.000,1656000.000,561.375,-86.664
702000.000,1656000.000,556.606,-105.857
703000.000,1656000.000,556.643,-89.584
704000.000,1656000.000,552.625,-49.511
705000.000,1656000.000,553.347,-101.314
706000.000,1656000.000,551.500,-100.823
707000.000,1656000.000,547.385,-87.017
708000.000,1656000.000,541.323,-76.021
709000.000,1656000.000,538.603,-102.252
710000.000,1656000.000,538.976,-120.295
711000.000,1656000.000,537.874,-196.358
641000.000,1655000.000,648.527,-27.174
642000.000,1655000.000,652.188,-13.289
643000.000,1655000.000,659.329,5.261
644000.000,1655000.000,657.391,0.683
645000.000,1655000.000,663.469,-38.060
646000.000,1655000.000,674.875,-103.547
647000.000,1655000.000,679.167,-61.232
648000.000,1655000.000,676.644,-29.196
649000.000,1655000.000,680.755,-30.743
650000.000,1655000.000,685.488,-60.136
651000.000,1655000.000,697.974,-156.565
652000.000,1655000.000,703.953,-103.957
653000.000,1655000.000,706.763,-161.209
654000.000,1655000.000,722.956,-74.718
655000.000,1655000.000,752.128,-22.540
656000.000,1655000.000,762.597,-20.697
657000.000,1655000.000,755.473,1.902
658000.000,1655000.000,750.484,24.287
659000.000,1655000.000,748.920,69.328
660000.000,1655000.000,745.844,101.427
661000.000,1655000.000,749.466,162.709
662000.000,1655000.000,746.659,216.558
663000.000,1655000.000,755.350,315.532
664000.000,1655000.000,763.067,410.311
665000.000,1655000.000,778.312,504.498
666000.000,1655000.000,782.477,627.488
667000.000,1655000.000,791.304,756.338
668000.000,1655000.000,800.420,885.390
669000.000,1655000.000,810.157,1049.723
670000.000,1655000.000,810.341,1191.216
671000.000,1655000.000,811.336,1342.411
672000.000,1655000.000,819.793,1422.635
673000.000,1655000.000,825.128,1377.836
674000.000,1655000.000,817.323,1063.518
675000.000,1655000.000,826.606,804.033
676000.000,1655000.000,816.748,643.373
677000.000,1655000.000,797.145,599.591
678000.000,1655000.000,773.240,581.195
679000.000,1655000.000,770.914,725.916
680000.000,1655000.000,716.244,1205.520
681000.000,1655000.000,758.267,2335.032
682000.000,1655000.000,753.134,635.100
683000.000,1655000.000,746.772,-258.315
684000.000,1655000.000,759.134,-206.014
685000.000,1655000.000,768.811,-59.781
686000.000,1655000.000,828.901,-48.426
687000.000,1655000.000,765.318,-54.878
688000.000,1655000.000,733.933,-53.154
689000.000,1655000.000,736.501,-80.544
690000.000,1655000.000,752.144,-65.215
691000.000,1655000.000,748.450,-88.089
692000.000,1655000.000,663.566,-52.069
693000.000,1655000.000,630.387,-91.969
694000.000,1655000.000,613.141,-82.292
695000.000,1655000.000,602.230,-110.483
696000.000,1655000.000,596.945,-110.359
697000.000,1655000.000,591.579,-97.176
698000.000,1655000.000,581.507,-119.660
699000.000,1655000.000,573.683,-132.123
700000.000,1655000.000,570.370,-97.205
701000.000,1655000.000,564.363,-59.050
702000.000,1655000.000,557.698,-56.776
703000.000,1655000.000,552.663,-73.235
704000.000,1655000.000,549.770,-52.202
705000.000,1655000.000,546.956,-57.388
706000.000,1655000.000,544.268,-69.260
707000.000,1655000.000,546.015,-110.583
708000.000,1655000.000,543.916,-93.264
709000.000,1655000.000,536.176,-130.391
710000.000,1655000.000,532.464,-121.883
711000.000,1655000.000,531.864,-152.369
641000.000,1654000.000,648.452,-9.506
642000.000,1654000.000,644.938,3.555
643000.000,1654000.000,649.387,50.562
644000.000,1654000.000,651.819,-20.890
645000.000,1654000.000,658.752,1.762
646000.000,1654000.000,667.804,-43.179
647000.000,1654000.000,666.945,-62.555
648000.000,1654000.000,671.817,-45.890
649000.000,1654000.000,697.076,-181.136
650000.000,1654000.000,695.795,-118.274
651000.000,1654000.000,695.598,-33.965
652000.000,1654000.000,706.663,-147.828
653000.000,1654000.000,713.077,-112.656
654000.000,1654000.000,760.229,-131.841
655000.000,1654000.000,743.620,-120.102
656000.000,1654000.000,744.292,-49.321
657000.000,1654000.000,758.343,17.570
658000.000,1654000.000,764.701,34.170
659000.000,1654000.000,758.605,64.165
660000.000,1654000.000,767.172,104.769
661000.000,1654000.000,757.632,128.344
662000.000,1654000.000,750.858,184.779
663000.000,1654000.000,758.247,250.377
664000.000,1654000.000,765.531,326.270
665000.000,1654000.000,768.575,402.548
666000.000,1654000.000,774.329,441.247
667000.000,1654000.000,782.637,540.362
668000.000,1654000.000,786.358,632.847
669000.000,1654000.000,797.275,644.419
670000.000,1654000.000,804.170,818.779
671000.000,1654000.000,794.616,810.972
672000.000,1654000.000,789.540,807.902
673000.000,1654000.000,789.259,856.724
674000.000,1654000.000,784.714,790.848
675000.000,1654000.000,812.827,660.145
676000.000,1654000.000,791.836,580.623
677000.000,1654000.000,781.683,542.264
678000.000,1654000.000,783.996,494.858
679000.000,1654000.000,753.962,547.153
680000.000,1654000.000,721.161,646.589
681000.000,1654000.000,695.389,793.384
682000.000,1654000.000,732.041,843.195
683000.000,1654000.000,785.327,47.275
684000.000,1654000.000,784.502,-31.656
685000.000,1654000.000,813.566,-15.975
686000.000,1654000.000,816.849,-17.834
687000.000,1654000.000,812.875,-14.094
688000.000,1654000.000,743.241,-20.395
689000.000,1654000.000,681.932,-35.526
690000.000,1654000.000,699.747,-102.331
691000.000,1654000.000,719.022,-28.063
692000.000,1654000.000,666.417,-55.914
693000.000,1654000.000,622.338,-68.379
694000.000,1654000.000,607.345,-60.209
695000.000,1654000.000,597.548,-74.346
696000.000,1654000.000,590.010,-23.511
697000.000,1654000.000,588.000,-110.122
698000.000,1654000.000,581.318,-163.097
699000.000,1654000.000,573.093,-148.710
700000.000,1654000.000,566.298,-180.934
701000.000,1654000.000,567.607,-138.004
702000.000,1654000.000,561.670,-83.721
703000.000,1654000.000,557.162,-109.262
704000.000,1654000.000,552.027,-112.316
705000.000,1654000.000,547.285,-77.841
706000.000,1654000.000,542.598,-93.704
707000.000,1654000.000,539.362,-82.822
708000.000,1654000.000,543.041,-122.900
709000.000,1654000.000,538.151,-151.321
710000.000,1654000.000,531.499,-144.798
711000.000,1654000.000,526.985,-400.075
641000.000,1653000.000,638.456,-60.964
642000.000,1653000.000,639.909,-31.876
643000.000,1653000.000,644.708,-9.055
644000.000,1653000.000,653.387,13.997
645000.000,1653000.000,660.623,-88.054
646000.000,1653000.000,659.611,-7.318
647000.000,1653000.000,666.296,-65.911
648000.000,1653000.000,677.364,-53.502
649000.000,1653000.000,684.310,-65.389
650000.000,1653000.000,697.507,-102.842
651000.000,1653000.000,702.848,97.055
652000.000,1653000.000,711.071,81.531
653000.000,1653000.000,723.779,113.091
654000.000,1653000.000,743.999,-62.550
655000.000,1653000.000,762.130,-236.438
656000.000,1653000.000,749.630,-90.541
657000.000,1653000.000,760.965,-13.553
658000.000,1653000.000,770.130,-11.140
659000.000,1653000.000,769.555,30.268
660000.000,1653000.000,771.819,62.755
661000.000,1653000.000,763.065,104.817
662000.000,1653000.000,754.273,155.981
663000.000,1653000.000,757.728,210.230
664000.000,1653000.000,764.057,264.305
665000.000,1653000.000,769.706,302.376
666000.000,1653000.000,773.477,344.712
667000.000,1653000.000,775.921,412.566
668000.000,1653000.000,781.762,501.442
669000.000,1653000.000,790.994,646.222
670000.000,1653000.000,799.441,632.761
671000.000,1653000.000,795.278,630.805
672000.000,1653000.000,780.034,724.207
673000.000,1653000.000,765.270,658.574
674000.000,1653000.000,758.940,564.565
675000.000,1653000.000,769.890,511.040
676000.000,1653000.000,742.915,520.347
677000.000,1653000.000,761.416,436.300
678000.000,1653000.000,766.866,401.546
679000.000,1653000.000,773.486,405.963
680000.000,1653000.000,745.258,426.066
681000.000,1653000.000,687.743,451.997
682000.000,1653000.000,711.404,451.444
683000.000,1653000.000,777.349,641.446
684000.000,1653000.000,799.506,89.895
685000.000,1653000.000,797.367,15.721
686000.000,1653000.000,740.717,72.096
687000.000,1653000.000,756.991,14.721
688000.000,1653000.000,702.270,7.260
689000.000,1653000.000,649.444,-4.637
690000.000,1653000.000,656.272,-43.261
691000.000,1653000.000,641.572,-64.808
692000.000,1653000.000,613.561,-79.389
693000.000,1653000.000,599.979,-82.304
694000.000,1653000.000,595.364,-119.846
695000.000,1653000.000,590.620,-78.264
696000.000,1653000.000,584.719,-46.706
697000.000,1653000.000,582.942,-95.283
698000.000,1653000.000,577.491,-84.407
699000.000,1653000.000,571.741,-48.653
700000.000,1653000.000,564.501,-51.242
701000.000,1653000.000,561.032,-32.962
702000.000,1653000.000,556.836,113.694
703000.000,1653000.000,554.680,-55.557
704000.000,1653000.000,551.103,-73.130
705000.000,1653000.000,547.655,-87.642
706000.000,1653000.000,542.705,-76.018
707000.000,1653000.000,537.407,-118.435
708000.000,1653000.000,535.163,-103.319
709000.000,1653000.000,534.438,-85.626
710000.000,1653000.000,529.204,-134.429
711000.000,1653000.000,526.254,-31.139
641000.000,1652000.000,635.696,131.899
642000.000,1652000.000,639.530,100.032
643000.000,1652000.000,643.852,-4.314
644000.000,1652000.000,648.826,-7.112
645000.000,1652000.000,652.189,21.983
646000.000,1652000.000,656.085,16.292
647000.000,1652000.000,664.146,32.878
648000.000,1652000.000,672.529,42.101
649000.000,1652000.000,680.154,73.550
650000.000,1652000.000,683.218,44.289
651000.000,1652000.000,703.958,-260.536
652000.000,1652000.000,714.443,-22.670
653000.000,1652000.000,734.676,170.595
654000.000,1652000.000,758.570,-11.000
655000.000,1652000.000,757.491,-61.810
656000.000,1652000.000,763.235,-90.974
657000.000,1652000.000,764.047,-85.993
658000.000,1652000.000,775.940,-15.128
659000.000,1652000.000,783.409,-10.727
660000.000,1652000.000,769.126,44.751
661000.000,1652000.000,764.911,82.518
662000.000,1652000.000,757.436,120.149
663000.000,1652000.000,759.049,168.019
664000.000,1652000.000,764.558,208.722
665000.000,1652000.000,771.462,260.829
666000.000,1652000.000,786.388,328.413
667000.000,1652000.000,780.824,383.512
668000.000,1652000.000,785.594,413.969
669000.000,1652000.000,789.485,469.718
670000.000,1652000.000,800.486,536.501
671000.000,1652000.000,800.396,636.852
672000.000,1652000.000,802.951,590.286
673000.000,1652000.000,788.566,547.486
674000.000,1652000.000,754.715,542.811
675000.000,1652000.000,767.564,482.832
676000.000,1652000.000,728.754,422.806
677000.000,1652000.000,746.772,327.109
678000.000,1652000.000,727.992,290.402
679000.000,1652000.000,726.048,309.931
680000.000,1652000.000,707.211,311.591
681000.000,1652000.000,733.539,302.329
682000.000,1652000.000,671.919,325.059
683000.000,1652000.000,725.314,371.010
684000.000,1652000.000,747.666,402.436
685000.000,1652000.000,743.560,168.265
686000.000,1652000.000,684.787,24.001
687000.000,1652000.000,723.252,14.570
688000.000,1652000.000,670.796,-8.639
689000.000,1652000.000,640.683,-26.841
690000.000,1652000.000,633.075,15.818
691000.000,1652000.000,623.669,-8.117
692000.000,1652000.000,609.629,-46.346
693000.000,1652000.000,599.108,-99.895
694000.000,1652000.000,592.258,-118.980
695000.000,1652000.000,584.297,-147.824
696000.000,1652000.000,580.377,-101.421
697000.000,1652000.000,577.275,-102.431
698000.000,1652000.000,574.358,-73.239
699000.000,1652000.000,569.436,-75.285
700000.000,1652000.000,563.947,-82.286
701000.000,1652000.000,557.466,-91.311
702000.000,1652000.000,552.261,-96.448
703000.000,1652000.000,548.494,-89.579
704000.000,1652000.000,547.128,-92.704
705000.000,1652000.000,543.748,-117.276
706000.000,1652000.000,543.379,-121.256
707000.000,1652000.000,536.247,-107.918
708000.000,1652000.000,532.198,-100.855
709000.000,1652000.000,531.616,-74.969
710000.000,1652000.000,529.621,-80.776
711000.000,1652000.000,525.771,-64.457
641000.000,1651000.000,637.248,-18.572
642000.000,1651000.000,640.195,-39.979
643000.000,1651000.000,648.194,-38.915
644000.000,1651000.000,652.348,-31.441
645000.000,1651000.000,654.588,-31.275
646000.000,1651000.000,664.048,-82.539
647000.000,1651000.000,664.653,-25.237
648000.000,1651000.000,675.185,-4.853
649000.000,1651000.000,687.842,85.732
650000.000,1651000.000,689.422,46.832
651000.000,1651000.000,699.663,10.637
652000.000,1651000.000,726.048,-10.481
653000.000,1651000.000,723.644,0.049
654000.000,1651000.000,757.182,63.881
655000.000,1651000.000,733.106,98.878
656000.000,1651000.000,751.269,7.792
657000.000,1651000.000,768.517,-57.548
658000.000,1651000.000,780.189,-49.823
659000.000,1651000.000,783.651,3.591
660000.000,1651000.000,773.643,42.280
661000.000,1651000.000,767.385,83.781
662000.000,1651000.000,759.258,90.730
663000.000,1651000.000,770.508,104.238
664000.000,1651000.000,772.634,119.465
665000.000,1651000.000,781.323,195.101
666000.000,1651000.000,786.742,269.932
667000.000,1651000.000,796.546,321.334
668000.000,1651000.000,798.129,391.694
669000.000,1651000.000,792.840,403.509
670000.000,1651000.000,796.535,408.714
671000.000,1651000.000,801.200,435.600
672000.000,1651000.000,816.583,429.010
673000.000,1651000.000,815.978,417.454
674000.000,1651000.000,754.067,423.870
675000.000,1651000.000,723.358,419.639
676000.000,1651000.000,707.436,478.410
677000.000,1651000.000,694.258,380.917
678000.000,1651000.000,689.347,264.520
679000.000,1651000.000,677.660,265.081
680000.000,1651000.000,669.223,254.142
681000.000,1651000.000,669.130,243.942
682000.000,1651000.000,681.993,230.113
683000.000,1651000.000,674.104,290.901
684000.000,1651000.000,693.171,610.141
685000.000,1651000.000,694.149,257.929
686000.000,1651000.000,682.220,135.482
687000.000,1651000.000,667.781,74.265
688000.000,1651000.000,646.808,11.777
689000.000,1651000.000,633.789,44.458
690000.000,1651000.000,624.537,58.547
691000.000,1651000.000,618.217,0.207
692000.000,1651000.000,606.271,6.948
693000.000,1651000.000,598.479,-36.268
694000.000,1651000.000,593.061,122.135
695000.000,1651000.000,584.666,-54.029
696000.000,1651000.000,577.422,-88.244
697000.000,1651000.000,570.980,-85.002
698000.000,1651000.000,569.618,-28.360
699000.000,1651000.000,563.634,-57.488
700000.000,1651000.000,564.321,-116.790
701000.000,1651000.000,572.578,-142.152
702000.000,1651000.000,560.624,-125.721
703000.000,1651000.000,550.914,-81.019
704000.000,1651000.000,543.289,-104.528
705000.000,1651000.000,539.919,-104.443
706000.000,1651000.000,537.361,-77.623
707000.000,1651000.000,535.487,-104.072
708000.000,1651000.000,531.237,-86.132
709000.000,1651000.000,529.330,-87.498
710000.000,1651000.000,527.962,-78.498
711000.000,1651000.000,525.675,-64.386
641000.000,1650000.000,646.452,-26.434
642000.000,1650000.000,643.292,-50.053
643000.000,1650000.000,645.931,-60.569
644000.000,1650000.000,649.214,-57.296
645000.000,1650000.000,656.321,-49.405
646000.000,1650000.000,661.373,-35.519
647000.000,1650000.000,668.111,-44.169
648000.000,1650000.000,678.872,-15.084
649000.000,1650000.000,682.086,-54.004
650000.000,1650000.000,679.919,-94.960
651000.000,1650000.000,690.879,-109.591
652000.000,1650000.000,694.574,-20.133
653000.000,1650000.000,704.492,29.268
654000.000,1650000.000,712.575,95.501
655000.000,1650000.000,712.439,115.898
656000.000,1650000.000,726.589,118.014
657000.000,1650000.000,745.163,177.711
658000.000,1650000.000,772.760,22.851
659000.000,1650000.000,784.370,-8.454
660000.000,1650000.000,776.493,27.805
661000.000,1650000.000,765.956,21.229
662000.000,1650000.000,765.570,46.288
663000.000,1650000.000,766.587,78.933
664000.000,1650000.000,769.047,116.429
665000.000,1650000.000,773.804,137.324
666000.000,1650000.000,779.911,191.155
667000.000,1650000.000,786.802,228.412
668000.000,1650000.000,799.180,289.042
669000.000,1650000.000,802.418,299.593
670000.000,1650000.000,806.423,314.577
671000.000,1650000.000,815.000,321.815
672000.000,1650000.000,821.608,325.953
673000.000,1650000.000,840.519,323.267
674000.000,1650000.000,820.787,318.553
675000.000,1650000.000,801.530,339.585
676000.000,1650000.000,785.344,348.439
677000.000,1650000.000,737.485,336.723
678000.000,1650000.000,729.440,199.893
679000.000,1650000.000,737.527,187.782
680000.000,1650000.000,702.678,201.827
681000.000,1650000.000,778.952,202.881
682000.000,1650000.000,768.214,219.534
683000.000,1650000.000,730.398,211.516
684000.000,1650000.000,663.807,236.997
685000.000,1650000.000,644.559,237.347
686000.000,1650000.000,644.316,232.253
687000.000,1650000.000,636.981,144.614
688000.000,1650000.000,628.418,43.117
689000.000,1650000.000,622.356,58.253
690000.000,1650000.000,614.226,54.529
691000.000,1650000.000,608.932,64.690
692000.000,1650000.000,609.207,-1.520
693000.000,1650000.000,607.935,-0.596
694000.000,1650000.000,591.038,20.759
695000.000,1650000.000,581.504,-14.704
696000.000,1650000.000,575.429,-34.959
697000.000,1650000.000,570.019,-30.244
698000.000,1650000.000,565.340,-284.192
699000.000,1650000.000,562.185,-168.361
700000.000,1650000.000,556.309,-109.494
701000.000,1650000.000,554.219,-90.669
702000.000,1650000.000,552.710,-89.562
703000.000,1650000.000,549.768,-63.698
704000.000,1650000.000,546.513,-78.157
705000.000,1650000.000,541.968,-52.611
706000.000,1650000.000,537.943,-77.868
707000.000,1650000.000,533.334,-78.335
708000.000,1650000.000,531.688,-113.025
709000.000,1650000.000,531.193,-110.135
710000.000,1650000.000,529.271,-89.033
711000.000,1650000.000,530.393,-75.567
641000.000,1649000.000,650.229,-61.796
642000.000,1649000.000,649.963,-35.984
643000.000,1649000.000,653.480,-49.158
644000.000,1649000.000,651.028,-69.530
645000.000,1649000.000,655.015,-40.841
646000.000,1649000.000,658.272,-67.749
647000.000,1649000.000,663.043,-38.411
648000.000,1649000.000,667.518,-28.659
649000.000,1649000.000,671.271,-12.481
650000.000,1649000.000,677.098,11.379
651000.000,1649000.000,683.346,-17.884
652000.000,1649000.000,690.673,-136.297
653000.000,1649000.000,698.021,-84.704
654000.000,1649000.000,708.202,-66.422
655000.000,1649000.000,727.979,-100.144
656000.000,1649000.000,737.515,-53.739
657000.000,1649000.000,764.799,160.226
658000.000,1649000.000,785.332,-11.046
659000.000,1649000.000,783.754,27.862
660000.000,1649000.000,777.275,25.437
661000.000,1649000.000,769.599,22.795
662000.000,1649000.000,772.932,25.340
663000.000,1649000.000,776.426,41.810
664000.000,1649000.000,774.109,110.183
665000.000,1649000.000,779.754,91.066
666000.000,1649000.000,782.092,111.783
667000.000,1649000.000,793.283,158.486
668000.000,1649000.000,811.369,175.895
669000.000,1649000.000,814.104,219.894
670000.000,1649000.000,816.018,239.190
671000.000,1649000.000,833.792,237.251
672000.000,1649000.000,833.734,247.212
673000.000,1649000.000,845.869,255.602
674000.000,1649000.000,849.278,256.432
675000.000,1649000.000,835.738,244.185
676000.000,1649000.000,820.880,273.828
677000.000,1649000.000,777.988,319.472
678000.000,1649000.000,793.871,303.157
679000.000,1649000.000,773.207,181.927
680000.000,1649000.000,765.191,166.780
681000.000,1649000.000,777.118,171.361
682000.000,1649000.000,780.890,168.730
683000.000,1649000.000,772.590,175.622
684000.000,1649000.000,738.900,181.170
685000.000,1649000.000,687.046,168.707
686000.000,1649000.000,637.922,202.675
687000.000,1649000.000,623.360,212.689
688000.000,1649000.000,620.583,135.148
689000.000,1649000.000,615.547,60.923
690000.000,1649000.000,608.089,11.269
691000.000,1649000.000,603.840,52.500
692000.000,1649000.000,598.991,76.017
693000.000,1649000.000,595.301,40.841
694000.000,1649000.000,585.437,38.739
695000.000,1649000.000,581.241,2.249
696000.000,1649000.000,577.427,-5.787
697000.000,1649000.000,575.476,-46.928
698000.000,1649000.000,570.759,-38.153
699000.000,1649000.000,561.919,-25.951
700000.000,1649000.000,559.149,-70.230
701000.000,1649000.000,554.851,-47.960
702000.000,1649000.000,550.129,-58.379
703000.000,1649000.000,546.658,-38.849
704000.000,1649000.000,542.835,-118.650
705000.000,1649000.000,539.874,-119.703
706000.000,1649000.000,536.653,-159.560
707000.000,1649000.000,536.306,-156.265
708000.000,1649000.000,536.916,-158.139
709000.000,1649000.000,534.668,-133.753
710000.000,1649000.000,529.412,-129.021
711000.000,1649000.000,533.001,-113.737
641000.000,1648000.000,654.945,-40.637
642000.000,1648000.000,659.540,-73.325
643000.000,1648000.000,660.863,-47.247
644000.000,1648000.000,658.212,-44.931
645000.000,1648000.000,659.210,-19.024
646000.000,1648000.000,662.214,60.018
647000.000,1648000.000,663.672,-90.799
648000.000,1648000.000,667.174,-91.823
649000.000,1648000.000,673.330,-40.722
650000.000,1648000.000,678.627,-74.605
651000.000,1648000.000,688.943,-70.378
652000.000,1648000.000,700.774,-187.074
653000.000,1648000.000,726.967,-152.783
654000.000,1648000.000,736.042,-115.425
655000.000,1648000.000,747.031,-52.767
656000.000,1648000.000,754.076,-79.632
657000.000,1648000.000,756.858,-26.069
658000.000,1648000.000,771.271,0.516
659000.000,1648000.000,779.580,-3.709
660000.000,1648000.000,775.166,11.106
661000.000,1648000.000,776.342,12.150
662000.000,1648000.000,777.252,2.247
663000.000,1648000.000,787.266,73.193
664000.000,1648000.000,787.166,67.384
665000.000,1648000.000,784.072,103.309
666000.000,1648000.000,788.119,130.717
667000.000,1648000.000,790.772,122.141
668000.000,1648000.000,811.840,148.987
669000.000,1648000.000,828.486,171.855
670000.000,1648000.000,830.482,190.331
671000.000,1648000.000,848.334,201.157
672000.000,1648000.000,858.969,210.109
673000.000,1648000.000,854.772,211.432
674000.000,1648000.000,855.483,211.825
675000.000,1648000.000,840.621,218.301
676000.000,1648000.000,840.482,219.554
677000.000,1648000.000,825.698,205.658
678000.000,1648000.000,818.970,212.365
679000.000,1648000.000,807.099,158.371
680000.000,1648000.000,784.339,161.892
681000.000,1648000.000,719.766,174.575
682000.000,1648000.000,716.509,179.035
683000.000,1648000.000,688.104,178.932
684000.000,1648000.000,710.074,184.549
685000.000,1648000.000,705.816,147.214
686000.000,1648000.000,656.628,110.284
687000.000,1648000.000,619.799,203.206
688000.000,1648000.000,615.371,222.665
689000.000,1648000.000,614.237,148.495
690000.000,1648000.000,608.945,154.930
691000.000,1648000.000,603.758,83.755
692000.000,1648000.000,597.997,65.672
693000.000,1648000.000,593.455,67.508
694000.000,1648000.000,591.485,16.521
695000.000,1648000.000,588.503,54.755
696000.000,1648000.000,582.598,31.573
697000.000,1648000.000,577.803,99.986
698000.000,1648000.000,571.816,4.447
699000.000,1648000.000,565.352,-58.246
700000.000,1648000.000,559.457,-96.773
701000.000,1648000.000,554.113,-121.715
702000.000,1648000.000,549.601,-74.534
703000.000,1648000.000,546.185,-174.646
704000.000,1648000.000,542.184,-124.854
705000.000,1648000.000,541.362,-141.458
706000.000,1648000.000,538.506,-126.006
707000.000,1648000.000,541.335,-113.821
708000.000,1648000.000,538.761,-117.146
709000.000,1648000.000,534.566,-164.896
710000.000,1648000.000,531.364,-134.371
711000.000,1648000.000,536.562,-126.291
641000.000,1647000.000,656.910,-11.544
642000.000,1647000.000,667.081,-41.334
643000.000,1647000.000,672.300,-48.228
644000.000,1647000.000,665.504,-22.276
645000.000,1647000.000,667.806,-47.756
646000.000,1647000.000,668.364,-58.378
647000.000,1647000.000,674.525,14.815
648000.000,1647000.000,689.717,-70.736
649000.000,1647000.000,674.411,-78.363
650000.000,1647000.000,679.118,-86.892
651000.000,1647000.000,683.573,-63.145
652000.000,1647000.000,696.006,-73.045
653000.000,1647000.000,729.047,-150.655
654000.000,1647000.000,722.447,-129.929
655000.000,1647000.000,744.030,-114.387
656000.000,1647000.000,779.112,-61.571
657000.000,1647000.000,778.916,-96.523
658000.000,1647000.000,788.264,-5.576
659000.000,1647000.000,783.306,-5.075
660000.000,1647000.000,782.570,-36.550
661000.000,1647000.000,779.814,10.220
662000.000,1647000.000,778.814,40.600
663000.000,1647000.000,770.532,18.336
664000.000,1647000.000,785.579,38.616
665000.000,1647000.000,790.144,77.937
666000.000,1647000.000,800.188,45.842
667000.000,1647000.000,806.169,66.542
668000.000,1647000.000,813.344,73.798
669000.000,1647000.000,835.236,121.327
670000.000,1647000.000,839.878,143.618
671000.000,1647000.000,818.410,167.103
672000.000,1647000.000,813.528,178.405
673000.000,1647000.000,823.341,182.517
674000.000,1647000.000,835.520,184.267
675000.000,1647000.000,829.001,193.213
676000.000,1647000.000,784.254,201.754
677000.000,1647000.000,768.190,207.324
678000.000,1647000.000,741.683,280.581
679000.000,1647000.000,741.375,215.306
680000.000,1647000.000,705.684,165.412
681000.000,1647000.000,669.119,157.156
682000.000,1647000.000,658.834,129.423
683000.000,1647000.000,654.306,125.420
684000.000,1647000.000,656.447,110.995
685000.000,1647000.000,647.064,163.723
686000.000,1647000.000,621.545,150.526
687000.000,1647000.000,623.003,78.632
688000.000,1647000.000,612.151,149.068
689000.000,1647000.000,607.022,206.449
690000.000,1647000.000,605.801,191.905
691000.000,1647000.000,600.945,95.739
692000.000,1647000.000,595.333,37.129
693000.000,1647000.000,592.209,26.117
694000.000,1647000.000,590.663,30.295
695000.000,1647000.000,585.532,36.436
696000.000,1647000.000,582.410,24.985
697000.000,1647000.000,576.930,43.007
698000.000,1647000.000,568.846,92.129
699000.000,1647000.000,565.415,88.864
700000.000,1647000.000,560.740,-143.432
701000.000,1647000.000,558.632,-283.407
702000.000,1647000.000,557.979,-93.044
703000.000,1647000.000,551.174,-59.482
704000.000,1647000.000,549.194,-112.393
705000.000,1647000.000,542.600,-109.219
706000.000,1647000.000,540.098,-132.463
707000.000,1647000.000,541.528,-205.789
708000.000,1647000.000,539.750,-146.360
709000.000,1647000.000,535.932,-115.226
710000.000,1647000.000,536.634,-165.278
711000.000,1647000.000,540.103,-127.866
641000.000,1646000.000,665.833,-20.211
642000.000,1646000.000,674.192,-20.920
643000.000,1646000.000,682.203,-41.459
644000.000,1646000.000,676.865,-37.587
645000.000,1646000.000,676.278,-4.998
646000.000,1646000.000,673.327,-29.781
647000.000,1646000.000,680.050,-41.062
648000.000,1646000.000,692.923,-310.992
649000.000,1646000.000,684.521,-99.427
650000.000,1646000.000,696.098,-70.374
651000.000,1646000.000,705.725,-154.007
652000.000,1646000.000,693.476,-92.484
653000.000,1646000.000,697.300,11.143
654000.000,1646000.000,706.042,-107.377
655000.000,1646000.000,720.807,-81.342
656000.000,1646000.000,747.828,-66.927
657000.000,1646000.000,778.422,-58.043
658000.000,1646000.000,794.278,-49.319
659000.000,1646000.000,794.014,-69.491
660000.000,1646000.000,779.969,-57.087
661000.000,1646000.000,777.281,-27.549
662000.000,1646000.000,770.878,-8.428
663000.000,1646000.000,761.527,19.934
664000.000,1646000.000,766.390,41.892
665000.000,1646000.000,800.115,37.649
666000.000,1646000.000,791.189,192.055
667000.000,1646000.000,812.109,52.744
668000.000,1646000.000,792.556,77.427
669000.000,1646000.000,787.874,92.661
670000.000,1646000.000,791.959,117.588
671000.000,1646000.000,795.697,131.461
672000.000,1646000.000,814.226,146.211
673000.000,1646000.000,821.687,154.745
674000.000,1646000.000,819.962,156.895
675000.000,1646000.000,818.419,156.807
676000.000,1646000.000,801.485,161.679
677000.000,1646000.000,795.899,162.448
678000.000,1646000.000,755.656,172.269
679000.000,1646000.000,739.801,189.999
680000.000,1646000.000,699.776,151.365
681000.000,1646000.000,744.506,90.976
682000.000,1646000.000,762.362,90.051
683000.000,1646000.000,772.585,74.705
684000.000,1646000.000,716.043,99.282
685000.000,1646000.000,752.442,87.949
686000.000,1646000.000,731.637,87.663
687000.000,1646000.000,676.516,63.518
688000.000,1646000.000,624.790,108.086
689000.000,1646000.000,620.811,128.582
690000.000,1646000.000,603.879,139.262
691000.000,1646000.000,598.509,190.973
692000.000,1646000.000,594.504,121.529
693000.000,1646000.000,588.095,73.186
694000.000,1646000.000,582.970,84.340
695000.000,1646000.000,579.532,34.318
696000.000,1646000.000,576.456,91.523
697000.000,1646000.000,576.291,108.144
698000.000,1646000.000,573.201,73.693
699000.000,1646000.000,570.641,7.155
700000.000,1646000.000,569.100,-55.450
701000.000,1646000.000,565.571,59.854
702000.000,1646000.000,558.693,-15.311
703000.000,1646000.000,554.489,-43.838
704000.000,1646000.000,545.689,-74.014
705000.000,1646000.000,542.356,-84.559
706000.000,1646000.000,544.617,-119.934
707000.000,1646000.000,542.790,-83.921
708000.000,1646000.000,540.157,-78.031
709000.000,1646000.000,538.170,-89.621
710000.000,1646000.000,542.443,-116.466
711000.000,1646000.000,541.091,-141.830
641000.000,1645000.000,669.503,-18.750
642000.000,1645000.000,671.732,-14.697
643000.000,1645000.000,680.016,1.886
644000.000,1645000.000,689.023,-11.489
645000.000,1645000.000,689.760,-18.765
646000.000,1645000.000,687.581,-32.581
647000.000,1645000.000,689.089,-16.459
648000.000,1645000.000,699.007,41.363
649000.000,1645000.000,697.265,-45.216
650000.000,1645000.000,712.129,-51.455
651000.000,1645000.000,703.670,-79.535
652000.000,1645000.000,712.158,-46.930
653000.000,1645000.000,702.310,-55.514
654000.000,1645000.000,705.110,-4.686
655000.000,1645000.000,719.470,-77.929
656000.000,1645000.000,758.784,-79.852
657000.000,1645000.000,756.041,-89.297
658000.000,1645000.000,787.708,-58.250
659000.000,1645000.000,789.044,-71.980
660000.000,1645000.000,768.999,-94.244
661000.000,1645000.000,776.419,-16.177
662000.000,1645000.000,757.225,-31.176
663000.000,1645000.000,747.631,-13.047
664000.000,1645000.000,747.413,76.594
665000.000,1645000.000,762.390,43.739
666000.000,1645000.000,773.228,52.743
667000.000,1645000.000,758.807,79.530
668000.000,1645000.000,758.537,104.537
669000.000,1645000.000,770.101,61.578
670000.000,1645000.000,783.104,68.068
671000.000,1645000.000,794.271,93.803
672000.000,1645000.000,758.531,107.249
673000.000,1645000.000,818.739,118.374
674000.000,1645000.000,805.177,123.650
675000.000,1645000.000,788.123,121.154
676000.000,1645000.000,848.992,124.245
677000.000,1645000.000,849.413,130.612
678000.000,1645000.000,811.893,136.346
679000.000,1645000.000,796.111,144.136
680000.000,1645000.000,733.318,126.211
681000.000,1645000.000,694.835,114.057
682000.000,1645000.000,719.320,91.702
683000.000,1645000.000,726.985,86.337
684000.000,1645000.000,710.288,83.545
685000.000,1645000.000,684.713,97.883
686000.000,1645000.000,667.518,110.033
687000.000,1645000.000,650.594,130.702
688000.000,1645000.000,643.135,91.047
689000.000,1645000.000,648.131,98.573
690000.000,1645000.000,661.775,108.289
691000.000,1645000.000,611.358,122.162
692000.000,1645000.000,591.989,183.965
693000.000,1645000.000,588.744,198.399
694000.000,1645000.000,584.103,140.884
695000.000,1645000.000,580.185,84.227
696000.000,1645000.000,575.812,46.587
697000.000,1645000.000,571.122,22.091
698000.000,1645000.000,568.746,-66.732
699000.000,1645000.000,564.867,-53.568
700000.000,1645000.000,564.438,10.778
701000.000,1645000.000,559.597,75.192
702000.000,1645000.000,554.037,-31.406
703000.000,1645000.000,549.057,-32.717
704000.000,1645000.000,545.428,-78.946
705000.000,1645000.000,543.902,-81.895
706000.000,1645000.000,545.035,-87.411
707000.000,1645000.000,544.865,-94.828
708000.000,1645000.000,542.700,-119.586
709000.000,1645000.000,540.545,-159.759
710000.000,1645000.000,546.075,-180.412
711000.000,1645000.000,541.251,-92.253
641000.000,1644000.000,679.806,-25.586
642000.000,1644000.000,673.337,-26.882
643000.000,1644000.000,679.026,-1.805
644000.000,1644000.000,681.227,23.188
645000.000,1644000.000,684.762,11.706
646000.000,1644000.000,690.717,-9.723
647000.000,1644000.000,693.703,12.922
648000.000,1644000.000,697.283,62.522
649000.000,1644000.000,701.598,71.872
650000.000,1644000.000,707.736,62.351
651000.000,1644000.000,711.888,114.869
652000.000,1644000.000,715.154,25.595
653000.000,1644000.000,715.551,-58.139
654000.000,1644000.000,721.462,-54.195
655000.000,1644000.000,739.813,-30.932
656000.000,1644000.000,721.658,-45.795
657000.000,1644000.000,730.934,-15.270
658000.000,1644000.000,760.316,-61.917
659000.000,1644000.000,769.524,-25.906
660000.000,1644000.000,763.572,-3.885
661000.000,1644000.000,751.492,-40.029
662000.000,1644000.000,745.498,-28.101
663000.000,1644000.000,750.161,-19.983
664000.000,1644000.000,735.400,11.809
665000.000,1644000.000,746.870,38.733
666000.000,1644000.000,742.173,62.089
667000.000,1644000.000,726.759,55.662
668000.000,1644000.000,734.418,43.237
669000.000,1644000.000,746.529,45.322
670000.000,1644000.000,766.474,62.506
671000.000,1644000.000,763.310,60.411
672000.000,1644000.000,756.661,62.899
673000.000,1644000.000,744.189,79.037
674000.000,1644000.000,763.398,88.974
675000.000,1644000.000,724.420,94.296
676000.000,1644000.000,783.401,100.464
677000.000,1644000.000,803.756,99.743
678000.000,1644000.000,742.149,111.589
679000.000,1644000.000,721.943,118.149
680000.000,1644000.000,793.970,118.776
681000.000,1644000.000,673.608,131.293
682000.000,1644000.000,699.264,104.171
683000.000,1644000.000,684.258,94.443
684000.000,1644000.000,675.219,100.993
685000.000,1644000.000,653.507,111.936
686000.000,1644000.000,644.669,120.702
687000.000,1644000.000,634.606,97.613
688000.000,1644000.000,636.824,92.824
689000.000,1644000.000,630.669,57.283
690000.000,1644000.000,620.007,72.969
691000.000,1644000.000,627.994,66.351
692000.000,1644000.000,625.424,57.807
693000.000,1644000.000,592.034,101.488
694000.000,1644000.000,583.211,101.629
695000.000,1644000.000,577.631,107.342
696000.000,1644000.000,575.058,43.722
697000.000,1644000.000,571.342,31.524
698000.000,1644000.000,565.924,100.745
699000.000,1644000.000,562.889,89.782
700000.000,1644000.000,558.278,44.022
701000.000,1644000.000,554.975,-23.365
702000.000,1644000.000,552.051,-48.462
703000.000,1644000.000,548.711,-64.134
704000.000,1644000.000,547.634,-35.626
705000.000,1644000.000,545.733,-100.385
706000.000,1644000.000,548.124,-121.428
707000.000,1644000.000,546.840,-120.350
708000.000,1644000.000,544.331,-81.917
709000.000,1644000.000,545.470,-113.812
710000.000,1644000.000,548.645,-143.563
711000.000,1644000.000,542.617,-103.664
641000.000,1643000.000,684.949,-19.580
642000.000,1643000.000,682.913,-58.452
643000.000,1643000.000,681.874,-32.540
644000.000,1643000.000,686.737,-34.612
645000.000,1643000.000,690.787,-42.828
646000.000,1643000.000,697.345,-37.482
647000.000,1643000.000,695.764,-29.915
648000.000,1643000.000,706.413,9.041
649000.000,1643000.000,709.457,95.223
650000.000,1643000.000,713.499,83.460
651000.000,1643000.000,718.016,3.731
652000.000,1643000.000,718.734,3.974
653000.000,1643000.000,726.420,-29.599
654000.000,1643000.000,733.427,-36.253
655000.000,1643000.000,737.564,-55.449
656000.000,1643000.000,765.915,-79.884
657000.000,1643000.000,778.799,-88.678
658000.000,1643000.000,742.924,-27.218
659000.000,1643000.000,746.601,-21.406
660000.000,1643000.000,755.628,-48.418
661000.000,1643000.000,746.046,-63.980
662000.000,1643000.000,737.709,-47.579
663000.000,1643000.000,735.200,-6.798
664000.000,1643000.000,724.001,20.402
665000.000,1643000.000,731.866,32.690
666000.000,1643000.000,734.464,3.257
667000.000,1643000.000,715.186,12.114
668000.000,1643000.000,745.460,14.000
669000.000,1643000.000,727.685,30.049
670000.000,1643000.000,729.282,37.191
671000.000,1643000.000,743.316,48.404
672000.000,1643000.000,741.973,58.169
673000.000,1643000.000,732.804,65.843
674000.000,1643000.000,763.767,70.173
675000.000,1643000.000,725.275,90.768
676000.000,1643000.000,705.847,95.436
677000.000,1643000.000,702.820,95.123
678000.000,1643000.000,686.186,86.335
679000.000,1643000.000,672.742,94.653
680000.000,1643000.000,684.783,101.662
681000.000,1643000.000,665.248,86.145
682000.000,1643000.000,654.108,117.731
683000.000,1643000.000,648.245,114.277
684000.000,1643000.000,657.547,94.989
685000.000,1643000.000,656.653,80.697
686000.000,1643000.000,654.235,62.737
687000.000,1643000.000,637.324,28.583
688000.000,1643000.000,624.133,102.110
689000.000,1643000.000,626.984,37.965
690000.000,1643000.000,641.594,28.315
691000.000,1643000.000,620.017,28.746
692000.000,1643000.000,649.295,32.484
693000.000,1643000.000,639.640,39.785
694000.000,1643000.000,620.055,13.140
695000.000,1643000.000,578.502,41.904
696000.000,1643000.000,572.014,75.484
697000.000,1643000.000,569.762,86.692
698000.000,1643000.000,567.166,87.880
699000.000,1643000.000,559.664,43.627
700000.000,1643000.000,556.051,22.597
701000.000,1643000.000,553.445,-9.439
702000.000,1643000.000,551.368,-21.860
703000.000,1643000.000,550.217,-22.711
704000.000,1643000.000,548.488,-65.554
705000.000,1643000.000,550.158,-46.068
706000.000,1643000.000,550.974,-70.432
707000.000,1643000.000,547.355,-57.771
708000.000,1643000.000,554.235,-99.615
709000.000,1643000.000,550.874,-130.772
710000.000,1643000.000,550.370,-104.470
711000.000,1643000.000,547.039,-135.335
641000.000,1642000.000,693.477,-24.039
642000.000,1642000.000,692.198,-16.137
643000.000,1642000.000,689.459,-33.694
644000.000,1642000.000,692.235,-21.789
645000.000,1642000.000,694.207,-44.671
646000.000,1642000.000,702.221,-65.254
647000.000,1642000.000,706.395,-0.699
648000.000,1642000.000,712.515,18.177
649000.000,1642000.000,751.917,57.459
650000.000,1642000.000,716.603,-30.729
651000.000,1642000.000,726.818,-95.210
652000.000,1642000.000,736.799,-121.663
653000.000,1642000.000,732.486,-32.432
654000.000,1642000.000,739.261,20.748
655000.000,1642000.000,753.574,44.352
656000.000,1642000.000,789.818,-49.314
657000.000,1642000.000,776.251,25.581
658000.000,1642000.000,766.064,-84.504
659000.000,1642000.000,768.143,-151.016
660000.000,1642000.000,754.853,-89.075
661000.000,1642000.000,752.640,-61.885
662000.000,1642000.000,744.728,-22.035
663000.000,1642000.000,728.098,-13.373
664000.000,1642000.000,721.512,-43.393
665000.000,1642000.000,726.254,-22.598
666000.000,1642000.000,724.708,5.187
667000.000,1642000.000,711.075,-15.298
668000.000,1642000.000,729.975,-7.273
669000.000,1642000.000,721.631,-3.292
670000.000,1642000.000,709.823,-3.789
671000.000,1642000.000,717.963,-28.234
672000.000,1642000.000,714.319,17.552
673000.000,1642000.000,706.126,42.629
674000.000,1642000.000,699.729,50.804
675000.000,1642000.000,686.907,49.225
676000.000,1642000.000,681.771,52.093
677000.000,1642000.000,675.974,85.385
678000.000,1642000.000,664.607,78.217
679000.000,1642000.000,658.525,48.346
680000.000,1642000.000,667.547,48.430
681000.000,1642000.000,685.318,59.920
682000.000,1642000.000,663.016,62.998
683000.000,1642000.000,650.583,69.725
684000.000,1642000.000,685.443,66.818
685000.000,1642000.000,676.589,57.665
686000.000,1642000.000,632.944,46.972
687000.000,1642000.000,671.418,54.398
688000.000,1642000.000,638.490,39.390
689000.000,1642000.000,626.037,22.824
690000.000,1642000.000,648.755,26.700
691000.000,1642000.000,627.572,53.151
692000.000,1642000.000,605.050,19.345
693000.000,1642000.000,629.277,38.768
694000.000,1642000.000,593.525,26.983
695000.000,1642000.000,600.286,-33.833
696000.000,1642000.000,574.527,-3.720
697000.000,1642000.000,566.020,13.459
698000.000,1642000.000,562.799,47.733
699000.000,1642000.000,559.549,78.277
700000.000,1642000.000,556.844,12.009
701000.000,1642000.000,556.021,-17.453
702000.000,1642000.000,553.794,2.960
703000.000,1642000.000,551.167,-31.458
704000.000,1642000.000,553.656,-52.339
705000.000,1642000.000,555.279,-126.425
706000.000,1642000.000,552.944,-149.002
707000.000,1642000.000,549.607,-141.558
708000.000,1642000.000,556.394,-133.025
709000.000,1642000.000,557.415,-67.948
710000.000,1642000.000,551.687,-101.560
711000.000,1642000.000,553.533,-97.808
641000.000,1641000.000,700.328,-42.692
642000.000,1641000.000,702.030,-23.413
643000.000,1641000.000,701.559,-16.030
644000.000,1641000.000,703.189,-13.680
645000.000,1641000.000,704.631,-39.126
646000.000,1641000.000,707.420,-11.243
647000.000,1641000.000,714.479,-19.199
648000.000,1641000.000,722.727,-24.341
649000.000,1641000.000,745.699,22.775
650000.000,1641000.000,731.165,22.963
651000.000,1641000.000,736.766,-104.954
652000.000,1641000.000,736.496,-50.005
653000.000,1641000.000,745.444,-7.859
654000.000,1641000.000,742.022,-17.280
655000.000,1641000.000,758.008,-23.838
656000.000,1641000.000,771.346,-37.048
657000.000,1641000.000,778.563,-22.068
658000.000,1641000.000,772.648,-54.798
659000.000,1641000.000,764.286,-9.211
660000.000,1641000.000,753.029,-60.922
661000.000,1641000.000,745.444,-59.286
662000.000,1641000.000,737.765,-86.130
663000.000,1641000.000,731.778,-77.226
664000.000,1641000.000,723.467,-58.200
665000.000,1641000.000,714.709,-67.961
666000.000,1641000.000,711.050,-42.686
667000.000,1641000.000,703.618,-40.086
668000.000,1641000.000,717.013,-63.347
669000.000,1641000.000,707.454,-19.641
670000.000,1641000.000,699.831,9.896
671000.000,1641000.000,696.251,23.451
672000.000,1641000.000,697.957,-74.883
673000.000,1641000.000,699.009,-80.245
674000.000,1641000.000,712.023,-6.519
675000.000,1641000.000,723.220,-5.435
676000.000,1641000.000,715.032,-11.623
677000.000,1641000.000,748.205,-24.570
678000.000,1641000.000,702.996,5.066
679000.000,1641000.000,684.769,4.373
680000.000,1641000.000,649.365,43.184
681000.000,1641000.000,658.801,59.053
682000.000,1641000.000,638.594,60.916
683000.000,1641000.000,633.992,46.522
684000.000,1641000.000,638.990,35.956
685000.000,1641000.000,633.743,46.659
686000.000,1641000.000,618.376,37.728
687000.000,1641000.000,612.078,40.659
688000.000,1641000.000,603.902,46.932
689000.000,1641000.000,601.201,62.455
690000.000,1641000.000,596.040,64.773
691000.000,1641000.000,600.596,29.162
692000.000,1641000.000,586.373,22.736
693000.000,1641000.000,580.334,42.264
694000.000,1641000.000,577.070,-2.242
695000.000,1641000.000,572.232,-26.008
696000.000,1641000.000,570.116,8.729
697000.000,1641000.000,564.131,31.714
698000.000,1641000.000,561.553,36.241
699000.000,1641000.000,559.798,52.246
700000.000,1641000.000,560.605,49.948
701000.000,1641000.000,558.278,41.006
702000.000,1641000.000,560.172,29.378
703000.000,1641000.000,555.878,64.770
704000.000,1641000.000,557.583,13.114
705000.000,1641000.000,558.177,-45.785
706000.000,1641000.000,554.198,-66.103
707000.000,1641000.000,556.072,-106.846
708000.000,1641000.000,556.423,-113.223
709000.000,1641000.000,562.341,-119.890
710000.000,1641000.000,558.971,-106.493
711000.000,1641000.000,558.742,-105.523
641000.000,1640000.000,693.373,-79.896
642000.000,1640000.000,694.748,-50.938
643000.000,1640000.000,691.122,-37.876
644000.000,1640000.000,691.146,-42.194
645000.000,1640000.000,698.489,-40.105
646000.000,1640000.000,701.395,-24.927
647000.000,1640000.000,712.485,-93.171
648000.000,1640000.000,716.149,-85.087
649000.000,1640000.000,720.819,-55.715
650000.000,1640000.000,722.942,-25.437
651000.000,1640000.000,723.243,74.636
652000.000,1640000.000,728.467,13.319
653000.000,1640000.000,735.874,-15.027
654000.000,1640000.000,744.458,-40.491
655000.000,1640000.000,751.401,-33.765
656000.000,1640000.000,765.821,15.121
657000.000,1640000.000,790.269,-34.073
658000.000,1640000.000,775.843,-174.936
659000.000,1640000.000,778.095,-198.093
660000.000,1640000.000,765.565,-165.016
661000.000,1640000.000,748.278,-104.607
662000.000,1640000.000,742.946,-102.148
663000.000,1640000.000,725.223,-93.064
664000.000,1640000.000,728.950,-48.618
665000.000,1640000.000,705.456,-41.406
666000.000,1640000.000,702.598,-19.207
667000.000,1640000.000,695.783,-38.656
668000.000,1640000.000,699.265,-32.126
669000.000,1640000.000,698.212,-57.320
670000.000,1640000.000,699.886,-36.209
671000.000,1640000.000,690.506,-19.582
672000.000,1640000.000,688.667,6.274
673000.000,1640000.000,690.357,18.926
674000.000,1640000.000,688.914,-34.949
675000.000,1640000.000,695.588,-3.361
676000.000,1640000.000,685.867,7.029
677000.000,1640000.000,694.820,11.204
678000.000,1640000.000,710.760,-18.275
679000.000,1640000.000,715.826,5.244
680000.000,1640000.000,679.135,13.582
681000.000,1640000.000,684.080,33.228
682000.000,1640000.000,642.524,40.322
683000.000,1640000.000,626.402,43.057
684000.000,1640000.000,620.773,56.398
685000.000,1640000.000,625.919,80.763
686000.000,1640000.000,621.042,57.578
687000.000,1640000.000,609.921,44.748
688000.000,1640000.000,610.593,4.734
689000.000,1640000.000,605.482,10.797
690000.000,1640000.000,589.580,-4.163
691000.000,1640000.000,586.620,-21.023
692000.000,1640000.000,580.474,-6.875
693000.000,1640000.000,574.581,12.213
694000.000,1640000.000,573.903,8.144
695000.000,1640000.000,567.975,47.183
696000.000,1640000.000,566.849,34.745
697000.000,1640000.000,565.490,-4.100
698000.000,1640000.000,564.580,-38.014
699000.000,1640000.000,563.945,-71.635
700000.000,1640000.000,567.644,-45.003
701000.000,1640000.000,564.367,-9.545
702000.000,1640000.000,566.459,-4.425
703000.000,1640000.000,563.261,6.680
704000.000,1640000.000,558.431,29.397
705000.000,1640000.000,562.546,73.136
706000.000,1640000.000,558.069,44.290
707000.000,1640000.000,558.418,-28.789
708000.000,1640000.000,562.533,-44.318
709000.000,1640000.000,567.129,-97.602
710000.000,1640000.000,564.649,-118.615
711000.000,1640000.000,558.425,-93.682
641000.000,1639000.000,683.094,-64.344
642000.000,1639000.000,683.357,-68.272
643000.000,1639000.000,686.743,-51.843
644000.000,1639000.000,694.403,-40.801
645000.000,1639000.000,695.932,-26.092
646000.000,1639000.000,701.685,-1.944
647000.000,1639000.000,704.577,3.126
648000.000,1639000.000,708.513,-8.282
649000.000,1639000.000,714.572,-43.145
650000.000,1639000.000,729.408,-14.137
651000.000,1639000.000,737.923,-64.528
652000.000,1639000.000,735.483,-42.802
653000.000,1639000.000,736.645,-23.733
654000.000,1639000.000,746.125,-49.253
655000.000,1639000.000,763.312,-88.931
656000.000,1639000.000,778.023,-143.869
657000.000,1639000.000,792.904,-122.713
658000.000,1639000.000,794.323,-131.583
659000.000,1639000.000,813.487,-22.972
660000.000,1639000.000,841.806,-17.231
661000.000,1639000.000,777.316,-102.272
662000.000,1639000.000,727.832,-89.442
663000.000,1639000.000,722.843,-51.415
664000.000,1639000.000,727.711,-9.244
665000.000,1639000.000,715.214,-29.540
666000.000,1639000.000,696.459,-58.902
667000.000,1639000.000,690.514,-52.897
668000.000,1639000.000,691.544,-57.347
669000.000,1639000.000,691.282,-66.967
670000.000,1639000.000,704.477,-65.971
671000.000,1639000.000,708.061,-41.810
672000.000,1639000.000,682.086,-47.609
673000.000,1639000.000,679.194,-28.399
674000.000,1639000.000,675.527,-24.624
675000.000,1639000.000,680.283,-25.175
676000.000,1639000.000,694.599,-9.181
677000.000,1639000.000,676.312,20.071
678000.000,1639000.000,686.231,25.947
679000.000,1639000.000,696.217,15.495
680000.000,1639000.000,694.171,6.667
681000.000,1639000.000,674.954,12.671
682000.000,1639000.000,671.986,21.940
683000.000,1639000.000,639.425,26.310
684000.000,1639000.000,638.616,24.618
685000.000,1639000.000,616.909,44.482
686000.000,1639000.000,607.654,51.774
687000.000,1639000.000,608.451,59.485
688000.000,1639000.000,597.242,20.703
689000.000,1639000.000,603.327,19.509
690000.000,1639000.000,597.482,-9.426
691000.000,1639000.000,581.818,-20.123
692000.000,1639000.000,576.538,18.694
693000.000,1639000.000,572.644,43.265
694000.000,1639000.000,572.482,-5.019
695000.000,1639000.000,571.821,-48.509
696000.000,1639000.000,569.490,-58.448
697000.000,1639000.000,572.572,-28.854
698000.000,1639000.000,571.077,-83.994
699000.000,1639000.000,570.000,-64.201
700000.000,1639000.000,575.787,-52.144
701000.000,1639000.000,572.285,-43.653
702000.000,1639000.000,570.850,7.172
703000.000,1639000.000,564.868,-123.641
704000.000,1639000.000,561.816,-48.888
705000.000,1639000.000,564.785,-8.047
706000.000,1639000.000,563.922,-35.175
707000.000,1639000.000,560.863,-79.141
708000.000,1639000.000,561.759,-14.972
709000.000,1639000.000,567.770,-46.626
710000.000,1639000.000,566.752,-118.161
711000.000,1639000.000,565.144,-100.530
641000.000,1638000.000,678.556,-94.855
642000.000,1638000.000,682.163,-50.346
643000.000,1638000.000,688.332,-80.109
644000.000,1638000.000,697.203,-65.494
645000.000,1638000.000,708.247,-80.638
646000.000,1638000.000,707.569,-55.363
647000.000,1638000.000,707.677,-38.202
648000.000,1638000.000,714.861,-32.757
649000.000,1638000.000,724.092,-35.501
650000.000,1638000.000,753.429,-71.545
651000.000,1638000.000,757.258,-92.494
652000.000,1638000.000,753.470,-58.006
653000.000,1638000.000,744.672,-62.292
654000.000,1638000.000,743.330,15.034
655000.000,1638000.000,750.709,62.772
656000.000,1638000.000,766.251,71.515
657000.000,1638000.000,772.464,-13.458
658000.000,1638000.000,814.365,14.251
659000.000,1638000.000,784.614,-43.500
660000.000,1638000.000,762.615,-69.877
661000.000,1638000.000,768.998,-121.202
662000.000,1638000.000,721.625,-105.033
663000.000,1638000.000,710.463,-47.198
664000.000,1638000.000,716.129,-102.691
665000.000,1638000.000,710.416,-77.924
666000.000,1638000.000,704.354,-77.544
667000.000,1638000.000,690.302,-98.621
668000.000,1638000.000,681.263,-83.022
669000.000,1638000.000,682.939,-95.993
670000.000,1638000.000,692.382,-82.046
671000.000,1638000.000,700.108,-86.815
672000.000,1638000.000,688.081,-51.659
673000.000,1638000.000,677.503,-40.031
674000.000,1638000.000,667.061,-46.528
675000.000,1638000.000,663.841,-21.134
676000.000,1638000.000,687.370,-24.006
677000.000,1638000.000,655.686,-17.749
678000.000,1638000.000,661.328,-8.198
679000.000,1638000.000,694.216,34.077
680000.000,1638000.000,683.442,39.697
681000.000,1638000.000,667.444,20.218
682000.000,1638000.000,644.814,24.434
683000.000,1638000.000,620.973,19.306
684000.000,1638000.000,613.221,16.725
685000.000,1638000.000,621.986,26.661
686000.000,1638000.000,601.635,33.306
687000.000,1638000.000,595.159,45.950
688000.000,1638000.000,593.180,70.602
689000.000,1638000.000,586.736,55.878
690000.000,1638000.000,585.016,63.870
691000.000,1638000.000,578.851,43.025
692000.000,1638000.000,578.198,59.160
693000.000,1638000.000,580.400,-14.390
694000.000,1638000.000,596.969,-18.177
695000.000,1638000.000,638.976,-19.042
696000.000,1638000.000,576.277,4.680
697000.000,1638000.000,579.122,-10.558
698000.000,1638000.000,576.677,6.862
699000.000,1638000.000,576.378,-57.708
700000.000,1638000.000,583.138,-35.548
701000.000,1638000.000,586.141,-105.283
702000.000,1638000.000,571.462,-92.302
703000.000,1638000.000,568.146,-24.996
704000.000,1638000.000,566.326,4.778
705000.000,1638000.000,568.593,-15.195
706000.000,1638000.000,570.845,-2.959
707000.000,1638000.000,569.378,9.268
708000.000,1638000.000,565.990,-72.411
709000.000,1638000.000,565.776,-111.237
710000.000,1638000.000,571.088,2.566
711000.000,1638000.000,578.539,-58.369
641000.000,1637000.000,688.812,-41.961
642000.000,1637000.000,684.441,-81.953
643000.000,1637000.000,696.096,-122.752
644000.000,1637000.000,697.357,-92.686
645000.000,1637000.000,704.014,-61.405
646000.000,1637000.000,716.165,-58.335
647000.000,1637000.000,717.354,-47.508
648000.000,1637000.000,718.475,-46.626
649000.000,1637000.000,732.635,-18.837
650000.000,1637000.000,764.958,11.798
651000.000,1637000.000,768.934,3.928
652000.000,1637000.000,763.493,-6.091
653000.000,1637000.000,754.459,-17.849
654000.000,1637000.000,756.142,-28.503
655000.000,1637000.000,772.905,-34.761
656000.000,1637000.000,772.432,-1.851
657000.000,1637000.000,788.141,-16.639
658000.000,1637000.000,767.890,-84.653
659000.000,1637000.000,745.406,-95.879
660000.000,1637000.000,736.846,-25.016
661000.000,1637000.000,727.249,-5.043
662000.000,1637000.000,723.952,-59.487
663000.000,1637000.000,716.101,-73.250
664000.000,1637000.000,707.110,-82.976
665000.000,1637000.000,698.764,-74.524
666000.000,1637000.000,690.116,-78.990
667000.000,1637000.000,684.335,-72.563
668000.000,1637000.000,682.157,-50.927
669000.000,1637000.000,678.244,-55.532
670000.000,1637000.000,685.157,-49.248
671000.000,1637000.000,681.860,-22.505
672000.000,1637000.000,683.756,-57.457
673000.000,1637000.000,680.529,-58.479
674000.000,1637000.000,674.894,-44.392
675000.000,1637000.000,656.054,-45.559
676000.000,1637000.000,655.960,-40.461
677000.000,1637000.000,650.146,-27.392
678000.000,1637000.000,655.283,-30.618
679000.000,1637000.000,650.254,-29.457
680000.000,1637000.000,667.411,-12.964
681000.000,1637000.000,650.174,8.188
682000.000,1637000.000,618.965,1.673
683000.000,1637000.000,613.581,12.083
684000.000,1637000.000,603.853,14.494
685000.000,1637000.000,599.052,12.100
686000.000,1637000.000,594.129,13.409
687000.000,1637000.000,589.024,-2.550
688000.000,1637000.000,585.917,62.749
689000.000,1637000.000,585.618,36.035
690000.000,1637000.000,583.198,24.978
691000.000,1637000.000,583.297,78.229
692000.000,1637000.000,581.671,48.875
693000.000,1637000.000,588.789,8.429
694000.000,1637000.000,601.843,11.890
695000.000,1637000.000,712.063,13.822
696000.000,1637000.000,600.514,-1.449
697000.000,1637000.000,583.449,16.862
698000.000,1637000.000,587.931,-28.002
699000.000,1637000.000,590.795,-84.219
700000.000,1637000.000,585.223,-19.437
701000.000,1637000.000,581.557,-33.676
702000.000,1637000.000,604.022,-111.710
703000.000,1637000.000,574.614,-75.195
704000.000,1637000.000,570.487,-33.277
705000.000,1637000.000,570.522,13.869
706000.000,1637000.000,573.113,14.009
707000.000,1637000.000,576.246,9.088
708000.000,1637000.000,573.252,25.988
709000.000,1637000.000,571.829,16.140
710000.000,1637000.000,571.417,10.439
711000.000,1637000.000,575.443,-69.236
641000.000,1636000.000,696.485,-40.640
642000.000,1636000.000,688.289,-92.310
643000.000,1636000.000,691.762,-26.213
644000.000,1636000.000,704.286,-75.308
645000.000,1636000.000,713.593,-60.091
646000.000,1636000.000,718.815,-75.138
647000.000,1636000.000,726.618,-59.750
648000.000,1636000.000,722.302,-42.875
649000.000,1636000.000,729.955,6.609
650000.000,1636000.000,737.566,-19.368
651000.000,1636000.000,746.217,5.945
652000.000,1636000.000,759.706,-1.950
653000.000,1636000.000,759.378,-20.555
654000.000,1636000.000,764.040,-32.208
655000.000,1636000.000,797.405,-30.013
656000.000,1636000.000,777.485,-17.830
657000.000,1636000.000,782.853,-8.560
658000.000,1636000.000,767.090,-7.652
659000.000,1636000.000,754.846,9.557
660000.000,1636000.000,748.120,-20.092
661000.000,1636000.000,754.054,-67.301
662000.000,1636000.000,769.455,-103.688
663000.000,1636000.000,763.101,-78.560
664000.000,1636000.000,716.213,-87.627
665000.000,1636000.000,710.430,-79.914
666000.000,1636000.000,700.563,-75.534
667000.000,1636000.000,694.786,-92.852
668000.000,1636000.000,683.535,-66.807
669000.000,1636000.000,671.110,-75.537
670000.000,1636000.000,672.141,-89.150
671000.000,1636000.000,673.483,-85.865
672000.000,1636000.000,680.221,-55.536
673000.000,1636000.000,687.977,-38.585
674000.000,1636000.000,676.426,-36.786
675000.000,1636000.000,662.450,-3.654
676000.000,1636000.000,649.933,-13.176
677000.000,1636000.000,642.174,19.579
678000.000,1636000.000,634.382,-2.360
679000.000,1636000.000,631.712,-0.525
680000.000,1636000.000,629.434,-8.344
681000.000,1636000.000,618.637,-17.407
682000.000,1636000.000,609.456,-15.244
683000.000,1636000.000,603.803,-23.780
684000.000,1636000.000,601.420,12.933
685000.000,1636000.000,595.225,-11.601
686000.000,1636000.000,594.196,36.369
687000.000,1636000.000,599.782,32.316
688000.000,1636000.000,609.922,27.011
689000.000,1636000.000,594.596,58.376
690000.000,1636000.000,594.838,53.079
691000.000,1636000.000,589.759,32.894
692000.000,1636000.000,586.509,53.956
693000.000,1636000.000,597.960,61.843
694000.000,1636000.000,602.428,55.485
695000.000,1636000.000,627.384,52.124
696000.000,1636000.000,606.701,45.118
697000.000,1636000.000,591.207,32.409
698000.000,1636000.000,593.259,54.803
699000.000,1636000.000,612.908,52.012
700000.000,1636000.000,590.375,3.385
701000.000,1636000.000,588.909,-13.254
702000.000,1636000.000,582.935,32.301
703000.000,1636000.000,576.270,-9.138
704000.000,1636000.000,573.671,-40.014
705000.000,1636000.000,580.366,-36.730
706000.000,1636000.000,577.448,-6.444
707000.000,1636000.000,579.841,16.692
708000.000,1636000.000,587.036,-13.324
709000.000,1636000.000,579.933,56.244
710000.000,1636000.000,575.903,-8.509
711000.000,1636000.000,573.950,-75.026
641000.000,1635000.000,704.776,-51.810
642000.000,1635000.000,693.576,-35.644
643000.000,1635000.000,700.499,-44.540
644000.000,1635000.000,700.997,-55.204
645000.000,1635000.000,709.401,-87.998
646000.000,1635000.000,713.267,-53.147
647000.000,1635000.000,718.218,-84.698
648000.000,1635000.000,725.841,-54.246
649000.000,1635000.000,732.847,-34.865
650000.000,1635000.000,742.824,-41.688
651000.000,1635000.000,760.324,-24.403
652000.000,1635000.000,768.671,-63.629
653000.000,1635000.000,777.191,-56.885
654000.000,1635000.000,775.813,-56.693
655000.000,1635000.000,770.123,-29.564
656000.000,1635000.000,766.165,19.843
657000.000,1635000.000,760.377,-11.754
658000.000,1635000.000,759.042,-53.551
659000.000,1635000.000,775.398,-91.636
660000.000,1635000.000,746.675,-65.499
661000.000,1635000.000,784.787,-11.768
662000.000,1635000.000,763.354,-31.331
663000.000,1635000.000,750.820,-20.313
664000.000,1635000.000,715.768,-74.458
665000.000,1635000.000,700.540,-68.881
666000.000,1635000.000,694.345,-88.147
667000.000,1635000.000,696.191,-74.111
668000.000,1635000.000,684.533,-89.892
669000.000,1635000.000,675.723,-73.307
670000.000,1635000.000,665.257,-59.014
671000.000,1635000.000,672.028,-66.053
672000.000,1635000.000,666.966,-51.814
673000.000,1635000.000,661.522,-48.381
674000.000,1635000.000,662.911,-55.901
675000.000,1635000.000,657.963,-66.172
676000.000,1635000.000,652.074,-58.572
677000.000,1635000.000,644.941,-24.591
678000.000,1635000.000,639.582,-27.646
679000.000,1635000.000,635.048,-13.964
680000.000,1635000.000,621.820,-3.546
681000.000,1635000.000,613.699,-7.557
682000.000,1635000.000,605.839,-34.082
683000.000,1635000.000,601.079,-6.379
684000.000,1635000.000,599.356,-20.458
685000.000,1635000.000,598.071,-3.707
686000.000,1635000.000,601.832,19.646
687000.000,1635000.000,614.664,40.828
688000.000,1635000.000,599.868,59.628
689000.000,1635000.000,598.977,73.706
690000.000,1635000.000,602.705,84.895
691000.000,1635000.000,602.513,82.281
692000.000,1635000.000,595.841,40.786
693000.000,1635000.000,596.212,57.633
694000.000,1635000.000,608.479,59.109
695000.000,1635000.000,616.770,65.252
696000.000,1635000.000,605.882,117.268
697000.000,1635000.000,606.896,91.354
698000.000,1635000.000,598.496,77.407
699000.000,1635000.000,596.843,41.852
700000.000,1635000.000,596.139,47.427
701000.000,1635000.000,589.276,43.813
702000.000,1635000.000,583.667,53.941
703000.000,1635000.000,580.144,-8.411
704000.000,1635000.000,577.861,-9.066
705000.000,1635000.000,583.294,-4.537
706000.000,1635000.000,586.585,-20.110
707000.000,1635000.000,585.822,33.840
708000.000,1635000.000,588.013,-20.404
709000.000,1635000.000,581.974,-25.695
710000.000,1635000.000,575.005,-24.681
711000.000,1635000.000,568.270,37.357
641000.000,1634000.000,701.561,-54.715
642000.000,1634000.000,701.256,-42.276
643000.000,1634000.000,701.026,-57.728
644000.000,1634000.000,706.802,-47.733
645000.000,1634000.000,715.130,-51.638
646000.000,1634000.000,721.954,-69.334
647000.000,1634000.000,731.478,53.441
648000.000,1634000.000,732.793,-98.990
649000.000,1634000.000,735.173,-94.735
650000.000,1634000.000,740.875,-73.977
651000.000,1634000.000,750.523,-48.457
652000.000,1634000.000,760.670,-0.963
653000.000,1634000.000,792.822,40.135
654000.000,1634000.000,757.684,-12.284
655000.000,1634000.000,761.137,-42.404
656000.000,1634000.000,755.926,-52.015
657000.000,1634000.000,746.922,-24.131
658000.000,1634000.000,748.080,20.445
659000.000,1634000.000,748.239,5.118
660000.000,1634000.000,742.980,-94.299
661000.000,1634000.000,749.628,-55.855
662000.000,1634000.000,740.636,-41.935
663000.000,1634000.000,746.674,-47.182
664000.000,1634000.000,709.573,-66.486
665000.000,1634000.000,698.038,-87.909
666000.000,1634000.000,688.949,-97.196
667000.000,1634000.000,686.382,-171.554
668000.000,1634000.000,679.839,-63.507
669000.000,1634000.000,673.057,-53.746
670000.000,1634000.000,665.006,-79.833
671000.000,1634000.000,661.403,-47.609
672000.000,1634000.000,667.284,-56.528
673000.000,1634000.000,654.220,-67.950
674000.000,1634000.000,652.700,-56.940
675000.000,1634000.000,659.523,-71.929
676000.000,1634000.000,649.583,-61.875
677000.000,1634000.000,649.565,-56.691
678000.000,1634000.000,640.051,-113.556
679000.000,1634000.000,632.964,-34.244
680000.000,1634000.000,627.629,2.582
681000.000,1634000.000,618.203,-31.043
682000.000,1634000.000,611.257,-13.727
683000.000,1634000.000,613.384,-26.690
684000.000,1634000.000,614.377,-36.575
685000.000,1634000.000,618.414,-33.695
686000.000,1634000.000,607.101,-7.069
687000.000,1634000.000,620.435,31.375
688000.000,1634000.000,610.288,42.274
689000.000,1634000.000,609.495,43.217
690000.000,1634000.000,611.720,46.278
691000.000,1634000.000,612.579,22.104
692000.000,1634000.000,602.264,3.950
693000.000,1634000.000,601.505,4.639
694000.000,1634000.000,605.771,36.357
695000.000,1634000.000,612.902,76.319
696000.000,1634000.000,611.446,76.549
697000.000,1634000.000,608.348,101.778
698000.000,1634000.000,604.747,88.364
699000.000,1634000.000,609.821,40.242
700000.000,1634000.000,614.984,20.975
701000.000,1634000.000,599.400,8.389
702000.000,1634000.000,591.309,-32.101
703000.000,1634000.000,583.299,-56.928
704000.000,1634000.000,582.018,-40.496
705000.000,1634000.000,589.505,-98.370
706000.000,1634000.000,593.090,-96.117
707000.000,1634000.000,589.952,-79.646
708000.000,1634000.000,603.381,-101.836
709000.000,1634000.000,592.238,-109.652
710000.000,1634000.000,595.737,-119.465
711000.000,1634000.000,575.173,-112.908
