x,y,elevation,dem,bouguer_an,tc,tc_inner,tc_near,tc_middle,tc_far,in_aoi
631010.500,1665755.900,517.000,515.717,-79.000,0.031,0.005,0.003,0.008,0.014,0
631059.800,1639116.700,569.500,581.150,-83.000,0.025,0.007,0.004,0.007,0.007,0
631111.500,1674662.200,501.000,493.522,-73.000,0.034,0.006,0.004,0.007,0.017,0
631120.600,1692230.600,516.000,518.505,-69.000,0.026,0.004,0.005,0.007,0.010,0
631160.800,1704134.900,545.000,543.288,-69.000,0.039,0.007,0.012,0.012,0.008,0
631207.800,1695815.600,522.000,520.904,-67.000,0.026,0.003,0.005,0.008,0.009,0
631225.300,1669662.300,529.000,524.171,-76.000,0.024,0.001,0.004,0.006,0.013,0
631233.000,1636949.300,576.500,585.774,-82.000,0.021,0.001,0.005,0.008,0.007,0
631235.100,1624636.500,630.000,633.515,-71.000,0.043,0.003,0.023,0.011,0.005,0
631251.100,1670824.100,525.000,521.619,-76.000,0.027,0.002,0.006,0.006,0.013,0
631397.200,1700286.200,517.000,519.835,-67.000,0.033,0.003,0.009,0.011,0.009,0
631405.800,1664253.500,528.000,526.063,-80.000,0.030,0.004,0.006,0.007,0.013,0
631410.300,1694190.400,513.000,513.560,-67.000,0.026,0.001,0.007,0.007,0.010,0
631412.100,1643576.900,552.000,563.366,-85.000,0.023,0.002,0.004,0.008,0.009,0
631415.400,1697066.900,523.000,520.499,-66.000,0.076,0.047,0.012,0.008,0.009,0
631446.100,1645214.400,543.500,554.219,-86.000,0.030,0.001,0.008,0.010,0.010,0
631500.500,1668491.200,528.000,525.487,-77.000,0.026,0.002,0.005,0.006,0.013,0
631503.300,1706172.600,560.000,560.843,-71.000,0.046,0.008,0.016,0.013,0.009,0
631658.700,1641775.000,561.000,571.006,-84.000,0.026,0.006,0.004,0.008,0.008,0
631676.600,1702124.300,530.000,528.027,-69.000,0.034,0.005,0.009,0.011,0.009,0
631696.700,1646609.700,561.500,570.967,-87.000,0.026,0.002,0.008,0.007,0.009,0
631719.200,1628699.100,592.500,592.625,-82.000,0.032,0.005,0.008,0.013,0.006,0
631825.100,1713708.600,585.000,584.690,-74.000,0.037,0.003,0.012,0.013,0.010,0
631861.200,1667420.000,520.000,519.911,-78.000,0.027,0.003,0.003,0.007,0.014,0
631977.100,1698353.400,505.000,507.162,-66.000,0.033,0.004,0.007,0.012,0.011,0
632040.500,1656446.500,518.500,530.593,-86.000,0.028,0.001,0.004,0.010,0.014,0
632043.800,1624430.700,618.000,624.126,-76.000,0.038,0.006,0.018,0.010,0.005,0
632114.600,1689260.200,508.000,509.471,-70.000,0.026,0.004,0.005,0.005,0.012,0
632119.500,1659644.200,540.000,537.678,-81.000,0.030,0.003,0.008,0.007,0.012,0
632129.400,1673285.000,501.000,502.892,-75.000,0.030,0.004,0.004,0.006,0.016,0
632162.800,1647928.700,543.000,554.906,-88.000,0.027,0.001,0.007,0.008,0.011,0
632173.200,1657719.500,513.500,525.963,-84.000,0.030,0.001,0.004,0.011,0.014,0
632292.600,1653637.900,535.500,546.164,-88.000,0.031,0.006,0.006,0.007,0.012,0
632338.400,1712118.400,602.000,600.936,-74.000,0.048,0.003,0.011,0.021,0.012,0
632353.000,1671726.400,512.000,512.247,-76.000,0.028,0.003,0.004,0.006,0.015,0
632363.200,1709673.500,577.000,605.868,-73.000,0.088,0.015,0.029,0.030,0.013,0
632372.200,1704374.200,540.000,537.820,-71.000,0.043,0.009,0.012,0.013,0.009,0
632425.400,1649091.800,546.500,558.171,-89.000,0.025,0.002,0.005,0.007,0.010,0
632453.200,1699584.200,507.000,506.217,-66.000,0.037,0.003,0.009,0.014,0.011,0
632484.900,1640241.800,557.000,567.429,-85.000,0.024,0.000,0.005,0.010,0.009,0
632512.300,1633294.500,583.500,592.531,-85.000,0.026,0.004,0.006,0.009,0.006,0
632517.000,1692150.000,513.000,512.483,-68.000,0.025,0.002,0.005,0.006,0.011,0
632576.900,1635264.000,583.000,595.991,-84.000,0.026,0.003,0.009,0.008,0.006,0
632583.800,1624157.000,608.000,612.037,-77.000,0.041,0.004,0.021,0.011,0.005,0
632626.000,1665211.700,528.000,524.469,-80.000,0.030,0.003,0.005,0.008,0.014,0
632627.300,1674549.000,503.000,499.296,-74.000,0.034,0.007,0.003,0.008,0.016,0
632639.500,1697040.700,505.000,506.966,-66.000,0.034,0.005,0.007,0.011,0.011,0
632661.000,1668564.000,536.000,532.537,-77.000,0.032,0.002,0.010,0.008,0.012,0
632765.500,1628339.700,601.000,603.830,-80.000,0.028,0.004,0.008,0.011,0.005,0
632765.900,1667115.300,524.000,519.627,-78.000,0.028,0.002,0.004,0.008,0.014,0
632770.200,1706080.200,544.000,544.355,-72.000,0.048,0.003,0.022,0.014,0.009,0
632840.500,1701301.200,516.000,518.536,-69.000,0.036,0.006,0.007,0.013,0.009,0
632880.700,1650388.700,556.500,568.371,-89.000,0.026,0.003,0.006,0.008,0.010,0
633067.700,1643829.400,554.000,564.522,-88.000,0.028,0.004,0.006,0.009,0.010,0
633071.900,1639183.000,563.000,571.926,-84.000,0.024,0.002,0.004,0.010,0.008,0
633078.000,1702928.900,524.000,526.161,-70.000,0.039,0.005,0.010,0.014,0.009,0
633117.500,1625022.900,604.500,605.239,-78.000,0.039,0.004,0.017,0.013,0.005,0
633127.300,1694332.900,518.000,517.762,-68.000,0.027,0.002,0.007,0.008,0.010,0
633206.600,1663278.900,529.000,528.848,-80.000,0.029,0.003,0.004,0.009,0.013,0
633285.000,1647326.500,549.500,559.468,-89.000,0.025,0.001,0.006,0.008,0.010,0
633295.600,1689322.200,504.000,506.925,-70.000,0.030,0.006,0.006,0.006,0.012,0
633308.900,1631340.700,583.500,595.834,-85.000,0.024,0.003,0.005,0.010,0.006,0
633332.300,1671510.600,510.000,509.936,-76.000,0.031,0.004,0.004,0.008,0.015,0
633336.600,1676433.700,500.000,495.867,-74.000,0.038,0.011,0.002,0.008,0.017,0
633358.100,1651575.000,559.000,566.958,-88.000,0.035,0.007,0.010,0.008,0.010,0
633362.900,1700054.000,517.000,518.693,-68.000,0.037,0.004,0.011,0.012,0.009,0
633374.600,1669729.600,519.000,516.107,-77.000,0.029,0.001,0.005,0.008,0.015,0
633394.700,1690772.000,498.000,501.973,-68.000,0.029,0.004,0.006,0.007,0.012,0
633410.900,1704767.400,537.000,536.744,-71.000,0.042,0.005,0.013,0.015,0.009,0
633441.700,1632635.800,581.500,592.618,-86.000,0.026,0.004,0.006,0.010,0.006,0
633454.600,1655480.800,522.500,533.820,-85.000,0.033,0.004,0.005,0.011,0.014,0
633465.900,1659220.200,538.000,535.079,-80.000,0.027,0.002,0.003,0.009,0.013,0
633473.100,1692078.000,502.000,504.790,-68.000,0.027,0.002,0.006,0.007,0.012,0
633503.800,1673480.800,515.000,510.891,-75.000,0.030,0.002,0.007,0.007,0.015,0
633519.700,1693317.400,504.000,507.259,-68.000,0.029,0.004,0.006,0.008,0.011,0
633544.900,1641210.100,563.000,574.684,-88.000,0.023,0.002,0.004,0.008,0.008,0
633554.000,1645380.900,562.500,574.618,-89.000,0.025,0.003,0.006,0.008,0.009,0
633570.900,1695618.800,509.000,506.907,-68.000,0.032,0.005,0.007,0.010,0.011,0
633628.900,1657008.500,524.000,534.350,-85.000,0.031,0.004,0.004,0.010,0.014,0
633634.400,1661776.700,535.000,531.573,-81.000,0.032,0.005,0.005,0.009,0.014,0
633647.400,1687886.000,512.000,513.570,-70.000,0.037,0.005,0.014,0.006,0.012,0
633690.800,1628466.500,609.000,611.204,-82.000,0.026,0.002,0.009,0.010,0.005,0
633693.900,1653092.500,545.000,553.585,-88.000,0.031,0.004,0.007,0.007,0.011,0
633767.200,1634120.100,587.500,600.439,-86.000,0.029,0.008,0.007,0.009,0.006,0
633775.400,1667275.900,530.000,528.281,-79.000,0.028,0.002,0.004,0.008,0.014,0
633831.500,1696981.100,509.000,509.735,-66.000,0.034,0.004,0.009,0.010,0.010,0
633837.000,1686670.100,503.000,509.367,-72.000,0.038,0.008,0.011,0.006,0.013,0
633880.200,1665860.400,534.000,530.249,-79.000,0.029,0.002,0.004,0.008,0.014,0
633891.900,1712503.500,613.000,613.365,-75.000,0.070,0.008,0.017,0.030,0.015,0
633941.000,1698475.300,497.000,494.812,-67.000,0.043,0.003,0.010,0.017,0.012,0
633954.700,1625514.200,597.500,598.729,-80.000,0.041,0.003,0.016,0.016,0.005,0
633984.300,1624043.000,620.000,618.646,-78.000,0.032,0.004,0.013,0.011,0.005,0
634013.400,1706364.000,552.000,553.093,-72.000,0.049,0.007,0.018,0.015,0.009,0
634043.800,1708521.600,576.000,579.778,-73.000,0.064,0.010,0.024,0.020,0.011,0
634149.700,1706906.900,557.000,557.456,-73.000,0.051,0.007,0.019,0.016,0.009,0
634184.400,1674745.900,508.000,504.009,-75.000,0.032,0.004,0.005,0.008,0.016,0
634187.300,1668572.600,525.000,525.169,-78.000,0.029,0.003,0.004,0.008,0.014,0
634202.400,1712616.000,606.000,608.748,-75.000,0.058,0.006,0.011,0.027,0.014,0
634238.100,1710171.100,588.000,587.787,-73.000,0.058,0.008,0.018,0.020,0.011,0
634260.000,1670907.400,523.000,520.984,-76.000,0.042,0.012,0.007,0.008,0.015,0
634281.400,1708257.400,572.000,574.725,-73.000,0.056,0.005,0.022,0.019,0.010,0
634282.700,1696928.400,500.000,504.642,-67.000,0.036,0.006,0.007,0.012,0.011,0
634283.400,1674348.100,501.000,502.661,-76.000,0.034,0.006,0.003,0.008,0.017,0
634298.000,1664203.300,536.000,537.433,-80.000,0.031,0.003,0.006,0.009,0.013,0
634322.900,1659811.400,532.000,529.563,-82.000,0.031,0.001,0.004,0.011,0.015,0
634411.200,1698843.100,502.000,500.893,-68.000,0.039,0.005,0.007,0.016,0.011,0
634438.700,1629510.600,610.000,613.614,-83.000,0.026,0.002,0.010,0.009,0.005,0
634479.000,1649269.200,560.000,569.787,-89.000,0.031,0.009,0.004,0.008,0.010,0
634555.900,1664238.000,536.000,537.401,-82.000,0.031,0.003,0.005,0.010,0.012,0
634563.900,1628283.300,615.667,614.879,-82.000,0.030,0.002,0.013,0.010,0.005,0
634586.800,1633848.000,596.000,602.154,-85.000,0.024,0.003,0.006,0.009,0.006,0
634598.800,1671805.400,509.000,510.943,-77.000,0.031,0.002,0.004,0.010,0.015,0
634635.700,1653916.500,537.000,544.112,-86.000,0.032,0.005,0.005,0.010,0.012,0
634644.500,1638948.400,566.500,576.731,-88.000,0.025,0.002,0.005,0.010,0.008,0
634678.000,1648318.800,558.000,571.065,-89.000,0.029,0.007,0.004,0.008,0.010,0
634771.000,1654724.900,525.000,536.205,-86.000,0.033,0.002,0.005,0.012,0.014,0
634827.600,1638916.200,571.000,576.964,-88.000,0.025,0.002,0.005,0.010,0.008,0
634837.700,1656240.900,534.000,540.756,-85.000,0.030,0.003,0.004,0.011,0.013,0
634872.500,1700737.700,507.000,505.022,-70.000,0.038,0.002,0.007,0.018,0.011,0
634878.000,1626006.100,604.000,607.921,-80.000,0.029,0.004,0.007,0.013,0.005,0
634884.900,1693059.700,509.000,507.475,-70.000,0.034,0.004,0.009,0.009,0.011,0
634897.000,1666629.500,534.000,535.979,-81.000,0.034,0.005,0.006,0.010,0.013,0
634907.000,1713206.500,607.000,605.889,-76.000,0.062,0.007,0.016,0.025,0.014,0
634966.800,1635188.700,582.000,591.231,-84.000,0.024,0.003,0.004,0.010,0.007,0
634984.800,1647324.900,553.000,563.877,-89.000,0.028,0.002,0.007,0.009,0.010,0
635048.300,1707398.900,564.000,566.419,-73.000,0.054,0.008,0.017,0.019,0.010,0
635066.300,1657647.200,531.000,538.308,-85.000,0.030,0.002,0.003,0.011,0.013,0
635097.200,1708217.900,564.000,566.323,-74.000,0.051,0.005,0.018,0.018,0.010,0
635105.800,1703062.300,522.000,525.636,-72.000,0.043,0.006,0.011,0.016,0.009,0
635143.400,1703980.900,523.000,526.806,-72.000,0.043,0.003,0.014,0.017,0.009,0
635143.800,1702077.900,514.000,513.734,-71.000,0.041,0.004,0.009,0.018,0.010,0
635150.300,1673091.900,499.000,501.674,-76.000,0.034,0.001,0.004,0.012,0.016,0
635250.400,1663102.400,531.000,534.833,-83.000,0.032,0.003,0.005,0.011,0.013,0
635265.400,1697786.000,488.000,490.138,-68.000,0.045,0.003,0.011,0.019,0.013,0
635287.200,1706913.500,559.000,557.216,-73.000,0.049,0.007,0.014,0.018,0.009,0
635298.600,1704977.500,538.000,538.690,-73.000,0.046,0.006,0.014,0.017,0.009,0
635318.600,1699711.400,501.000,501.071,-69.000,0.037,0.002,0.006,0.018,0.011,0
635324.400,1659540.500,537.000,536.637,-83.000,0.034,0.005,0.004,0.011,0.013,0
635344.900,1709890.000,586.000,586.074,-73.000,0.055,0.006,0.016,0.022,0.011,0
635345.300,1632956.200,601.000,607.473,-84.000,0.023,0.002,0.006,0.009,0.006,0
635368.000,1705940.400,548.000,549.157,-73.000,0.047,0.007,0.013,0.017,0.009,0
635369.600,1696481.100,497.000,495.010,-68.000,0.047,0.006,0.014,0.014,0.012,0
635441.600,1644550.700,575.000,582.579,-90.000,0.032,0.006,0.009,0.008,0.009,0
635459.500,1627923.200,628.000,622.196,-81.000,0.062,0.025,0.022,0.009,0.005,0
635467.800,1709060.900,577.000,579.212,-74.000,0.063,0.015,0.017,0.021,0.011,0
635491.900,1643267.700,570.000,582.101,-91.000,0.032,0.007,0.009,0.008,0.008,0
635556.400,1669742.100,516.000,516.020,-79.000,0.036,0.004,0.004,0.012,0.015,0
635577.000,1660493.300,541.000,540.514,-84.000,0.032,0.003,0.005,0.011,0.013,0
635634.900,1629307.000,613.500,619.762,-81.000,0.035,0.003,0.018,0.009,0.005,0
635727.200,1664322.100,540.000,539.508,-82.000,0.039,0.008,0.007,0.011,0.013,0
635765.200,1642505.800,569.000,577.427,-91.000,0.029,0.003,0.008,0.009,0.009,0
635800.800,1626597.600,615.000,618.374,-81.000,0.029,0.007,0.007,0.010,0.005,0
635829.600,1661468.300,543.000,542.145,-84.000,0.033,0.003,0.006,0.011,0.013,0
635846.800,1658459.300,530.000,542.559,-85.000,0.031,0.003,0.005,0.011,0.013,0
635866.600,1624451.700,610.000,609.674,-80.000,0.030,0.001,0.009,0.015,0.005,0
635879.600,1631742.200,596.000,602.327,-84.000,0.024,0.004,0.004,0.010,0.006,0
635887.000,1692446.000,502.000,505.558,-71.000,0.036,0.004,0.011,0.010,0.011,0
635933.700,1700998.300,500.000,501.915,-70.000,0.046,0.003,0.011,0.021,0.011,0
635963.100,1634132.300,592.000,599.387,-84.000,0.023,0.002,0.005,0.010,0.006,0
635965.400,1702912.500,513.000,515.639,-72.000,0.049,0.004,0.016,0.020,0.010,0
635989.200,1704339.800,537.000,536.131,-73.000,0.045,0.004,0.014,0.018,0.009,0
636003.600,1666746.500,541.000,542.373,-81.000,0.040,0.005,0.012,0.011,0.013,0
636009.300,1699084.800,498.000,499.301,-69.000,0.037,0.002,0.006,0.018,0.012,0
636010.700,1713423.200,628.000,627.220,-76.000,0.098,0.011,0.025,0.044,0.019,0
636025.600,1672256.100,505.000,503.191,-77.000,0.035,0.000,0.004,0.014,0.017,0
636085.500,1665574.200,545.000,543.801,-82.000,0.036,0.003,0.008,0.011,0.013,0
636110.500,1698299.900,490.000,493.167,-69.000,0.043,0.005,0.007,0.019,0.012,0
636111.800,1636401.000,580.000,588.294,-85.000,0.024,0.003,0.004,0.010,0.007,0
636124.000,1662631.700,539.000,540.138,-83.000,0.034,0.003,0.007,0.011,0.013,0
636141.500,1652044.300,535.000,546.364,-87.000,0.034,0.003,0.007,0.012,0.013,0
636141.900,1638680.200,575.000,584.505,-90.000,0.029,0.005,0.007,0.010,0.008,0
636156.100,1712428.300,612.000,613.979,-76.000,0.076,0.007,0.019,0.034,0.016,0
636237.000,1709629.700,578.000,577.909,-74.000,0.057,0.007,0.019,0.020,0.011,0
636273.700,1696088.100,496.000,497.326,-69.000,0.063,0.004,0.034,0.014,0.012,0
636293.200,1657488.300,533.000,545.508,-86.000,0.035,0.007,0.004,0.012,0.012,0
636306.000,1645805.700,563.000,573.103,-90.000,0.027,0.003,0.006,0.009,0.009,0
636314.800,1625184.400,622.000,620.282,-81.000,0.026,0.004,0.006,0.011,0.005,0
636321.500,1673120.800,504.000,506.100,-77.000,0.034,0.002,0.003,0.014,0.015,0
636482.800,1627862.500,621.500,624.008,-81.000,0.028,0.004,0.010,0.010,0.005,0
636536.900,1711534.400,602.000,601.022,-75.000,0.069,0.006,0.022,0.028,0.014,0
636552.200,1664813.600,544.000,547.126,-83.000,0.040,0.005,0.010,0.013,0.012,0
636554.100,1653252.600,539.000,548.406,-86.000,0.032,0.003,0.005,0.012,0.012,0
636555.300,1706611.200,556.000,555.515,-74.000,0.050,0.005,0.015,0.020,0.009,0
636564.600,1705040.300,552.000,552.663,-73.000,0.059,0.008,0.022,0.019,0.009,0
636569.500,1667413.500,532.000,534.800,-81.000,0.036,0.003,0.009,0.013,0.012,0
636580.800,1663574.700,538.000,539.119,-83.000,0.038,0.003,0.009,0.013,0.012,0
636581.300,1659757.900,542.000,541.693,-85.000,0.034,0.003,0.005,0.013,0.013,0
636593.800,1651947.300,542.000,551.947,-86.000,0.033,0.006,0.004,0.011,0.012,0
636598.400,1708403.800,571.000,571.466,-74.000,0.073,0.025,0.017,0.021,0.010,0
636604.500,1668785.600,527.000,525.335,-80.000,0.035,0.002,0.006,0.013,0.013,0
636607.400,1649557.800,562.000,569.966,-88.000,0.032,0.005,0.008,0.009,0.010,0
636622.500,1637432.800,576.000,587.100,-89.000,0.025,0.003,0.004,0.011,0.007,0
636622.900,1646836.400,565.000,573.208,-89.000,0.025,0.002,0.005,0.009,0.010,0
636673.300,1630352.800,603.000,603.270,-81.000,0.026,0.002,0.007,0.011,0.005,0
636748.300,1703016.700,521.000,523.733,-73.000,0.047,0.006,0.013,0.018,0.010,0
636756.300,1627100.700,627.000,627.675,-80.000,0.026,0.002,0.009,0.010,0.005,0
636788.100,1648054.300,572.000,581.679,-88.000,0.035,0.007,0.009,0.010,0.009,0
636832.300,1670291.500,508.000,512.808,-78.000,0.036,0.002,0.004,0.016,0.015,0
636840.200,1635121.800,579.000,589.135,-85.000,0.026,0.001,0.006,0.012,0.007,0
636863.900,1712465.700,620.000,618.541,-76.000,0.088,0.005,0.025,0.041,0.017,0
636869.700,1656352.100,542.000,553.304,-87.000,0.033,0.003,0.007,0.011,0.012,0
636922.000,1671509.000,504.000,507.158,-78.000,0.037,0.001,0.004,0.017,0.016,0
636932.100,1651097.400,546.000,557.243,-87.000,0.030,0.003,0.005,0.011,0.011,0
636954.800,1713428.800,636.000,636.536,-76.000,0.125,0.009,0.037,0.058,0.021,0
636959.800,1632998.400,584.000,593.389,-83.000,0.027,0.001,0.008,0.012,0.006,0
636989.800,1700285.400,498.000,499.116,-70.000,0.046,0.004,0.009,0.022,0.011,0
636998.500,1698814.000,493.000,489.754,-69.000,0.045,0.003,0.007,0.022,0.013,0
637050.000,1691899.600,508.000,507.989,-71.000,0.040,0.008,0.010,0.011,0.011,0
637063.100,1707842.300,574.000,574.231,-74.000,0.066,0.007,0.024,0.023,0.011,0
637067.300,1710741.000,596.000,599.874,-75.000,0.083,0.009,0.030,0.030,0.014,0
637117.800,1625996.500,629.500,627.109,-81.000,0.025,0.003,0.007,0.010,0.005,0
637124.200,1655103.400,535.000,543.345,-87.000,0.034,0.002,0.005,0.014,0.013,0
637167.100,1695717.200,502.000,502.091,-69.000,0.157,0.048,0.085,0.013,0.011,0
637215.000,1705763.200,557.000,558.525,-74.000,0.058,0.004,0.023,0.021,0.010,0
637216.600,1667041.100,525.000,527.741,-81.000,0.042,0.002,0.013,0.014,0.014,0
637233.700,1662228.700,549.000,550.343,-84.000,0.039,0.003,0.011,0.013,0.012,0
637288.100,1643410.600,584.000,597.571,-90.000,0.042,0.009,0.015,0.010,0.008,0
637319.900,1709780.000,579.000,578.911,-75.000,0.069,0.011,0.026,0.021,0.011,0
637320.700,1658335.000,539.000,548.810,-87.000,0.034,0.004,0.005,0.013,0.012,0
637328.700,1697433.000,482.000,483.187,-69.000,0.051,0.001,0.013,0.023,0.014,0
637406.500,1628266.000,613.000,613.102,-81.000,0.026,0.002,0.008,0.011,0.005,0
637412.900,1638499.300,586.000,591.421,-91.000,0.029,0.006,0.005,0.010,0.007,0
637452.700,1652228.800,539.000,548.021,-85.000,0.037,0.006,0.005,0.014,0.013,0
637504.800,1659973.400,547.000,547.430,-85.000,0.035,0.003,0.006,0.013,0.012,0
637521.700,1673725.200,507.000,509.038,-77.000,0.037,0.003,0.004,0.015,0.015,0
637540.400,1703375.400,532.000,533.828,-73.000,0.057,0.009,0.020,0.019,0.009,0
637551.600,1629251.500,606.000,606.662,-81.000,0.027,0.002,0.009,0.011,0.005,0
637648.400,1627382.400,616.500,624.918,-80.000,0.024,0.003,0.006,0.010,0.005,0
637669.100,1636996.200,584.000,590.966,-89.000,0.026,0.002,0.006,0.011,0.007,0
637763.700,1712703.400,629.000,628.315,-77.000,0.114,0.006,0.035,0.052,0.020,0
637783.700,1700367.600,502.000,502.168,-70.000,0.046,0.005,0.009,0.021,0.011,0
637786.500,1708897.600,572.000,569.411,-75.000,0.066,0.010,0.025,0.021,0.011,0
637805.600,1707503.700,557.000,559.621,-75.000,0.064,0.012,0.021,0.021,0.010,0
637854.100,1699350.100,494.000,494.356,-70.000,0.045,0.003,0.008,0.022,0.012,0
637866.200,1626952.100,625.500,631.291,-80.000,0.026,0.003,0.009,0.009,0.005,0
637889.500,1669622.800,514.000,513.735,-80.000,0.041,0.002,0.006,0.018,0.016,0
637912.100,1676792.000,502.000,505.887,-76.000,0.040,0.002,0.007,0.015,0.015,0
637942.300,1664246.300,546.000,546.743,-84.000,0.058,0.004,0.027,0.014,0.013,0
637969.300,1654035.100,537.000,544.892,-87.000,0.035,0.001,0.006,0.015,0.013,0
638036.700,1692093.500,512.000,511.195,-72.000,0.062,0.022,0.016,0.013,0.010,0
638045.700,1635117.700,590.000,595.918,-88.000,0.027,0.002,0.008,0.011,0.006,0
638046.900,1646169.700,562.000,575.421,-89.000,0.032,0.006,0.006,0.011,0.009,0
638060.000,1697227.100,481.000,481.718,-69.000,0.051,0.002,0.013,0.023,0.014,0
638128.200,1667411.500,529.000,530.244,-81.000,0.048,0.005,0.013,0.016,0.013,0
638199.000,1675510.300,509.000,509.537,-77.000,0.041,0.005,0.006,0.017,0.013,0
638220.300,1706333.500,539.000,542.054,-75.000,0.058,0.007,0.019,0.023,0.009,0
638249.500,1661349.600,551.000,554.681,-85.000,0.040,0.003,0.011,0.015,0.011,0
638265.000,1695248.000,495.000,496.657,-70.000,0.079,0.006,0.047,0.015,0.012,0
638268.400,1648815.000,566.000,578.393,-87.000,0.039,0.007,0.011,0.010,0.010,0
638282.700,1713824.000,619.000,623.179,-78.000,0.105,0.008,0.031,0.047,0.019,0
638301.700,1627994.500,618.000,621.710,-80.000,0.023,0.002,0.006,0.010,0.005,0
638349.500,1708071.200,549.000,552.854,-75.000,0.061,0.004,0.026,0.021,0.010,0
638365.800,1670886.800,511.000,514.405,-79.000,0.041,0.003,0.005,0.019,0.014,0
638376.700,1701731.900,504.000,506.506,-72.000,0.048,0.002,0.012,0.023,0.011,0
638398.200,1656117.500,550.000,558.964,-87.000,0.034,0.003,0.007,0.013,0.011,0
638415.000,1643914.900,580.000,587.984,-90.000,0.036,0.003,0.015,0.010,0.008,0
638502.600,1698612.700,488.000,486.046,-70.000,0.050,0.003,0.010,0.024,0.013,0
638581.700,1703348.400,514.000,516.548,-74.000,0.060,0.004,0.022,0.024,0.010,0
638607.900,1704344.300,528.000,528.925,-74.000,0.067,0.019,0.015,0.023,0.010,0
638655.300,1700018.700,495.000,498.041,-71.000,0.048,0.004,0.010,0.022,0.011,0
638668.400,1668775.500,518.000,518.415,-81.000,0.043,0.001,0.008,0.020,0.014,0
638673.900,1638196.800,586.000,593.961,-91.000,0.025,0.002,0.005,0.011,0.007,0
638709.000,1705373.800,544.000,542.895,-75.000,0.054,0.006,0.016,0.023,0.010,0
638727.500,1626957.100,629.000,623.787,-80.000,0.026,0.006,0.005,0.010,0.005,0
638762.100,1712609.800,617.000,618.547,-77.000,0.120,0.017,0.038,0.046,0.018,0
638816.200,1707189.000,540.000,545.537,-75.000,0.059,0.006,0.020,0.023,0.010,0
638818.200,1674363.400,512.000,513.858,-77.000,0.040,0.002,0.006,0.018,0.014,0
638889.700,1660346.500,550.000,551.218,-85.000,0.039,0.001,0.010,0.016,0.012,0
638909.600,1649548.900,556.000,568.209,-87.000,0.032,0.003,0.006,0.012,0.011,0
638930.800,1629071.300,607.500,609.022,-83.000,0.027,0.001,0.010,0.012,0.005,0
638937.700,1706603.300,544.000,544.379,-75.000,0.056,0.006,0.017,0.023,0.010,0
638964.700,1667748.300,529.000,528.866,-81.000,0.045,0.002,0.012,0.018,0.014,0
639007.900,1709203.700,559.000,559.145,-75.000,0.081,0.007,0.043,0.021,0.010,0
639020.700,1635908.700,604.000,611.402,-90.000,0.033,0.005,0.012,0.010,0.006,0
639025.300,1651850.700,537.000,548.625,-87.000,0.036,0.001,0.006,0.017,0.013,0
639100.700,1702698.800,513.000,516.336,-74.000,0.064,0.012,0.019,0.022,0.010,0
639121.200,1625908.300,634.000,630.782,-80.000,0.026,0.005,0.006,0.010,0.005,0
639173.700,1697687.400,481.000,483.859,-70.000,0.048,0.001,0.010,0.023,0.013,0
639176.100,1644417.200,576.000,587.344,-88.000,0.031,0.005,0.007,0.010,0.009,0
639234.400,1645490.600,573.000,584.052,-88.000,0.030,0.005,0.005,0.011,0.009,0
639324.500,1628000.400,612.000,614.099,-81.000,0.025,0.001,0.008,0.012,0.005,0
639324.600,1692211.800,505.000,506.801,-68.000,0.170,0.104,0.040,0.015,0.011,0
639327.100,1664608.500,552.000,555.666,-84.000,0.125,0.019,0.078,0.017,0.012,0
639467.300,1640568.900,608.000,618.117,-91.000,0.050,0.009,0.020,0.013,0.007,0
639468.800,1705732.400,529.000,530.193,-75.000,0.055,0.003,0.017,0.025,0.010,0
639489.100,1657141.700,550.000,557.064,-88.000,0.036,0.003,0.007,0.015,0.012,0
639507.900,1701041.700,499.000,498.860,-72.000,0.055,0.003,0.016,0.024,0.011,0
639544.300,1653225.600,544.000,554.392,-87.000,0.034,0.001,0.004,0.015,0.013,0
639549.300,1670683.500,524.000,523.109,-80.000,0.045,0.003,0.008,0.020,0.014,0
639549.400,1650526.200,553.000,560.824,-87.000,0.032,0.002,0.005,0.014,0.012,0
639564.400,1658989.700,564.000,562.570,-87.000,0.076,0.038,0.012,0.015,0.012,0
639637.300,1629783.300,618.000,617.691,-85.000,0.028,0.004,0.008,0.010,0.005,0
639652.000,1694924.300,491.000,483.054,-71.000,0.055,0.003,0.019,0.019,0.014,0
639661.300,1696938.000,479.000,477.211,-71.000,0.054,0.001,0.013,0.025,0.014,0
639781.800,1712527.500,641.000,642.372,-79.000,0.180,0.015,0.061,0.080,0.025,0
639821.300,1624009.500,640.000,636.504,-82.000,0.027,0.004,0.009,0.009,0.005,0
639861.000,1704783.400,529.000,528.354,-75.000,0.061,0.012,0.015,0.025,0.010,0
639880.900,1665496.800,539.000,541.504,-84.000,0.094,0.015,0.048,0.019,0.012,0
639890.400,1658394.200,556.000,567.874,-88.000,0.054,0.013,0.014,0.016,0.011,0
639923.900,1637938.500,586.000,594.980,-90.000,0.028,0.001,0.007,0.012,0.007,0
639934.600,1708567.600,555.000,559.766,-75.000,0.076,0.007,0.037,0.023,0.010,0
639953.900,1707151.600,542.000,542.507,-76.000,0.066,0.009,0.023,0.024,0.010,0
640104.900,1674846.700,501.000,505.240,-78.000,0.048,0.002,0.007,0.025,0.014,0
640124.300,1703822.400,519.000,522.057,-75.000,0.085,0.029,0.021,0.024,0.010,0
640133.500,1627761.600,618.500,621.706,-83.000,0.023,0.003,0.006,0.010,0.005,0
640140.600,1695801.300,480.000,477.527,-71.000,0.055,0.003,0.014,0.024,0.014,0
640216.200,1676009.000,508.000,506.009,-77.000,0.048,0.003,0.007,0.024,0.014,0
640234.200,1640097.600,607.000,614.574,-90.000,0.035,0.006,0.010,0.012,0.007,0
640235.100,1667412.900,525.000,528.150,-82.000,0.051,0.003,0.012,0.023,0.013,0
640257.000,1654590.600,547.000,560.583,-88.000,0.036,0.002,0.006,0.015,0.012,0
640323.600,1630251.900,628.500,622.527,-87.000,0.033,0.007,0.010,0.010,0.005,0
640343.800,1661760.100,558.000,559.833,-85.000,0.058,0.003,0.026,0.017,0.011,0
640346.100,1702651.000,507.000,510.980,-74.000,0.061,0.004,0.022,0.024,0.011,0
640385.800,1694309.200,480.000,477.470,-71.000,0.058,0.002,0.019,0.023,0.014,0
640411.900,1635452.100,618.000,624.851,-90.000,0.060,0.023,0.019,0.011,0.006,0
640440.500,1692362.300,494.000,495.337,-69.000,0.067,0.009,0.028,0.017,0.012,0
640485.900,1644900.500,584.000,592.199,-88.000,0.031,0.004,0.007,0.011,0.009,0
640501.900,1701733.600,503.000,502.126,-73.000,0.066,0.004,0.026,0.025,0.011,0
640583.000,1643020.300,590.000,602.242,-89.000,0.034,0.006,0.008,0.012,0.008,0
640583.300,1657612.800,557.000,567.499,-89.000,0.040,0.003,0.011,0.016,0.011,0
640591.500,1641571.100,613.000,620.436,-90.000,0.042,0.004,0.016,0.014,0.008,0
640603.700,1655975.500,558.000,567.336,-89.000,0.036,0.002,0.007,0.015,0.011,0
640629.200,1696678.300,475.000,473.298,-72.000,0.058,0.000,0.015,0.028,0.015,0
640637.600,1670225.300,524.000,527.252,-80.000,0.051,0.003,0.011,0.023,0.013,0
640664.000,1651218.700,546.000,556.188,-87.000,0.038,0.004,0.004,0.018,0.012,0
640713.400,1668322.900,529.000,527.286,-82.000,0.046,0.001,0.008,0.024,0.014,0
640758.700,1712433.900,641.000,638.392,-80.000,0.175,0.017,0.054,0.080,0.024,0
640773.600,1697652.800,477.000,475.566,-71.000,0.069,0.002,0.024,0.029,0.014,0
640791.600,1653299.300,554.000,560.725,-87.000,0.036,0.004,0.004,0.016,0.012,0
640803.300,1631084.500,620.500,624.811,-88.000,0.043,0.006,0.022,0.010,0.006,0
640835.700,1665823.300,542.000,541.901,-84.000,0.062,0.003,0.025,0.021,0.013,0
640846.800,1627301.100,628.500,628.813,-83.000,0.023,0.002,0.006,0.010,0.005,0
640873.100,1700718.000,498.000,496.179,-73.000,0.084,0.003,0.045,0.024,0.012,0
640892.500,1708108.700,543.000,546.679,-77.000,0.084,0.010,0.040,0.024,0.010,0
640951.600,1707212.900,541.000,541.212,-77.000,0.072,0.008,0.030,0.024,0.010,0
640971.600,1698627.600,488.000,489.268,-72.000,0.076,0.007,0.032,0.025,0.012,0
641004.200,1631716.200,630.000,634.528,-89.000,0.063,0.020,0.027,0.011,0.006,0
641019.300,1699612.500,489.000,490.213,-73.000,0.087,0.004,0.046,0.025,0.012,1
641029.800,1678315.100,497.000,501.222,-78.000,0.057,0.009,0.005,0.028,0.015,1
641066.100,1693682.700,482.000,486.094,-72.000,0.055,0.007,0.015,0.020,0.013,1
641136.800,1669420.700,525.000,523.769,-81.000,0.050,0.000,0.009,0.026,0.014,1
641184.600,1637680.300,594.000,601.440,-89.000,0.028,0.003,0.006,0.012,0.007,1
641202.600,1704769.400,516.000,515.387,-76.000,0.083,0.001,0.042,0.029,0.011,0
641270.200,1702479.600,503.000,503.258,-75.000,0.080,0.001,0.042,0.026,0.011,1
641274.800,1662506.900,569.000,572.461,-84.000,0.073,0.005,0.037,0.020,0.011,1
641281.700,1633963.700,618.000,627.082,-89.000,0.036,0.008,0.011,0.011,0.006,0
641393.900,1692744.300,486.000,485.981,-71.000,0.056,0.007,0.015,0.020,0.013,1
641405.400,1649541.400,563.000,572.153,-87.000,0.036,0.003,0.007,0.014,0.011,1
641406.100,1632946.600,623.000,632.347,-89.000,0.040,0.008,0.015,0.011,0.006,0
641492.100,1674689.100,511.000,512.197,-78.000,0.052,0.003,0.007,0.028,0.014,1
641570.900,1626851.800,621.000,623.548,-84.000,0.026,0.001,0.009,0.011,0.005,0
641578.800,1634695.600,610.000,617.176,-89.000,0.031,0.005,0.009,0.011,0.006,1
641597.600,1647971.500,572.000,579.337,-88.000,0.035,0.004,0.007,0.013,0.010,1
641627.200,1668295.100,529.000,530.772,-82.000,0.050,0.003,0.007,0.027,0.012,1
641689.600,1691794.600,481.000,484.588,-71.000,0.059,0.008,0.016,0.022,0.013,1
641711.400,1665009.800,552.000,553.649,-84.000,0.069,0.003,0.032,0.023,0.011,1
641732.200,1630569.900,638.500,633.284,-88.000,0.049,0.010,0.023,0.010,0.006,0
641750.100,1690666.400,477.000,480.602,-69.000,0.098,0.037,0.024,0.024,0.014,1
641774.900,1707704.800,538.000,537.748,-78.000,0.089,0.003,0.051,0.025,0.010,0
641807.800,1646977.100,578.000,588.806,-88.000,0.037,0.005,0.010,0.013,0.009,1
641839.500,1654334.400,554.000,564.979,-89.000,0.038,0.002,0.006,0.018,0.011,1
641891.800,1663605.800,560.000,561.711,-84.000,0.085,0.013,0.039,0.021,0.011,1
641899.000,1703224.700,510.000,508.573,-76.000,0.108,0.002,0.068,0.027,0.011,1
641916.500,1695081.900,475.000,472.266,-72.000,0.056,0.002,0.011,0.028,0.015,1
641936.800,1702295.600,503.000,504.706,-74.000,0.110,0.001,0.072,0.026,0.011,1
642054.800,1650684.800,552.000,559.880,-87.000,0.039,0.001,0.006,0.021,0.012,1
642055.200,1696985.700,470.000,473.564,-71.000,0.080,0.004,0.031,0.031,0.015,1
642100.500,1689562.200,491.000,493.594,-66.000,0.069,0.009,0.024,0.023,0.012,1
642122.000,1712320.600,575.000,580.128,-83.000,0.548,0.306,0.199,0.030,0.012,0
642127.400,1678045.100,503.000,501.853,-78.000,0.057,0.003,0.004,0.035,0.014,1
642155.700,1657234.900,561.000,573.315,-89.000,0.047,0.005,0.014,0.018,0.011,1
642173.900,1673907.600,516.000,517.852,-80.000,0.058,0.003,0.012,0.031,0.013,1
642210.700,1635252.400,605.000,610.861,-88.000,0.030,0.002,0.010,0.012,0.006,1
642283.700,1644745.200,589.000,597.237,-88.000,0.031,0.004,0.006,0.013,0.009,1
642301.900,1668719.600,532.000,531.902,-81.000,0.049,0.001,0.006,0.029,0.013,1
642347.400,1626635.100,628.000,631.588,-85.000,0.024,0.003,0.007,0.010,0.005,0
642353.800,1688523.800,501.000,502.584,-64.000,0.137,0.062,0.039,0.024,0.012,1
642371.300,1696213.200,467.000,468.077,-72.000,0.076,0.008,0.019,0.033,0.016,1
642423.800,1637444.200,603.000,610.802,-88.000,0.031,0.006,0.006,0.012,0.007,1
642425.800,1669572.200,526.000,528.051,-81.000,0.059,0.006,0.009,0.031,0.013,1
642430.600,1704046.700,524.000,532.742,-77.000,0.458,0.307,0.115,0.026,0.010,0
642457.400,1704920.900,527.000,530.672,-77.000,0.163,0.020,0.107,0.026,0.010,0
642467.400,1633705.100,612.000,619.194,-88.000,0.032,0.003,0.012,0.011,0.006,0
642567.900,1654836.600,563.000,575.234,-89.000,0.040,0.005,0.007,0.017,0.011,1
642588.300,1646008.200,594.000,604.673,-88.000,0.049,0.008,0.019,0.013,0.009,1
642641.700,1694145.900,473.000,474.716,-73.000,0.060,0.007,0.010,0.028,0.015,1
642692.600,1675216.300,511.000,514.021,-79.000,0.058,0.004,0.007,0.035,0.013,1
642693.800,1664329.700,549.000,551.811,-84.000,0.068,0.003,0.028,0.025,0.012,1
642695.300,1676532.800,513.000,514.834,-79.000,0.062,0.005,0.010,0.035,0.013,1
642698.000,1647458.100,579.000,589.609,-88.000,0.039,0.005,0.011,0.014,0.010,1
642764.800,1707279.400,538.000,536.355,-78.000,0.141,0.050,0.056,0.025,0.010,0
642824.100,1706361.500,532.000,536.621,-78.000,0.114,0.025,0.053,0.026,0.010,0
642831.600,1630355.100,649.000,653.421,-88.000,0.054,0.014,0.019,0.013,0.007,0
642845.700,1665879.600,540.000,542.917,-83.000,0.055,0.001,0.013,0.028,0.013,1
642959.800,1689545.300,469.000,473.510,-70.000,0.092,0.021,0.022,0.032,0.016,1
642989.300,1636462.900,606.000,615.534,-87.000,0.033,0.007,0.007,0.012,0.007,1
643015.400,1673370.600,521.000,519.805,-80.000,0.072,0.003,0.022,0.034,0.013,1
643041.700,1677884.700,501.000,502.714,-79.000,0.063,0.002,0.005,0.042,0.014,1
643152.000,1696715.800,464.000,466.656,-73.000,0.093,0.001,0.041,0.035,0.016,1
643175.200,1680662.500,503.000,505.409,-76.000,0.065,0.002,0.009,0.041,0.013,1
643206.500,1648777.700,566.000,576.311,-88.000,0.037,0.003,0.006,0.017,0.011,1
643227.800,1712205.700,563.000,563.532,-84.000,0.577,0.218,0.322,0.026,0.011,0
643239.600,1670075.100,532.000,535.944,-81.000,0.055,0.004,0.007,0.031,0.013,1
643268.500,1632935.400,618.000,624.646,-87.000,0.035,0.003,0.015,0.011,0.006,0
643302.000,1705435.000,528.000,532.269,-79.000,0.186,0.004,0.145,0.026,0.011,0
643376.100,1702149.500,524.000,522.085,-76.000,0.129,0.008,0.085,0.024,0.011,1
643386.600,1651046.800,563.000,570.890,-88.000,0.038,0.003,0.004,0.019,0.012,1
643458.600,1626276.500,636.500,637.986,-85.000,0.025,0.003,0.008,0.009,0.006,0
643464.600,1691285.500,466.000,470.382,-73.000,0.072,0.011,0.013,0.033,0.016,1
643533.200,1644531.300,599.000,608.288,-87.000,0.038,0.005,0.010,0.014,0.009,1
643607.700,1692470.100,471.000,469.666,-74.000,0.066,0.008,0.010,0.033,0.016,1
643632.000,1679758.100,505.000,507.840,-77.000,0.066,0.002,0.007,0.045,0.012,1
643736.000,1694285.400,459.000,460.321,-74.000,0.069,0.003,0.010,0.039,0.017,1
643814.100,1642541.600,598.000,609.891,-87.000,0.032,0.004,0.006,0.014,0.008,1
643860.500,1668729.000,542.000,540.766,-82.000,0.070,0.018,0.006,0.034,0.012,1
643865.600,1646513.600,581.000,589.471,-88.000,0.044,0.008,0.011,0.016,0.009,1
643905.600,1638028.300,614.000,618.597,-87.000,0.031,0.004,0.007,0.013,0.007,1
643914.400,1675743.700,512.000,511.283,-80.000,0.066,0.002,0.005,0.046,0.013,1
643915.100,1677381.100,505.000,508.820,-79.000,0.066,0.003,0.003,0.048,0.013,1
643964.400,1664016.600,563.000,564.219,-84.000,0.063,0.003,0.022,0.027,0.011,1
643971.500,1666373.200,538.000,542.477,-84.000,0.056,0.001,0.009,0.034,0.012,1
643972.600,1673254.700,517.000,520.188,-81.000,0.080,0.003,0.023,0.041,0.013,1
644039.300,1655188.400,571.000,579.184,-90.000,0.042,0.003,0.009,0.020,0.011,1
644042.800,1670555.600,539.000,541.287,-81.000,0.056,0.002,0.007,0.035,0.012,1
644049.400,1695692.400,461.000,458.842,-73.000,0.079,0.001,0.020,0.041,0.017,1
644052.400,1696953.700,464.000,466.997,-74.000,0.109,0.003,0.053,0.037,0.016,1
644089.900,1689154.000,472.000,469.601,-72.000,0.085,0.005,0.023,0.040,0.017,1
644172.700,1652688.800,569.000,576.261,-89.000,0.041,0.003,0.007,0.020,0.011,1
644184.100,1711979.300,550.000,552.114,-84.000,0.393,0.045,0.313,0.025,0.010,0
644200.200,1631956.300,630.000,635.760,-87.000,0.038,0.009,0.012,0.011,0.007,0
644233.700,1705772.800,544.000,544.293,-80.000,0.142,0.006,0.097,0.028,0.011,0
644248.900,1679020.600,503.000,507.062,-77.000,0.072,0.003,0.005,0.052,0.013,1
644269.000,1701823.200,523.000,524.472,-77.000,0.127,0.014,0.077,0.025,0.011,1
644277.300,1638871.300,606.000,617.600,-88.000,0.031,0.004,0.006,0.013,0.007,1
644320.600,1649569.900,561.000,571.173,-88.000,0.040,0.001,0.006,0.022,0.011,1
644387.300,1636681.400,614.000,622.462,-87.000,0.038,0.009,0.009,0.013,0.007,1
644450.200,1626127.500,635.000,638.977,-85.000,0.026,0.001,0.010,0.009,0.006,0
644454.400,1650577.500,570.000,577.578,-88.000,0.040,0.003,0.006,0.020,0.011,1
644483.000,1654737.500,565.000,575.529,-89.000,0.046,0.003,0.010,0.021,0.011,1
644625.900,1668357.600,536.000,540.549,-83.000,0.061,0.004,0.007,0.037,0.013,1
644724.800,1644992.100,606.000,613.225,-88.000,0.045,0.004,0.017,0.014,0.009,1
644741.400,1642237.400,601.000,610.001,-87.000,0.033,0.002,0.008,0.014,0.008,1
644868.100,1653312.600,567.000,579.098,-88.000,0.043,0.004,0.007,0.021,0.011,1
644889.300,1670981.300,532.000,531.044,-82.000,0.071,0.006,0.009,0.042,0.013,1
644902.400,1688019.400,480.000,483.337,-68.000,0.148,0.007,0.086,0.040,0.015,1
644929.000,1673271.700,526.000,527.546,-81.000,0.073,0.005,0.010,0.045,0.013,1
644963.500,1648224.000,567.000,578.863,-88.000,0.042,0.004,0.007,0.021,0.011,1
644976.800,1696771.400,463.000,463.684,-75.000,0.143,0.021,0.067,0.039,0.016,1
644992.400,1676934.100,511.000,513.493,-80.000,0.076,0.003,0.004,0.056,0.013,1
645000.400,1640325.000,609.000,619.788,-87.000,0.033,0.005,0.006,0.014,0.008,1
645037.300,1690509.600,466.000,464.427,-75.000,0.074,0.002,0.010,0.044,0.018,1
645093.300,1664012.400,557.000,555.709,-84.000,0.071,0.005,0.021,0.033,0.012,1
645131.400,1638223.700,616.000,624.640,-87.000,0.036,0.008,0.007,0.013,0.008,1
645141.700,1680597.100,502.000,502.285,-75.000,0.094,0.001,0.017,0.062,0.014,1
645151.000,1711786.200,540.000,545.319,-85.000,0.467,0.168,0.263,0.026,0.011,0
645187.000,1706055.300,520.000,523.695,-80.000,0.191,0.009,0.145,0.027,0.011,0
645193.400,1679192.400,508.000,506.924,-77.000,0.090,0.004,0.010,0.062,0.013,1
645260.900,1647075.200,576.000,587.407,-88.000,0.043,0.006,0.009,0.019,0.009,1
645279.000,1701674.600,535.000,534.815,-79.000,0.116,0.006,0.070,0.030,0.011,1
645311.300,1667034.100,542.000,546.182,-84.000,0.066,0.003,0.012,0.040,0.011,1
645353.400,1689759.200,469.000,471.002,-74.000,0.076,0.001,0.015,0.045,0.016,1
645374.700,1691518.500,461.000,461.976,-75.000,0.069,0.001,0.005,0.045,0.017,1
645410.000,1625889.800,643.500,644.803,-84.000,0.026,0.003,0.009,0.008,0.006,0
645413.700,1667864.500,547.000,546.681,-84.000,0.062,0.002,0.009,0.040,0.011,1
645471.900,1677600.900,516.000,515.536,-79.000,0.086,0.004,0.007,0.062,0.012,1
645475.200,1692614.500,456.000,460.611,-76.000,0.070,0.004,0.005,0.044,0.017,1
645506.500,1631344.600,628.000,638.264,-86.000,0.037,0.005,0.014,0.010,0.007,0
645511.200,1665984.300,555.000,554.333,-84.000,0.063,0.002,0.012,0.038,0.011,1
645529.400,1654223.800,574.000,581.355,-89.000,0.049,0.004,0.011,0.023,0.011,1
645607.100,1636102.500,634.000,640.001,-86.000,0.051,0.017,0.013,0.013,0.008,1
645654.000,1668983.400,548.000,551.617,-83.000,0.066,0.003,0.011,0.041,0.011,1
645668.800,1641911.100,604.000,618.047,-87.000,0.038,0.006,0.009,0.015,0.008,1
645700.100,1673707.900,521.000,519.676,-82.000,0.082,0.003,0.008,0.058,0.012,1
645715.600,1674681.600,514.000,516.807,-81.000,0.083,0.004,0.006,0.061,0.013,1
645733.800,1669990.700,541.000,542.457,-83.000,0.074,0.011,0.008,0.045,0.012,1
645781.600,1670953.500,537.000,536.850,-83.000,0.072,0.005,0.007,0.048,0.012,1
645786.100,1671960.400,536.000,533.681,-83.000,0.075,0.006,0.008,0.050,0.012,1
645790.700,1672967.200,521.000,521.700,-82.000,0.079,0.002,0.007,0.057,0.013,1
645845.300,1676286.600,516.000,518.144,-81.000,0.087,0.006,0.005,0.064,0.012,1
645849.700,1665145.600,553.000,555.577,-84.000,0.068,0.003,0.016,0.038,0.011,1
645869.000,1696611.000,456.000,456.829,-77.000,0.251,0.110,0.077,0.046,0.018,1
645966.100,1644346.800,603.000,612.894,-88.000,0.040,0.006,0.010,0.015,0.009,1
646004.500,1625517.200,645.500,651.215,-84.000,0.031,0.007,0.009,0.008,0.007,0
646028.100,1664095.600,556.000,557.340,-84.000,0.073,0.003,0.022,0.037,0.012,1
646037.000,1678290.400,508.000,507.774,-77.000,0.103,0.004,0.012,0.073,0.013,1
646080.000,1662657.700,564.000,564.212,-85.000,0.077,0.002,0.029,0.034,0.011,1
646105.600,1687971.600,483.000,484.939,-71.000,0.119,0.002,0.056,0.048,0.014,1
646113.500,1684995.500,504.000,507.788,-58.000,0.820,0.506,0.251,0.050,0.012,1
646135.100,1667669.800,549.000,552.037,-84.000,0.074,0.005,0.016,0.042,0.012,1
646140.500,1645741.900,591.000,597.899,-88.000,0.050,0.011,0.012,0.018,0.009,1
646152.600,1706116.700,514.000,513.143,-81.000,0.276,0.068,0.170,0.027,0.011,0
646154.100,1650565.600,575.000,587.369,-88.000,0.043,0.003,0.008,0.021,0.011,1
646177.600,1643186.400,606.000,615.086,-87.000,0.039,0.006,0.009,0.015,0.009,1
646220.300,1691944.200,460.000,461.614,-76.000,0.068,0.001,0.003,0.047,0.017,1
646255.900,1701658.600,531.000,534.601,-80.000,0.178,0.051,0.085,0.031,0.011,1
646372.700,1712015.300,525.000,526.398,-86.000,0.406,0.018,0.351,0.027,0.010,0
646388.400,1638607.500,615.000,621.025,-86.000,0.036,0.003,0.011,0.014,0.008,1
646395.300,1689732.600,472.000,468.971,-75.000,0.084,0.001,0.015,0.052,0.016,1
646439.900,1692886.100,460.000,461.824,-76.000,0.066,0.001,0.004,0.044,0.017,1
646475.700,1652503.700,570.000,578.891,-89.000,0.051,0.001,0.013,0.026,0.011,1
646494.200,1624668.300,653.500,655.271,-83.000,0.031,0.007,0.010,0.007,0.007,0
646525.200,1635565.900,632.000,640.565,-85.000,0.035,0.005,0.010,0.012,0.008,1
646539.400,1661388.200,581.000,582.074,-86.000,0.082,0.012,0.028,0.030,0.011,1
646634.600,1684124.700,502.000,506.924,-60.000,0.611,0.120,0.421,0.058,0.013,1
646635.800,1695896.700,448.000,450.534,-77.000,0.098,0.003,0.025,0.050,0.019,1
646636.800,1647282.700,589.000,594.750,-88.000,0.047,0.005,0.011,0.020,0.010,1
646637.000,1676855.800,508.000,510.972,-80.000,0.107,0.004,0.010,0.080,0.013,1
646660.300,1655735.400,599.000,608.724,-89.000,0.064,0.007,0.021,0.025,0.012,1
646696.000,1686315.700,518.000,514.311,-60.000,0.279,0.067,0.151,0.049,0.012,1
646768.900,1672929.000,526.000,528.655,-83.000,0.088,0.005,0.006,0.064,0.013,1
646780.200,1696827.000,456.000,456.628,-78.000,0.123,0.004,0.056,0.046,0.018,1
646792.200,1657019.600,609.000,620.558,-89.000,0.156,0.084,0.029,0.030,0.013,1
646810.400,1645281.300,597.000,607.624,-87.000,0.050,0.012,0.012,0.017,0.009,1
646818.600,1631562.700,636.000,645.415,-85.000,0.038,0.008,0.012,0.010,0.008,0
646844.600,1653734.100,572.000,584.388,-89.000,0.053,0.003,0.014,0.025,0.011,1
646903.800,1671978.400,524.000,526.241,-83.000,0.088,0.003,0.006,0.066,0.013,1
646919.900,1683163.900,503.000,504.255,-64.000,0.404,0.025,0.297,0.069,0.013,1
646941.900,1686505.300,526.000,510.925,-62.000,0.270,0.056,0.150,0.052,0.012,1
647042.500,1663482.300,566.000,566.880,-85.000,0.083,0.008,0.026,0.038,0.011,1
647057.900,1693653.400,459.000,459.207,-76.000,0.069,0.001,0.005,0.045,0.017,1
647117.700,1687579.700,489.000,487.224,-71.000,0.189,0.026,0.094,0.055,0.014,1
647118.700,1706078.600,504.000,507.222,-81.000,0.225,0.019,0.168,0.027,0.012,0
647143.700,1667963.700,548.000,550.117,-85.000,0.080,0.004,0.015,0.050,0.011,1
647168.300,1670928.900,531.000,529.977,-84.000,0.088,0.002,0.008,0.066,0.012,1
647175.100,1690401.300,470.000,469.876,-75.000,0.079,0.002,0.009,0.053,0.016,1
647178.000,1691651.600,458.000,461.258,-77.000,0.074,0.001,0.005,0.052,0.017,1
647203.200,1660120.000,581.000,583.180,-87.000,0.096,0.014,0.040,0.032,0.011,1
647206.100,1624484.500,654.500,655.286,-83.000,0.029,0.002,0.013,0.007,0.007,0
647267.400,1646213.500,593.000,603.808,-87.000,0.052,0.009,0.015,0.019,0.009,1
647289.700,1658306.000,592.000,603.245,-89.000,0.067,0.008,0.019,0.029,0.011,1
647307.300,1701742.700,541.000,547.279,-81.000,0.171,0.027,0.093,0.040,0.011,1
647317.000,1678088.100,502.000,501.566,-77.000,0.149,0.003,0.032,0.100,0.013,1
647323.300,1682226.100,503.000,503.821,-68.000,0.347,0.016,0.242,0.077,0.013,1
647337.100,1712209.500,515.000,517.908,-87.000,0.301,0.004,0.259,0.028,0.010,0
647357.900,1633181.200,656.000,660.847,-84.000,0.047,0.008,0.015,0.013,0.010,0
647414.900,1688134.700,475.000,480.130,-73.000,0.136,0.003,0.059,0.058,0.015,1
647456.700,1650407.700,587.000,595.561,-88.000,0.049,0.004,0.012,0.023,0.010,1
647468.600,1658926.700,593.000,593.738,-87.000,0.068,0.004,0.023,0.030,0.011,1
647511.300,1627429.200,662.500,667.967,-85.000,0.045,0.011,0.014,0.011,0.009,0
647543.200,1676286.100,507.000,507.717,-81.000,0.134,0.002,0.019,0.099,0.013,1
647551.600,1634941.500,630.000,638.300,-85.000,0.043,0.008,0.015,0.012,0.008,1
647690.800,1638582.200,624.000,629.860,-86.000,0.039,0.004,0.012,0.014,0.008,1
647691.400,1697042.900,452.000,452.694,-79.000,0.128,0.006,0.052,0.051,0.018,1
647737.000,1681354.600,502.000,502.607,-71.000,0.323,0.008,0.216,0.086,0.013,1
647742.000,1687373.400,489.000,491.519,-72.000,0.318,0.056,0.189,0.059,0.014,1
647760.600,1682715.600,524.000,525.189,-60.000,0.671,0.061,0.530,0.069,0.011,1
647876.800,1706680.900,496.000,496.038,-82.000,0.274,0.002,0.231,0.029,0.012,0
647881.200,1689133.400,474.000,479.564,-75.000,0.098,0.002,0.023,0.057,0.015,1
647881.300,1637355.400,630.000,635.888,-85.000,0.043,0.007,0.014,0.013,0.008,1
647916.300,1654382.300,585.000,591.848,-89.000,0.100,0.041,0.021,0.027,0.011,1
647925.800,1680371.100,499.000,501.388,-73.000,0.269,0.009,0.154,0.092,0.013,1
647955.700,1696015.700,452.000,450.476,-79.000,0.090,0.002,0.017,0.052,0.019,1
647964.400,1679353.500,499.000,503.060,-73.000,0.210,0.004,0.092,0.101,0.013,1
647989.100,1647822.100,576.000,588.887,-88.000,0.051,0.002,0.012,0.027,0.010,1
647990.100,1631890.700,645.000,652.494,-84.000,0.044,0.014,0.011,0.010,0.009,0
647993.100,1667946.900,545.000,546.761,-86.000,0.097,0.004,0.024,0.058,0.012,1
647996.800,1686146.900,517.000,520.503,-60.000,0.520,0.256,0.196,0.056,0.011,1
648001.500,1663156.400,576.000,581.346,-85.000,0.118,0.045,0.023,0.039,0.011,1
648006.000,1671033.800,539.000,537.146,-84.000,0.095,0.002,0.009,0.072,0.012,1
648060.700,1693006.900,453.000,456.374,-77.000,0.076,0.001,0.006,0.051,0.018,1
648119.100,1693958.800,452.000,453.403,-78.000,0.079,0.002,0.007,0.052,0.018,1
648133.500,1624279.900,658.000,658.245,-82.000,0.034,0.004,0.016,0.006,0.008,0
648186.600,1626161.100,659.000,662.994,-84.000,0.031,0.005,0.010,0.008,0.009,0
648187.100,1701792.600,532.000,532.587,-82.000,0.467,0.303,0.118,0.034,0.011,1
648281.900,1691990.500,461.000,460.138,-77.000,0.078,0.000,0.006,0.055,0.017,1
648282.400,1712027.500,506.000,506.866,-87.000,0.278,0.004,0.234,0.030,0.010,0
648315.700,1676479.100,521.000,520.000,-80.000,0.149,0.006,0.027,0.104,0.012,1
648381.100,1648798.100,575.000,588.276,-88.000,0.050,0.001,0.011,0.028,0.010,1
648397.200,1682277.100,537.000,537.562,-60.000,1.049,0.228,0.741,0.069,0.011,1
648438.600,1653400.900,586.000,593.689,-88.000,0.075,0.006,0.031,0.027,0.011,1
648450.700,1687400.000,490.000,488.081,-73.000,0.220,0.009,0.135,0.062,0.014,1
648514.000,1628984.200,682.500,686.211,-84.000,0.058,0.005,0.021,0.019,0.013,0
648599.100,1634405.800,650.000,654.039,-84.000,0.040,0.008,0.011,0.012,0.009,1
648613.500,1697236.900,449.000,448.971,-80.000,0.121,0.003,0.046,0.054,0.019,1
648634.800,1687157.800,495.000,493.022,-72.000,0.229,0.008,0.146,0.062,0.014,1
648759.600,1686118.600,522.000,522.240,-64.000,0.341,0.093,0.175,0.061,0.012,1
648773.700,1658315.300,602.000,607.278,-89.000,0.084,0.010,0.031,0.031,0.012,1
648863.800,1706742.600,491.000,495.507,-84.000,1.010,0.729,0.239,0.029,0.013,0
648866.300,1691286.100,463.000,464.130,-77.000,0.083,0.001,0.008,0.058,0.017,1
648879.700,1675652.900,530.000,528.933,-81.000,0.156,0.007,0.033,0.104,0.011,1
648950.000,1671316.300,528.000,528.956,-85.000,0.120,0.001,0.011,0.096,0.012,1
648950.100,1638590.000,631.000,642.055,-85.000,0.051,0.007,0.021,0.014,0.009,1
648965.600,1649963.400,588.000,599.570,-88.000,0.068,0.014,0.018,0.027,0.010,1
649006.800,1696177.300,453.000,452.926,-81.000,0.089,0.003,0.016,0.052,0.019,1
649024.000,1644033.700,614.000,619.835,-86.000,0.044,0.002,0.014,0.019,0.009,1
649054.900,1661492.400,597.000,601.255,-87.000,0.107,0.038,0.020,0.038,0.012,1
649076.300,1651181.100,591.000,602.381,-88.000,0.067,0.012,0.018,0.027,0.010,1
649087.000,1693710.500,452.000,454.995,-79.000,0.100,0.007,0.023,0.052,0.018,1
649108.300,1690391.500,470.000,468.939,-77.000,0.092,0.001,0.010,0.064,0.016,1
649108.600,1702064.000,526.000,527.489,-83.000,0.163,0.014,0.103,0.034,0.011,1
649133.500,1662665.600,580.000,580.531,-86.000,0.100,0.008,0.036,0.045,0.011,1
649140.300,1654721.900,589.000,599.209,-89.000,0.098,0.026,0.032,0.030,0.010,1
649152.500,1685147.400,525.000,527.328,-58.000,0.647,0.284,0.286,0.065,0.012,1
649173.400,1632052.800,651.000,656.809,-84.000,0.036,0.003,0.014,0.010,0.009,0
649195.800,1652730.800,596.000,607.740,-88.000,0.075,0.011,0.026,0.027,0.010,1
649237.300,1712033.700,497.000,496.963,-87.000,0.380,0.094,0.243,0.032,0.011,0
649237.900,1642508.200,630.000,636.965,-86.000,0.130,0.068,0.035,0.018,0.010,1
649334.300,1668342.500,547.000,546.447,-86.000,0.113,0.003,0.023,0.075,0.011,1
649409.200,1630483.300,675.000,681.345,-84.000,0.063,0.013,0.021,0.017,0.013,0
649417.900,1637774.200,648.000,654.496,-84.000,0.089,0.017,0.047,0.015,0.011,1
649454.700,1635307.300,650.000,655.223,-85.000,0.046,0.009,0.015,0.012,0.010,1
649457.700,1636568.500,658.000,664.085,-85.000,0.077,0.018,0.031,0.016,0.011,1
649528.100,1626899.500,671.000,677.192,-84.000,0.044,0.010,0.012,0.012,0.011,0
649535.600,1639622.500,632.000,636.210,-86.000,0.049,0.003,0.022,0.015,0.009,1
649550.700,1674904.800,533.000,533.037,-81.000,0.172,0.008,0.038,0.115,0.011,1
649566.700,1674075.100,539.000,541.356,-82.000,0.164,0.013,0.032,0.108,0.011,1
649588.500,1687517.900,490.000,488.880,-74.000,0.180,0.005,0.094,0.066,0.014,1
649621.000,1660378.400,600.000,598.832,-88.000,0.073,0.005,0.019,0.038,0.011,1
649628.300,1672836.400,530.000,530.255,-84.000,0.164,0.004,0.032,0.117,0.012,1
649630.200,1697741.400,449.000,450.018,-82.000,0.139,0.006,0.061,0.052,0.020,1
649645.600,1634025.100,647.000,655.850,-84.000,0.040,0.005,0.014,0.011,0.010,1
649662.700,1692685.300,468.000,473.029,-79.000,0.105,0.017,0.026,0.046,0.015,1
649663.300,1658785.500,596.000,606.354,-89.000,0.068,0.004,0.018,0.034,0.011,1
649670.900,1647279.300,587.000,595.684,-87.000,0.057,0.001,0.016,0.031,0.009,1
649688.500,1671818.900,523.000,530.768,-85.000,0.141,0.001,0.014,0.113,0.012,1
649708.800,1648098.300,587.000,595.998,-87.000,0.054,0.003,0.013,0.030,0.009,1
649712.900,1649160.400,589.000,595.960,-88.000,0.054,0.001,0.013,0.030,0.010,1
649754.800,1688381.900,478.000,481.279,-76.000,0.140,0.002,0.054,0.068,0.015,1
649807.800,1640852.300,647.000,651.640,-86.000,0.064,0.012,0.023,0.018,0.011,1
649824.900,1702500.200,531.000,533.064,-84.000,0.188,0.014,0.125,0.038,0.012,1
649851.100,1706737.900,483.000,483.916,-85.000,0.416,0.010,0.359,0.034,0.014,0
649906.700,1659417.700,613.000,613.729,-88.000,0.068,0.004,0.016,0.035,0.012,1
649922.200,1632831.900,656.000,664.134,-84.000,0.043,0.010,0.012,0.011,0.011,0
649962.300,1671012.900,532.000,535.844,-85.000,0.134,0.002,0.011,0.109,0.012,1
650123.800,1684434.500,539.000,540.321,-56.000,0.766,0.125,0.557,0.073,0.012,1
650133.000,1643918.900,615.000,624.967,-86.000,0.045,0.003,0.013,0.020,0.009,1
650213.000,1712139.600,493.000,494.420,-87.000,0.377,0.146,0.186,0.034,0.011,0
650262.700,1696218.600,445.000,446.963,-82.000,0.108,0.013,0.017,0.057,0.020,1
650263.100,1631672.300,657.500,663.253,-84.000,0.041,0.005,0.017,0.010,0.010,0
650279.400,1686969.100,493.000,496.428,-74.000,0.246,0.005,0.157,0.070,0.014,1
650339.900,1687589.100,488.000,486.703,-76.000,0.194,0.003,0.104,0.072,0.015,1
650348.600,1654143.100,601.000,608.921,-88.000,0.071,0.005,0.026,0.029,0.011,1
650375.100,1685454.000,593.000,597.338,-68.000,2.012,1.335,0.557,0.104,0.015,1
650488.700,1697802.200,452.000,453.542,-82.000,0.242,0.112,0.063,0.049,0.019,1
650498.200,1662795.900,602.000,600.390,-86.000,0.116,0.029,0.027,0.047,0.012,1
650524.400,1713746.000,481.000,482.903,-87.000,0.179,0.005,0.124,0.039,0.012,0
650560.000,1646178.600,603.000,612.166,-86.000,0.089,0.035,0.019,0.026,0.009,1
650579.100,1649995.700,594.000,604.188,-87.000,0.065,0.006,0.019,0.030,0.010,1
650588.600,1660406.700,610.000,612.650,-88.000,0.072,0.004,0.017,0.039,0.013,1
650604.200,1691562.800,468.000,471.229,-79.000,0.086,0.003,0.009,0.059,0.016,1
650639.700,1642052.300,628.000,638.318,-85.000,0.061,0.014,0.019,0.018,0.010,1
650641.700,1680742.400,805.000,781.643,-61.000,5.144,1.939,2.615,0.509,0.081,1
650647.000,1668140.700,554.000,556.989,-87.000,0.123,0.004,0.021,0.089,0.010,1
650671.400,1686152.900,517.000,515.633,-72.000,0.471,0.018,0.372,0.069,0.012,1
650682.200,1692802.500,473.000,472.869,-80.000,0.130,0.032,0.035,0.048,0.016,1
650695.400,1705636.900,475.000,480.178,-85.000,0.838,0.424,0.364,0.035,0.014,0
650739.200,1693942.400,450.000,451.977,-80.000,0.277,0.134,0.067,0.057,0.018,1
650762.600,1670243.600,539.000,537.532,-86.000,0.154,0.004,0.017,0.124,0.010,1
650780.000,1702539.500,534.000,535.026,-85.000,0.274,0.057,0.162,0.043,0.012,1
650806.000,1683598.000,539.000,541.476,-54.000,0.886,0.132,0.663,0.081,0.012,1
650838.500,1648083.300,604.000,609.008,-87.000,0.058,0.005,0.015,0.029,0.009,1
650853.600,1689539.700,484.000,484.850,-79.000,0.110,0.003,0.015,0.077,0.014,1
650893.800,1630669.500,667.500,675.289,-84.000,0.054,0.010,0.019,0.013,0.012,0
650930.900,1628158.300,681.500,690.038,-84.000,0.052,0.008,0.011,0.019,0.014,0
650954.800,1644997.200,613.000,621.542,-86.000,0.056,0.008,0.017,0.023,0.009,1
650965.400,1690514.100,474.000,475.748,-78.000,0.094,0.001,0.007,0.070,0.016,1
651024.700,1633845.600,661.000,667.148,-84.000,0.051,0.011,0.016,0.012,0.012,0
651102.100,1695936.300,446.000,446.718,-83.000,0.099,0.004,0.019,0.056,0.020,1
651142.400,1688059.000,488.000,486.679,-77.000,0.173,0.003,0.079,0.076,0.014,1
651209.400,1681011.600,677.000,681.066,-55.000,2.190,1.299,0.641,0.216,0.034,1
651211.200,1712090.800,483.000,483.389,-87.000,0.163,0.011,0.102,0.037,0.012,0
651215.600,1713053.400,474.000,477.210,-87.000,0.156,0.011,0.091,0.042,0.012,0
651242.400,1687539.600,487.000,487.701,-76.000,0.225,0.005,0.126,0.080,0.015,1
651300.600,1639633.600,640.000,648.193,-85.000,0.050,0.005,0.019,0.016,0.010,1
651323.400,1681665.100,580.000,591.269,-54.000,1.107,0.318,0.672,0.103,0.014,1
651343.500,1654990.200,613.000,625.961,-88.000,0.086,0.013,0.030,0.031,0.012,1
651353.000,1680404.000,790.000,791.926,-57.000,4.208,1.208,2.393,0.520,0.087,1
651394.200,1693946.700,452.000,453.776,-81.000,0.191,0.072,0.045,0.056,0.018,1
651414.300,1682550.800,556.000,561.926,-54.000,0.798,0.112,0.580,0.094,0.012,1
651461.400,1663510.100,621.000,622.404,-87.000,0.102,0.006,0.025,0.056,0.014,1
651476.600,1697775.400,443.000,442.868,-83.000,0.168,0.005,0.085,0.056,0.021,1
651513.700,1643396.500,630.000,636.659,-86.000,0.044,0.002,0.012,0.019,0.010,1
651550.800,1669695.400,542.000,543.296,-86.000,0.165,0.001,0.023,0.130,0.011,1
651606.800,1662614.900,630.000,629.084,-87.000,0.106,0.006,0.031,0.054,0.015,1
651636.000,1651274.700,619.000,630.011,-88.000,0.143,0.061,0.043,0.027,0.012,1
651695.700,1688859.100,491.000,488.052,-79.000,0.134,0.003,0.037,0.079,0.015,1
651743.300,1689799.900,478.000,479.777,-79.000,0.111,0.001,0.013,0.081,0.015,1
651746.700,1705710.300,474.000,477.136,-86.000,0.622,0.318,0.256,0.033,0.015,0
651758.000,1660834.600,622.000,624.316,-88.000,0.091,0.017,0.016,0.046,0.014,1
651773.500,1696704.200,434.000,438.783,-84.000,0.125,0.003,0.039,0.062,0.022,1
651804.300,1658633.200,613.000,620.422,-90.000,0.089,0.006,0.033,0.039,0.012,1
651867.500,1624756.600,682.000,688.623,-85.000,0.050,0.010,0.011,0.017,0.013,0
651869.600,1706618.300,474.000,475.779,-87.000,0.426,0.072,0.303,0.036,0.015,0
651927.500,1632368.700,674.000,685.400,-84.000,0.096,0.051,0.012,0.018,0.014,0
652032.600,1629337.900,683.500,688.207,-84.000,0.062,0.013,0.017,0.018,0.014,0
652099.100,1647803.600,617.000,623.806,-85.000,0.078,0.012,0.030,0.026,0.010,1
652110.800,1644263.300,617.000,627.931,-86.000,0.057,0.007,0.019,0.022,0.010,1
652119.800,1712605.700,468.000,470.163,-88.000,0.142,0.027,0.059,0.042,0.013,0
652148.700,1681969.200,565.000,565.520,-53.000,0.700,0.026,0.563,0.099,0.012,1
652157.600,1687213.600,499.000,500.493,-76.000,0.262,0.004,0.163,0.081,0.014,1
652198.600,1712053.100,472.000,474.323,-88.000,0.154,0.033,0.069,0.039,0.013,0
652232.700,1668958.500,550.000,547.580,-87.000,0.178,0.001,0.028,0.137,0.011,1
652316.300,1652551.300,621.000,633.536,-88.000,0.089,0.012,0.035,0.029,0.013,1
652336.000,1697703.600,442.000,444.905,-84.000,0.263,0.063,0.126,0.052,0.021,1
652339.500,1633610.400,692.000,696.012,-85.000,0.098,0.026,0.028,0.026,0.017,0
652357.000,1691209.100,479.000,478.241,-81.000,0.091,0.002,0.009,0.064,0.015,1
652416.700,1628189.700,668.000,680.350,-84.000,0.042,0.004,0.012,0.013,0.012,0
652508.300,1694341.200,448.000,449.646,-83.000,0.105,0.005,0.023,0.058,0.020,1
652560.600,1661437.200,633.000,633.967,-89.000,0.098,0.009,0.021,0.053,0.015,1
652624.800,1654777.100,614.000,621.318,-88.000,0.103,0.009,0.049,0.034,0.011,1
652635.800,1624164.000,675.000,683.284,-85.000,0.046,0.010,0.009,0.014,0.012,0
652670.800,1689219.600,487.000,487.088,-80.000,0.128,0.002,0.024,0.087,0.014,1
652689.000,1639631.200,646.000,654.891,-85.000,0.050,0.007,0.016,0.015,0.011,1
652722.400,1681298.000,572.000,571.494,-53.000,0.948,0.254,0.577,0.106,0.011,1
652729.500,1643426.300,633.000,642.918,-86.000,0.048,0.001,0.017,0.019,0.011,1
652804.800,1690072.400,485.000,485.429,-81.000,0.107,0.002,0.011,0.080,0.014,1
652824.800,1706602.500,466.000,465.849,-88.000,0.665,0.334,0.276,0.038,0.016,0
652853.900,1692407.200,462.000,469.560,-81.000,0.121,0.030,0.018,0.057,0.017,1
652881.300,1646613.700,614.000,624.057,-84.000,0.168,0.092,0.040,0.027,0.009,1
652889.300,1648749.000,608.000,617.214,-87.000,0.107,0.015,0.052,0.030,0.009,1
652975.400,1693525.600,458.000,457.524,-82.000,0.124,0.023,0.026,0.057,0.018,1
653051.000,1653728.800,622.000,628.921,-88.000,0.114,0.008,0.062,0.032,0.012,1
653052.100,1645143.300,609.000,620.559,-85.000,0.070,0.005,0.029,0.026,0.009,1
653082.500,1713054.700,468.000,466.809,-89.000,0.088,0.001,0.032,0.041,0.013,0
653087.200,1626014.400,657.500,664.854,-84.000,0.041,0.006,0.017,0.008,0.010,0
653102.600,1660765.700,630.000,631.030,-89.000,0.082,0.003,0.013,0.051,0.014,1
653112.600,1685715.200,548.000,548.063,-69.000,0.770,0.104,0.569,0.084,0.012,1
653277.500,1686778.400,512.000,511.501,-77.000,0.316,0.008,0.207,0.089,0.013,1
653305.000,1711861.300,461.000,464.367,-89.000,0.112,0.002,0.055,0.041,0.014,0
653351.800,1636958.000,659.000,668.630,-84.000,0.053,0.004,0.022,0.014,0.013,1
653372.000,1680549.900,589.000,587.209,-53.000,0.699,0.031,0.547,0.109,0.013,1
653395.600,1668656.200,556.000,558.600,-86.000,0.215,0.002,0.066,0.138,0.009,1
653456.400,1652580.800,637.000,648.278,-88.000,0.154,0.065,0.042,0.031,0.015,1
653547.300,1686581.000,509.000,510.720,-77.000,0.366,0.019,0.239,0.095,0.013,1
653548.400,1633109.100,678.000,683.303,-84.000,0.060,0.011,0.017,0.017,0.015,0
653582.200,1697590.100,448.000,452.474,-86.000,0.652,0.482,0.101,0.049,0.018,1
653686.000,1711045.000,460.000,460.446,-89.000,0.147,0.001,0.089,0.042,0.015,0
653707.700,1658645.400,625.000,639.318,-90.000,0.126,0.022,0.043,0.045,0.015,1
653722.800,1687666.500,503.000,504.150,-79.000,0.198,0.003,0.092,0.090,0.013,1
653723.400,1646176.500,613.000,623.482,-86.000,0.088,0.002,0.048,0.028,0.009,1
653724.700,1689005.200,490.000,490.378,-80.000,0.142,0.003,0.037,0.087,0.015,1
653739.000,1642060.900,646.000,653.072,-85.000,0.061,0.010,0.022,0.018,0.012,1
653747.700,1706608.600,458.000,458.335,-88.000,0.287,0.002,0.229,0.039,0.017,0
653786.500,1679601.100,602.000,608.495,-53.000,1.031,0.227,0.671,0.117,0.016,1
653800.700,1690521.500,480.000,481.787,-82.000,0.113,0.006,0.015,0.076,0.016,1
653924.200,1628188.200,665.000,672.663,-83.000,0.048,0.009,0.017,0.011,0.011,0
653929.900,1639130.200,656.000,667.221,-84.000,0.058,0.010,0.019,0.016,0.013,1
653949.700,1680918.800,575.000,583.218,-52.000,0.981,0.180,0.680,0.108,0.013,1
653951.800,1678960.500,632.000,632.474,-52.000,1.253,0.210,0.891,0.131,0.021,1
653991.100,1636298.300,678.000,685.567,-83.000,0.073,0.011,0.026,0.020,0.016,1
654013.400,1698942.800,472.000,476.852,-87.000,0.230,0.075,0.107,0.033,0.015,1
654100.400,1637715.100,659.000,668.290,-83.000,0.057,0.006,0.024,0.015,0.013,1
654102.900,1640691.300,657.000,667.625,-84.000,0.061,0.011,0.018,0.018,0.014,1
654132.600,1693909.400,443.000,447.045,-84.000,0.110,0.008,0.017,0.065,0.020,1
654163.000,1710318.000,460.000,459.811,-90.000,0.212,0.011,0.142,0.043,0.015,0
654177.500,1649188.800,615.000,623.867,-87.000,0.115,0.008,0.066,0.031,0.010,1
654192.900,1635027.300,686.000,696.083,-83.000,0.095,0.026,0.025,0.026,0.018,1
654259.400,1711945.100,457.000,458.117,-89.000,0.101,0.001,0.045,0.040,0.015,0
654265.500,1655551.100,648.000,664.284,-89.000,0.192,0.086,0.043,0.043,0.019,1
654296.000,1660806.600,632.000,634.239,-89.000,0.091,0.005,0.014,0.057,0.015,1
654355.800,1697495.700,429.000,432.009,-86.000,0.220,0.009,0.123,0.065,0.023,1
654375.700,1678222.000,655.000,655.656,-52.000,1.439,0.293,0.975,0.145,0.026,1
654378.900,1685900.500,524.000,523.027,-76.000,0.436,0.010,0.311,0.104,0.012,1
654411.400,1713273.800,462.000,463.736,-90.000,0.089,0.005,0.035,0.036,0.014,0
654484.300,1643304.800,651.000,658.124,-84.000,0.066,0.005,0.030,0.019,0.013,1
654506.000,1691046.200,476.000,480.773,-83.000,0.120,0.011,0.024,0.070,0.015,1
654534.100,1668818.500,568.000,570.555,-85.000,0.295,0.002,0.152,0.132,0.009,1
654539.500,1708572.300,466.000,466.260,-90.000,0.775,0.446,0.274,0.039,0.015,0
654577.700,1633779.500,668.000,676.536,-83.000,0.054,0.012,0.014,0.014,0.014,0
654586.800,1688568.300,484.000,485.022,-81.000,0.195,0.012,0.071,0.098,0.015,1
654603.500,1659812.900,648.000,645.411,-89.000,0.091,0.007,0.013,0.055,0.016,1
654606.500,1679075.400,615.000,615.477,-51.000,0.758,0.054,0.561,0.126,0.017,1
654622.100,1707455.300,456.000,460.133,-90.000,0.517,0.200,0.262,0.038,0.017,0
654649.100,1654436.100,634.000,643.267,-89.000,0.162,0.041,0.071,0.036,0.014,1
654747.200,1677295.000,693.000,705.131,-53.000,2.833,1.379,1.207,0.202,0.044,1
654817.900,1681234.300,637.000,648.997,-53.000,1.596,0.541,0.878,0.152,0.026,1
654837.800,1645221.100,628.000,633.595,-86.000,0.107,0.006,0.068,0.023,0.010,1
654887.300,1632498.100,662.000,669.688,-83.000,0.055,0.014,0.017,0.011,0.012,0
654985.300,1699690.600,459.000,452.740,-88.000,0.291,0.053,0.182,0.037,0.020,1
655031.900,1694313.700,442.000,445.723,-85.000,0.115,0.016,0.016,0.063,0.021,1
655059.800,1659096.700,645.000,646.289,-90.000,0.091,0.005,0.016,0.053,0.016,1
655108.400,1711740.500,453.000,451.838,-90.000,0.108,0.001,0.048,0.042,0.016,0
655176.000,1696870.500,427.000,430.585,-87.000,0.286,0.121,0.075,0.067,0.023,1
655177.800,1691769.800,459.000,463.333,-84.000,0.114,0.007,0.016,0.073,0.018,1
655182.700,1673171.000,605.000,611.252,-70.000,1.445,0.058,1.272,0.100,0.015,1
655212.600,1713799.200,467.000,467.968,-90.000,0.081,0.014,0.022,0.032,0.013,0
655282.700,1708167.900,456.000,454.763,-90.000,0.239,0.004,0.173,0.044,0.017,0
655293.300,1639681.100,670.000,677.118,-84.000,0.086,0.022,0.029,0.019,0.015,1
655305.700,1674079.000,702.000,707.054,-65.000,3.554,1.909,1.428,0.171,0.045,1
655319.900,1678438.400,620.000,620.825,-51.000,0.747,0.030,0.573,0.126,0.018,1
655369.600,1685530.900,527.000,528.370,-76.000,0.375,0.006,0.246,0.110,0.013,1
655389.400,1709850.400,458.000,459.462,-90.000,0.218,0.084,0.076,0.042,0.016,0
655452.200,1628352.800,662.500,669.803,-82.000,0.045,0.009,0.014,0.011,0.011,0
655456.800,1644351.100,626.000,637.056,-85.000,0.150,0.033,0.084,0.022,0.010,1
655464.800,1649761.400,631.000,641.073,-87.000,0.109,0.019,0.050,0.028,0.012,1
655487.200,1688839.900,487.000,489.382,-83.000,0.264,0.082,0.069,0.097,0.015,1
655492.600,1658701.200,652.000,659.938,-91.000,0.098,0.007,0.016,0.056,0.019,1
655494.400,1676414.800,729.000,736.971,-53.000,3.017,1.697,1.015,0.247,0.058,1
655500.300,1655868.900,657.000,667.417,-90.000,0.093,0.008,0.019,0.046,0.020,1
655524.100,1671923.000,614.000,615.772,-73.000,0.925,0.016,0.793,0.101,0.016,1
655544.500,1668825.200,580.000,579.282,-83.000,0.440,0.003,0.298,0.129,0.010,1
655572.500,1641442.000,685.000,689.348,-83.000,0.098,0.016,0.037,0.026,0.019,1
655625.300,1690677.400,466.000,465.052,-84.000,0.134,0.003,0.026,0.087,0.018,1
655649.600,1631153.200,670.500,677.015,-82.000,0.056,0.011,0.017,0.014,0.013,0
655715.900,1670541.200,582.000,588.637,-77.000,0.779,0.062,0.594,0.111,0.012,1
655743.300,1681019.100,736.000,735.549,-54.000,2.803,1.528,0.914,0.300,0.061,1
655795.900,1700481.600,461.000,463.176,-90.000,0.476,0.193,0.234,0.032,0.018,1
655822.700,1675531.800,794.000,807.095,-54.000,3.892,2.208,1.168,0.416,0.100,1
655841.600,1677545.600,634.000,635.978,-51.000,0.853,0.064,0.639,0.128,0.022,1
655888.300,1654101.200,651.000,660.341,-89.000,0.106,0.020,0.031,0.038,0.017,1
655894.400,1674436.900,847.000,845.715,-56.000,3.440,0.987,1.794,0.534,0.125,1
656001.300,1692273.200,455.000,456.953,-85.000,0.114,0.007,0.016,0.072,0.020,1
656042.600,1695725.500,431.000,429.324,-87.000,0.139,0.021,0.023,0.072,0.023,1
656050.300,1637451.100,671.000,677.787,-82.000,0.096,0.008,0.056,0.017,0.016,1
656056.200,1693689.800,435.000,440.405,-85.000,0.115,0.007,0.013,0.074,0.021,1
656081.900,1694663.700,432.000,436.170,-86.000,0.127,0.021,0.014,0.070,0.023,1
656095.100,1657012.400,651.000,660.470,-91.000,0.096,0.012,0.016,0.049,0.019,1
656107.700,1625203.900,645.500,653.923,-83.000,0.035,0.007,0.011,0.008,0.009,0
656155.300,1632871.300,659.000,667.256,-82.000,0.049,0.012,0.013,0.012,0.013,0
656187.700,1713971.800,459.000,457.239,-90.000,0.068,0.001,0.021,0.031,0.014,0
656192.400,1708539.200,456.000,459.153,-90.000,0.181,0.060,0.066,0.039,0.016,0
656213.200,1697497.000,417.000,419.760,-88.000,0.330,0.089,0.141,0.074,0.026,1
656248.600,1711327.800,447.000,446.606,-90.000,0.094,0.002,0.036,0.039,0.017,0
656283.500,1709336.400,454.000,457.329,-90.000,0.153,0.039,0.058,0.040,0.016,0
656294.500,1629641.600,652.500,658.563,-81.000,0.044,0.009,0.015,0.010,0.010,0
656295.300,1673941.700,957.000,957.543,-60.000,5.434,0.400,3.765,1.036,0.233,1
656327.900,1707533.200,444.000,444.644,-90.000,0.163,0.003,0.097,0.044,0.019,0
656410.900,1680802.300,833.000,833.037,-54.000,4.178,1.948,1.494,0.613,0.123,1
656426.700,1676808.200,651.000,650.206,-50.000,0.795,0.038,0.598,0.134,0.026,1
656441.300,1689122.900,484.000,487.218,-84.000,0.668,0.456,0.099,0.099,0.015,1
656472.400,1668311.200,587.000,593.501,-81.000,0.594,0.017,0.453,0.113,0.012,1
656494.000,1650310.200,645.000,651.350,-87.000,0.132,0.017,0.072,0.028,0.015,1
656499.800,1636192.700,691.000,699.043,-82.000,0.092,0.014,0.030,0.029,0.020,1
656517.900,1651582.700,682.000,691.263,-87.000,0.122,0.013,0.039,0.044,0.025,1
656564.400,1639512.300,695.000,707.049,-83.000,0.210,0.106,0.042,0.038,0.023,1
656646.000,1674541.500,862.000,864.240,-53.000,3.706,1.274,1.694,0.596,0.142,1
656724.400,1685340.700,532.000,534.451,-77.000,0.322,0.007,0.190,0.112,0.013,1
656752.100,1643739.900,641.000,650.884,-85.000,0.154,0.027,0.096,0.019,0.012,1
656851.800,1631714.100,656.000,659.887,-81.000,0.045,0.011,0.012,0.011,0.011,0
656895.600,1634911.900,674.000,681.485,-82.000,0.063,0.010,0.020,0.018,0.016,1
656905.100,1658135.100,643.000,651.792,-91.000,0.094,0.007,0.011,0.058,0.017,1
656932.000,1700765.900,447.000,448.995,-91.000,0.791,0.374,0.360,0.036,0.020,1
656956.500,1692357.100,454.000,449.383,-85.000,0.127,0.012,0.015,0.079,0.021,1
656984.300,1641141.400,691.000,701.026,-84.000,0.098,0.014,0.029,0.033,0.022,1
656993.600,1647934.700,671.000,678.407,-86.000,0.102,0.019,0.035,0.029,0.019,1
657084.500,1694072.900,434.000,436.583,-87.000,0.114,0.005,0.013,0.073,0.023,1
657116.100,1627478.400,653.000,658.007,-81.000,0.045,0.013,0.012,0.010,0.010,0
657178.800,1708667.600,449.000,450.342,-91.000,0.106,0.007,0.044,0.038,0.017,0
657203.600,1653645.100,671.000,680.566,-89.000,0.082,0.003,0.013,0.044,0.023,1
657204.200,1673029.400,983.000,980.363,-60.000,5.373,0.278,3.710,1.132,0.254,1
657236.100,1676293.600,657.000,655.908,-49.000,0.735,0.067,0.507,0.134,0.027,1
657269.900,1633653.000,652.000,659.840,-81.000,0.051,0.007,0.020,0.012,0.012,0
657315.500,1667608.700,602.000,607.249,-78.000,0.663,0.029,0.515,0.105,0.013,1
657319.800,1697393.800,419.000,421.307,-89.000,0.194,0.024,0.075,0.070,0.025,1
657342.300,1711445.900,441.000,442.480,-90.000,0.077,0.002,0.022,0.036,0.017,0
657360.600,1629626.400,644.500,651.897,-81.000,0.039,0.009,0.011,0.011,0.010,0
657372.200,1707053.500,441.000,440.395,-90.000,0.138,0.001,0.074,0.043,0.020,0
657406.900,1689262.100,490.000,494.198,-85.000,0.314,0.105,0.103,0.092,0.015,1
657423.400,1656191.300,664.000,674.175,-91.000,0.107,0.011,0.021,0.053,0.022,1
657433.300,1626717.100,656.000,661.495,-81.000,0.047,0.008,0.019,0.011,0.010,0
657486.400,1625168.500,634.500,640.206,-81.000,0.040,0.006,0.017,0.009,0.008,0
657491.500,1652385.700,684.000,689.558,-87.000,0.090,0.005,0.016,0.044,0.025,1
657785.500,1650230.200,680.000,689.391,-86.000,0.130,0.041,0.029,0.037,0.024,1
657820.200,1654733.500,668.000,673.907,-90.000,0.086,0.006,0.011,0.047,0.022,1
657855.200,1672104.400,992.000,976.688,-62.000,6.147,1.057,3.742,1.094,0.255,1
657898.100,1639653.800,684.000,695.698,-83.000,0.120,0.022,0.048,0.028,0.021,1
657957.100,1692076.200,449.000,451.969,-86.000,0.124,0.003,0.020,0.081,0.020,1
657960.100,1643316.300,648.000,655.200,-85.000,0.127,0.011,0.084,0.018,0.013,1
657998.300,1666772.400,618.000,619.170,-77.000,0.596,0.032,0.449,0.099,0.016,1
658036.400,1685117.200,542.000,545.829,-79.000,0.277,0.005,0.133,0.126,0.014,1
658046.300,1675668.400,665.000,669.206,-49.000,0.634,0.037,0.427,0.137,0.033,1
658099.900,1701083.600,445.000,442.486,-92.000,0.979,0.602,0.319,0.037,0.021,1
658151.600,1693482.700,444.000,446.965,-87.000,0.107,0.002,0.015,0.070,0.020,1
658156.500,1708508.300,438.000,438.450,-91.000,0.094,0.008,0.027,0.039,0.020,0
658174.600,1697997.100,418.000,416.864,-90.000,0.258,0.045,0.117,0.068,0.028,1
658183.900,1706063.200,443.000,442.833,-90.000,0.212,0.007,0.152,0.033,0.020,0
658184.900,1658132.600,637.000,644.426,-91.000,0.117,0.016,0.013,0.072,0.016,1
658187.400,1659382.800,640.000,641.191,-89.000,0.127,0.010,0.018,0.083,0.016,1
658237.900,1671133.300,1000.000,990.628,-62.000,5.963,0.539,4.003,1.155,0.266,1
658268.900,1637266.400,665.000,672.922,-82.000,0.255,0.140,0.084,0.016,0.015,1
658308.800,1689312.500,488.000,487.410,-86.000,0.217,0.037,0.070,0.094,0.015,1
658310.100,1647357.000,694.000,700.479,-85.000,0.095,0.013,0.018,0.038,0.026,1
658316.500,1711762.400,440.000,442.284,-91.000,0.076,0.009,0.018,0.031,0.017,0
658370.700,1628294.300,643.500,649.923,-80.000,0.037,0.007,0.010,0.011,0.009,0
658400.900,1651517.700,703.000,709.314,-86.000,0.128,0.010,0.033,0.053,0.031,1
658450.500,1655390.400,656.000,663.457,-90.000,0.091,0.005,0.014,0.052,0.020,1
658468.300,1633129.800,657.000,662.584,-80.000,0.044,0.004,0.014,0.014,0.013,0
658495.700,1630585.300,654.000,656.065,-80.000,0.046,0.009,0.014,0.012,0.011,0
658498.200,1653078.400,689.000,694.407,-88.000,0.100,0.007,0.017,0.048,0.027,1
658584.000,1641727.200,679.000,690.674,-84.000,0.115,0.039,0.030,0.026,0.021,1
658589.100,1660425.500,645.000,645.972,-87.000,0.151,0.014,0.022,0.097,0.018,1
658611.400,1700058.100,432.000,432.208,-91.000,0.329,0.124,0.137,0.043,0.024,1
658637.300,1713479.600,448.000,446.053,-90.000,0.062,0.003,0.017,0.025,0.016,0
658653.100,1670129.300,1014.000,1016.375,-64.000,6.675,0.495,4.593,1.289,0.298,1
658664.500,1636029.800,660.000,669.789,-80.000,0.099,0.024,0.046,0.015,0.015,1
658686.500,1674765.400,676.000,678.845,-49.000,0.699,0.089,0.434,0.141,0.035,1
658692.500,1677055.800,715.000,719.817,-47.000,0.713,0.078,0.383,0.199,0.053,1
658763.200,1691982.000,465.000,463.994,-87.000,0.122,0.010,0.022,0.073,0.018,1
658815.700,1693741.700,448.000,448.984,-88.000,0.125,0.020,0.019,0.066,0.020,1
658851.800,1666158.500,636.000,639.196,-75.000,0.581,0.020,0.444,0.097,0.020,1
659000.900,1650260.300,695.000,705.241,-85.000,0.095,0.003,0.017,0.045,0.029,1
659028.200,1692492.800,465.000,466.530,-87.000,0.112,0.005,0.024,0.065,0.018,1
659121.400,1661225.700,641.000,644.100,-84.000,0.191,0.017,0.040,0.116,0.018,1
659178.400,1626628.900,638.500,644.230,-80.000,0.034,0.005,0.010,0.010,0.009,0
659187.800,1631762.600,638.000,644.078,-80.000,0.042,0.007,0.013,0.013,0.010,0
659191.400,1698457.700,417.000,437.251,-91.000,0.611,0.483,0.059,0.047,0.023,1
659233.700,1709478.300,436.000,436.634,-91.000,0.068,0.004,0.011,0.035,0.019,0
659239.200,1674083.100,650.000,653.983,-49.000,0.808,0.039,0.620,0.121,0.028,1
659240.700,1644940.100,697.000,704.749,-84.000,0.103,0.009,0.031,0.037,0.026,1
659246.500,1691985.300,471.000,474.807,-88.000,0.161,0.045,0.033,0.066,0.016,1
659275.100,1712798.000,448.000,449.458,-91.000,0.126,0.074,0.013,0.023,0.015,0
659281.500,1689994.000,481.000,477.235,-86.000,0.162,0.009,0.048,0.088,0.016,1
659325.700,1640238.500,673.000,679.317,-84.000,0.242,0.099,0.105,0.021,0.017,1
659329.100,1646213.100,701.000,711.299,-84.000,0.103,0.008,0.024,0.043,0.029,1
659329.400,1654245.600,671.000,678.494,-90.000,0.097,0.010,0.013,0.050,0.023,1
659336.600,1669204.500,1009.000,997.417,-64.000,6.246,0.850,3.972,1.153,0.271,1
659336.600,1686641.900,560.000,561.398,-83.000,0.224,0.031,0.062,0.117,0.015,1
659373.700,1642728.200,668.000,674.803,-84.000,0.071,0.011,0.022,0.020,0.017,1
659374.700,1712356.100,452.000,451.594,-91.000,0.164,0.108,0.018,0.024,0.015,0
659375.500,1695106.400,420.000,423.861,-89.000,0.186,0.041,0.041,0.078,0.025,1
659384.600,1689065.300,506.000,502.218,-86.000,0.196,0.030,0.062,0.089,0.015,1
659391.200,1706868.100,430.000,429.056,-91.000,0.109,0.000,0.049,0.037,0.022,0
659392.600,1708218.100,429.000,432.162,-92.000,0.081,0.003,0.022,0.035,0.021,0
659418.200,1685701.900,567.000,560.543,-81.000,0.247,0.047,0.063,0.123,0.015,1
659427.700,1677990.100,804.000,805.204,-50.000,2.301,1.005,0.766,0.428,0.102,1
659430.800,1658384.300,619.000,630.096,-90.000,0.146,0.005,0.026,0.101,0.014,1
659435.900,1687837.500,540.000,532.308,-84.000,0.208,0.021,0.072,0.101,0.014,1
659440.200,1701314.100,431.000,433.193,-92.000,0.180,0.003,0.115,0.038,0.024,1
659491.800,1655696.100,650.000,661.256,-90.000,0.118,0.022,0.015,0.061,0.020,1
659512.100,1629928.100,629.000,635.061,-80.000,0.039,0.006,0.011,0.013,0.009,0
659515.900,1710553.500,432.000,430.869,-91.000,0.063,0.001,0.009,0.034,0.019,0
659538.000,1647154.900,694.000,704.159,-85.000,0.079,0.003,0.012,0.038,0.027,1
659566.600,1703218.000,483.000,486.989,-92.000,0.484,0.322,0.112,0.035,0.015,1
659573.400,1695992.900,421.000,424.205,-89.000,0.187,0.059,0.032,0.070,0.026,1
659647.100,1637198.000,660.000,666.165,-82.000,0.193,0.091,0.072,0.015,0.015,1
659673.000,1681410.700,605.000,620.698,-62.000,2.311,0.925,1.242,0.123,0.022,1
659685.200,1662136.800,618.000,618.845,-83.000,0.245,0.012,0.084,0.135,0.014,1
659685.800,1696823.600,414.000,413.318,-89.000,0.211,0.053,0.053,0.077,0.028,1
659691.300,1705376.500,442.000,443.786,-91.000,0.199,0.022,0.127,0.030,0.020,0
659721.400,1682196.600,604.000,608.770,-64.000,0.997,0.174,0.684,0.118,0.020,1
659740.700,1665080.200,617.000,619.134,-74.000,0.564,0.010,0.424,0.115,0.015,1
659754.500,1643726.500,676.000,686.115,-84.000,0.076,0.008,0.022,0.026,0.021,1
659768.300,1692630.700,453.000,457.762,-88.000,0.116,0.005,0.022,0.069,0.020,1
659770.800,1652577.900,684.000,690.028,-88.000,0.086,0.006,0.008,0.045,0.027,1
659839.000,1683868.100,575.000,577.285,-71.000,0.337,0.008,0.190,0.123,0.016,1
659900.400,1673257.800,639.000,640.546,-49.000,0.734,0.022,0.567,0.120,0.024,1
659913.100,1634411.600,654.000,662.555,-80.000,0.073,0.011,0.034,0.015,0.014,1
659948.400,1702335.500,439.000,442.589,-91.000,0.194,0.028,0.113,0.032,0.021,1
659962.700,1683039.100,590.000,588.223,-66.000,0.501,0.011,0.352,0.122,0.017,1
659971.300,1680217.700,555.000,658.151,-74.000,2.011,0.369,1.475,0.136,0.031,1
659979.600,1704039.700,457.000,457.648,-92.000,0.402,0.252,0.104,0.028,0.018,0
660072.900,1633051.800,649.000,653.432,-80.000,0.050,0.007,0.017,0.014,0.012,0
660141.200,1648663.700,691.000,696.596,-85.000,0.071,0.003,0.006,0.036,0.026,1
660148.500,1709097.400,434.000,436.098,-92.000,0.071,0.009,0.013,0.029,0.020,0
660194.700,1694647.300,428.000,430.363,-90.000,0.242,0.098,0.045,0.075,0.024,1
660204.000,1685463.900,559.000,557.116,-82.000,0.211,0.007,0.060,0.128,0.015,1
660297.100,1698487.400,411.000,413.562,-91.000,0.188,0.008,0.086,0.065,0.028,1
660297.600,1668569.200,1010.000,1008.448,-63.000,5.993,0.373,4.145,1.185,0.290,1
660315.700,1664309.600,600.000,603.367,-74.000,0.508,0.005,0.360,0.131,0.012,1
660402.400,1708070.100,425.000,430.033,-92.000,0.113,0.041,0.020,0.031,0.021,0
660433.400,1711323.400,433.000,435.393,-89.000,0.052,0.001,0.007,0.025,0.018,0
660451.000,1710349.800,425.000,426.378,-91.000,0.060,0.001,0.007,0.031,0.021,0
660478.100,1689360.400,490.000,490.559,-88.000,0.184,0.017,0.064,0.087,0.016,1
660489.100,1700214.900,421.000,422.348,-92.000,0.284,0.130,0.082,0.046,0.026,1
660508.000,1662905.700,601.000,601.233,-78.000,0.386,0.003,0.216,0.155,0.011,1
660536.900,1677632.500,943.000,951.341,-52.000,4.706,1.171,2.242,1.059,0.235,1
660649.800,1672112.200,637.000,635.700,-50.000,0.716,0.056,0.522,0.115,0.023,1
660722.900,1627568.400,630.500,637.796,-79.000,0.037,0.008,0.009,0.011,0.009,0
660841.600,1642096.300,669.000,675.610,-83.000,0.074,0.013,0.022,0.021,0.018,1
660872.200,1699144.200,417.000,421.469,-92.000,0.370,0.222,0.069,0.053,0.025,1
660927.100,1692771.400,441.000,445.777,-89.000,0.134,0.005,0.027,0.080,0.022,1
660932.900,1712012.900,433.000,433.573,-89.000,0.049,0.002,0.006,0.023,0.018,0
660937.900,1629251.500,615.500,623.760,-79.000,0.041,0.003,0.015,0.015,0.008,0
660938.100,1709744.600,427.000,426.086,-90.000,0.060,0.001,0.008,0.029,0.021,0
660946.100,1702419.900,431.000,430.818,-93.000,0.231,0.054,0.119,0.036,0.023,1
660950.600,1649897.200,679.000,687.932,-86.000,0.070,0.004,0.005,0.036,0.025,1
660971.500,1708029.900,423.000,421.957,-91.000,0.086,0.006,0.023,0.034,0.023,0
660992.400,1658062.900,630.000,637.880,-90.000,0.194,0.010,0.062,0.107,0.016,1
660996.200,1663849.500,597.000,597.984,-72.000,0.600,0.004,0.435,0.149,0.011,1
660999.800,1702420.300,430.000,430.535,-93.000,0.218,0.031,0.126,0.038,0.023,1
661027.100,1706215.600,421.000,423.799,-91.000,0.132,0.007,0.066,0.035,0.023,0
661045.700,1640537.600,647.000,658.869,-83.000,0.093,0.009,0.051,0.019,0.014,1
661085.100,1652287.900,670.000,681.737,-88.000,0.081,0.005,0.006,0.046,0.024,1
661245.100,1639687.000,655.000,659.629,-82.000,0.180,0.052,0.096,0.018,0.014,1
661249.800,1637385.700,646.000,651.758,-82.000,0.285,0.180,0.077,0.015,0.013,1
661271.900,1642110.200,669.000,672.697,-81.000,0.072,0.011,0.023,0.021,0.017,1
661293.900,1625901.600,627.500,631.351,-79.000,0.035,0.009,0.008,0.010,0.008,0
661323.000,1631245.600,627.333,633.343,-79.000,0.039,0.004,0.012,0.013,0.010,0
661324.400,1689665.000,485.000,483.878,-89.000,0.193,0.015,0.076,0.085,0.016,1
661353.200,1685504.900,550.000,548.472,-82.000,0.194,0.005,0.049,0.125,0.015,1
661372.200,1663896.300,599.000,599.815,-70.000,0.755,0.009,0.590,0.145,0.011,1
661415.700,1699734.400,411.000,411.289,-92.000,0.224,0.026,0.111,0.058,0.030,1
661491.400,1671631.100,620.000,617.156,-48.000,0.679,0.008,0.522,0.130,0.018,1
661520.400,1667393.700,996.000,987.052,-60.000,5.398,0.331,3.797,1.007,0.263,1
661541.800,1646781.100,694.000,694.782,-83.000,0.079,0.011,0.010,0.032,0.025,1
661550.400,1662990.200,613.000,610.280,-72.000,0.635,0.004,0.477,0.141,0.013,1
661564.900,1624022.500,639.000,636.348,-78.000,0.034,0.008,0.008,0.010,0.008,0
661573.200,1692521.400,450.000,450.384,-89.000,0.142,0.012,0.032,0.077,0.021,1
661585.500,1653065.900,676.000,677.753,-86.000,0.089,0.005,0.006,0.053,0.024,1
661611.600,1625096.000,620.000,625.803,-78.000,0.028,0.003,0.006,0.010,0.008,0
661622.900,1645929.700,683.000,687.794,-82.000,0.112,0.044,0.016,0.029,0.023,1
661631.200,1630240.900,641.000,638.047,-78.000,0.042,0.008,0.011,0.013,0.010,0
661654.400,1647633.800,706.000,707.260,-83.000,0.091,0.005,0.017,0.040,0.030,1
661713.000,1648519.300,695.000,695.341,-84.000,0.076,0.009,0.005,0.035,0.027,1
661713.800,1638816.100,646.000,650.144,-81.000,0.144,0.029,0.085,0.018,0.012,1
661717.500,1662139.400,621.000,614.847,-74.000,0.590,0.007,0.417,0.152,0.013,1
661718.400,1713224.400,429.000,429.168,-88.000,0.045,0.002,0.005,0.020,0.018,0
661819.500,1664530.000,600.000,601.719,-66.000,1.366,0.102,1.113,0.139,0.012,1
661833.100,1625794.500,621.000,621.979,-77.000,0.032,0.006,0.007,0.011,0.008,0
661842.500,1645278.400,668.000,674.604,-82.000,0.100,0.025,0.031,0.025,0.020,1
661903.800,1644172.400,660.000,662.899,-81.000,0.106,0.031,0.035,0.024,0.016,1
661907.100,1629235.900,619.000,622.651,-78.000,0.038,0.006,0.009,0.015,0.008,0
661937.600,1640753.800,649.000,651.394,-81.000,0.073,0.008,0.031,0.021,0.013,1
661981.600,1661256.100,628.000,622.514,-75.000,0.566,0.006,0.405,0.140,0.015,1
662048.800,1643409.900,658.000,659.072,-81.000,0.073,0.009,0.026,0.023,0.015,1
662058.100,1642027.000,668.000,667.909,-81.000,0.079,0.016,0.025,0.022,0.017,1
662060.600,1693465.300,433.000,434.675,-90.000,0.295,0.128,0.062,0.082,0.023,1
662084.200,1694704.700,429.000,427.182,-90.000,0.227,0.065,0.060,0.076,0.025,1
662113.600,1701255.200,419.000,416.985,-93.000,0.145,0.012,0.060,0.044,0.028,1
662216.000,1631340.100,627.000,631.586,-79.000,0.047,0.012,0.012,0.014,0.010,0
662277.100,1705494.100,415.000,458.432,-91.000,0.645,0.472,0.129,0.026,0.017,0
662342.400,1660384.500,635.000,629.709,-75.000,0.610,0.007,0.466,0.122,0.016,1
662403.800,1638643.700,642.000,643.771,-81.000,0.085,0.011,0.043,0.020,0.012,1
662418.400,1671261.300,603.000,602.028,-48.000,0.688,0.014,0.503,0.156,0.015,1
662439.800,1652396.700,670.000,673.447,-85.000,0.087,0.001,0.010,0.053,0.023,1
662461.400,1658714.600,633.000,634.863,-84.000,0.388,0.002,0.251,0.120,0.016,1
662469.800,1659046.600,632.000,629.452,-82.000,0.490,0.028,0.325,0.123,0.015,1
662523.000,1702574.700,421.000,422.948,-93.000,0.168,0.029,0.076,0.038,0.024,1
662529.700,1707742.000,412.000,414.933,-89.000,0.074,0.001,0.019,0.030,0.024,0
662553.300,1690569.800,481.000,483.357,-89.000,0.163,0.017,0.058,0.071,0.017,1
662558.400,1642849.100,650.000,649.675,-81.000,0.075,0.007,0.030,0.024,0.014,1
662576.400,1685701.500,550.000,544.395,-83.000,0.174,0.006,0.039,0.115,0.015,1
662615.900,1627901.900,625.000,627.893,-78.000,0.038,0.008,0.009,0.012,0.009,0
662655.600,1649134.200,698.000,698.792,-84.000,0.080,0.005,0.008,0.039,0.028,1
662656.400,1653759.100,672.000,674.306,-87.000,0.104,0.003,0.008,0.069,0.024,1
662691.400,1712202.300,423.000,420.212,-86.000,0.048,0.002,0.005,0.022,0.020,0
662718.600,1627039.600,619.000,617.123,-78.000,0.030,0.002,0.007,0.013,0.008,0
662727.700,1666915.100,775.000,774.888,-53.000,4.154,2.280,1.589,0.204,0.081,1
662750.500,1665167.100,593.000,592.417,-58.000,2.864,0.568,2.137,0.147,0.011,1
662790.800,1704192.100,420.000,421.492,-92.000,0.248,0.096,0.094,0.033,0.024,0
662888.300,1632229.800,636.000,641.347,-79.000,0.053,0.010,0.018,0.014,0.011,0
662941.300,1640340.100,644.000,648.059,-80.000,0.061,0.005,0.021,0.023,0.013,1
662946.400,1671065.700,605.000,597.647,-49.000,0.660,0.049,0.431,0.166,0.015,1
662971.600,1642221.200,648.000,650.602,-81.000,0.069,0.012,0.019,0.025,0.014,1
663011.700,1633093.600,636.000,644.876,-79.000,0.095,0.043,0.025,0.015,0.012,0
663012.500,1692476.100,447.000,445.807,-90.000,0.189,0.011,0.077,0.079,0.022,1
663020.300,1695972.600,420.000,422.116,-90.000,0.178,0.001,0.084,0.066,0.027,1
663025.100,1698340.500,436.000,427.762,-93.000,0.171,0.053,0.048,0.046,0.025,1
663057.500,1684487.800,542.000,542.764,-82.000,0.217,0.005,0.073,0.123,0.015,1
663074.600,1638128.200,625.000,631.313,-80.000,0.077,0.006,0.039,0.021,0.011,1
663082.700,1657490.700,652.000,654.509,-84.000,0.308,0.021,0.160,0.106,0.020,1
663091.100,1651549.200,682.000,684.691,-86.000,0.084,0.004,0.006,0.049,0.025,1
663175.700,1684488.600,549.000,541.680,-81.000,0.217,0.006,0.073,0.122,0.015,1
663249.900,1699957.500,410.000,412.696,-93.000,0.130,0.021,0.032,0.048,0.029,1
663250.000,1710590.700,414.000,415.582,-86.000,0.051,0.001,0.005,0.023,0.022,0
663272.700,1654880.800,673.000,674.966,-87.000,0.141,0.005,0.032,0.080,0.025,1
663282.800,1651827.100,678.000,681.148,-86.000,0.088,0.003,0.009,0.052,0.025,1
663315.200,1656518.600,681.000,682.697,-86.000,0.237,0.026,0.093,0.090,0.028,1
663327.800,1713235.800,425.000,425.390,-86.000,0.039,0.001,0.004,0.017,0.019,0
663332.400,1649293.700,692.000,695.023,-85.000,0.077,0.003,0.006,0.039,0.028,1
663338.800,1637267.000,630.000,629.855,-80.000,0.086,0.008,0.047,0.021,0.011,1
663384.700,1633660.400,642.000,644.030,-80.000,0.098,0.034,0.036,0.016,0.012,0
663400.100,1640918.600,640.000,642.323,-81.000,0.082,0.023,0.021,0.026,0.012,1
663408.800,1709374.700,421.000,423.845,-86.000,0.048,0.001,0.006,0.021,0.021,0
663413.400,1665702.700,672.000,678.988,-51.000,3.086,1.963,0.976,0.113,0.033,1
663414.800,1687167.900,529.000,534.141,-89.000,0.575,0.341,0.126,0.093,0.015,1
663453.300,1634667.700,638.000,640.706,-79.000,0.129,0.014,0.088,0.016,0.012,1
663480.900,1643286.900,653.000,649.989,-81.000,0.077,0.006,0.030,0.027,0.014,1
663528.100,1639514.300,641.000,642.761,-80.000,0.074,0.018,0.022,0.023,0.012,1
663563.900,1665703.800,615.000,618.220,-52.000,2.541,1.083,1.297,0.145,0.016,1
663573.000,1643984.600,648.000,650.429,-82.000,0.100,0.014,0.043,0.029,0.014,1
663671.800,1643697.500,647.000,646.323,-82.000,0.099,0.011,0.044,0.030,0.014,1
663699.300,1706245.500,411.000,411.135,-91.000,0.149,0.005,0.088,0.030,0.026,0
663726.200,1632512.000,627.000,631.745,-79.000,0.069,0.026,0.019,0.015,0.011,0
663753.600,1701609.700,413.000,412.312,-93.000,0.143,0.039,0.035,0.041,0.028,1
663771.500,1652726.700,685.000,687.056,-86.000,0.125,0.026,0.009,0.063,0.027,1
663772.900,1655658.700,686.000,688.757,-87.000,0.181,0.005,0.058,0.088,0.030,1
663810.800,1670418.900,600.000,599.107,-49.000,0.481,0.016,0.267,0.182,0.015,1
663826.800,1650934.600,693.000,693.338,-86.000,0.087,0.003,0.007,0.048,0.028,1
663861.100,1697029.600,423.000,425.720,-93.000,0.214,0.026,0.112,0.052,0.024,1
663883.500,1690789.300,494.000,492.779,-90.000,0.183,0.053,0.050,0.063,0.016,1
663902.300,1635124.400,634.000,638.495,-79.000,0.119,0.012,0.078,0.016,0.012,1
663907.200,1685887.800,528.000,525.820,-86.000,0.239,0.007,0.109,0.107,0.015,1
663961.400,1642261.200,636.000,638.641,-81.000,0.078,0.009,0.026,0.030,0.012,1
663979.300,1683255.000,538.000,539.666,-82.000,0.304,0.007,0.141,0.140,0.016,1
663986.100,1708183.800,413.000,415.356,-85.000,0.057,0.002,0.008,0.023,0.023,0
663991.900,1702828.500,414.000,415.717,-93.000,0.143,0.027,0.056,0.036,0.026,1
664031.500,1649320.600,694.000,692.467,-85.000,0.078,0.003,0.007,0.041,0.027,1
664095.300,1671239.700,603.000,599.933,-49.000,0.554,0.028,0.344,0.166,0.016,1
664108.600,1677059.700,682.000,683.348,-56.000,1.581,0.333,1.056,0.151,0.041,1
664111.700,1635988.800,631.000,635.161,-79.000,0.086,0.006,0.051,0.017,0.012,1
664229.700,1691964.600,455.000,457.708,-91.000,0.194,0.007,0.097,0.071,0.019,1
664255.800,1636963.400,619.000,625.360,-80.000,0.070,0.005,0.031,0.022,0.010,1
664274.600,1627846.700,617.000,616.274,-78.000,0.033,0.007,0.005,0.013,0.008,0
664287.600,1688313.700,521.000,520.542,-90.000,0.228,0.019,0.116,0.078,0.015,1
664366.000,1666317.900,577.000,572.714,-48.000,1.086,0.009,0.825,0.242,0.010,1
664368.400,1650396.200,691.000,693.698,-86.000,0.087,0.006,0.006,0.046,0.028,1
664379.100,1626729.900,615.000,614.400,-78.000,0.034,0.008,0.006,0.012,0.008,0
664391.600,1693371.000,476.000,478.043,-91.000,0.169,0.036,0.064,0.052,0.017,1
664450.200,1681985.900,557.000,556.855,-79.000,0.385,0.016,0.211,0.143,0.015,1
664500.700,1653063.600,685.000,683.354,-86.000,0.121,0.008,0.013,0.073,0.027,1
664510.800,1631123.300,627.000,630.319,-78.000,0.043,0.004,0.014,0.014,0.010,0
664521.300,1632760.800,617.000,621.727,-79.000,0.054,0.006,0.022,0.016,0.010,0
664530.300,1684354.200,530.000,528.509,-83.000,0.216,0.002,0.077,0.122,0.015,1
664556.000,1669926.200,597.000,594.806,-49.000,0.428,0.006,0.207,0.201,0.014,1
664596.000,1631267.700,628.000,628.620,-79.000,0.041,0.004,0.013,0.014,0.010,0
664614.300,1711884.000,413.000,415.244,-83.000,0.045,0.004,0.003,0.018,0.021,0
664625.900,1655177.800,695.000,697.716,-86.000,0.188,0.007,0.058,0.090,0.033,1
664635.400,1630227.900,621.000,623.876,-78.000,0.045,0.009,0.013,0.014,0.009,0
664638.300,1697964.600,422.000,427.033,-94.000,0.284,0.078,0.139,0.041,0.025,1
664650.500,1637497.200,620.000,622.435,-80.000,0.069,0.010,0.024,0.025,0.011,1
664654.500,1633746.400,618.000,618.986,-79.000,0.059,0.005,0.027,0.017,0.010,0
664716.800,1705035.500,403.000,404.842,-91.000,0.110,0.004,0.047,0.032,0.028,0
664787.600,1639489.700,635.000,636.631,-80.000,0.077,0.018,0.021,0.026,0.012,1
664795.000,1632087.800,626.000,627.046,-79.000,0.042,0.004,0.014,0.014,0.010,0
664796.200,1713456.500,418.000,419.508,-86.000,0.037,0.001,0.003,0.015,0.019,0
664805.400,1628978.800,605.000,606.349,-78.000,0.037,0.001,0.011,0.016,0.009,0
664813.500,1680738.100,598.000,602.872,-76.000,0.449,0.075,0.219,0.134,0.020,1
664824.300,1640408.300,627.000,627.748,-80.000,0.070,0.004,0.022,0.034,0.010,1
664826.300,1625892.100,601.000,603.150,-77.000,0.036,0.005,0.009,0.014,0.008,0
664848.000,1689568.000,512.000,511.526,-89.000,0.138,0.005,0.052,0.066,0.015,1
664869.900,1638461.300,623.000,629.937,-80.000,0.076,0.021,0.019,0.026,0.010,1
664886.000,1703897.100,447.000,442.942,-92.000,0.335,0.177,0.116,0.022,0.020,1
664893.100,1653874.000,684.000,686.262,-86.000,0.136,0.002,0.016,0.090,0.028,1
664907.200,1648718.100,699.000,701.005,-86.000,0.084,0.004,0.008,0.042,0.030,1
664909.100,1654681.900,693.000,695.861,-85.000,0.166,0.003,0.038,0.092,0.032,1
664910.600,1698929.200,438.000,435.749,-94.000,0.267,0.129,0.081,0.035,0.022,1
664941.900,1642101.900,652.000,650.155,-81.000,0.081,0.017,0.021,0.029,0.014,1
664955.500,1624321.800,617.000,619.356,-77.000,0.033,0.006,0.009,0.010,0.008,0
665007.800,1677552.800,604.000,610.535,-58.000,0.994,0.098,0.760,0.115,0.020,1
665071.300,1666942.400,583.000,579.192,-48.000,0.700,0.046,0.391,0.253,0.011,1
665094.500,1683561.500,544.000,536.497,-83.000,0.254,0.003,0.110,0.125,0.016,1
665105.200,1671313.100,589.000,583.311,-49.000,0.613,0.009,0.405,0.186,0.014,1
665131.400,1685951.800,530.000,527.162,-88.000,0.398,0.151,0.132,0.100,0.016,1
665160.300,1707561.500,409.000,408.125,-85.000,0.058,0.001,0.008,0.023,0.025,0
665162.900,1669211.300,583.000,584.480,-48.000,0.442,0.006,0.184,0.240,0.013,1
665227.700,1678373.200,593.000,593.286,-60.000,0.673,0.039,0.496,0.121,0.017,1
665229.700,1687236.000,541.000,548.608,-90.000,0.362,0.153,0.109,0.084,0.016,1
665311.200,1650978.000,699.000,701.140,-86.000,0.099,0.004,0.008,0.054,0.032,1
665360.900,1670108.800,580.000,584.774,-49.000,0.436,0.008,0.201,0.213,0.013,1
665377.000,1641430.000,646.000,643.909,-81.000,0.076,0.014,0.019,0.030,0.013,1
665380.800,1639305.600,625.000,625.433,-81.000,0.072,0.013,0.018,0.031,0.010,1
665416.300,1637270.100,616.000,616.926,-79.000,0.063,0.006,0.020,0.026,0.010,1
665443.600,1691917.900,465.000,463.703,-92.000,0.250,0.043,0.124,0.064,0.018,1
665505.100,1647826.000,709.000,712.031,-86.000,0.101,0.004,0.016,0.047,0.034,1
665618.100,1625067.600,603.000,605.262,-78.000,0.031,0.004,0.007,0.012,0.008,0
665644.000,1678774.400,578.000,587.071,-62.000,0.552,0.060,0.342,0.134,0.016,1
665666.600,1690757.700,489.000,493.826,-91.000,0.153,0.016,0.063,0.057,0.017,1
665737.700,1646854.000,709.000,711.600,-85.000,0.111,0.008,0.024,0.046,0.033,1
665743.000,1667732.700,576.000,568.849,-47.000,0.568,0.012,0.256,0.289,0.010,1
665745.400,1693269.900,512.000,513.317,-92.000,0.180,0.019,0.089,0.057,0.015,1
665746.900,1688523.200,524.000,529.058,-91.000,0.186,0.033,0.067,0.071,0.015,1
665750.100,1655937.900,704.000,694.940,-82.000,0.301,0.005,0.167,0.096,0.034,1
665775.100,1679981.400,589.000,594.156,-74.000,0.480,0.101,0.227,0.135,0.018,1
665778.900,1656425.000,699.000,690.404,-82.000,0.414,0.028,0.255,0.099,0.032,1
665862.900,1672104.000,587.000,589.394,-49.000,1.142,0.131,0.838,0.158,0.015,1
665920.900,1642141.800,649.000,647.658,-82.000,0.079,0.010,0.023,0.032,0.014,1
665922.600,1627791.500,615.000,615.053,-78.000,0.040,0.006,0.013,0.012,0.009,0
665929.500,1705066.400,397.000,397.626,-87.000,0.076,0.000,0.014,0.032,0.030,0
665960.700,1653494.100,684.000,692.031,-86.000,0.161,0.021,0.017,0.092,0.031,1
665981.000,1645904.100,700.000,704.894,-85.000,0.142,0.022,0.047,0.043,0.030,1
666006.100,1651602.500,702.000,701.706,-87.000,0.122,0.018,0.009,0.062,0.033,1
666041.500,1655796.100,705.000,698.520,-82.000,0.311,0.010,0.178,0.089,0.035,1
666043.900,1639918.800,621.000,622.490,-81.000,0.064,0.004,0.014,0.035,0.010,1
666063.100,1710378.500,403.000,405.437,-78.000,0.046,0.001,0.004,0.018,0.023,0
666095.000,1644986.600,695.000,693.934,-85.000,0.234,0.104,0.066,0.037,0.026,1
666095.100,1699933.400,408.000,410.552,-94.000,0.190,0.024,0.093,0.045,0.028,1
666109.100,1630437.100,611.000,614.797,-78.000,0.034,0.003,0.008,0.014,0.009,0
666129.100,1652477.400,698.000,698.380,-86.000,0.126,0.008,0.011,0.074,0.032,1
666178.500,1656195.400,691.000,689.249,-82.000,0.455,0.024,0.296,0.103,0.032,1
666241.200,1640960.200,627.000,629.977,-81.000,0.076,0.010,0.019,0.036,0.011,1
666283.200,1685605.900,515.000,513.242,-88.000,0.286,0.013,0.157,0.100,0.016,1
666309.200,1711962.500,413.000,412.860,-80.000,0.039,0.001,0.003,0.015,0.021,0
666328.000,1683846.900,530.000,526.073,-84.000,0.475,0.063,0.281,0.115,0.016,1
666352.800,1637265.400,612.000,611.025,-79.000,0.062,0.009,0.014,0.030,0.010,1
666359.500,1644081.100,649.000,649.267,-84.000,0.174,0.047,0.078,0.033,0.015,1
666376.200,1708621.400,413.000,416.896,-81.000,0.052,0.004,0.011,0.016,0.022,0
666436.100,1694292.800,512.000,512.031,-92.000,0.357,0.156,0.128,0.058,0.015,1
666442.300,1655389.600,716.000,707.395,-82.000,0.270,0.002,0.140,0.089,0.038,1
666484.700,1643097.300,636.000,640.886,-83.000,0.111,0.018,0.043,0.036,0.013,1
666526.100,1687709.900,554.000,559.330,-91.000,0.179,0.016,0.065,0.081,0.017,1
666568.900,1671057.800,572.000,568.627,-49.000,0.825,0.084,0.517,0.211,0.012,1
666610.500,1632686.600,616.000,618.030,-78.000,0.049,0.006,0.016,0.016,0.011,0
666624.700,1641538.200,627.000,627.768,-82.000,0.119,0.039,0.030,0.039,0.011,1
666631.800,1692457.400,502.000,493.646,-92.000,0.165,0.029,0.068,0.052,0.016,1
666639.600,1679290.400,564.000,566.871,-66.000,0.595,0.112,0.318,0.151,0.014,1
666689.600,1653864.400,700.000,698.886,-86.000,0.169,0.006,0.027,0.103,0.034,1
666693.400,1631580.700,612.000,610.966,-78.000,0.042,0.007,0.010,0.016,0.010,0
666695.600,1642169.300,631.000,632.743,-83.000,0.116,0.031,0.034,0.039,0.012,1
666762.900,1707086.200,401.000,400.553,-83.000,0.057,0.001,0.006,0.023,0.026,0
666841.800,1650546.100,704.000,703.938,-87.000,0.109,0.007,0.012,0.056,0.034,1
666861.900,1684304.300,528.000,517.418,-85.000,0.285,0.003,0.157,0.109,0.016,1
666866.800,1691142.400,498.000,499.219,-92.000,0.147,0.019,0.059,0.054,0.016,1
666878.800,1666744.800,583.000,573.389,-48.000,0.732,0.005,0.402,0.314,0.011,1
666904.700,1669168.100,566.000,563.136,-48.000,0.505,0.008,0.189,0.298,0.011,1
666928.600,1639615.100,611.000,612.216,-81.000,0.072,0.006,0.017,0.040,0.010,1
666967.700,1629281.300,600.000,604.135,-78.000,0.034,0.005,0.005,0.015,0.009,0
667089.400,1700504.900,408.000,410.210,-93.000,0.391,0.246,0.076,0.041,0.028,1
667091.900,1685191.200,518.000,509.984,-88.000,0.259,0.003,0.140,0.099,0.017,1
667214.600,1637182.900,603.000,602.873,-79.000,0.059,0.003,0.013,0.033,0.010,1
667247.000,1703958.300,395.000,394.472,-89.000,0.073,0.000,0.007,0.034,0.031,1
667266.700,1699753.800,425.000,439.659,-94.000,0.321,0.191,0.078,0.029,0.022,1
667324.000,1653902.000,699.000,699.937,-86.000,0.181,0.003,0.037,0.107,0.035,1
667330.500,1629759.500,602.000,604.555,-78.000,0.034,0.004,0.006,0.015,0.009,0
667405.700,1669780.200,562.000,559.655,-48.000,0.562,0.004,0.273,0.273,0.011,1
667439.400,1693647.200,515.000,519.206,-92.000,0.349,0.152,0.119,0.063,0.015,1
667444.600,1633489.000,599.000,599.648,-78.000,0.048,0.004,0.011,0.022,0.010,0
667504.500,1624826.000,609.000,608.569,-78.000,0.032,0.004,0.010,0.010,0.009,0
667549.900,1690240.000,519.000,520.886,-92.000,0.208,0.042,0.091,0.060,0.015,1
667611.800,1643514.500,644.000,645.868,-84.000,0.125,0.017,0.056,0.037,0.015,1
667621.900,1642065.100,633.000,637.193,-83.000,0.152,0.058,0.042,0.038,0.013,1
667631.700,1668221.700,568.000,563.136,-47.000,0.834,0.036,0.466,0.321,0.010,1
667651.900,1634663.200,601.000,604.018,-78.000,0.051,0.007,0.010,0.023,0.011,1
667663.400,1631443.600,596.000,598.830,-78.000,0.044,0.006,0.011,0.018,0.010,0
667686.500,1638978.600,607.000,606.945,-80.000,0.068,0.004,0.015,0.040,0.009,1
667701.600,1710833.000,402.000,402.047,-83.000,0.044,0.003,0.003,0.015,0.023,0
667703.000,1709162.200,399.000,400.300,-78.000,0.047,0.001,0.004,0.018,0.025,0
667718.700,1671110.200,570.000,565.949,-48.000,1.288,0.063,1.000,0.213,0.012,1
667730.100,1692067.000,487.000,489.716,-92.000,0.156,0.009,0.080,0.051,0.016,1
667788.200,1655188.700,729.000,723.119,-82.000,0.300,0.009,0.148,0.098,0.046,1
667808.000,1712427.100,405.000,405.725,-85.000,0.039,0.001,0.004,0.013,0.021,0
667808.300,1666054.300,610.000,604.308,-47.000,1.127,0.063,0.798,0.251,0.015,1
667809.100,1687044.100,584.000,595.023,-93.000,0.478,0.198,0.148,0.109,0.023,1
667840.600,1661495.900,788.000,788.950,-54.000,3.014,0.899,1.843,0.184,0.089,1
667868.700,1695188.300,545.000,548.960,-92.000,0.359,0.068,0.175,0.100,0.016,1
667906.000,1649137.300,723.000,723.021,-87.000,0.189,0.068,0.019,0.061,0.041,1
667913.200,1689003.400,566.000,565.953,-93.000,0.229,0.030,0.094,0.086,0.019,1
667930.700,1650221.800,720.000,717.858,-87.000,0.124,0.010,0.013,0.062,0.039,1
667938.600,1707758.600,405.000,403.235,-84.000,0.048,0.001,0.005,0.018,0.025,0
667994.000,1654991.000,727.000,719.608,-82.000,0.296,0.020,0.138,0.094,0.044,1
668029.700,1684744.200,514.000,507.224,-89.000,0.228,0.002,0.113,0.097,0.016,1
668058.900,1698575.500,424.000,424.885,-94.000,0.267,0.067,0.140,0.037,0.024,1
668072.400,1665204.200,604.000,597.059,-48.000,1.092,0.033,0.760,0.285,0.014,1
668146.100,1630152.400,605.000,609.223,-78.000,0.043,0.010,0.009,0.014,0.010,0
668152.700,1636946.000,605.000,601.136,-78.000,0.055,0.004,0.008,0.033,0.010,1
668198.500,1679190.900,550.000,550.802,-64.000,0.584,0.127,0.283,0.160,0.013,1
668199.600,1701387.100,399.000,402.552,-89.000,0.106,0.010,0.027,0.040,0.029,1
668227.500,1685630.800,510.000,510.719,-92.000,0.329,0.041,0.186,0.085,0.017,1
668240.300,1627431.300,587.000,591.596,-78.000,0.032,0.001,0.007,0.015,0.009,0
668293.700,1670373.000,557.000,551.361,-49.000,0.897,0.014,0.617,0.256,0.010,1
668304.900,1653610.200,706.000,707.141,-85.000,0.180,0.002,0.039,0.101,0.038,1
668309.100,1702560.800,392.000,394.995,-90.000,0.081,0.002,0.010,0.040,0.030,1
668310.600,1657383.200,774.000,779.101,-77.000,1.008,0.194,0.605,0.132,0.077,1
668368.600,1664376.500,614.000,612.719,-48.000,1.018,0.072,0.693,0.237,0.016,1
668372.400,1662318.500,664.000,657.937,-49.000,1.960,0.152,1.665,0.117,0.027,1
668374.400,1655967.400,734.000,728.937,-81.000,0.462,0.031,0.296,0.085,0.049,1
668391.500,1700093.800,405.000,404.151,-90.000,0.140,0.005,0.062,0.044,0.029,1
668405.500,1704077.400,392.000,394.113,-89.000,0.066,0.001,0.005,0.031,0.030,0
668452.900,1635576.100,601.000,598.210,-78.000,0.053,0.005,0.010,0.027,0.011,1
668475.800,1647669.700,742.000,742.913,-86.000,0.188,0.014,0.046,0.080,0.048,1
668496.200,1656986.200,757.000,749.720,-78.000,0.752,0.037,0.554,0.100,0.061,1
668497.400,1638453.200,608.000,609.877,-80.000,0.061,0.006,0.010,0.036,0.010,1
668517.900,1646286.900,725.000,724.988,-86.000,0.213,0.036,0.075,0.062,0.040,1
668542.300,1633563.000,607.000,604.949,-78.000,0.052,0.010,0.012,0.020,0.011,0
668552.700,1705959.500,393.000,390.578,-85.000,0.059,0.000,0.003,0.027,0.029,0
668562.600,1688311.000,587.000,590.228,-93.000,0.279,0.032,0.115,0.109,0.023,1
668575.300,1645767.300,692.000,693.661,-86.000,0.198,0.044,0.082,0.043,0.028,1
668592.200,1663160.900,628.000,631.869,-48.000,1.346,0.159,1.006,0.161,0.020,1
668620.300,1654652.500,724.000,713.852,-82.000,0.285,0.009,0.132,0.101,0.042,1
668716.600,1644042.200,669.000,669.435,-84.000,0.134,0.015,0.061,0.037,0.020,1
668731.200,1624978.400,606.000,604.241,-78.000,0.039,0.007,0.013,0.010,0.009,0
668744.700,1692837.800,540.000,543.085,-93.000,0.304,0.060,0.146,0.082,0.016,1
668758.100,1624204.100,588.000,591.047,-78.000,0.037,0.009,0.008,0.012,0.009,0
668764.300,1629515.000,612.000,611.552,-76.000,0.040,0.004,0.013,0.013,0.010,0
668786.600,1697430.100,423.000,425.107,-93.000,0.411,0.068,0.281,0.040,0.023,1
668844.900,1651788.300,706.000,707.964,-87.000,0.135,0.006,0.014,0.078,0.037,1
668860.700,1641907.800,634.000,638.281,-83.000,0.128,0.032,0.044,0.039,0.013,1
668872.600,1649387.500,727.000,728.394,-87.000,0.136,0.006,0.020,0.068,0.044,1
668887.500,1636552.800,594.000,592.295,-78.000,0.064,0.005,0.013,0.036,0.010,1
668894.300,1653924.100,713.000,715.176,-84.000,0.206,0.004,0.048,0.112,0.042,1
668911.700,1684595.600,504.000,499.566,-90.000,0.229,0.001,0.115,0.097,0.016,1
668952.000,1686465.900,521.000,528.967,-93.000,0.458,0.193,0.177,0.072,0.016,1
668955.900,1652829.200,708.000,709.399,-86.000,0.155,0.002,0.020,0.095,0.039,1
668991.800,1691356.900,496.000,497.913,-93.000,0.208,0.028,0.114,0.050,0.016,1
669022.700,1670643.700,550.000,549.127,-49.000,1.939,0.416,1.273,0.240,0.011,1
669072.500,1709736.500,396.000,398.579,-84.000,0.042,0.001,0.003,0.015,0.024,0
669096.900,1669283.300,560.000,556.687,-47.000,0.778,0.002,0.505,0.261,0.011,1
669116.500,1637660.800,600.000,598.440,-79.000,0.063,0.003,0.013,0.037,0.010,1
669196.800,1656780.900,764.000,752.485,-75.000,0.702,0.016,0.529,0.094,0.063,1
669324.600,1644810.000,700.000,699.337,-85.000,0.168,0.015,0.074,0.048,0.030,1
669356.700,1703177.000,392.000,392.340,-89.000,0.074,0.003,0.006,0.033,0.031,1
669357.800,1698607.100,416.000,416.257,-89.000,0.139,0.004,0.070,0.039,0.026,1
669382.200,1678956.000,534.000,535.405,-63.000,0.464,0.069,0.231,0.152,0.012,1
669452.700,1657092.500,771.000,765.071,-73.000,0.927,0.047,0.699,0.110,0.070,1
669476.400,1630858.800,592.000,592.243,-78.000,0.041,0.006,0.007,0.017,0.010,0
669495.700,1704716.000,395.000,394.094,-85.000,0.060,0.001,0.004,0.026,0.028,0
669546.300,1654515.200,729.000,724.081,-82.000,0.264,0.003,0.114,0.100,0.047,1
669597.500,1633537.200,596.000,595.596,-78.000,0.047,0.005,0.010,0.021,0.011,0
669609.700,1641005.800,622.000,623.019,-82.000,0.087,0.006,0.028,0.042,0.011,1
669632.000,1712451.500,413.000,414.114,-81.000,0.040,0.004,0.009,0.008,0.018,0
669664.300,1700744.900,398.000,400.512,-90.000,0.091,0.002,0.021,0.039,0.029,1
669693.200,1641360.400,623.000,626.418,-82.000,0.095,0.007,0.035,0.042,0.012,1
669727.500,1627275.700,592.000,592.916,-77.000,0.036,0.008,0.006,0.013,0.009,0
669728.100,1651639.700,713.000,716.768,-87.000,0.148,0.013,0.013,0.080,0.041,1
669742.400,1687080.200,529.000,531.587,-93.000,0.296,0.047,0.166,0.066,0.017,1
669828.800,1640454.100,619.000,618.524,-81.000,0.078,0.005,0.021,0.042,0.011,1
669874.200,1640122.500,621.000,621.969,-80.000,0.072,0.006,0.016,0.039,0.011,1
669886.400,1707053.600,391.000,389.789,-85.000,0.051,0.000,0.002,0.021,0.028,0
669894.000,1637312.200,606.000,604.713,-78.000,0.056,0.005,0.010,0.031,0.011,1
669955.700,1667961.700,572.000,570.567,-45.000,1.168,0.060,0.830,0.266,0.011,1
669956.100,1645290.200,700.000,698.241,-84.000,0.149,0.008,0.063,0.049,0.030,1
670011.500,1670661.900,551.000,554.917,-51.000,2.849,1.500,1.125,0.213,0.012,1
670016.800,1693643.700,471.000,469.588,-93.000,0.446,0.101,0.281,0.047,0.017,1
670019.900,1630121.300,602.000,601.413,-76.000,0.041,0.006,0.011,0.014,0.010,0
670020.400,1697560.800,423.000,427.254,-88.000,0.230,0.082,0.089,0.037,0.022,1
670025.500,1699795.900,404.000,405.811,-87.000,0.102,0.002,0.033,0.038,0.028,1
670056.500,1691143.300,488.000,487.643,-92.000,0.384,0.140,0.180,0.046,0.017,1
670101.300,1626194.000,575.000,580.343,-78.000,0.036,0.002,0.009,0.015,0.009,0
670118.500,1684106.500,499.000,491.115,-88.000,0.240,0.001,0.124,0.098,0.018,1
670129.200,1637546.300,609.000,610.508,-78.000,0.061,0.007,0.012,0.030,0.011,1
670216.500,1649529.800,734.000,733.520,-87.000,0.153,0.007,0.024,0.075,0.047,1
670217.000,1632722.800,581.000,581.875,-78.000,0.050,0.006,0.010,0.024,0.011,0
670240.900,1629315.100,604.000,605.768,-76.000,0.040,0.004,0.013,0.013,0.010,0
670289.300,1709170.000,393.000,394.189,-84.000,0.044,0.001,0.003,0.015,0.025,0
670297.000,1711029.000,395.000,396.761,-84.000,0.043,0.003,0.006,0.012,0.023,0
670338.900,1645923.600,705.000,708.186,-85.000,0.177,0.013,0.072,0.057,0.034,1
670349.400,1703925.600,386.000,388.203,-84.000,0.079,0.012,0.006,0.030,0.030,1
670421.800,1644862.000,709.000,708.853,-85.000,0.187,0.011,0.083,0.058,0.033,1
670467.000,1638478.100,616.000,622.856,-79.000,0.135,0.069,0.023,0.033,0.011,1
670467.400,1678974.900,523.000,522.517,-64.000,0.326,0.015,0.145,0.154,0.012,1
670507.400,1658516.400,1019.000,1008.377,-58.000,2.538,0.146,1.208,0.896,0.288,1
670513.300,1651667.400,721.000,723.624,-86.000,0.155,0.008,0.017,0.085,0.045,1
670531.300,1655163.900,738.000,727.951,-79.000,0.398,0.011,0.238,0.099,0.050,1
670571.900,1673443.200,589.000,588.718,-53.000,1.647,0.925,0.552,0.154,0.017,1
670579.800,1640802.400,612.000,612.922,-81.000,0.096,0.002,0.034,0.049,0.010,1
670583.600,1692508.200,541.000,540.122,-92.000,0.563,0.233,0.234,0.079,0.017,1
670602.400,1639131.800,615.000,617.439,-79.000,0.086,0.021,0.017,0.037,0.011,1
670630.500,1666815.800,595.000,595.992,-45.000,1.376,0.102,1.010,0.250,0.015,1
670683.700,1671363.800,548.000,548.130,-51.000,1.792,0.523,1.047,0.210,0.011,1
670808.200,1688238.700,510.000,509.180,-95.000,0.562,0.160,0.329,0.057,0.016,1
670845.800,1702114.600,397.000,399.803,-86.000,0.070,0.005,0.007,0.030,0.028,1
670856.900,1700620.900,402.000,402.247,-89.000,0.081,0.002,0.016,0.036,0.028,1
670858.400,1644002.000,687.000,687.995,-84.000,0.180,0.020,0.086,0.048,0.027,1
670878.800,1713611.600,416.000,417.786,-81.000,0.033,0.003,0.006,0.007,0.017,0
670889.500,1632019.400,578.000,581.219,-77.000,0.047,0.007,0.007,0.022,0.011,0
670896.800,1708289.300,388.000,389.381,-84.000,0.047,0.001,0.002,0.017,0.027,0
670906.700,1637197.700,604.000,606.999,-77.000,0.060,0.005,0.013,0.030,0.011,1
670994.700,1672948.300,560.000,558.103,-53.000,1.678,0.540,0.941,0.184,0.013,1
671013.500,1686602.600,567.000,566.644,-94.000,0.253,0.013,0.136,0.085,0.020,1
671077.300,1683748.300,491.000,486.958,-89.000,0.206,0.001,0.089,0.098,0.018,1
671097.500,1643671.800,678.000,681.261,-84.000,0.183,0.027,0.085,0.047,0.025,1
671102.700,1656484.700,804.000,798.968,-73.000,1.090,0.353,0.492,0.153,0.092,1
671147.000,1697668.600,424.000,428.407,-88.000,0.119,0.008,0.053,0.034,0.024,1
671213.200,1625814.500,573.000,578.264,-77.000,0.035,0.004,0.007,0.014,0.009,0
671221.500,1635307.900,601.000,598.326,-78.000,0.054,0.004,0.014,0.024,0.012,1
671236.400,1636248.500,600.000,597.312,-77.000,0.055,0.005,0.010,0.028,0.012,1
671271.300,1690997.300,483.000,484.234,-93.000,0.228,0.007,0.159,0.045,0.018,1
671303.300,1655512.500,747.000,741.092,-77.000,0.481,0.027,0.304,0.094,0.057,1
671308.000,1651861.100,711.000,717.722,-86.000,0.213,0.051,0.031,0.088,0.043,1
671308.500,1656287.000,784.000,768.394,-72.000,0.786,0.076,0.527,0.110,0.073,1
671346.900,1646428.700,718.000,718.746,-85.000,0.200,0.007,0.085,0.068,0.039,1
671377.400,1679435.200,508.000,511.830,-68.000,0.252,0.004,0.090,0.146,0.012,1
671385.800,1639458.300,606.000,608.445,-80.000,0.084,0.009,0.021,0.043,0.010,1
671399.200,1628460.200,604.000,602.425,-76.000,0.045,0.009,0.014,0.012,0.010,0
671420.100,1672099.400,551.000,547.505,-52.000,1.502,0.439,0.854,0.198,0.011,1
671434.300,1665682.000,607.000,609.005,-44.000,1.109,0.029,0.820,0.243,0.017,1
671437.500,1629135.400,602.000,603.053,-76.000,0.045,0.005,0.017,0.013,0.010,0
671464.600,1649527.600,735.000,737.875,-87.000,0.177,0.010,0.034,0.083,0.050,1
671465.100,1640410.400,606.000,607.598,-81.000,0.095,0.004,0.030,0.051,0.010,1
671470.800,1703247.900,394.000,392.875,-84.000,0.067,0.001,0.010,0.026,0.030,1
671473.400,1627099.800,599.000,595.830,-76.000,0.042,0.010,0.011,0.011,0.009,0
671486.100,1634424.600,589.000,588.864,-77.000,0.047,0.002,0.009,0.024,0.012,1
671508.000,1629821.900,591.000,591.057,-76.000,0.039,0.005,0.010,0.015,0.010,0
671763.100,1651410.800,747.000,746.785,-86.000,0.387,0.152,0.080,0.098,0.056,1
671788.900,1689252.800,488.000,488.663,-94.000,0.394,0.025,0.301,0.050,0.017,1
671854.700,1631030.400,576.000,577.693,-76.000,0.044,0.005,0.008,0.021,0.010,0
671909.400,1657973.200,1000.000,992.156,-59.000,2.426,0.166,1.193,0.796,0.271,1
671988.100,1641033.700,615.000,615.255,-81.000,0.112,0.011,0.042,0.048,0.011,1
672063.500,1631950.300,577.000,575.141,-77.000,0.044,0.003,0.007,0.023,0.011,0
672068.000,1710986.900,405.000,407.475,-78.000,0.040,0.004,0.009,0.007,0.019,0
672068.500,1702278.600,408.000,404.892,-83.000,0.063,0.005,0.008,0.024,0.026,1
672089.600,1683423.800,487.000,480.856,-89.000,0.177,0.001,0.054,0.103,0.019,1
672121.600,1652420.200,695.000,697.633,-85.000,0.283,0.075,0.073,0.099,0.036,1
672151.500,1664647.000,621.000,617.309,-46.000,1.270,0.045,1.002,0.204,0.019,1
672161.800,1694035.700,445.000,449.717,-90.000,0.244,0.005,0.172,0.046,0.021,1
672203.800,1655939.400,762.000,769.966,-74.000,0.589,0.017,0.381,0.117,0.074,1
672297.000,1690263.500,479.000,482.059,-93.000,0.327,0.087,0.177,0.047,0.017,1
672310.300,1633589.600,591.000,587.647,-77.000,0.056,0.008,0.014,0.022,0.011,0
672323.200,1701229.300,412.000,412.580,-86.000,0.060,0.003,0.008,0.024,0.026,1
672326.200,1703707.900,408.000,408.563,-80.000,0.068,0.015,0.012,0.016,0.025,1
672328.200,1697666.300,439.000,437.630,-86.000,0.142,0.041,0.047,0.032,0.022,1
672337.300,1705091.100,394.000,392.968,-79.000,0.053,0.001,0.007,0.018,0.028,0
672353.400,1657556.000,990.000,981.896,-65.000,2.785,0.235,1.545,0.748,0.258,1
672403.600,1640118.400,610.000,610.017,-80.000,0.088,0.005,0.025,0.047,0.010,1
672407.500,1691304.400,464.000,467.169,-92.000,0.189,0.003,0.121,0.046,0.019,1
672413.700,1632683.000,571.000,569.116,-77.000,0.055,0.005,0.011,0.027,0.012,0
672422.000,1712428.000,419.000,418.143,-80.000,0.033,0.001,0.010,0.006,0.017,0
672432.100,1651127.900,749.000,746.816,-85.000,0.277,0.038,0.083,0.100,0.056,1
672492.900,1708688.500,388.000,389.313,-78.000,0.049,0.006,0.005,0.013,0.025,0
672494.400,1628899.500,599.000,596.824,-76.000,0.043,0.006,0.014,0.012,0.010,0
672529.600,1649546.300,742.000,744.174,-87.000,0.211,0.011,0.053,0.094,0.053,1
672584.900,1656783.100,849.000,836.890,-70.000,1.442,0.359,0.729,0.235,0.120,1
672614.600,1679234.000,495.000,498.713,-68.000,0.213,0.003,0.050,0.149,0.012,1
672633.300,1678160.800,498.000,497.159,-64.000,0.254,0.004,0.067,0.171,0.013,1
672690.200,1634665.500,581.000,579.274,-77.000,0.057,0.004,0.013,0.029,0.011,1
672765.800,1657050.000,917.000,902.067,-68.000,2.595,0.949,1.054,0.417,0.176,1
672799.300,1626910.100,580.000,579.098,-76.000,0.036,0.006,0.007,0.013,0.010,0
672862.700,1646627.700,750.000,746.953,-85.000,0.294,0.056,0.077,0.108,0.052,1
672957.100,1655878.500,758.000,773.058,-75.000,0.564,0.029,0.336,0.122,0.077,1
673005.600,1664000.400,641.000,640.177,-46.000,1.536,0.234,1.119,0.158,0.025,1
673013.600,1652537.300,684.000,685.592,-85.000,0.256,0.024,0.094,0.105,0.032,1
673037.500,1640277.800,608.000,611.367,-80.000,0.097,0.008,0.031,0.048,0.011,1
673049.400,1635619.700,594.000,592.078,-77.000,0.076,0.014,0.023,0.027,0.012,1
673049.500,1700283.000,421.000,423.967,-86.000,0.056,0.001,0.009,0.024,0.023,1
673074.600,1632101.300,567.000,567.283,-76.000,0.052,0.005,0.009,0.026,0.012,0
673099.400,1702219.800,418.000,420.001,-83.000,0.056,0.006,0.010,0.018,0.022,1
673145.200,1698967.000,428.000,426.973,-89.000,0.065,0.002,0.011,0.030,0.022,1
673183.600,1651354.700,742.000,737.952,-85.000,0.349,0.050,0.150,0.095,0.053,1
673207.600,1704986.900,399.000,400.096,-81.000,0.053,0.007,0.007,0.014,0.025,0
673215.500,1640965.100,615.000,613.946,-81.000,0.125,0.015,0.051,0.047,0.011,1
673246.100,1694076.900,447.000,456.821,-90.000,0.664,0.454,0.146,0.044,0.019,1
673249.800,1628683.600,583.000,584.121,-76.000,0.038,0.007,0.007,0.013,0.010,0
673251.400,1706304.000,394.000,394.533,-78.000,0.053,0.008,0.006,0.014,0.025,0
673267.900,1636672.400,602.000,601.769,-77.000,0.075,0.014,0.020,0.030,0.011,1
673315.100,1637591.100,590.000,590.275,-78.000,0.076,0.009,0.017,0.039,0.011,1
673346.600,1683433.000,481.000,476.519,-89.000,0.156,0.001,0.037,0.098,0.020,1
673356.300,1696578.500,434.000,437.309,-87.000,0.111,0.012,0.043,0.036,0.021,1
673412.900,1703373.000,429.000,419.146,-91.000,0.052,0.003,0.013,0.014,0.022,1
673509.300,1703395.800,420.000,419.394,-84.000,0.051,0.003,0.012,0.014,0.022,1
673515.600,1695384.600,437.000,437.397,-86.000,0.104,0.002,0.038,0.043,0.021,1
673564.500,1675744.400,516.000,511.291,-60.000,0.322,0.007,0.098,0.207,0.011,1
673579.700,1676596.600,504.000,502.401,-61.000,0.327,0.011,0.110,0.195,0.012,1
673583.100,1690649.200,483.000,482.883,-91.000,0.233,0.043,0.128,0.044,0.018,1
673611.200,1630843.800,580.000,580.904,-76.000,0.044,0.004,0.011,0.017,0.011,0
673631.700,1641466.000,621.000,621.239,-81.000,0.200,0.065,0.075,0.047,0.013,1
673637.400,1649598.600,756.000,761.489,-86.000,0.334,0.036,0.116,0.118,0.064,1
673647.200,1692132.400,456.000,456.575,-88.000,0.212,0.011,0.136,0.046,0.019,1
673677.700,1663264.000,657.000,660.701,-47.000,1.722,0.266,1.298,0.125,0.032,1
673749.400,1626584.900,573.000,571.373,-76.000,0.038,0.004,0.009,0.015,0.010,0
673857.300,1647464.700,755.000,752.758,-85.000,0.280,0.031,0.073,0.119,0.057,1
673875.100,1652421.900,658.000,665.668,-84.000,0.297,0.022,0.139,0.109,0.026,1
673902.300,1711078.100,409.000,407.905,-78.000,0.033,0.001,0.007,0.006,0.018,0
673935.800,1674950.500,518.000,515.602,-61.000,0.367,0.013,0.133,0.210,0.011,1
674007.800,1629585.200,573.000,575.686,-76.000,0.042,0.005,0.010,0.016,0.011,0
674067.400,1709109.700,391.000,391.732,-77.000,0.040,0.002,0.005,0.010,0.023,0
674075.100,1677905.900,511.000,507.993,-65.000,0.258,0.013,0.084,0.148,0.013,1
674075.500,1655919.800,743.000,756.786,-76.000,0.469,0.035,0.253,0.113,0.068,1
674078.800,1631699.100,560.000,562.370,-76.000,0.061,0.009,0.013,0.026,0.012,0
674104.200,1640130.600,605.000,610.705,-80.000,0.304,0.197,0.049,0.047,0.011,1
674125.900,1688429.200,544.000,547.404,-94.000,0.427,0.186,0.146,0.077,0.018,1
674152.500,1624430.200,575.000,576.313,-76.000,0.035,0.008,0.005,0.011,0.010,0
674160.600,1638283.200,589.000,589.621,-79.000,0.077,0.004,0.019,0.045,0.010,1
674211.000,1701453.600,418.000,416.859,-86.000,0.045,0.001,0.003,0.018,0.023,1
674288.400,1699716.900,425.000,421.870,-86.000,0.052,0.001,0.004,0.023,0.023,1
674330.000,1712708.000,415.000,415.862,-82.000,0.033,0.002,0.010,0.005,0.016,0
674412.200,1639203.400,602.000,603.353,-79.000,0.097,0.013,0.028,0.045,0.011,1
674413.400,1662649.700,667.000,664.792,-49.000,2.391,0.156,2.087,0.115,0.033,1
674487.100,1648155.300,765.000,763.039,-85.000,0.301,0.017,0.085,0.136,0.063,1
674563.500,1707376.200,386.000,388.341,-77.000,0.049,0.004,0.007,0.013,0.025,0
674564.700,1630020.800,578.000,579.158,-75.000,0.044,0.007,0.011,0.016,0.011,0
674565.200,1649251.300,753.000,754.014,-86.000,0.321,0.025,0.120,0.116,0.059,1
674575.500,1705794.000,394.000,393.717,-82.000,0.056,0.007,0.011,0.013,0.025,0
674626.200,1631946.500,562.000,562.688,-75.000,0.058,0.010,0.009,0.026,0.012,0
674637.200,1683243.400,474.000,471.240,-91.000,0.149,0.001,0.035,0.092,0.020,1
674670.700,1693136.000,452.000,452.261,-88.000,0.134,0.009,0.060,0.045,0.020,1
674674.200,1640190.000,609.000,610.934,-80.000,0.263,0.149,0.055,0.047,0.011,1
674698.900,1697960.600,422.000,421.275,-89.000,0.064,0.001,0.009,0.030,0.024,1
674714.800,1702973.300,415.000,415.773,-84.000,0.042,0.001,0.004,0.015,0.022,1
674737.400,1674104.400,539.000,533.398,-62.000,0.380,0.005,0.176,0.187,0.011,1
674739.900,1628118.900,583.000,584.500,-75.000,0.044,0.008,0.013,0.012,0.010,0
674777.600,1655526.600,750.000,748.763,-79.000,0.367,0.016,0.175,0.112,0.064,1
674867.800,1625320.500,571.000,571.541,-76.000,0.035,0.006,0.005,0.013,0.011,0
674881.600,1626393.800,574.000,571.015,-75.000,0.034,0.004,0.005,0.014,0.010,0
674894.500,1690504.100,462.000,462.293,-90.000,0.287,0.043,0.180,0.044,0.020,1
675021.300,1661868.600,684.000,683.438,-49.000,2.733,0.151,2.430,0.112,0.040,1
675048.800,1688546.800,526.000,526.204,-93.000,0.259,0.043,0.138,0.061,0.017,1
675099.000,1652762.800,682.000,681.550,-83.000,0.260,0.022,0.104,0.102,0.032,1
675344.200,1641301.400,608.000,614.285,-82.000,0.285,0.126,0.097,0.049,0.012,1
675373.000,1701108.200,413.000,413.779,-85.000,0.045,0.001,0.003,0.019,0.023,1
675375.700,1648781.400,747.000,748.428,-86.000,0.289,0.008,0.109,0.115,0.057,1
675448.400,1693971.700,444.000,446.595,-90.000,0.090,0.006,0.023,0.041,0.019,1
675453.200,1658729.300,795.000,790.990,-62.000,1.509,0.203,1.025,0.186,0.094,1
675473.800,1632350.900,557.000,560.440,-75.000,0.056,0.007,0.009,0.027,0.013,0
675485.000,1691958.100,453.000,452.503,-86.000,0.186,0.039,0.084,0.043,0.019,1
675511.800,1655144.800,736.000,738.576,-80.000,0.324,0.019,0.131,0.114,0.059,1
675521.300,1625789.900,568.000,564.545,-75.000,0.040,0.006,0.007,0.017,0.011,0
675612.600,1673491.300,552.000,546.826,-65.000,0.436,0.013,0.240,0.170,0.013,1
675635.100,1627926.200,578.000,575.308,-75.000,0.040,0.009,0.007,0.014,0.010,0
675648.800,1697292.800,427.000,428.310,-89.000,0.059,0.001,0.008,0.029,0.021,1
675674.500,1656418.400,720.000,723.597,-78.000,0.443,0.037,0.251,0.102,0.053,1
675713.800,1682952.700,477.000,470.018,-91.000,0.133,0.001,0.023,0.093,0.017,1
675718.000,1706577.200,389.000,392.229,-79.000,0.050,0.008,0.006,0.011,0.024,0
675719.300,1699340.400,419.000,421.204,-85.000,0.051,0.002,0.004,0.023,0.022,1
675739.900,1712154.300,411.000,408.478,-83.000,0.030,0.001,0.008,0.005,0.016,0
675752.200,1631091.600,559.000,561.443,-75.000,0.052,0.008,0.009,0.024,0.012,0
675753.800,1710328.600,398.000,398.513,-80.000,0.033,0.002,0.005,0.006,0.020,0
675783.500,1689415.400,467.000,471.941,-90.000,0.367,0.124,0.181,0.044,0.018,1
675801.500,1639102.800,596.000,597.447,-80.000,0.131,0.042,0.032,0.046,0.011,1
675821.700,1637808.400,581.000,584.476,-78.000,0.160,0.083,0.025,0.041,0.011,1
675915.100,1657349.600,703.000,696.088,-71.000,0.803,0.084,0.572,0.106,0.041,1
675920.200,1702573.100,407.000,409.705,-84.000,0.041,0.001,0.003,0.014,0.023,1
675943.300,1657892.000,755.000,744.374,-67.000,1.139,0.383,0.560,0.131,0.065,1
675952.300,1684094.300,469.000,466.063,-93.000,0.184,0.003,0.083,0.079,0.020,1
675952.500,1656652.800,724.000,719.311,-75.000,0.481,0.052,0.273,0.105,0.051,1
676045.000,1661588.500,704.000,702.361,-52.000,1.937,0.148,1.620,0.121,0.048,1
676049.900,1641937.200,597.000,598.745,-82.000,0.290,0.029,0.194,0.056,0.011,1
676068.000,1708527.400,382.000,384.903,-76.000,0.046,0.006,0.005,0.011,0.024,0
676078.700,1652670.400,638.000,641.877,-82.000,0.417,0.052,0.226,0.119,0.020,1
676139.200,1637091.500,575.000,578.728,-77.000,0.082,0.007,0.027,0.038,0.011,1
676190.800,1703681.600,412.000,411.253,-83.000,0.038,0.001,0.004,0.011,0.022,1
676239.200,1700152.100,422.000,420.237,-86.000,0.045,0.000,0.004,0.018,0.022,1
676245.300,1685136.600,471.000,469.348,-94.000,0.734,0.419,0.231,0.063,0.021,1
676276.600,1705109.800,409.000,407.191,-84.000,0.039,0.002,0.007,0.009,0.022,0
676276.700,1690946.100,444.000,446.432,-85.000,0.144,0.002,0.075,0.045,0.022,1
676286.300,1688257.300,496.000,498.635,-92.000,0.345,0.161,0.120,0.047,0.017,1
676296.900,1686852.100,470.000,470.773,-93.000,0.461,0.172,0.216,0.053,0.020,1
676311.200,1696313.000,428.000,427.874,-88.000,0.062,0.001,0.007,0.031,0.023,1
676358.600,1626172.200,565.000,566.467,-75.000,0.036,0.005,0.005,0.016,0.011,0
676378.400,1648490.000,741.000,740.942,-85.000,0.339,0.030,0.142,0.114,0.053,1
676459.300,1655030.000,724.000,733.803,-81.000,0.350,0.032,0.148,0.113,0.057,1
676462.000,1686322.200,469.000,467.953,-93.000,0.461,0.135,0.250,0.057,0.019,1
676519.700,1694311.800,434.000,435.850,-89.000,0.072,0.001,0.012,0.037,0.022,1
676523.700,1656502.100,715.000,710.433,-77.000,0.449,0.049,0.249,0.104,0.047,1
676534.700,1660817.600,722.000,719.611,-54.000,1.583,0.170,1.229,0.129,0.056,1
676542.000,1652574.200,639.000,646.647,-83.000,0.349,0.063,0.152,0.112,0.022,1
676551.300,1673011.400,568.000,562.085,-68.000,0.541,0.087,0.291,0.148,0.015,1
676566.400,1652176.000,630.000,635.816,-83.000,0.402,0.090,0.181,0.112,0.019,1
676568.200,1635833.200,567.000,565.482,-77.000,0.075,0.009,0.016,0.037,0.013,1
676629.200,1627468.700,564.000,561.795,-74.000,0.041,0.004,0.007,0.019,0.011,0
676631.500,1682373.200,473.000,471.122,-91.000,0.121,0.001,0.012,0.092,0.017,1
676641.900,1624237.900,568.000,572.171,-75.000,0.036,0.005,0.009,0.012,0.010,0
676669.200,1630843.700,563.000,560.440,-75.000,0.052,0.009,0.008,0.023,0.012,0
676678.300,1632547.800,555.000,557.517,-75.000,0.062,0.011,0.010,0.028,0.013,0
676699.300,1637040.300,576.000,575.087,-78.000,0.085,0.007,0.028,0.039,0.011,1
676719.400,1653316.900,670.000,673.562,-82.000,0.279,0.033,0.111,0.105,0.030,1
676782.200,1707769.300,384.000,384.985,-76.000,0.048,0.005,0.007,0.012,0.024,0
676794.800,1628388.300,564.000,566.064,-74.000,0.043,0.009,0.006,0.018,0.011,0
676827.700,1697589.400,425.000,422.567,-87.000,0.054,0.001,0.006,0.026,0.022,1
676908.600,1651005.700,605.000,613.606,-84.000,0.426,0.020,0.276,0.116,0.014,1
676916.500,1701429.900,413.000,415.240,-85.000,0.041,0.001,0.004,0.014,0.022,1
676927.600,1633788.900,562.000,564.782,-75.000,0.065,0.014,0.010,0.028,0.013,0
676942.100,1634762.700,567.000,566.435,-76.000,0.061,0.006,0.011,0.031,0.012,1
676949.200,1690088.100,453.000,451.852,-86.000,0.189,0.014,0.111,0.044,0.020,1
676975.800,1641899.800,587.000,590.236,-82.000,0.547,0.147,0.332,0.058,0.010,1
677010.600,1650309.300,651.000,654.935,-84.000,0.425,0.149,0.176,0.077,0.023,1
677071.600,1653695.700,697.000,697.848,-82.000,0.274,0.043,0.090,0.100,0.040,1
677075.300,1691859.500,437.000,439.370,-89.000,0.101,0.002,0.036,0.042,0.022,1
677122.000,1702648.600,411.000,408.170,-83.000,0.039,0.001,0.003,0.013,0.022,1
677143.800,1654116.700,715.000,712.055,-82.000,0.279,0.026,0.102,0.104,0.046,1
677150.800,1705891.000,401.000,403.176,-78.000,0.038,0.002,0.007,0.008,0.021,0
677154.200,1629309.300,559.000,557.572,-74.000,0.047,0.005,0.007,0.023,0.012,0
677228.100,1692956.100,434.000,431.989,-89.000,0.085,0.001,0.020,0.041,0.023,1
677263.300,1695379.700,426.000,427.556,-87.000,0.062,0.001,0.006,0.033,0.022,1
677276.600,1630250.700,555.000,557.006,-75.000,0.054,0.011,0.006,0.024,0.012,0
677277.800,1672164.900,589.000,587.160,-69.000,0.752,0.326,0.273,0.135,0.018,1
677354.400,1656165.300,702.000,700.002,-78.000,0.460,0.080,0.230,0.105,0.044,1
677358.100,1648419.800,731.000,733.809,-85.000,0.406,0.072,0.171,0.112,0.051,1
677383.100,1711967.700,400.000,399.491,-85.000,0.032,0.004,0.006,0.005,0.017,0
677431.000,1700139.100,415.000,414.221,-85.000,0.046,0.002,0.004,0.017,0.023,1
677442.300,1626733.300,568.000,569.465,-74.000,0.037,0.006,0.005,0.015,0.011,0
677480.200,1696510.000,421.000,420.724,-86.000,0.058,0.001,0.005,0.029,0.023,1
677491.800,1625848.500,582.000,578.906,-74.000,0.042,0.010,0.010,0.012,0.010,0
677609.400,1710453.500,395.000,397.719,-79.000,0.040,0.009,0.008,0.005,0.019,0
677631.600,1649273.800,701.000,705.074,-84.000,0.399,0.100,0.177,0.084,0.039,1
677662.400,1636361.300,562.000,562.303,-77.000,0.098,0.012,0.033,0.039,0.014,1
677722.800,1625186.300,579.000,578.753,-74.000,0.038,0.010,0.006,0.011,0.011,0
677733.000,1694343.100,428.000,427.457,-88.000,0.067,0.001,0.007,0.035,0.024,1
677783.800,1630099.500,553.000,552.748,-74.000,0.053,0.005,0.009,0.026,0.013,0
677941.500,1633541.800,567.000,565.580,-74.000,0.062,0.007,0.016,0.026,0.013,0
678036.600,1658438.700,848.000,842.929,-60.000,1.941,0.813,0.661,0.336,0.132,1
678052.800,1690439.500,440.000,442.777,-88.000,0.146,0.013,0.068,0.042,0.024,1
678081.900,1665310.500,679.000,676.673,-60.000,0.791,0.021,0.589,0.140,0.040,1
678084.300,1654931.500,694.000,693.658,-81.000,0.311,0.028,0.143,0.102,0.039,1
678091.100,1681167.000,477.000,473.337,-89.000,0.122,0.001,0.013,0.093,0.015,1
678096.800,1676165.600,518.000,517.567,-75.000,0.321,0.008,0.180,0.120,0.013,1
678106.600,1656270.500,645.000,653.581,-79.000,0.822,0.143,0.534,0.118,0.026,1
678131.400,1698418.300,414.000,412.064,-86.000,0.050,0.001,0.003,0.021,0.024,1
678138.000,1689123.300,468.000,471.422,-87.000,0.471,0.228,0.186,0.039,0.019,1
678173.100,1670334.800,630.000,621.450,-71.000,0.464,0.054,0.249,0.135,0.026,1
678175.300,1671463.400,616.000,614.206,-71.000,0.344,0.010,0.176,0.133,0.024,1
678189.700,1639308.500,601.000,604.134,-80.000,0.185,0.063,0.065,0.045,0.012,1
678238.800,1629726.600,559.000,556.012,-74.000,0.048,0.003,0.009,0.024,0.012,0
678256.800,1624338.200,578.000,578.060,-75.000,0.032,0.004,0.007,0.011,0.010,0
678288.100,1641997.900,580.000,582.448,-82.000,0.249,0.002,0.176,0.061,0.010,1
678334.400,1702724.300,407.000,409.829,-81.000,0.040,0.002,0.006,0.011,0.021,1
678352.700,1669329.200,624.000,619.259,-71.000,0.591,0.078,0.356,0.132,0.024,1
678386.200,1693186.300,428.000,428.005,-88.000,0.075,0.003,0.010,0.038,0.024,1
678467.800,1648228.900,748.000,746.401,-84.000,0.583,0.076,0.304,0.146,0.057,1
678471.600,1691859.100,438.000,438.616,-89.000,0.087,0.003,0.025,0.037,0.022,1
678473.000,1627161.300,571.000,568.266,-74.000,0.042,0.008,0.006,0.016,0.011,0
678519.900,1664251.500,676.000,670.875,-61.000,0.673,0.018,0.484,0.133,0.038,1
678542.000,1655576.600,641.000,646.650,-80.000,0.617,0.075,0.401,0.117,0.024,1
678567.500,1666509.200,662.000,659.576,-69.000,0.549,0.017,0.358,0.138,0.036,1
678589.500,1680628.600,479.000,474.156,-88.000,0.128,0.001,0.018,0.095,0.015,1
678634.000,1704242.600,410.000,407.163,-81.000,0.042,0.005,0.008,0.009,0.021,0
678640.100,1633713.000,551.000,554.931,-75.000,0.062,0.007,0.010,0.032,0.013,0
678647.100,1635682.600,542.000,542.858,-77.000,0.122,0.012,0.048,0.048,0.014,1
678670.200,1699551.100,410.000,407.328,-84.000,0.046,0.001,0.003,0.018,0.025,1
678674.600,1696187.200,424.000,420.822,-85.000,0.053,0.001,0.003,0.026,0.024,1
678713.100,1638393.900,596.000,595.771,-79.000,0.144,0.016,0.076,0.041,0.011,1
678756.300,1668557.700,615.000,610.847,-72.000,0.549,0.047,0.340,0.140,0.022,1
678759.000,1658200.700,808.000,802.406,-60.000,0.835,0.056,0.433,0.243,0.103,1
678764.500,1667462.300,648.000,643.460,-71.000,0.497,0.019,0.309,0.138,0.031,1
678777.300,1706545.300,395.000,394.312,-79.000,0.037,0.002,0.004,0.008,0.021,0
678799.100,1632596.600,546.000,546.711,-75.000,0.073,0.011,0.014,0.035,0.014,0
678812.300,1688044.100,454.000,454.923,-83.000,0.609,0.175,0.369,0.046,0.020,1
678841.800,1707918.000,388.000,386.831,-79.000,0.036,0.001,0.004,0.009,0.022,0
678882.500,1666080.000,653.000,649.833,-70.000,0.484,0.008,0.312,0.132,0.032,1
678889.300,1675120.400,540.000,535.418,-75.000,0.362,0.021,0.212,0.116,0.013,1
678909.300,1646738.400,639.000,642.041,-85.000,0.410,0.081,0.251,0.059,0.019,1
678914.400,1694330.100,421.000,421.932,-86.000,0.064,0.001,0.005,0.034,0.024,1
678961.800,1686750.600,458.000,455.635,-82.000,0.250,0.018,0.161,0.052,0.020,1
678976.800,1631856.600,555.000,558.004,-75.000,0.307,0.253,0.016,0.026,0.013,0
679013.100,1647259.200,683.000,684.293,-84.000,0.464,0.167,0.186,0.079,0.031,1
679035.900,1689705.600,455.000,456.467,-84.000,0.206,0.049,0.099,0.038,0.019,1
679070.100,1686640.800,452.000,455.524,-81.000,0.201,0.011,0.118,0.052,0.020,1
679077.700,1712091.600,393.000,391.821,-86.000,0.031,0.003,0.006,0.005,0.018,0
679081.700,1700494.800,400.000,402.741,-84.000,0.046,0.002,0.003,0.017,0.024,1
679093.900,1642203.100,579.000,579.048,-82.000,0.225,0.004,0.148,0.063,0.010,1
679170.900,1697275.500,415.000,417.229,-84.000,0.051,0.002,0.004,0.022,0.022,1
679179.300,1701757.100,403.000,399.359,-80.000,0.048,0.005,0.005,0.014,0.024,1
679209.900,1671117.200,592.000,588.756,-77.000,0.329,0.033,0.143,0.134,0.019,1
679269.400,1698438.100,410.000,408.703,-84.000,0.049,0.001,0.003,0.020,0.024,1
679286.300,1663870.000,654.000,648.663,-69.000,0.517,0.018,0.336,0.132,0.031,1
679293.400,1691135.100,439.000,437.333,-89.000,0.087,0.002,0.026,0.037,0.023,1
679422.200,1695329.900,421.000,416.995,-85.000,0.061,0.004,0.004,0.029,0.024,1
679422.800,1626880.600,574.000,573.500,-74.000,0.042,0.009,0.007,0.015,0.011,0
679478.200,1655539.400,639.000,639.136,-78.000,1.022,0.193,0.694,0.112,0.023,1
679508.900,1629802.400,562.000,563.458,-74.000,0.049,0.005,0.011,0.021,0.012,0
679509.600,1634062.400,549.000,547.498,-76.000,0.071,0.006,0.014,0.037,0.014,1
679514.500,1705599.400,388.000,390.229,-81.000,0.041,0.003,0.006,0.010,0.023,0
679563.200,1662798.800,657.000,654.582,-67.000,0.675,0.055,0.457,0.131,0.032,1
679589.800,1702811.400,396.000,397.401,-81.000,0.043,0.002,0.006,0.012,0.023,1
679635.100,1646102.100,617.000,621.012,-85.000,0.492,0.142,0.275,0.060,0.015,1
679682.700,1641178.500,567.000,570.225,-81.000,0.231,0.005,0.156,0.059,0.010,1
679683.600,1635269.800,543.000,541.750,-76.000,0.106,0.013,0.034,0.045,0.014,1
679707.900,1672061.500,553.000,553.714,-81.000,0.551,0.214,0.190,0.132,0.015,1
679729.200,1637826.100,603.000,604.553,-79.000,0.135,0.008,0.077,0.037,0.013,1
679740.400,1713800.800,389.000,389.362,-89.000,0.028,0.002,0.004,0.005,0.016,0
679826.600,1629074.500,563.000,565.588,-73.000,0.047,0.005,0.010,0.021,0.012,0
679833.300,1642629.100,586.000,587.587,-83.000,0.261,0.012,0.180,0.059,0.011,1
679849.400,1680284.100,477.000,475.760,-87.000,0.174,0.048,0.024,0.085,0.016,1
679859.800,1624582.400,594.000,594.630,-74.000,0.039,0.007,0.008,0.013,0.010,0
679897.800,1628178.700,574.000,573.576,-73.000,0.041,0.005,0.007,0.018,0.011,0
679959.000,1665911.100,640.000,632.510,-74.000,0.344,0.010,0.164,0.143,0.027,1
679968.900,1674497.900,532.000,531.460,-76.000,0.319,0.035,0.155,0.115,0.014,1
680002.300,1688352.000,446.000,446.852,-79.000,0.147,0.010,0.072,0.044,0.021,1
680003.400,1632815.700,543.000,544.184,-75.000,0.075,0.011,0.013,0.037,0.014,0
680005.000,1696341.300,410.000,411.660,-81.000,0.056,0.002,0.005,0.025,0.025,1
680014.500,1689558.300,441.000,444.726,-85.000,0.132,0.011,0.060,0.038,0.022,1
680049.400,1629518.700,571.000,567.908,-74.000,0.049,0.005,0.011,0.021,0.011,0
680054.000,1701099.900,403.000,400.450,-81.000,0.046,0.002,0.005,0.014,0.024,1
680102.800,1708613.800,385.000,385.518,-82.000,0.044,0.010,0.005,0.008,0.021,0
680148.200,1645121.100,606.000,613.262,-85.000,0.851,0.451,0.329,0.057,0.014,1
680150.000,1685907.700,447.000,446.665,-77.000,0.109,0.001,0.031,0.055,0.023,1
680223.000,1690367.600,436.000,435.828,-88.000,0.089,0.002,0.027,0.039,0.022,1
680256.000,1655102.700,640.000,639.658,-77.000,0.714,0.137,0.454,0.100,0.023,1
680293.000,1697970.200,407.000,408.433,-82.000,0.049,0.002,0.003,0.019,0.025,1
680312.600,1699597.000,403.000,404.846,-82.000,0.047,0.003,0.004,0.015,0.024,1
680373.100,1629432.600,572.000,572.572,-74.000,0.050,0.003,0.014,0.021,0.011,0
680394.000,1626622.300,582.000,578.885,-74.000,0.042,0.009,0.006,0.016,0.010,0
680435.400,1625394.400,595.000,592.967,-74.000,0.040,0.005,0.010,0.015,0.010,0
680489.400,1662617.700,648.000,643.992,-73.000,0.391,0.009,0.216,0.137,0.029,1
680491.500,1712434.500,378.000,377.978,-87.000,0.038,0.003,0.006,0.009,0.019,0
680501.800,1670861.500,566.000,563.745,-84.000,0.253,0.014,0.089,0.134,0.016,1
680538.900,1681440.300,470.000,465.163,-86.000,0.136,0.001,0.037,0.079,0.020,1
680542.800,1634114.400,543.000,541.946,-76.000,0.080,0.008,0.016,0.041,0.015,1
680554.700,1644017.700,599.000,607.671,-84.000,0.785,0.434,0.281,0.057,0.013,1
680582.800,1672920.200,527.000,521.508,-84.000,0.280,0.005,0.121,0.142,0.013,1
680605.000,1695128.700,421.000,420.449,-83.000,0.051,0.001,0.002,0.025,0.023,1
680662.200,1673783.900,526.000,524.772,-79.000,0.242,0.015,0.088,0.125,0.013,1
680671.600,1707257.200,388.000,385.815,-83.000,0.043,0.005,0.008,0.009,0.021,0
680678.000,1631869.200,545.000,546.138,-75.000,0.072,0.008,0.016,0.035,0.013,0
680683.400,1661147.500,668.000,664.707,-70.000,0.472,0.050,0.266,0.121,0.035,1
680686.900,1635000.600,531.000,530.991,-77.000,0.108,0.007,0.034,0.052,0.015,1
680705.500,1683532.900,470.000,466.568,-82.000,0.571,0.398,0.096,0.056,0.021,1
680845.000,1691877.400,429.000,431.426,-84.000,0.069,0.007,0.008,0.031,0.023,1
680859.600,1669060.500,576.000,572.099,-82.000,0.256,0.008,0.078,0.154,0.016,1
680869.200,1627887.200,578.000,576.583,-73.000,0.042,0.004,0.008,0.019,0.011,0
680888.800,1693161.300,425.000,426.856,-85.000,0.057,0.001,0.003,0.029,0.023,1
680894.600,1703441.300,407.000,407.708,-84.000,0.035,0.001,0.006,0.008,0.020,1
680912.400,1637945.600,592.000,593.822,-79.000,0.158,0.021,0.089,0.036,0.012,1
680925.500,1702235.400,413.000,411.562,-83.000,0.035,0.000,0.005,0.009,0.020,1
680956.400,1640701.100,559.000,562.084,-82.000,0.380,0.170,0.141,0.059,0.010,1
681035.500,1688094.400,436.000,438.134,-81.000,0.094,0.001,0.025,0.046,0.022,1
681036.100,1642981.200,578.000,581.791,-83.000,0.244,0.017,0.156,0.061,0.011,1
681037.100,1682329.300,466.000,467.978,-83.000,0.342,0.124,0.133,0.067,0.018,1
681059.500,1709794.300,387.000,386.256,-82.000,0.033,0.001,0.006,0.007,0.019,0
681071.900,1662378.700,638.000,633.328,-77.000,0.344,0.009,0.175,0.133,0.026,1
681097.100,1666130.100,598.000,597.969,-76.000,0.297,0.021,0.103,0.153,0.019,1
681127.500,1680360.400,475.000,468.941,-83.000,0.144,0.001,0.043,0.084,0.016,1
681150.000,1700975.600,411.000,413.839,-84.000,0.037,0.002,0.004,0.010,0.020,1
681151.400,1685605.600,453.000,451.663,-74.000,0.095,0.005,0.019,0.050,0.022,1
681203.600,1684422.000,455.000,455.853,-76.000,0.144,0.004,0.064,0.053,0.022,1
681227.300,1670181.000,552.000,557.373,-84.000,0.228,0.007,0.057,0.149,0.015,1
681250.600,1654446.300,630.000,631.018,-77.000,0.428,0.090,0.224,0.093,0.021,1
681367.400,1689624.000,435.000,433.277,-88.000,0.080,0.002,0.016,0.037,0.024,1
681374.400,1632339.100,543.000,541.531,-76.000,0.079,0.008,0.018,0.039,0.014,0
681409.100,1653407.300,609.000,608.210,-80.000,0.391,0.055,0.217,0.103,0.016,1
681415.400,1656826.500,706.000,708.302,-70.000,0.661,0.123,0.369,0.120,0.048,1
681434.400,1713969.000,396.000,393.253,-89.000,0.025,0.001,0.006,0.004,0.014,0
681436.300,1695943.000,422.000,419.584,-84.000,0.045,0.001,0.002,0.019,0.024,1
681477.700,1635792.200,532.000,531.115,-77.000,0.111,0.002,0.041,0.051,0.016,1
681502.800,1673502.700,511.000,512.397,-82.000,0.236,0.006,0.082,0.134,0.014,1
681517.700,1667361.500,600.000,592.189,-81.000,0.236,0.017,0.053,0.147,0.019,1
681527.500,1656229.900,688.000,689.133,-71.000,0.593,0.188,0.262,0.103,0.040,1
681528.600,1624683.300,595.000,593.615,-73.000,0.036,0.004,0.006,0.017,0.010,0
681551.600,1655898.100,688.000,692.813,-72.000,0.696,0.336,0.217,0.102,0.041,1
681567.600,1699750.600,416.000,418.942,-83.000,0.037,0.001,0.005,0.010,0.021,1
681584.100,1690765.500,435.000,435.149,-88.000,0.062,0.000,0.008,0.029,0.025,1
681595.200,1660048.000,633.000,633.091,-78.000,0.404,0.013,0.252,0.115,0.025,1
681611.200,1694173.900,427.000,424.374,-85.000,0.048,0.000,0.002,0.022,0.024,1
681629.100,1708327.000,391.000,394.125,-83.000,0.035,0.004,0.007,0.006,0.018,0
681639.300,1628601.100,573.000,576.694,-74.000,0.065,0.014,0.017,0.023,0.011,0
681684.100,1698589.700,416.000,418.028,-83.000,0.038,0.001,0.003,0.013,0.022,1
681694.600,1652646.000,598.000,600.247,-81.000,0.387,0.030,0.243,0.100,0.014,1
681716.000,1672342.500,521.000,523.865,-87.000,0.303,0.074,0.077,0.138,0.014,1
681748.000,1625592.200,585.000,585.106,-73.000,0.041,0.008,0.005,0.017,0.010,0
681792.300,1655357.700,678.000,676.244,-73.000,0.346,0.054,0.166,0.091,0.035,1
681840.600,1684017.500,467.000,465.760,-74.000,0.151,0.008,0.073,0.048,0.021,1
681863.400,1705839.100,391.000,389.899,-86.000,0.045,0.003,0.012,0.009,0.021,0
681880.700,1626555.900,581.000,580.622,-73.000,0.042,0.005,0.007,0.019,0.010,0
681883.800,1637609.900,544.000,547.829,-79.000,0.199,0.022,0.118,0.046,0.013,1
681890.400,1687293.300,453.000,451.035,-80.000,0.075,0.002,0.013,0.038,0.022,1
681922.500,1692815.200,430.000,428.941,-85.000,0.051,0.000,0.003,0.024,0.024,1
681926.400,1654705.900,647.000,651.965,-76.000,0.402,0.140,0.152,0.084,0.027,1
681934.700,1627972.600,586.000,587.616,-73.000,0.054,0.006,0.016,0.022,0.011,0
681936.700,1651939.700,586.000,586.455,-82.000,0.438,0.035,0.284,0.107,0.013,1
681979.600,1688245.600,445.000,443.228,-84.000,0.071,0.001,0.010,0.038,0.022,1
681982.300,1686519.400,456.000,458.014,-77.000,0.077,0.002,0.016,0.039,0.021,1
681992.400,1701723.700,405.000,407.029,-84.000,0.035,0.001,0.003,0.009,0.021,1
682013.700,1643209.800,570.000,574.849,-83.000,0.207,0.009,0.125,0.062,0.011,1
682071.200,1668085.000,587.000,581.431,-83.000,0.206,0.012,0.038,0.138,0.018,1
682084.600,1633827.100,535.000,534.178,-76.000,0.085,0.004,0.020,0.045,0.015,0
682087.300,1670187.600,552.000,552.560,-85.000,0.202,0.010,0.042,0.135,0.015,1
682093.100,1662441.900,618.000,612.752,-80.000,0.305,0.030,0.123,0.131,0.021,1
682119.500,1685458.200,463.000,464.382,-75.000,0.081,0.001,0.018,0.040,0.021,1
682196.700,1703042.100,399.000,397.487,-86.000,0.040,0.004,0.005,0.009,0.022,1
682197.900,1640212.600,553.000,553.519,-81.000,0.161,0.007,0.084,0.059,0.010,1
682273.900,1689077.800,437.000,439.320,-88.000,0.065,0.000,0.007,0.034,0.023,1
682301.200,1632235.500,538.000,542.451,-76.000,0.091,0.005,0.035,0.037,0.014,0
682337.000,1704304.700,396.000,395.832,-88.000,0.037,0.002,0.006,0.009,0.021,0
682342.200,1696824.300,422.000,420.259,-83.000,0.039,0.000,0.002,0.015,0.022,1
682343.200,1669071.900,586.000,565.409,-83.000,0.206,0.020,0.035,0.135,0.016,1
682360.300,1710866.900,388.000,391.432,-84.000,0.029,0.002,0.007,0.004,0.016,0
682409.900,1679894.500,471.000,472.722,-79.000,0.187,0.004,0.088,0.077,0.017,1
682466.300,1674008.000,507.000,509.404,-77.000,0.196,0.007,0.053,0.122,0.014,1
682515.300,1671839.600,536.000,533.848,-87.000,0.217,0.022,0.055,0.125,0.014,1
682574.800,1633067.400,536.000,538.387,-77.000,0.100,0.012,0.034,0.039,0.014,0
682642.200,1642650.300,566.000,565.576,-83.000,0.162,0.004,0.084,0.063,0.011,1
682671.900,1628763.800,585.000,581.647,-74.000,0.078,0.014,0.031,0.023,0.011,0
682700.900,1668687.400,582.000,576.169,-85.000,0.182,0.009,0.030,0.125,0.017,1
682734.600,1631873.500,542.000,542.327,-76.000,0.133,0.016,0.067,0.037,0.014,0
682741.000,1655088.400,658.000,657.220,-80.000,0.238,0.012,0.113,0.082,0.029,1
682755.200,1636266.600,526.000,527.587,-78.000,0.103,0.002,0.031,0.054,0.016,1
682758.300,1690321.000,433.000,434.441,-87.000,0.058,0.001,0.004,0.032,0.022,1
682778.000,1634684.400,519.000,523.183,-77.000,0.101,0.003,0.026,0.056,0.015,1
682791.100,1637218.400,538.000,538.480,-79.000,0.112,0.005,0.044,0.050,0.013,1
682793.100,1694105.700,430.000,427.263,-84.000,0.044,0.000,0.002,0.019,0.023,1
682805.600,1659282.600,613.000,626.020,-81.000,0.250,0.008,0.114,0.104,0.023,1
682825.700,1670624.800,540.000,539.084,-86.000,0.193,0.008,0.038,0.133,0.014,1
682842.700,1626098.400,582.000,583.521,-72.000,0.044,0.004,0.010,0.020,0.010,0
682858.600,1631133.100,547.000,549.848,-76.000,0.105,0.005,0.054,0.034,0.012,0
682868.300,1639808.300,550.000,548.807,-81.000,0.141,0.014,0.059,0.057,0.011,1
682908.800,1659847.800,615.000,613.854,-81.000,0.269,0.016,0.121,0.112,0.021,1
682972.000,1662824.800,601.000,599.752,-82.000,0.218,0.007,0.061,0.130,0.019,1
682984.800,1707906.200,411.000,412.614,-85.000,0.033,0.002,0.011,0.005,0.015,0
682985.700,1687346.100,442.000,440.376,-83.000,0.073,0.001,0.009,0.041,0.023,1
683008.700,1695368.900,428.000,425.822,-84.000,0.040,0.000,0.002,0.016,0.022,1
683009.500,1684303.300,459.000,457.372,-74.000,0.090,0.002,0.019,0.047,0.022,1
683097.400,1625170.800,586.000,585.835,-73.000,0.044,0.005,0.011,0.018,0.010,0
683112.800,1684824.100,455.000,454.375,-75.000,0.083,0.002,0.014,0.045,0.022,1
683141.600,1643495.100,568.000,571.665,-83.000,0.242,0.023,0.144,0.063,0.011,1
683157.700,1692802.800,431.000,429.537,-85.000,0.047,0.000,0.002,0.021,0.024,1
683173.700,1642112.100,553.000,557.415,-83.000,0.190,0.029,0.090,0.061,0.011,1
683211.900,1624275.500,592.000,592.183,-73.000,0.041,0.003,0.008,0.019,0.010,0
683228.900,1713651.300,380.000,379.516,-87.000,0.032,0.002,0.006,0.008,0.016,0
683232.000,1691553.000,432.000,431.211,-85.000,0.051,0.001,0.002,0.025,0.024,1
683260.700,1639169.400,556.000,554.911,-80.000,0.125,0.017,0.049,0.048,0.011,1
683266.800,1629841.600,561.000,559.726,-75.000,0.224,0.072,0.113,0.028,0.012,0
683275.000,1647169.700,561.000,563.963,-85.000,0.689,0.114,0.477,0.087,0.011,1
683297.900,1700904.000,403.000,405.693,-84.000,0.035,0.001,0.003,0.010,0.021,1
683333.900,1626655.300,586.000,585.350,-73.000,0.050,0.004,0.015,0.020,0.010,0
683343.400,1674557.100,498.000,499.689,-72.000,0.195,0.004,0.064,0.112,0.015,1
683357.100,1671414.600,528.000,527.421,-87.000,0.199,0.008,0.049,0.127,0.015,1
683385.500,1697961.200,421.000,419.121,-84.000,0.035,0.000,0.002,0.011,0.022,1
683398.700,1640830.300,552.000,551.331,-82.000,0.136,0.015,0.052,0.058,0.011,1
683433.500,1679548.300,493.000,493.351,-71.000,0.365,0.198,0.089,0.063,0.016,1
683437.800,1669323.800,571.000,568.331,-85.000,0.178,0.008,0.039,0.113,0.017,1
683445.000,1704014.600,404.000,406.593,-88.000,0.030,0.002,0.004,0.006,0.018,0
683455.400,1675354.700,496.000,496.107,-70.000,0.198,0.008,0.074,0.102,0.015,1
683514.200,1696623.300,422.000,420.451,-84.000,0.037,0.000,0.002,0.014,0.022,1
683554.600,1672279.200,522.000,523.148,-83.000,0.229,0.040,0.057,0.117,0.015,1
683566.300,1699545.000,415.000,412.103,-84.000,0.034,0.001,0.002,0.010,0.022,1
683608.200,1711839.500,387.000,383.403,-86.000,0.032,0.001,0.007,0.006,0.016,0
683609.100,1676318.600,489.000,493.196,-68.000,0.196,0.006,0.084,0.091,0.016,1
683638.400,1636206.900,521.000,524.632,-78.000,0.094,0.002,0.020,0.056,0.016,1
683674.000,1673508.400,519.000,517.947,-75.000,0.196,0.026,0.050,0.105,0.015,1
683684.700,1655471.900,656.000,659.481,-83.000,0.213,0.007,0.089,0.086,0.030,1
683685.700,1638486.700,535.000,535.847,-80.000,0.152,0.027,0.057,0.056,0.012,1
683692.100,1702633.400,404.000,405.523,-87.000,0.034,0.004,0.004,0.008,0.019,1
683755.700,1683689.400,458.000,459.744,-75.000,0.087,0.001,0.016,0.047,0.022,1
683806.700,1632490.200,540.000,540.990,-77.000,0.477,0.343,0.085,0.035,0.014,0
683828.200,1663351.500,592.000,586.334,-84.000,0.188,0.004,0.043,0.124,0.017,1
683929.300,1647440.300,557.000,565.262,-85.000,1.086,0.615,0.374,0.086,0.010,1
683949.900,1705324.500,415.000,412.495,-89.000,0.028,0.002,0.005,0.006,0.016,0
683984.600,1713081.900,370.000,374.663,-85.000,0.040,0.004,0.009,0.009,0.017,0
683986.600,1628640.900,580.000,578.312,-74.000,0.107,0.008,0.067,0.021,0.011,0
683992.400,1660199.100,619.000,614.376,-83.000,0.183,0.008,0.047,0.106,0.021,1
683993.200,1634859.600,522.000,520.269,-78.000,0.106,0.001,0.031,0.059,0.016,1
684016.400,1666805.400,578.000,572.002,-86.000,0.161,0.004,0.020,0.120,0.017,1
684047.100,1688981.100,439.000,441.636,-88.000,0.056,0.002,0.003,0.029,0.023,1
684054.600,1631031.500,562.000,559.666,-76.000,0.158,0.016,0.105,0.025,0.012,0
684103.400,1670822.900,531.000,533.100,-85.000,0.178,0.005,0.040,0.119,0.015,1
684112.000,1684832.000,447.000,450.415,-79.000,0.078,0.001,0.011,0.045,0.021,1
684112.400,1626251.800,588.000,589.900,-73.000,0.053,0.003,0.021,0.019,0.010,0
684167.600,1687322.200,451.000,448.625,-87.000,0.060,0.002,0.004,0.032,0.022,1
684201.200,1637229.100,524.000,524.296,-79.000,0.102,0.001,0.027,0.060,0.014,1
684214.500,1677241.800,489.000,491.073,-67.000,0.239,0.031,0.114,0.079,0.015,1
684232.100,1630357.900,559.000,561.824,-76.000,0.223,0.055,0.131,0.025,0.012,0
684247.200,1626938.900,591.000,592.292,-73.000,0.063,0.005,0.027,0.021,0.011,0
684250.900,1706610.500,417.000,415.652,-89.000,0.028,0.002,0.006,0.006,0.014,0
684258.400,1692147.500,426.000,425.115,-84.000,0.051,0.002,0.003,0.023,0.023,1
684287.600,1710085.400,405.000,403.548,-85.000,0.032,0.006,0.008,0.004,0.014,0
684295.000,1629163.300,579.000,581.449,-75.000,0.193,0.069,0.089,0.023,0.011,0
684309.800,1691074.600,432.000,431.998,-85.000,0.051,0.002,0.003,0.023,0.024,1
684354.900,1643869.500,575.000,576.097,-84.000,0.200,0.020,0.110,0.059,0.011,1
684360.300,1655742.600,672.000,673.676,-84.000,0.219,0.010,0.074,0.098,0.036,1
684396.700,1631355.000,554.000,552.978,-76.000,0.186,0.018,0.129,0.027,0.012,0
684403.100,1661319.900,617.000,612.817,-83.000,0.325,0.165,0.033,0.105,0.022,1
684433.600,1679456.600,497.000,491.393,-73.000,0.216,0.061,0.078,0.061,0.015,1
684458.200,1689969.200,438.000,440.111,-85.000,0.051,0.001,0.004,0.025,0.021,1
684467.400,1640429.000,541.000,544.129,-82.000,0.138,0.019,0.050,0.058,0.011,1
684532.800,1630459.800,567.000,567.445,-76.000,0.311,0.135,0.141,0.023,0.012,0
684551.600,1707940.800,419.000,420.453,-88.000,0.035,0.002,0.013,0.007,0.013,0
684579.500,1688210.700,450.000,447.510,-88.000,0.054,0.000,0.004,0.029,0.021,1
684588.600,1663755.800,580.000,579.315,-86.000,0.170,0.007,0.027,0.119,0.017,1
684665.100,1656663.400,676.000,677.445,-84.000,0.290,0.068,0.079,0.104,0.039,1
684685.400,1682966.400,460.000,459.431,-78.000,0.092,0.002,0.018,0.053,0.019,1
684696.900,1701844.600,407.000,409.515,-86.000,0.037,0.006,0.005,0.007,0.019,1
684748.900,1703394.300,414.000,411.814,-89.000,0.027,0.001,0.003,0.006,0.017,1
684763.000,1659297.700,626.000,621.063,-82.000,0.176,0.008,0.052,0.093,0.023,1
684770.300,1699366.500,408.000,407.031,-86.000,0.039,0.002,0.004,0.011,0.021,1
684814.300,1635895.000,513.000,516.293,-78.000,0.099,0.001,0.018,0.063,0.017,1
684821.700,1634932.300,518.000,519.257,-78.000,0.108,0.002,0.031,0.059,0.016,1
684844.800,1647336.700,550.000,552.422,-83.000,0.681,0.138,0.443,0.089,0.011,1
684858.300,1662253.000,594.000,592.870,-85.000,0.173,0.010,0.034,0.110,0.018,1
684898.400,1698106.000,411.000,408.237,-84.000,0.043,0.003,0.006,0.012,0.023,1
684906.400,1678088.200,502.000,500.760,-70.000,0.272,0.056,0.136,0.063,0.017,1
684994.500,1632034.500,543.000,544.580,-77.000,0.191,0.014,0.134,0.030,0.013,0
685015.300,1627907.400,603.000,602.790,-74.000,0.117,0.009,0.070,0.026,0.011,0
685038.300,1704790.900,415.000,412.534,-90.000,0.026,0.001,0.003,0.006,0.016,0
685093.900,1626071.200,602.000,601.247,-72.000,0.067,0.005,0.029,0.023,0.011,0
685147.900,1665110.100,573.000,570.041,-87.000,0.154,0.004,0.022,0.111,0.016,1
685149.200,1711044.000,403.000,401.476,-86.000,0.031,0.003,0.011,0.003,0.013,0
685152.700,1656213.500,675.000,676.963,-84.000,0.365,0.144,0.076,0.107,0.037,1
685155.700,1694113.300,428.000,425.473,-85.000,0.042,0.002,0.003,0.014,0.023,1
685167.100,1695386.000,419.000,418.221,-85.000,0.041,0.002,0.002,0.015,0.023,1
685201.700,1628882.500,587.000,588.760,-75.000,0.402,0.184,0.183,0.024,0.011,0
685214.000,1666283.600,561.000,558.069,-87.000,0.161,0.002,0.026,0.117,0.015,1
685215.300,1627101.200,592.000,594.600,-74.000,0.086,0.004,0.048,0.022,0.011,0
685221.200,1696681.100,410.000,412.630,-85.000,0.041,0.001,0.004,0.014,0.023,1
685225.200,1639870.500,536.000,535.790,-82.000,0.155,0.048,0.039,0.056,0.012,1
685259.300,1663240.900,591.000,585.288,-87.000,0.163,0.014,0.025,0.106,0.018,1
685279.300,1709540.100,407.000,409.362,-86.000,0.031,0.006,0.008,0.004,0.013,0
685307.000,1692653.800,429.000,429.515,-84.000,0.043,0.001,0.002,0.017,0.023,1
685371.600,1687221.000,449.000,451.734,-89.000,0.056,0.002,0.004,0.028,0.022,1
685393.300,1669471.900,537.000,532.238,-86.000,0.212,0.007,0.074,0.116,0.015,1
685401.100,1629559.100,576.000,579.092,-76.000,0.465,0.025,0.406,0.023,0.011,0
685420.900,1706619.900,405.000,407.622,-90.000,0.026,0.002,0.004,0.005,0.015,0
685450.600,1632945.400,537.000,536.981,-78.000,0.172,0.020,0.104,0.035,0.014,0
685470.200,1654113.600,718.000,723.436,-85.000,0.491,0.057,0.206,0.172,0.055,1
685519.900,1691537.900,433.000,434.003,-84.000,0.045,0.001,0.003,0.019,0.023,1
685530.800,1700932.800,406.000,407.660,-86.000,0.038,0.004,0.006,0.008,0.020,1
685549.000,1643934.000,561.000,566.576,-83.000,0.152,0.006,0.079,0.057,0.011,1
685564.900,1639087.500,529.000,534.253,-81.000,0.183,0.091,0.026,0.053,0.012,1
685585.900,1657223.800,658.000,664.101,-85.000,0.395,0.194,0.068,0.098,0.034,1
685641.100,1634783.700,521.000,520.341,-78.000,0.108,0.001,0.032,0.060,0.015,1
685642.400,1634606.600,520.000,521.581,-78.000,0.111,0.001,0.035,0.060,0.015,1
685683.400,1712664.000,385.000,383.415,-86.000,0.029,0.002,0.007,0.006,0.014,0
685728.000,1670658.500,531.000,529.803,-83.000,0.277,0.006,0.156,0.100,0.015,1
685765.000,1682322.000,471.000,473.774,-81.000,0.086,0.008,0.011,0.048,0.019,1
685781.700,1652788.100,632.000,640.491,-85.000,0.601,0.194,0.305,0.077,0.024,1
685807.900,1690444.600,434.000,434.624,-84.000,0.047,0.001,0.002,0.020,0.024,1
685817.900,1635592.800,515.000,515.934,-78.000,0.106,0.001,0.023,0.066,0.016,1
685822.900,1650254.400,565.000,567.519,-84.000,0.401,0.160,0.152,0.078,0.012,1
685843.600,1636445.000,513.000,514.195,-78.000,0.099,0.002,0.015,0.068,0.015,1
685848.400,1638625.000,524.000,524.827,-81.000,0.102,0.005,0.026,0.058,0.012,1
685853.700,1651837.100,592.000,597.984,-85.000,0.457,0.098,0.276,0.067,0.015,1
685904.000,1707940.600,408.000,405.071,-91.000,0.025,0.002,0.005,0.005,0.014,0
685916.300,1629795.400,588.000,599.534,-77.000,1.753,1.103,0.609,0.029,0.012,0
685943.500,1688254.700,442.000,443.884,-89.000,0.053,0.001,0.003,0.026,0.021,1
685952.100,1683109.200,467.000,463.002,-82.000,0.075,0.001,0.009,0.046,0.019,1
685966.800,1689372.500,436.000,435.574,-86.000,0.052,0.000,0.004,0.024,0.023,1
686005.900,1658521.800,633.000,638.340,-85.000,0.223,0.059,0.050,0.086,0.028,1
686046.200,1698259.000,418.000,419.323,-86.000,0.036,0.003,0.004,0.009,0.020,1
686064.900,1625857.300,602.000,603.074,-72.000,0.075,0.004,0.035,0.025,0.011,0
686075.300,1657913.700,640.000,641.313,-85.000,0.218,0.031,0.074,0.085,0.028,1
686110.400,1665781.600,571.000,568.328,-88.000,0.156,0.012,0.030,0.097,0.016,1
686114.700,1705762.300,406.000,402.979,-91.000,0.026,0.002,0.003,0.005,0.016,0
686130.200,1646704.900,544.000,542.998,-82.000,0.528,0.054,0.384,0.080,0.011,1
686161.000,1627373.900,600.000,602.340,-74.000,0.128,0.004,0.086,0.026,0.011,0
686175.900,1703494.200,412.000,412.516,-89.000,0.025,0.001,0.003,0.006,0.016,1
686203.000,1679935.300,489.000,484.618,-72.000,0.109,0.002,0.033,0.057,0.017,1
686212.700,1631855.800,552.000,552.588,-77.000,0.423,0.022,0.363,0.026,0.012,0
686276.400,1654197.300,741.000,740.290,-86.000,0.626,0.017,0.325,0.219,0.065,1
686291.500,1656388.400,653.000,654.595,-85.000,0.234,0.022,0.089,0.092,0.031,1
686293.700,1668449.800,557.000,548.052,-86.000,0.208,0.013,0.082,0.098,0.015,1
686380.100,1647791.200,541.000,540.221,-83.000,0.347,0.096,0.151,0.090,0.010,1
686497.900,1694146.100,418.000,418.429,-86.000,0.043,0.001,0.004,0.016,0.023,1
686513.600,1700221.500,414.000,415.743,-87.000,0.034,0.004,0.004,0.008,0.018,1
686569.200,1695972.600,426.000,424.435,-87.000,0.036,0.001,0.003,0.011,0.021,1
686585.300,1687252.800,451.000,449.585,-88.000,0.053,0.001,0.004,0.027,0.021,1
686589.200,1643034.700,559.000,563.039,-82.000,0.174,0.057,0.057,0.049,0.011,1
686599.600,1634735.700,528.000,528.139,-78.000,0.106,0.003,0.036,0.054,0.014,1
686625.400,1686257.200,455.000,456.275,-88.000,0.054,0.001,0.004,0.028,0.021,1
686625.400,1702335.900,423.000,420.533,-89.000,0.028,0.001,0.004,0.007,0.016,1
686669.900,1711432.500,395.000,393.845,-86.000,0.030,0.004,0.009,0.004,0.013,0
686670.900,1681897.600,470.000,471.183,-79.000,0.084,0.005,0.009,0.049,0.020,1
686677.100,1663451.200,588.000,585.700,-88.000,0.160,0.020,0.035,0.086,0.019,1
686679.800,1650759.100,569.000,569.813,-84.000,0.270,0.020,0.166,0.071,0.012,1
686715.900,1644739.800,560.000,563.480,-82.000,0.175,0.018,0.091,0.054,0.011,1
686718.900,1637414.500,509.000,512.067,-80.000,0.097,0.001,0.016,0.065,0.015,1
686724.200,1632556.800,543.000,548.656,-77.000,0.280,0.072,0.169,0.027,0.013,0
686729.900,1645702.600,582.000,584.690,-81.000,0.273,0.049,0.156,0.056,0.012,1
686730.300,1691945.900,427.000,428.095,-84.000,0.044,0.001,0.003,0.017,0.023,1
686761.900,1697379.500,420.000,422.430,-86.000,0.034,0.001,0.003,0.010,0.020,1
686788.000,1643777.600,549.000,553.496,-83.000,0.124,0.003,0.056,0.054,0.011,1
686791.300,1658494.800,625.000,624.100,-85.000,0.161,0.014,0.044,0.079,0.024,1
686798.700,1657554.200,638.000,639.795,-85.000,0.213,0.049,0.053,0.083,0.028,1
686830.400,1624347.200,611.000,611.879,-71.000,0.122,0.005,0.072,0.034,0.011,0
686886.900,1683116.600,467.000,465.664,-81.000,0.069,0.001,0.006,0.043,0.019,1
686923.000,1649931.100,556.000,554.451,-83.000,0.211,0.015,0.109,0.076,0.012,1
686932.300,1627911.000,607.000,605.380,-74.000,0.295,0.006,0.247,0.031,0.011,0
686941.300,1633720.400,533.000,537.227,-78.000,0.191,0.071,0.068,0.039,0.014,0
686958.400,1639850.700,527.000,527.040,-81.000,0.092,0.004,0.022,0.054,0.013,1
686969.700,1656327.300,643.000,641.845,-86.000,0.215,0.009,0.094,0.084,0.027,1
687051.900,1670458.700,546.000,544.742,-79.000,0.388,0.016,0.278,0.077,0.017,1
687078.600,1625688.000,606.000,605.136,-72.000,0.090,0.004,0.048,0.028,0.011,0
687089.000,1710052.700,409.000,408.614,-87.000,0.031,0.002,0.013,0.004,0.012,0
687111.100,1642352.700,554.000,564.858,-83.000,0.483,0.372,0.055,0.045,0.011,1
687149.200,1689271.300,440.000,441.716,-86.000,0.046,0.000,0.003,0.020,0.022,1
687188.600,1665402.800,566.000,562.039,-87.000,0.173,0.010,0.060,0.086,0.016,1
687191.200,1666443.000,554.000,552.296,-87.000,0.193,0.002,0.084,0.092,0.016,1
687194.700,1690289.700,433.000,434.540,-85.000,0.046,0.001,0.004,0.020,0.021,1
687234.100,1640384.000,528.000,530.309,-82.000,0.094,0.005,0.025,0.053,0.012,1
687256.300,1685288.500,459.000,458.554,-87.000,0.056,0.001,0.004,0.030,0.021,1
687360.100,1649071.400,544.000,542.211,-83.000,0.173,0.006,0.073,0.083,0.011,1
687374.700,1656806.300,645.000,645.724,-86.000,0.175,0.011,0.048,0.087,0.029,1
687376.800,1712932.200,380.000,378.705,-82.000,0.030,0.003,0.006,0.007,0.014,0
687392.100,1669587.200,572.000,565.722,-80.000,0.551,0.093,0.366,0.074,0.019,1
687468.100,1626852.900,609.000,609.759,-73.000,0.136,0.004,0.087,0.033,0.012,0
687477.400,1668315.400,556.000,549.514,-84.000,0.369,0.008,0.259,0.086,0.016,1
687533.500,1698901.800,424.000,419.544,-87.000,0.033,0.002,0.004,0.009,0.018,1
687555.800,1637786.100,512.000,510.921,-80.000,0.095,0.003,0.014,0.062,0.015,1
687559.700,1641426.700,531.000,534.516,-82.000,0.155,0.026,0.068,0.049,0.012,1
687575.100,1680355.700,490.000,480.548,-84.000,0.097,0.001,0.024,0.054,0.017,1
687585.100,1695173.000,426.000,427.788,-87.000,0.035,0.001,0.003,0.011,0.020,1
687604.700,1683376.800,465.000,465.807,-83.000,0.064,0.001,0.005,0.038,0.021,1
687611.700,1625006.100,606.000,608.751,-72.000,0.113,0.004,0.064,0.033,0.011,0
687622.500,1707788.500,393.000,394.045,-90.000,0.027,0.001,0.005,0.005,0.015,0
687681.800,1658789.400,611.000,613.273,-85.000,0.138,0.003,0.039,0.073,0.022,1
687710.700,1667365.500,555.000,553.030,-85.000,0.288,0.007,0.183,0.082,0.016,1
687740.300,1703861.000,412.000,415.017,-91.000,0.025,0.001,0.003,0.006,0.015,1
687769.100,1684307.700,465.000,464.677,-87.000,0.059,0.002,0.004,0.033,0.020,1
687807.400,1687572.400,446.000,448.810,-88.000,0.049,0.001,0.004,0.023,0.021,1
687811.700,1700353.600,437.000,434.799,-89.000,0.054,0.012,0.017,0.009,0.015,1
687843.900,1693714.300,422.000,424.781,-86.000,0.040,0.001,0.003,0.014,0.021,1
687856.900,1681398.100,476.000,475.984,-86.000,0.078,0.001,0.011,0.050,0.017,1
687871.600,1712781.300,376.000,378.188,-82.000,0.028,0.000,0.006,0.007,0.014,0
687888.900,1692121.200,436.000,433.535,-84.000,0.041,0.001,0.004,0.015,0.021,1
687928.400,1643830.800,551.000,554.082,-81.000,0.109,0.009,0.040,0.050,0.011,1
687958.300,1663262.100,585.000,578.965,-88.000,0.153,0.019,0.037,0.079,0.018,1
687973.300,1684309.300,469.000,466.628,-87.000,0.058,0.001,0.004,0.033,0.020,1
688088.600,1656314.000,647.000,647.319,-86.000,0.185,0.008,0.056,0.091,0.030,1
688094.200,1670522.300,566.000,571.364,-74.000,0.886,0.225,0.576,0.065,0.020,1
688119.000,1711400.100,389.000,391.487,-86.000,0.030,0.005,0.008,0.004,0.013,0
688119.800,1667302.400,560.000,563.962,-84.000,0.331,0.015,0.228,0.071,0.017,1
688152.200,1663219.400,580.000,583.340,-88.000,0.137,0.012,0.030,0.076,0.019,1
688167.900,1690828.700,436.000,437.787,-84.000,0.043,0.002,0.004,0.015,0.021,1
688173.900,1683414.600,470.000,469.299,-86.000,0.061,0.001,0.004,0.036,0.020,1
688217.400,1624678.800,622.000,624.962,-72.000,0.163,0.021,0.082,0.047,0.013,0
688218.100,1665765.100,565.000,564.262,-87.000,0.189,0.003,0.095,0.074,0.017,1
688310.800,1648580.900,536.000,538.781,-83.000,0.130,0.001,0.039,0.079,0.011,1
688363.000,1655607.900,631.000,636.804,-85.000,0.255,0.040,0.105,0.083,0.027,1
688430.200,1684932.700,468.000,464.144,-88.000,0.055,0.002,0.004,0.029,0.020,1
688510.700,1698898.600,426.000,428.116,-89.000,0.030,0.001,0.004,0.008,0.017,1
688528.600,1707242.500,397.000,397.932,-90.000,0.024,0.002,0.003,0.005,0.014,0
688532.600,1638147.900,512.000,512.034,-80.000,0.086,0.002,0.012,0.056,0.015,1
688554.000,1658663.600,627.000,629.045,-85.000,0.149,0.013,0.031,0.078,0.026,1
688558.100,1664915.700,566.000,565.953,-87.000,0.169,0.008,0.071,0.072,0.018,1
688576.500,1657181.000,629.000,631.106,-85.000,0.162,0.010,0.047,0.079,0.026,1
688628.300,1693665.300,425.000,426.183,-86.000,0.038,0.001,0.004,0.012,0.021,1
688633.600,1687689.800,453.000,453.055,-87.000,0.046,0.001,0.004,0.021,0.020,1
688643.300,1659604.800,608.000,611.360,-85.000,0.127,0.007,0.026,0.072,0.023,1
688649.900,1654702.800,605.000,609.520,-86.000,0.638,0.301,0.250,0.067,0.020,1
688760.500,1703825.000,410.000,411.320,-92.000,0.025,0.001,0.003,0.006,0.015,1
688797.200,1660546.600,599.000,603.599,-87.000,0.149,0.032,0.024,0.072,0.022,1
688820.800,1700372.900,418.000,419.742,-90.000,0.031,0.001,0.006,0.007,0.017,1
688838.600,1647157.600,527.000,528.854,-82.000,0.136,0.001,0.048,0.075,0.012,1
688926.600,1637321.000,507.000,503.862,-79.000,0.098,0.002,0.013,0.067,0.016,1
688928.700,1685744.600,463.000,463.343,-88.000,0.049,0.001,0.004,0.025,0.020,1
688967.500,1712624.300,374.000,377.743,-81.000,0.026,0.000,0.005,0.008,0.014,0
688969.700,1656431.600,645.000,643.950,-86.000,0.184,0.007,0.057,0.091,0.029,1
688988.100,1658180.100,638.000,636.712,-85.000,0.224,0.076,0.036,0.084,0.028,1
688994.200,1710676.900,389.000,389.385,-88.000,0.027,0.003,0.006,0.005,0.013,0
689000.000,1634820.800,523.000,520.423,-79.000,0.124,0.007,0.047,0.055,0.014,1
689000.600,1653886.800,586.000,588.783,-85.000,0.569,0.228,0.262,0.062,0.016,1
689020.400,1639081.200,525.000,528.496,-80.000,0.133,0.050,0.027,0.043,0.012,1
689024.300,1644071.700,536.000,538.462,-82.000,0.202,0.054,0.086,0.050,0.012,1
689037.600,1647845.200,533.000,533.732,-83.000,0.115,0.001,0.027,0.075,0.012,1
689049.200,1624364.300,625.000,627.224,-72.000,0.196,0.028,0.107,0.048,0.013,0
689053.600,1627949.600,615.000,616.843,-75.000,0.552,0.119,0.378,0.042,0.013,0
689058.100,1661555.700,594.000,598.009,-87.000,0.125,0.012,0.019,0.072,0.021,1
689152.800,1635928.500,512.000,515.412,-79.000,0.100,0.005,0.023,0.057,0.015,1
689170.700,1679715.600,496.000,494.293,-86.000,0.094,0.002,0.025,0.050,0.017,1
689178.000,1670774.400,572.000,577.172,-71.000,0.651,0.044,0.521,0.064,0.021,1
689205.100,1682117.100,478.000,479.071,-89.000,0.065,0.001,0.006,0.040,0.018,1
689212.100,1697155.900,432.000,431.420,-87.000,0.032,0.001,0.005,0.009,0.018,1
689234.700,1706219.200,408.000,407.329,-90.000,0.025,0.002,0.005,0.005,0.013,0
689264.200,1658624.900,628.000,628.489,-85.000,0.165,0.019,0.040,0.079,0.027,1
689324.000,1661923.000,587.000,588.529,-86.000,0.119,0.004,0.021,0.074,0.020,1
689340.100,1653137.000,572.000,569.974,-84.000,0.284,0.005,0.200,0.064,0.014,1
689357.800,1692442.900,438.000,436.550,-84.000,0.039,0.002,0.005,0.011,0.021,1
689362.000,1678643.700,503.000,504.201,-82.000,0.122,0.004,0.050,0.052,0.016,1
689447.800,1666615.900,575.000,577.370,-87.000,0.504,0.016,0.405,0.063,0.020,1
689484.100,1648534.800,532.000,534.579,-83.000,0.110,0.002,0.021,0.076,0.012,1
689517.800,1664591.400,573.000,574.192,-87.000,0.162,0.006,0.070,0.068,0.019,1
689541.100,1652209.000,554.000,555.289,-84.000,0.209,0.003,0.127,0.066,0.013,1
689640.600,1689357.800,443.000,446.824,-83.000,0.042,0.002,0.004,0.016,0.019,1
689684.800,1662534.500,585.000,588.351,-86.000,0.124,0.011,0.021,0.072,0.020,1
689699.100,1660741.900,605.000,604.782,-87.000,0.138,0.014,0.030,0.071,0.023,1
689717.200,1701044.200,414.000,413.219,-91.000,0.032,0.001,0.007,0.007,0.016,1
689727.100,1682674.700,476.000,476.066,-89.000,0.059,0.001,0.004,0.037,0.018,1
689737.700,1635479.400,520.000,521.508,-79.000,0.103,0.008,0.030,0.052,0.014,1
689760.000,1639485.300,508.000,509.770,-80.000,0.095,0.005,0.024,0.053,0.014,1
689772.500,1635158.800,519.000,518.603,-79.000,0.110,0.003,0.036,0.057,0.014,1
689780.200,1685408.400,463.000,463.419,-87.000,0.047,0.000,0.003,0.025,0.019,1
689786.500,1706998.300,400.000,402.705,-90.000,0.022,0.000,0.004,0.005,0.013,0
689848.500,1663576.000,577.000,576.905,-87.000,0.130,0.003,0.039,0.069,0.019,1
689885.100,1656295.000,649.000,648.157,-85.000,0.255,0.028,0.095,0.101,0.031,1
689909.700,1703757.000,412.000,412.834,-92.000,0.026,0.001,0.005,0.006,0.014,1
689919.100,1677530.500,519.000,520.087,-76.000,0.148,0.003,0.072,0.058,0.016,1
689920.800,1697150.600,434.000,435.762,-88.000,0.033,0.001,0.007,0.008,0.017,1
689921.100,1710197.600,384.000,384.197,-89.000,0.027,0.002,0.005,0.007,0.014,0
689922.500,1712632.200,376.000,375.661,-82.000,0.027,0.000,0.005,0.008,0.014,0
689935.500,1687445.800,456.000,459.530,-85.000,0.043,0.001,0.004,0.019,0.019,1
689937.500,1651061.300,543.000,544.150,-84.000,0.147,0.004,0.061,0.070,0.012,1
689950.300,1627591.400,619.000,621.388,-74.000,0.190,0.003,0.128,0.046,0.014,0
690021.000,1647321.800,526.000,526.724,-82.000,0.103,0.001,0.021,0.069,0.011,1
690040.200,1624361.000,638.000,640.045,-71.000,0.228,0.046,0.103,0.063,0.016,0
690055.800,1644279.100,529.000,527.668,-83.000,0.668,0.453,0.152,0.051,0.012,1
690087.000,1707000.800,398.000,401.330,-89.000,0.022,0.001,0.003,0.005,0.013,0
690110.000,1705507.000,396.000,399.437,-91.000,0.026,0.002,0.004,0.006,0.015,0
690126.000,1702253.700,406.000,409.465,-92.000,0.032,0.002,0.007,0.007,0.016,1
690148.000,1691685.800,443.000,441.497,-84.000,0.037,0.002,0.004,0.012,0.019,1
690185.400,1676492.500,519.000,522.505,-74.000,0.181,0.006,0.095,0.063,0.016,1
690189.500,1683951.000,471.000,471.028,-87.000,0.051,0.001,0.003,0.029,0.018,1
690264.700,1670661.400,584.000,587.714,-71.000,0.588,0.033,0.466,0.066,0.024,1
690284.500,1699953.300,421.000,417.124,-91.000,0.035,0.001,0.012,0.006,0.017,1
690289.100,1658245.800,630.000,629.023,-84.000,0.165,0.009,0.047,0.083,0.027,1
690347.100,1709304.700,397.000,395.174,-89.000,0.023,0.001,0.006,0.004,0.012,0
690385.900,1666291.400,602.000,601.975,-87.000,0.585,0.023,0.470,0.067,0.025,1
690391.100,1634532.900,529.000,528.617,-78.000,0.124,0.004,0.066,0.041,0.014,1
690482.500,1684916.100,466.000,467.207,-86.000,0.047,0.000,0.003,0.025,0.019,1
690499.000,1648100.200,524.000,526.829,-83.000,0.096,0.001,0.015,0.068,0.013,1
690518.700,1640199.500,509.000,508.477,-80.000,0.100,0.003,0.035,0.049,0.014,1
690539.800,1649738.300,530.000,532.771,-83.000,0.111,0.003,0.025,0.070,0.013,1
690560.900,1688480.000,456.000,459.458,-84.000,0.041,0.001,0.005,0.017,0.018,1
690590.900,1680833.600,487.000,485.321,-88.000,0.074,0.004,0.010,0.042,0.017,1
690609.600,1693039.600,432.000,434.941,-85.000,0.035,0.001,0.005,0.010,0.020,1
690617.800,1624874.600,630.000,627.084,-71.000,0.166,0.009,0.093,0.051,0.014,0
690645.600,1675411.800,529.000,531.369,-74.000,0.179,0.003,0.095,0.064,0.017,1
690687.000,1662276.900,584.000,585.541,-86.000,0.117,0.002,0.021,0.073,0.020,1
690696.400,1627210.000,617.000,617.791,-74.000,0.204,0.021,0.127,0.043,0.013,0
690713.900,1685526.700,468.000,465.022,-86.000,0.045,0.001,0.003,0.022,0.019,1
690724.200,1690838.400,444.000,443.705,-85.000,0.037,0.001,0.005,0.011,0.020,1
690725.700,1656102.500,640.000,641.980,-85.000,0.351,0.071,0.151,0.098,0.029,1
690732.800,1702889.500,403.000,405.381,-91.000,0.032,0.003,0.007,0.007,0.016,1
690753.500,1699060.800,425.000,427.887,-91.000,0.042,0.004,0.016,0.006,0.016,1
690761.200,1661071.400,592.000,594.805,-86.000,0.124,0.004,0.030,0.069,0.021,1
690777.600,1636040.900,511.000,510.499,-78.000,0.097,0.002,0.022,0.058,0.015,1
690784.200,1704461.300,406.000,407.716,-91.000,0.025,0.001,0.004,0.006,0.014,0
690818.700,1685848.400,464.000,462.278,-86.000,0.044,0.001,0.002,0.022,0.019,1
690848.100,1648855.400,523.000,521.885,-83.000,0.103,0.001,0.016,0.073,0.013,1
690857.700,1709862.200,385.000,388.937,-89.000,0.023,0.002,0.004,0.005,0.013,0
690907.400,1712928.000,375.000,375.601,-84.000,0.028,0.002,0.005,0.008,0.013,0
690941.400,1646598.800,522.000,521.078,-81.000,0.095,0.000,0.022,0.059,0.013,1
690955.800,1651545.300,537.000,537.792,-84.000,0.150,0.002,0.068,0.067,0.013,1
691016.900,1703589.000,402.000,403.486,-91.000,0.030,0.003,0.005,0.007,0.015,1
691060.800,1700856.000,420.000,417.261,-91.000,0.034,0.001,0.012,0.006,0.016,1
691101.900,1641310.700,510.000,513.381,-81.000,0.200,0.067,0.077,0.044,0.013,1
691218.800,1657655.700,632.000,630.051,-84.000,0.352,0.139,0.097,0.089,0.028,1
691230.300,1686759.200,459.000,456.628,-86.000,0.041,0.001,0.002,0.020,0.018,1
691231.000,1644022.800,522.000,520.579,-82.000,0.317,0.141,0.117,0.047,0.013,1
691241.100,1664251.100,590.000,588.420,-87.000,0.210,0.034,0.088,0.066,0.022,1
691262.500,1705040.700,407.000,406.482,-90.000,0.024,0.001,0.004,0.006,0.014,0
691362.700,1634219.700,532.000,528.612,-77.000,0.152,0.005,0.090,0.044,0.013,1
691374.400,1642231.300,516.000,516.722,-82.000,0.221,0.039,0.127,0.043,0.013,1
691383.100,1696930.200,439.000,441.261,-88.000,0.049,0.002,0.023,0.008,0.016,1
691409.300,1689825.900,457.000,456.377,-84.000,0.038,0.001,0.005,0.014,0.018,1
691411.600,1665779.600,584.000,586.330,-88.000,0.543,0.020,0.441,0.061,0.022,1
691445.500,1640063.000,502.000,503.248,-80.000,0.129,0.020,0.047,0.048,0.014,1
691447.900,1687734.800,455.000,452.849,-85.000,0.038,0.000,0.002,0.017,0.018,1
691458.000,1712523.100,376.000,379.151,-83.000,0.025,0.002,0.003,0.007,0.012,0
691469.400,1670582.600,607.000,616.299,-71.000,1.186,0.568,0.489,0.098,0.031,1
691504.400,1710819.300,381.000,379.729,-85.000,0.028,0.003,0.004,0.008,0.013,0
691514.300,1684880.200,464.000,463.465,-86.000,0.045,0.001,0.002,0.024,0.018,1
691533.500,1706016.800,403.000,401.841,-90.000,0.023,0.001,0.004,0.006,0.013,0
691534.300,1655876.600,606.000,604.445,-84.000,0.333,0.042,0.198,0.072,0.021,1
691543.500,1674699.800,527.000,529.502,-74.000,0.186,0.003,0.094,0.071,0.017,1
691577.700,1662516.500,588.000,590.822,-86.000,0.145,0.015,0.038,0.071,0.021,1
691595.700,1636058.500,507.000,506.055,-77.000,0.105,0.003,0.028,0.058,0.015,1
691625.600,1685722.200,461.000,460.714,-85.000,0.043,0.001,0.002,0.021,0.018,1
691630.700,1645187.900,513.000,514.202,-80.000,0.115,0.001,0.049,0.052,0.013,1
691678.400,1626974.300,604.000,607.225,-74.000,0.341,0.063,0.229,0.037,0.012,0
691691.300,1693413.700,441.000,441.308,-85.000,0.033,0.001,0.005,0.008,0.018,1
691696.600,1624661.700,612.000,611.554,-71.000,0.286,0.008,0.226,0.040,0.012,0
691741.900,1660824.800,607.000,606.364,-86.000,0.147,0.006,0.045,0.073,0.024,1
691760.000,1709770.200,377.000,380.625,-88.000,0.027,0.000,0.005,0.008,0.014,0
691784.000,1652913.000,536.000,537.053,-83.000,0.234,0.008,0.146,0.066,0.013,1
691798.000,1651175.800,528.000,528.607,-83.000,0.121,0.002,0.039,0.067,0.013,1
691798.300,1680367.700,482.000,483.617,-87.000,0.069,0.001,0.009,0.042,0.016,1
691886.100,1633382.900,535.000,535.292,-77.000,0.308,0.053,0.205,0.038,0.012,0
691934.600,1699070.500,433.000,434.584,-92.000,0.108,0.037,0.050,0.007,0.015,1
691945.900,1688568.800,448.000,451.956,-84.000,0.036,0.001,0.002,0.016,0.017,1
692005.200,1644106.500,516.000,519.327,-81.000,0.565,0.435,0.073,0.043,0.014,1
692036.000,1690683.200,451.000,453.634,-85.000,0.036,0.001,0.005,0.011,0.019,1
692083.900,1634236.500,521.000,519.575,-77.000,0.152,0.003,0.086,0.049,0.014,1
692182.400,1639449.200,495.000,496.837,-79.000,0.092,0.001,0.027,0.049,0.016,1
692192.400,1711964.900,375.000,378.067,-82.000,0.026,0.003,0.003,0.007,0.013,0
692203.900,1655561.100,597.000,592.832,-84.000,0.322,0.073,0.164,0.066,0.019,1
692266.000,1635709.700,507.000,506.546,-78.000,0.116,0.004,0.041,0.055,0.015,1
692296.600,1657398.800,578.000,580.068,-85.000,0.227,0.039,0.109,0.060,0.018,1
692301.000,1709243.500,377.000,381.369,-87.000,0.028,0.002,0.004,0.008,0.014,0
692420.600,1706477.900,396.000,394.372,-89.000,0.026,0.002,0.004,0.007,0.014,0
692429.400,1696374.500,450.000,449.678,-88.000,0.074,0.002,0.047,0.010,0.015,1
692434.500,1703523.300,405.000,406.172,-90.000,0.029,0.002,0.005,0.007,0.014,1
692488.700,1689193.000,448.000,448.577,-84.000,0.035,0.001,0.003,0.013,0.018,1
692499.100,1633476.300,524.000,525.520,-77.000,0.221,0.007,0.159,0.043,0.013,0
692516.300,1684534.400,466.000,463.941,-85.000,0.045,0.001,0.002,0.023,0.018,1
692521.400,1662845.000,555.000,561.039,-85.000,0.167,0.023,0.053,0.073,0.018,1
692530.900,1626759.700,603.000,602.248,-74.000,0.519,0.029,0.443,0.036,0.011,0
692571.800,1645936.800,511.000,511.372,-81.000,0.081,0.001,0.017,0.049,0.014,1
692574.700,1636154.800,509.000,511.513,-78.000,0.122,0.028,0.031,0.048,0.015,1
692585.600,1664217.700,552.000,551.621,-86.000,0.219,0.006,0.132,0.063,0.017,1
692613.800,1635292.000,508.000,510.393,-78.000,0.116,0.003,0.046,0.052,0.014,1
692614.500,1652665.200,521.000,523.172,-83.000,0.160,0.003,0.076,0.067,0.015,1
692626.100,1637804.000,505.000,504.716,-79.000,0.096,0.004,0.030,0.047,0.015,1
692676.600,1693753.800,442.000,443.064,-86.000,0.033,0.001,0.007,0.008,0.017,1
692690.800,1665823.100,566.000,566.151,-88.000,0.818,0.048,0.701,0.050,0.019,1
692692.100,1700947.000,420.000,418.199,-91.000,0.045,0.001,0.024,0.005,0.015,1
692734.400,1707465.400,384.000,386.709,-88.000,0.028,0.002,0.005,0.008,0.014,0
692784.900,1663511.100,561.000,565.481,-86.000,0.181,0.030,0.071,0.061,0.018,1
692791.300,1699354.300,431.000,431.888,-93.000,0.281,0.210,0.051,0.006,0.014,1
692793.700,1647775.600,515.000,516.549,-82.000,0.076,0.001,0.008,0.054,0.013,1
692802.600,1670582.400,644.000,651.140,-72.000,1.287,0.511,0.573,0.160,0.043,1
692860.100,1636809.900,503.000,507.161,-79.000,0.105,0.003,0.039,0.049,0.014,1
692888.900,1639941.700,495.000,493.864,-80.000,0.100,0.001,0.035,0.047,0.016,1
692913.600,1638204.600,498.000,497.167,-79.000,0.113,0.003,0.044,0.050,0.015,1
692916.600,1712634.900,370.000,373.963,-87.000,0.028,0.001,0.007,0.009,0.012,0
692950.100,1655069.200,551.000,549.177,-84.000,0.209,0.012,0.123,0.058,0.015,1
692963.500,1634652.900,514.000,516.034,-77.000,0.118,0.001,0.054,0.050,0.013,1
692975.800,1643870.800,510.000,512.567,-80.000,0.202,0.016,0.133,0.040,0.013,1
692993.200,1691842.000,451.000,449.634,-86.000,0.030,0.000,0.002,0.010,0.017,1
693006.100,1674612.100,511.000,511.991,-78.000,0.166,0.002,0.072,0.075,0.016,1
693020.300,1634277.200,518.000,519.368,-77.000,0.128,0.003,0.065,0.047,0.013,1
693022.000,1660801.900,577.000,578.814,-86.000,0.197,0.046,0.066,0.065,0.019,1
693046.600,1651108.400,519.000,518.656,-83.000,0.102,0.001,0.024,0.062,0.014,1
693066.400,1648663.000,508.000,509.926,-82.000,0.088,0.004,0.011,0.060,0.014,1
693145.100,1685159.300,463.000,464.164,-85.000,0.041,0.001,0.002,0.020,0.018,1
693195.900,1688103.300,456.000,456.487,-84.000,0.035,0.001,0.002,0.015,0.017,1
693198.200,1695606.200,445.000,448.553,-89.000,0.049,0.001,0.023,0.009,0.015,1
693256.400,1689885.400,446.000,446.321,-84.000,0.033,0.001,0.003,0.012,0.017,1
693282.800,1708632.000,381.000,386.610,-88.000,0.026,0.003,0.004,0.007,0.013,0
693293.800,1680147.500,480.000,481.337,-87.000,0.064,0.001,0.006,0.041,0.016,1
693372.200,1686278.800,461.000,463.391,-85.000,0.038,0.000,0.002,0.018,0.017,1
693445.900,1713491.500,388.000,387.679,-87.000,0.037,0.011,0.011,0.004,0.010,0
693518.000,1694601.800,451.000,450.717,-88.000,0.038,0.001,0.012,0.009,0.016,1
693589.400,1647859.400,512.000,514.934,-81.000,0.071,0.001,0.007,0.050,0.013,1
693627.900,1645757.200,503.000,505.297,-81.000,0.076,0.002,0.014,0.046,0.013,1
693639.600,1657597.800,559.000,559.090,-85.000,0.218,0.053,0.094,0.055,0.016,1
693663.600,1626536.300,589.000,591.787,-73.000,0.939,0.063,0.833,0.032,0.011,0
693677.200,1634271.300,522.000,522.696,-77.000,0.113,0.004,0.052,0.044,0.013,1
693692.800,1668210.500,634.000,642.382,-78.000,0.837,0.196,0.469,0.133,0.039,1
693713.700,1649785.900,515.000,512.715,-82.000,0.101,0.016,0.015,0.057,0.013,1
693715.100,1652264.600,514.000,515.649,-82.000,0.110,0.002,0.034,0.060,0.014,1
693743.700,1690708.400,442.000,443.421,-86.000,0.031,0.000,0.003,0.010,0.018,1
693759.200,1681047.700,474.000,476.104,-87.000,0.056,0.001,0.004,0.035,0.016,1
693793.500,1700203.700,418.000,418.420,-91.000,0.074,0.003,0.052,0.005,0.015,1
693799.300,1665710.400,569.000,573.464,-87.000,0.361,0.018,0.272,0.051,0.020,1
693819.000,1703579.100,406.000,404.087,-90.000,0.028,0.002,0.005,0.008,0.014,1
693850.500,1638167.900,498.000,501.295,-79.000,0.312,0.054,0.200,0.042,0.016,1
693862.800,1640646.700,495.000,496.294,-80.000,0.099,0.001,0.043,0.040,0.016,1
693879.500,1687290.000,458.000,461.194,-84.000,0.035,0.000,0.003,0.015,0.017,1
693895.700,1667061.300,610.000,613.713,-83.000,0.595,0.058,0.422,0.086,0.029,1
693925.600,1711326.500,383.000,382.887,-89.000,0.025,0.003,0.004,0.006,0.011,0
693960.900,1670912.800,565.000,567.316,-73.000,1.014,0.086,0.851,0.056,0.021,1
693986.100,1674387.800,504.000,504.290,-84.000,0.161,0.002,0.062,0.080,0.017,1
694065.000,1664783.100,544.000,546.520,-86.000,0.248,0.009,0.171,0.050,0.018,1
694072.400,1663875.800,546.000,544.606,-86.000,0.194,0.022,0.099,0.056,0.018,1
694091.000,1641721.900,500.000,503.399,-80.000,0.181,0.015,0.117,0.035,0.015,1
694114.800,1654713.400,527.000,529.917,-84.000,0.133,0.003,0.060,0.055,0.016,1
694124.900,1650829.400,512.000,510.791,-82.000,0.088,0.001,0.017,0.054,0.016,1
694138.300,1661076.600,541.000,540.658,-86.000,0.193,0.013,0.096,0.068,0.017,1
694149.200,1643836.000,503.000,501.682,-79.000,0.129,0.007,0.069,0.039,0.015,1
694207.100,1709768.500,387.000,385.635,-89.000,0.024,0.001,0.005,0.006,0.012,0
694216.700,1634131.800,526.000,526.089,-77.000,0.103,0.003,0.048,0.040,0.012,1
694240.300,1685234.700,466.000,465.586,-85.000,0.039,0.001,0.002,0.019,0.017,1
694272.000,1708430.000,393.000,395.066,-88.000,0.027,0.004,0.007,0.005,0.011,0
694316.900,1691532.100,444.000,444.455,-86.000,0.030,0.001,0.002,0.009,0.017,1
694445.400,1647136.000,510.000,509.940,-81.000,0.064,0.001,0.007,0.041,0.015,1
694445.500,1695428.500,452.000,453.991,-89.000,0.057,0.002,0.030,0.010,0.015,1
694450.400,1666302.300,596.000,598.965,-86.000,0.494,0.099,0.298,0.071,0.026,1
694459.100,1642787.200,504.000,508.815,-80.000,0.193,0.054,0.091,0.034,0.014,1
694536.000,1631910.200,551.000,553.070,-76.000,0.175,0.017,0.111,0.036,0.011,0
694549.100,1626255.700,587.000,588.827,-72.000,0.599,0.014,0.543,0.031,0.010,0
694670.100,1713402.200,383.000,386.643,-83.000,0.024,0.004,0.006,0.005,0.010,0
694678.800,1634235.200,528.000,527.456,-78.000,0.096,0.004,0.040,0.040,0.012,1
694693.800,1645699.400,504.000,501.973,-81.000,0.065,0.000,0.010,0.040,0.015,1
694728.300,1692431.900,450.000,448.769,-87.000,0.030,0.001,0.004,0.009,0.017,1
694819.800,1687906.500,458.000,455.581,-84.000,0.033,0.001,0.002,0.014,0.016,1
694854.200,1681189.600,472.000,472.232,-86.000,0.052,0.001,0.003,0.032,0.016,1
694885.600,1661746.700,531.000,532.655,-86.000,0.152,0.008,0.053,0.075,0.016,1
694897.200,1653768.200,515.000,517.560,-83.000,0.102,0.002,0.030,0.054,0.015,1
694906.200,1663174.300,535.000,534.556,-86.000,0.162,0.013,0.066,0.067,0.016,1
694913.500,1651765.300,502.000,504.740,-82.000,0.088,0.001,0.017,0.055,0.015,1
694918.200,1685118.600,464.000,464.426,-84.000,0.039,0.001,0.003,0.018,0.017,1
694943.700,1674273.900,501.000,502.103,-86.000,0.144,0.002,0.047,0.079,0.016,1
694966.900,1671474.400,537.000,537.312,-76.000,0.445,0.009,0.370,0.048,0.018,1
695008.100,1630785.200,565.000,566.217,-75.000,0.152,0.005,0.103,0.034,0.010,0
695009.900,1703666.600,395.000,396.949,-89.000,0.030,0.000,0.006,0.010,0.014,1
695021.300,1643809.800,498.000,496.606,-79.000,0.081,0.001,0.027,0.038,0.015,1
695030.900,1704994.800,397.000,396.403,-88.000,0.026,0.001,0.004,0.008,0.013,0
695052.600,1679298.900,477.000,479.848,-87.000,0.062,0.001,0.004,0.041,0.016,1
695166.600,1657654.500,542.000,540.822,-85.000,0.142,0.002,0.070,0.054,0.016,1
695171.600,1712476.900,396.000,395.065,-84.000,0.023,0.004,0.007,0.004,0.009,0
695174.800,1700657.900,416.000,416.370,-91.000,0.052,0.002,0.031,0.005,0.014,1
695236.700,1693288.200,449.000,450.132,-88.000,0.033,0.001,0.008,0.008,0.016,1
695239.800,1708216.900,398.000,398.218,-89.000,0.034,0.005,0.014,0.005,0.011,0
695253.800,1695092.200,452.000,457.074,-89.000,0.111,0.052,0.033,0.011,0.014,1
695324.900,1684026.400,464.000,464.961,-84.000,0.043,0.002,0.003,0.021,0.016,1
695340.200,1686051.700,461.000,462.138,-84.000,0.036,0.000,0.003,0.017,0.016,1
695398.600,1650330.700,501.000,503.119,-81.000,0.075,0.002,0.008,0.050,0.015,1
695436.500,1665380.800,551.000,553.640,-86.000,0.326,0.009,0.248,0.050,0.018,1
695450.600,1638645.600,489.000,490.201,-79.000,0.186,0.002,0.126,0.042,0.015,1
695459.800,1706326.300,397.000,397.990,-89.000,0.026,0.002,0.006,0.006,0.012,0
695464.500,1684027.600,466.000,463.381,-86.000,0.043,0.003,0.003,0.021,0.016,1
695577.000,1631011.200,558.000,557.817,-75.000,0.135,0.002,0.089,0.034,0.010,0
695583.200,1664541.100,543.000,541.822,-86.000,0.213,0.003,0.139,0.054,0.017,1
695646.900,1652866.900,503.000,506.408,-83.000,0.087,0.003,0.014,0.052,0.018,1
695692.400,1694022.400,454.000,457.509,-88.000,0.052,0.007,0.019,0.010,0.015,1
695711.000,1634420.500,525.000,526.543,-78.000,0.095,0.010,0.035,0.038,0.012,1
695714.400,1704148.400,403.000,401.475,-89.000,0.025,0.001,0.004,0.007,0.013,0
695727.600,1625689.800,571.000,573.286,-73.000,0.646,0.056,0.555,0.026,0.009,0
695750.600,1661200.500,527.000,529.246,-86.000,0.139,0.006,0.048,0.067,0.018,1
695784.600,1662296.300,525.000,523.549,-87.000,0.134,0.004,0.036,0.077,0.018,1
695820.400,1638183.800,496.000,495.007,-79.000,0.193,0.002,0.137,0.037,0.016,1
695828.800,1637154.800,509.000,508.566,-77.000,0.652,0.313,0.291,0.035,0.014,1
695871.300,1686786.500,455.000,458.252,-84.000,0.034,0.000,0.003,0.015,0.016,1
695877.200,1711531.100,396.000,398.494,-85.000,0.024,0.007,0.005,0.004,0.009,0
695916.400,1678808.100,479.000,478.402,-88.000,0.062,0.001,0.004,0.040,0.017,1
695950.100,1643408.000,493.000,493.974,-79.000,0.065,0.001,0.014,0.034,0.017,1
695986.300,1645577.200,492.000,495.596,-80.000,0.059,0.001,0.007,0.035,0.016,1
696058.100,1681144.300,474.000,471.512,-86.000,0.050,0.002,0.003,0.028,0.016,1
696070.200,1657650.900,545.000,545.236,-85.000,0.179,0.051,0.062,0.050,0.017,1
696121.800,1663129.000,524.000,526.944,-86.000,0.141,0.003,0.053,0.067,0.018,1
696127.400,1655925.100,522.000,523.549,-85.000,0.105,0.002,0.036,0.050,0.017,1
696133.400,1674693.300,491.000,492.783,-87.000,0.126,0.010,0.025,0.075,0.017,1
696222.700,1646929.100,502.000,502.457,-80.000,0.056,0.000,0.006,0.034,0.016,1
696240.100,1694027.000,447.000,453.563,-88.000,0.042,0.002,0.016,0.009,0.015,1
696276.600,1693518.300,449.000,449.713,-88.000,0.034,0.002,0.009,0.008,0.015,1
696282.100,1687763.800,453.000,453.367,-84.000,0.032,0.001,0.003,0.012,0.016,1
696296.200,1707694.600,407.000,414.720,-89.000,0.209,0.173,0.022,0.005,0.009,0
696322.500,1630707.400,554.000,556.926,-76.000,0.157,0.003,0.111,0.033,0.010,0
696377.000,1682840.100,465.000,461.877,-86.000,0.042,0.000,0.003,0.023,0.016,1
696396.100,1629601.400,573.000,579.247,-76.000,0.736,0.303,0.388,0.035,0.010,0
696433.600,1654013.100,508.000,509.347,-83.000,0.080,0.001,0.014,0.049,0.017,1
696455.400,1700314.600,421.000,416.674,-88.000,0.047,0.002,0.027,0.005,0.014,1
696471.000,1665112.700,547.000,545.121,-84.000,0.372,0.037,0.264,0.052,0.018,1
696479.000,1641918.400,487.000,488.569,-78.000,0.069,0.001,0.017,0.035,0.016,1
696508.700,1650118.500,492.000,492.360,-82.000,0.070,0.001,0.006,0.046,0.017,1
696530.200,1710463.200,399.000,400.306,-86.000,0.019,0.002,0.005,0.004,0.009,0
696533.000,1640568.800,486.000,485.531,-79.000,0.073,0.003,0.018,0.036,0.017,1
696567.800,1692104.300,442.000,441.543,-87.000,0.028,0.001,0.004,0.008,0.016,1
696568.000,1695888.900,443.000,447.059,-88.000,0.096,0.022,0.052,0.007,0.014,1
696571.700,1634505.000,525.000,524.210,-77.000,0.080,0.004,0.027,0.037,0.012,1
696575.300,1661616.700,513.000,517.074,-87.000,0.121,0.002,0.029,0.073,0.017,1
696580.700,1684191.900,454.000,455.616,-84.000,0.039,0.000,0.003,0.019,0.016,1
696613.300,1662214.600,518.000,518.994,-87.000,0.121,0.001,0.029,0.075,0.017,1
696776.400,1709281.200,406.000,403.478,-88.000,0.026,0.003,0.011,0.004,0.009,0
696785.100,1696886.800,434.000,438.211,-89.000,0.082,0.003,0.060,0.006,0.014,1
696788.000,1704146.400,401.000,404.285,-89.000,0.025,0.002,0.004,0.007,0.012,0
696790.800,1691132.300,435.000,435.366,-86.000,0.030,0.000,0.004,0.009,0.017,1
696806.300,1705773.400,405.000,403.947,-89.000,0.027,0.001,0.010,0.005,0.011,0
696808.000,1701789.400,404.000,405.548,-89.000,0.033,0.002,0.011,0.007,0.014,1
696840.900,1706758.600,409.000,411.134,-89.000,0.069,0.035,0.019,0.004,0.010,0
696845.100,1704999.000,405.000,404.588,-89.000,0.026,0.002,0.006,0.006,0.011,0
696851.000,1703040.300,403.000,404.361,-89.000,0.027,0.002,0.004,0.008,0.013,1
696875.700,1678473.000,477.000,475.383,-89.000,0.060,0.001,0.004,0.039,0.016,1
696946.100,1642707.900,486.000,487.782,-78.000,0.059,0.001,0.009,0.034,0.016,1
696963.600,1636621.800,502.000,505.716,-78.000,0.099,0.001,0.051,0.034,0.013,1
696980.900,1647654.700,500.000,497.548,-81.000,0.056,0.001,0.004,0.035,0.015,1
696987.800,1661155.300,517.000,516.073,-87.000,0.111,0.002,0.025,0.067,0.017,1
697002.900,1690182.300,440.000,438.540,-85.000,0.030,0.001,0.003,0.010,0.016,1
697029.200,1674258.100,497.000,495.622,-88.000,0.126,0.017,0.022,0.071,0.016,1
697035.000,1639731.900,488.000,486.414,-78.000,0.071,0.002,0.019,0.035,0.016,1
697049.900,1631310.800,547.000,549.238,-76.000,0.115,0.008,0.064,0.034,0.010,0
697071.000,1655003.300,510.000,510.092,-84.000,0.088,0.007,0.017,0.048,0.016,1
697119.500,1645188.100,487.000,490.533,-80.000,0.054,0.000,0.005,0.032,0.016,1
697131.400,1625258.400,561.000,567.544,-73.000,1.059,0.669,0.356,0.025,0.009,0
697178.400,1656321.000,505.000,506.868,-85.000,0.114,0.008,0.038,0.051,0.016,1
697193.300,1672632.700,501.000,499.697,-88.000,0.162,0.003,0.075,0.068,0.016,1
697226.400,1676384.500,479.000,479.008,-91.000,0.076,0.001,0.006,0.054,0.016,1
697259.400,1689077.900,448.000,446.708,-84.000,0.030,0.001,0.003,0.010,0.016,1
697261.700,1682427.000,463.000,464.532,-87.000,0.041,0.000,0.003,0.022,0.016,1
697272.900,1657904.300,510.000,510.426,-86.000,0.105,0.003,0.033,0.053,0.016,1
697295.500,1683511.800,459.000,460.756,-85.000,0.039,0.001,0.003,0.019,0.016,1
697358.000,1659310.400,512.000,511.697,-87.000,0.111,0.005,0.035,0.056,0.016,1
697395.000,1678068.000,475.000,475.232,-90.000,0.060,0.000,0.004,0.040,0.016,1
697438.000,1671660.900,506.000,506.547,-87.000,0.211,0.006,0.129,0.059,0.018,1
697482.100,1629820.500,560.000,564.645,-76.000,0.575,0.278,0.256,0.031,0.010,0
697498.300,1707704.800,414.000,421.097,-89.000,0.053,0.019,0.020,0.006,0.008,0
697499.900,1647349.100,491.000,492.987,-81.000,0.054,0.001,0.004,0.031,0.018,1
697502.100,1684498.400,461.000,460.962,-85.000,0.043,0.005,0.005,0.016,0.016,1
697523.300,1636637.400,505.000,507.942,-78.000,0.077,0.001,0.032,0.031,0.013,1
697532.400,1660329.900,510.000,511.483,-87.000,0.104,0.002,0.025,0.058,0.018,1
697576.000,1708657.300,400.000,407.696,-87.000,0.025,0.002,0.010,0.004,0.009,0
697609.500,1649718.100,483.000,486.990,-82.000,0.064,0.001,0.006,0.038,0.019,1
697613.100,1634878.700,520.000,518.568,-78.000,0.085,0.018,0.021,0.034,0.012,1
697622.000,1665067.000,550.000,549.900,-77.000,0.298,0.012,0.212,0.054,0.020,1
697642.300,1648357.300,499.000,498.066,-81.000,0.061,0.006,0.007,0.031,0.017,1
697648.200,1700214.100,409.000,410.729,-87.000,0.041,0.002,0.020,0.006,0.014,1
697658.400,1635919.200,513.000,511.093,-78.000,0.085,0.006,0.035,0.031,0.013,1
697662.000,1693530.000,446.000,446.598,-87.000,0.030,0.001,0.008,0.007,0.014,1
697684.400,1697215.300,431.000,433.849,-88.000,0.069,0.004,0.046,0.005,0.013,1
697697.100,1686857.200,447.000,447.098,-84.000,0.032,0.001,0.003,0.012,0.016,1
697758.300,1634226.900,520.000,523.927,-77.000,0.070,0.002,0.021,0.035,0.012,1
697784.700,1681568.200,463.000,460.776,-88.000,0.045,0.001,0.003,0.023,0.017,1
697787.000,1624112.900,560.000,557.633,-72.000,0.146,0.007,0.106,0.024,0.008,0
697790.100,1653902.600,505.000,503.474,-84.000,0.069,0.001,0.009,0.041,0.018,1
697793.900,1688108.600,439.000,442.462,-84.000,0.031,0.001,0.004,0.011,0.016,1
697805.200,1705704.400,410.000,413.986,-89.000,0.032,0.002,0.016,0.005,0.010,0
697806.600,1675127.800,486.000,482.038,-92.000,0.088,0.001,0.009,0.061,0.017,1
697834.500,1639384.300,488.000,492.273,-77.000,0.102,0.044,0.013,0.029,0.016,1
697841.700,1631936.900,539.000,538.598,-76.000,0.093,0.003,0.046,0.034,0.010,0
697966.600,1674000.400,488.000,490.172,-90.000,0.103,0.001,0.020,0.065,0.017,1
698005.100,1698656.700,423.000,422.983,-87.000,0.060,0.001,0.041,0.005,0.013,1
698012.800,1642572.800,482.000,485.225,-78.000,0.053,0.001,0.004,0.031,0.017,1
698016.300,1625055.400,557.000,562.794,-73.000,0.819,0.463,0.320,0.027,0.009,0
698061.700,1661341.400,513.000,511.420,-87.000,0.103,0.001,0.023,0.061,0.018,1
698081.300,1644720.100,488.000,487.241,-79.000,0.051,0.002,0.003,0.029,0.017,1
698090.800,1670736.800,505.000,509.037,-87.000,0.258,0.011,0.175,0.054,0.017,1
698140.300,1689074.300,442.000,439.422,-84.000,0.029,0.001,0.003,0.010,0.016,1
698180.100,1707057.800,417.000,421.770,-89.000,0.058,0.025,0.019,0.006,0.008,0
698221.500,1685832.500,450.000,454.934,-84.000,0.036,0.002,0.005,0.014,0.016,1
698225.500,1710522.000,393.000,399.128,-84.000,0.018,0.001,0.005,0.004,0.008,0
698256.700,1659893.300,503.000,505.097,-87.000,0.098,0.003,0.024,0.054,0.018,1
698346.200,1656895.100,491.000,495.428,-86.000,0.088,0.001,0.018,0.050,0.018,1
698376.700,1694111.500,440.000,438.955,-86.000,0.029,0.001,0.008,0.006,0.014,1
698379.500,1689994.800,437.000,436.452,-85.000,0.028,0.001,0.003,0.010,0.015,1
698448.100,1647213.000,482.000,485.620,-81.000,0.054,0.001,0.004,0.031,0.017,1
698477.100,1681020.700,465.000,464.152,-87.000,0.043,0.001,0.003,0.024,0.016,1
698486.800,1661964.600,510.000,511.355,-87.000,0.113,0.001,0.032,0.063,0.017,1
698501.400,1648574.600,491.000,488.786,-82.000,0.056,0.002,0.005,0.031,0.017,1
698560.700,1633547.400,530.000,532.305,-77.000,0.137,0.058,0.037,0.031,0.011,0
698578.200,1711930.500,398.000,399.824,-85.000,0.020,0.003,0.006,0.004,0.008,0
698597.100,1684618.400,449.000,450.643,-85.000,0.037,0.002,0.003,0.016,0.016,1
698598.200,1628977.500,576.000,576.886,-74.000,0.156,0.004,0.105,0.037,0.010,0
698618.700,1690926.400,431.000,432.931,-86.000,0.028,0.000,0.003,0.008,0.016,1
698620.600,1665252.400,533.000,534.520,-73.000,0.289,0.033,0.189,0.048,0.018,1
698685.000,1634146.000,524.000,523.426,-77.000,0.082,0.008,0.032,0.031,0.011,1
698706.700,1649771.500,484.000,483.074,-82.000,0.057,0.000,0.004,0.035,0.018,1
698751.100,1639192.700,489.000,490.358,-77.000,0.055,0.001,0.010,0.028,0.015,1
698752.800,1642899.800,482.000,480.727,-78.000,0.052,0.001,0.003,0.031,0.017,1
698761.600,1677880.300,471.000,470.508,-92.000,0.057,0.002,0.003,0.035,0.016,1
698773.000,1681609.800,462.000,460.702,-88.000,0.041,0.001,0.003,0.021,0.016,1
698813.300,1631635.100,544.000,547.419,-76.000,0.093,0.014,0.037,0.033,0.010,0
698833.500,1704728.300,412.000,415.468,-88.000,0.029,0.004,0.011,0.005,0.010,0
698911.000,1653668.500,496.000,494.566,-84.000,0.063,0.001,0.007,0.038,0.017,1
698914.100,1632476.900,542.000,539.905,-76.000,0.077,0.004,0.031,0.032,0.010,0
698997.700,1624908.500,543.000,547.252,-72.000,0.184,0.002,0.146,0.027,0.009,0
699000.500,1706522.600,419.000,422.751,-88.000,0.036,0.003,0.018,0.006,0.009,0
699002.600,1687476.900,448.000,446.470,-83.000,0.033,0.003,0.004,0.011,0.015,1
699013.400,1634801.600,515.000,517.927,-77.000,0.065,0.002,0.021,0.030,0.011,1
699018.500,1670357.300,503.000,501.597,-87.000,0.229,0.005,0.153,0.054,0.017,1
699045.400,1630917.700,552.000,551.144,-75.000,0.097,0.008,0.050,0.029,0.010,0
699066.600,1683737.000,447.000,448.877,-86.000,0.039,0.001,0.004,0.017,0.016,1
699070.100,1713384.500,403.000,404.925,-80.000,0.021,0.002,0.008,0.004,0.007,0
699072.500,1691871.000,430.000,430.013,-84.000,0.029,0.001,0.005,0.008,0.015,1
699077.500,1698820.800,415.000,416.704,-85.000,0.033,0.001,0.013,0.006,0.013,1
699094.400,1656182.000,491.000,491.165,-85.000,0.074,0.001,0.010,0.046,0.018,1
699132.800,1696121.100,427.000,430.880,-84.000,0.029,0.001,0.009,0.005,0.013,1
699161.500,1629889.500,570.000,568.208,-74.000,0.107,0.008,0.055,0.034,0.010,0
699182.700,1705317.800,425.000,427.887,-88.000,0.044,0.014,0.014,0.007,0.009,0
699184.100,1650583.300,482.000,480.381,-83.000,0.059,0.001,0.005,0.035,0.018,1
699192.700,1680274.300,466.000,460.804,-88.000,0.045,0.001,0.003,0.025,0.016,1
699213.100,1644508.200,483.000,481.410,-79.000,0.048,0.001,0.003,0.026,0.018,1
699256.800,1628783.700,577.000,577.244,-74.000,0.133,0.012,0.073,0.038,0.010,0
699312.800,1651923.300,490.000,488.941,-83.000,0.056,0.001,0.004,0.032,0.019,1
699318.000,1662879.000,509.000,513.221,-85.000,0.152,0.003,0.077,0.054,0.018,1
699318.800,1627788.200,571.000,569.817,-74.000,0.206,0.015,0.147,0.034,0.009,0
699340.500,1674244.300,480.000,482.452,-93.000,0.082,0.002,0.008,0.055,0.017,1
699348.400,1693522.300,445.000,443.517,-83.000,0.027,0.001,0.006,0.007,0.014,1
699404.200,1697041.900,422.000,423.425,-83.000,0.030,0.001,0.010,0.006,0.013,1
699418.100,1682832.600,454.000,457.035,-87.000,0.037,0.001,0.003,0.017,0.016,1
699423.500,1652842.800,490.000,487.978,-84.000,0.059,0.001,0.005,0.033,0.020,1
699424.600,1648836.800,480.000,481.951,-81.000,0.052,0.001,0.004,0.029,0.019,1
699445.200,1635967.100,506.000,509.950,-77.000,0.124,0.065,0.020,0.027,0.013,1
699510.000,1659228.700,496.000,496.924,-87.000,0.091,0.001,0.025,0.045,0.019,1
699552.300,1665713.900,524.000,523.764,-72.000,0.263,0.009,0.190,0.045,0.018,1
699616.500,1637396.000,500.000,503.329,-77.000,0.055,0.002,0.015,0.025,0.013,1
699648.200,1638768.500,498.000,497.437,-77.000,0.050,0.002,0.010,0.024,0.014,1
699660.500,1634674.100,520.000,518.303,-77.000,0.068,0.002,0.026,0.029,0.011,1
699672.800,1708232.600,405.000,408.479,-84.000,0.019,0.001,0.006,0.004,0.009,0
699682.700,1639797.900,492.000,490.209,-76.000,0.049,0.002,0.007,0.025,0.016,1
699701.700,1672211.200,479.000,480.139,-90.000,0.126,0.001,0.047,0.060,0.018,1
699758.000,1704581.300,420.000,417.048,-88.000,0.026,0.003,0.009,0.005,0.010,0
699768.600,1641126.600,477.000,480.758,-76.000,0.051,0.003,0.004,0.027,0.017,1
699769.100,1703297.700,420.000,415.276,-88.000,0.024,0.002,0.007,0.005,0.010,1
699799.800,1705954.000,416.000,422.029,-86.000,0.023,0.001,0.007,0.006,0.009,0
699832.400,1679604.700,464.000,461.076,-89.000,0.044,0.000,0.003,0.025,0.017,1
699848.600,1695308.300,429.000,428.658,-80.000,0.027,0.001,0.006,0.006,0.014,1
699849.700,1692674.400,435.000,435.304,-81.000,0.027,0.003,0.003,0.006,0.015,1
699890.800,1641957.600,476.000,477.761,-77.000,0.048,0.001,0.002,0.028,0.017,1
699891.800,1632750.600,529.000,535.588,-76.000,0.105,0.025,0.042,0.028,0.010,0
699947.600,1624672.800,541.000,540.455,-72.000,0.110,0.016,0.060,0.025,0.008,0
699967.800,1626144.800,553.000,555.719,-73.000,0.146,0.002,0.108,0.027,0.008,0
699984.100,1713171.100,405.000,409.114,-81.000,0.021,0.003,0.007,0.005,0.006,0
700064.500,1698928.900,415.000,415.837,-84.000,0.028,0.001,0.008,0.006,0.013,1
700090.300,1670753.700,487.000,487.444,-90.000,0.161,0.008,0.082,0.054,0.017,1
700096.700,1663638.100,520.000,524.812,-77.000,0.202,0.016,0.127,0.041,0.018,1
700110.400,1687331.500,435.000,437.218,-83.000,0.032,0.001,0.004,0.011,0.016,1
700123.900,1701994.900,419.000,415.291,-88.000,0.024,0.002,0.007,0.005,0.011,1
700143.500,1700965.800,422.000,419.754,-86.000,0.023,0.001,0.006,0.005,0.011,1
700197.000,1649131.000,475.000,477.763,-82.000,0.050,0.001,0.003,0.028,0.019,1
700203.700,1643166.400,473.000,476.110,-77.000,0.046,0.000,0.002,0.026,0.018,1
700302.000,1655860.100,482.000,483.543,-85.000,0.067,0.001,0.007,0.041,0.019,1
700314.100,1662090.600,511.000,514.306,-84.000,0.453,0.100,0.291,0.045,0.017,1
700359.800,1661770.100,510.000,509.983,-85.000,0.379,0.041,0.276,0.045,0.017,1
700395.200,1666484.600,505.000,507.608,-75.000,0.290,0.019,0.208,0.046,0.017,1
700409.500,1700005.400,418.000,415.283,-85.000,0.026,0.001,0.007,0.005,0.012,1
700462.100,1671288.000,484.000,485.511,-90.000,0.126,0.004,0.053,0.052,0.017,1
700528.300,1635201.400,520.000,517.900,-77.000,0.080,0.024,0.020,0.026,0.011,1
700543.800,1696896.800,425.000,425.852,-81.000,0.027,0.002,0.007,0.005,0.013,1
700551.800,1660687.200,497.000,497.881,-86.000,0.212,0.003,0.148,0.043,0.017,1
700628.600,1641266.500,480.000,477.770,-76.000,0.047,0.001,0.004,0.026,0.017,1
700649.700,1693334.200,435.000,438.170,-75.000,0.023,0.001,0.003,0.006,0.013,1
700656.100,1627577.900,575.000,574.677,-74.000,0.145,0.041,0.058,0.036,0.010,0
700659.800,1645261.700,481.000,483.094,-80.000,0.045,0.003,0.004,0.022,0.017,1
700679.600,1659559.500,493.000,493.277,-86.000,0.131,0.001,0.072,0.040,0.018,1
700686.100,1680320.200,459.000,464.085,-89.000,0.042,0.001,0.005,0.021,0.015,1
700704.700,1705585.600,418.000,424.978,-83.000,0.024,0.001,0.008,0.006,0.008,0
700724.200,1694651.800,433.000,435.768,-76.000,0.024,0.001,0.004,0.006,0.013,1
700758.600,1659117.500,490.000,493.136,-85.000,0.104,0.001,0.046,0.040,0.018,1
700770.700,1679225.300,466.000,461.669,-89.000,0.043,0.001,0.003,0.024,0.016,1
700789.000,1638811.200,491.000,493.405,-76.000,0.052,0.004,0.011,0.024,0.014,1
700804.300,1633079.100,518.000,521.856,-76.000,0.094,0.005,0.052,0.027,0.010,0
700809.800,1677167.300,470.000,468.361,-94.000,0.057,0.006,0.005,0.031,0.016,1
700824.100,1646203.700,487.000,486.102,-81.000,0.044,0.001,0.005,0.021,0.016,1
700840.400,1664717.800,513.000,515.863,-71.000,0.191,0.004,0.129,0.041,0.017,1
700868.800,1643437.500,476.000,475.783,-78.000,0.044,0.001,0.002,0.024,0.017,1
700873.100,1713367.000,406.000,408.930,-86.000,0.018,0.001,0.006,0.005,0.006,0
700952.900,1651383.700,487.000,485.564,-83.000,0.065,0.014,0.008,0.026,0.017,1
700971.500,1650443.300,476.000,479.582,-82.000,0.062,0.012,0.006,0.027,0.018,1
700988.300,1647156.700,476.000,478.356,-80.000,0.045,0.001,0.004,0.024,0.017,1
700989.000,1664940.400,513.000,514.014,-71.000,0.187,0.006,0.124,0.041,0.017,1
701000.300,1640583.500,480.000,480.186,-76.000,0.046,0.001,0.005,0.024,0.017,1
701003.100,1678441.600,462.000,462.768,-91.000,0.046,0.001,0.004,0.025,0.016,1
701033.500,1648186.300,474.000,475.475,-82.000,0.047,0.001,0.003,0.024,0.019,1
701050.600,1639709.700,484.000,484.726,-76.000,0.048,0.001,0.007,0.023,0.016,1
701076.700,1624903.400,536.000,538.532,-72.000,0.067,0.002,0.033,0.024,0.008,0
701077.200,1649392.900,473.000,474.589,-83.000,0.048,0.000,0.003,0.025,0.020,1
701098.800,1703475.200,425.000,424.249,-86.000,0.039,0.002,0.023,0.005,0.009,1
701099.200,1667165.600,497.000,495.569,-78.000,0.180,0.003,0.106,0.053,0.018,1
701127.200,1652403.300,475.000,476.227,-84.000,0.056,0.001,0.006,0.029,0.020,1
701164.200,1658224.500,488.000,489.570,-84.000,0.080,0.001,0.021,0.040,0.019,1
701214.900,1656033.800,477.000,479.203,-84.000,0.066,0.001,0.006,0.039,0.020,1
701216.100,1681176.900,459.000,458.270,-89.000,0.037,0.001,0.003,0.018,0.015,1
701247.900,1657229.300,482.000,485.164,-84.000,0.069,0.001,0.008,0.041,0.019,1
701266.600,1655016.200,482.000,481.780,-85.000,0.059,0.001,0.004,0.033,0.019,1
701309.600,1635761.300,510.000,508.449,-76.000,0.053,0.002,0.016,0.024,0.012,1
701319.200,1713902.100,406.000,409.054,-87.000,0.019,0.001,0.008,0.005,0.005,0
701322.600,1669978.400,484.000,486.271,-89.000,0.123,0.001,0.052,0.053,0.017,1
701330.800,1694059.400,440.000,442.792,-74.000,0.027,0.002,0.005,0.007,0.013,1
701341.100,1653832.700,488.000,486.681,-84.000,0.060,0.007,0.006,0.028,0.019,1
701360.000,1674416.400,475.000,473.335,-94.000,0.065,0.002,0.006,0.041,0.016,1
701413.400,1676962.200,468.000,466.057,-93.000,0.051,0.001,0.004,0.029,0.016,1
701449.600,1633184.000,515.000,515.878,-76.000,0.078,0.002,0.040,0.025,0.011,0
701454.000,1665907.100,502.000,503.218,-74.000,0.183,0.014,0.103,0.049,0.017,1
701464.600,1641705.100,476.000,474.812,-77.000,0.045,0.000,0.003,0.024,0.017,1
701521.600,1681898.800,458.000,457.038,-88.000,0.036,0.001,0.004,0.016,0.015,1
701556.700,1705139.200,425.000,428.824,-82.000,0.115,0.083,0.016,0.007,0.008,0
701575.000,1696861.400,429.000,431.502,-82.000,0.037,0.003,0.017,0.006,0.012,1
701719.400,1698788.300,420.000,422.630,-85.000,0.024,0.001,0.006,0.005,0.011,1
701739.300,1708815.000,417.000,418.520,-77.000,0.020,0.003,0.005,0.006,0.007,0
701762.400,1658716.500,496.000,493.897,-81.000,0.094,0.003,0.038,0.035,0.018,1
701824.200,1643744.300,473.000,473.929,-79.000,0.042,0.001,0.002,0.021,0.018,1
701903.300,1627831.800,554.000,554.761,-74.000,0.081,0.008,0.035,0.029,0.008,0
701914.900,1671123.400,474.000,476.019,-91.000,0.093,0.003,0.018,0.055,0.017,1
701943.100,1667814.700,484.000,485.806,-84.000,0.132,0.001,0.051,0.062,0.017,1
701956.400,1658673.900,494.000,494.428,-81.000,0.090,0.002,0.037,0.034,0.017,1
701985.200,1659083.600,499.000,498.043,-80.000,0.113,0.003,0.061,0.032,0.017,1
701991.500,1675982.200,466.000,463.337,-94.000,0.053,0.001,0.005,0.032,0.016,1
702001.300,1658453.000,494.000,492.259,-81.000,0.083,0.002,0.030,0.033,0.017,1
702048.000,1655476.500,480.000,478.086,-82.000,0.060,0.004,0.004,0.034,0.019,1
702056.700,1703206.900,437.000,436.334,-83.000,0.138,0.081,0.039,0.009,0.008,1
702081.300,1624568.700,527.000,529.950,-72.000,0.053,0.002,0.019,0.023,0.008,0
702122.300,1658144.100,487.000,488.780,-82.000,0.077,0.002,0.021,0.036,0.018,1
702150.200,1682523.900,452.000,454.363,-88.000,0.033,0.001,0.003,0.015,0.014,1
702188.100,1712714.500,401.000,401.940,-85.000,0.015,0.001,0.005,0.004,0.006,0
702197.200,1687039.600,447.000,448.427,-83.000,0.028,0.000,0.005,0.009,0.014,1
702230.100,1636421.800,502.000,502.454,-76.000,0.064,0.006,0.024,0.022,0.012,1
702270.400,1648274.200,469.000,469.165,-81.000,0.045,0.001,0.003,0.023,0.018,1
702293.500,1688324.100,440.000,443.208,-81.000,0.027,0.001,0.005,0.008,0.013,1
702346.000,1632859.500,512.000,513.137,-76.000,0.077,0.002,0.041,0.024,0.010,0
702365.000,1704792.100,419.000,424.806,-81.000,0.046,0.003,0.029,0.006,0.008,0
702374.400,1657581.900,484.000,485.518,-83.000,0.068,0.001,0.013,0.036,0.018,1
702398.900,1657227.900,480.000,483.402,-83.000,0.064,0.001,0.008,0.038,0.018,1
702427.300,1676550.300,457.000,461.515,-93.000,0.050,0.001,0.005,0.028,0.015,1
702436.800,1711289.000,403.000,405.247,-83.000,0.017,0.001,0.005,0.004,0.007,0
702455.100,1696924.400,440.000,440.265,-82.000,0.053,0.016,0.020,0.007,0.011,1
702520.300,1641603.300,476.000,474.088,-77.000,0.042,0.001,0.003,0.022,0.016,1
702597.700,1671737.800,466.000,469.001,-93.000,0.079,0.004,0.011,0.049,0.016,1
702607.000,1693052.400,432.000,430.843,-67.000,0.024,0.001,0.004,0.005,0.013,1
702613.000,1674958.400,470.000,466.979,-93.000,0.053,0.001,0.005,0.033,0.015,1
702643.000,1650025.800,472.000,471.239,-82.000,0.046,0.002,0.004,0.023,0.018,1
702653.600,1677736.400,458.000,458.731,-91.000,0.045,0.001,0.006,0.024,0.015,1
702691.800,1694414.300,440.000,440.183,-68.000,0.024,0.001,0.004,0.006,0.012,1
702698.600,1654884.400,474.000,473.859,-84.000,0.054,0.000,0.005,0.031,0.018,1
702718.500,1668928.000,475.000,476.460,-85.000,0.106,0.006,0.022,0.062,0.016,1
702733.900,1689567.400,436.000,437.273,-78.000,0.028,0.001,0.006,0.007,0.013,1
702757.300,1710240.500,408.000,414.117,-81.000,0.018,0.001,0.006,0.005,0.006,0
702831.800,1673267.100,459.000,462.328,-94.000,0.065,0.002,0.006,0.041,0.017,1
702834.200,1667977.300,481.000,481.567,-84.000,0.107,0.001,0.029,0.060,0.017,1
702888.000,1643952.400,466.000,467.799,-80.000,0.042,0.001,0.002,0.020,0.018,1
702897.200,1659357.000,501.000,499.809,-84.000,0.102,0.003,0.054,0.027,0.017,1
702943.100,1628438.000,542.000,543.007,-74.000,0.077,0.004,0.039,0.026,0.008,0
702955.900,1658771.000,491.000,491.712,-84.000,0.085,0.002,0.034,0.031,0.017,1
702962.800,1647837.400,469.000,466.556,-81.000,0.045,0.002,0.003,0.021,0.019,1
703027.700,1698987.800,423.000,429.010,-86.000,0.027,0.004,0.008,0.005,0.010,1
703061.100,1690234.300,432.000,431.592,-72.000,0.028,0.004,0.005,0.007,0.013,1
703130.800,1703160.900,430.000,429.100,-81.000,0.071,0.020,0.036,0.007,0.008,1
703154.100,1709059.900,404.000,408.558,-79.000,0.021,0.005,0.005,0.004,0.007,0
703197.500,1636607.000,491.000,494.769,-76.000,0.043,0.001,0.009,0.021,0.013,1
703205.100,1713011.200,391.000,396.260,-86.000,0.015,0.001,0.005,0.003,0.006,0
703215.900,1676103.400,460.000,463.214,-93.000,0.052,0.002,0.009,0.026,0.015,1
703242.800,1656670.800,476.000,477.108,-83.000,0.059,0.001,0.006,0.034,0.018,1
703307.800,1704999.600,421.000,427.307,-81.000,0.027,0.001,0.012,0.007,0.008,0
703338.700,1632624.400,513.000,511.605,-75.000,0.063,0.002,0.030,0.021,0.010,0
703363.700,1624502.000,524.000,524.325,-72.000,0.043,0.002,0.011,0.023,0.008,0
703365.500,1708209.600,407.000,406.215,-77.000,0.022,0.004,0.006,0.004,0.008,0
703457.000,1654260.100,474.000,474.904,-84.000,0.052,0.005,0.003,0.026,0.018,1
703507.300,1695727.300,439.000,439.006,-73.000,0.028,0.004,0.007,0.006,0.011,1
703511.200,1641545.200,474.000,475.229,-78.000,0.039,0.002,0.003,0.018,0.016,1
703518.700,1634274.700,502.000,500.169,-76.000,0.050,0.001,0.016,0.022,0.011,1
703551.000,1696867.600,428.000,432.289,-82.000,0.026,0.002,0.008,0.005,0.011,1
703559.200,1633290.200,509.000,507.788,-76.000,0.053,0.001,0.021,0.021,0.010,0
703631.600,1659009.100,493.000,493.445,-84.000,0.082,0.002,0.037,0.027,0.016,1
703642.400,1640019.200,478.000,478.503,-76.000,0.039,0.001,0.004,0.019,0.015,1
703676.800,1649923.900,467.000,468.318,-83.000,0.042,0.001,0.003,0.020,0.018,1
703685.500,1677723.200,457.000,456.848,-90.000,0.055,0.002,0.016,0.021,0.015,1
703698.600,1693504.500,435.000,439.417,-67.000,0.028,0.003,0.007,0.006,0.012,1
703710.100,1672389.300,464.000,460.467,-93.000,0.065,0.002,0.006,0.040,0.016,1
703744.900,1639367.100,479.000,480.398,-76.000,0.039,0.001,0.004,0.019,0.015,1
703747.300,1670574.700,470.000,471.094,-92.000,0.073,0.002,0.009,0.046,0.016,1
703756.200,1712584.500,394.000,395.966,-85.000,0.015,0.001,0.004,0.003,0.006,0
703782.100,1631123.100,524.000,521.352,-75.000,0.070,0.004,0.037,0.020,0.009,0
703789.600,1628954.100,544.000,543.395,-74.000,0.083,0.006,0.044,0.025,0.008,0
703814.200,1637530.700,486.000,487.960,-75.000,0.041,0.002,0.006,0.020,0.013,1
703838.100,1692288.400,427.000,424.935,-65.000,0.026,0.002,0.005,0.005,0.013,1
703882.300,1657362.300,479.000,481.927,-84.000,0.060,0.001,0.008,0.034,0.017,1
703911.300,1629851.500,534.000,533.262,-75.000,0.082,0.005,0.047,0.022,0.009,0
703915.600,1647159.300,469.000,468.678,-82.000,0.039,0.001,0.003,0.018,0.017,1
703966.600,1638605.400,484.000,484.923,-76.000,0.037,0.001,0.004,0.019,0.014,1
703980.900,1650867.100,463.000,463.086,-83.000,0.045,0.001,0.004,0.022,0.019,1
704004.100,1705182.800,427.000,425.528,-77.000,0.027,0.003,0.010,0.007,0.008,0
704010.600,1643574.600,468.000,467.590,-79.000,0.038,0.001,0.002,0.019,0.017,1
704034.900,1699251.200,434.000,434.985,-85.000,0.033,0.001,0.015,0.007,0.010,1
704075.300,1703191.400,418.000,419.898,-79.000,0.041,0.002,0.026,0.005,0.009,1
704130.800,1694437.900,436.000,439.312,-69.000,0.027,0.004,0.006,0.006,0.011,1
704140.700,1709157.100,390.000,397.539,-81.000,0.021,0.002,0.007,0.004,0.008,0
704147.300,1632509.400,511.000,508.166,-76.000,0.071,0.002,0.040,0.019,0.010,0
704187.300,1695345.900,440.000,442.007,-73.000,0.027,0.001,0.008,0.007,0.011,1
704268.500,1703193.100,419.000,418.908,-82.000,0.039,0.004,0.023,0.004,0.009,1
704329.300,1712102.600,394.000,399.981,-85.000,0.014,0.001,0.004,0.003,0.006,0
704334.700,1634547.200,505.000,504.656,-76.000,0.043,0.002,0.012,0.019,0.011,1
704355.800,1624377.500,521.000,522.860,-72.000,0.038,0.002,0.009,0.019,0.008,0
704441.900,1676025.500,463.000,465.125,-91.000,0.109,0.006,0.066,0.023,0.014,1
704469.800,1641475.900,478.000,479.868,-78.000,0.034,0.001,0.004,0.016,0.014,1
704492.200,1653981.200,471.000,470.318,-84.000,0.045,0.001,0.003,0.024,0.018,1
704512.000,1650406.900,463.000,462.970,-83.000,0.042,0.001,0.002,0.021,0.018,1
704513.600,1641387.800,480.000,479.817,-78.000,0.034,0.000,0.003,0.016,0.014,1
704524.100,1678936.800,455.000,453.325,-87.000,0.039,0.001,0.008,0.017,0.014,1
704545.400,1671533.300,454.000,457.283,-92.000,0.064,0.001,0.007,0.041,0.016,1
704582.200,1649754.600,462.000,464.174,-83.000,0.040,0.001,0.002,0.019,0.018,1
704583.000,1659703.400,492.000,494.477,-85.000,0.092,0.002,0.051,0.024,0.015,1
704614.200,1629503.300,526.000,526.891,-75.000,0.098,0.003,0.067,0.019,0.008,0
704614.900,1643402.700,470.000,468.079,-79.000,0.036,0.000,0.002,0.017,0.017,1
704632.900,1702056.400,424.000,423.304,-81.000,0.066,0.003,0.050,0.005,0.009,1
704650.300,1658132.500,482.000,483.661,-85.000,0.064,0.001,0.018,0.029,0.016,1
704677.100,1707977.700,409.000,411.227,-80.000,0.022,0.003,0.007,0.004,0.007,0
704772.100,1646425.200,460.000,461.998,-82.000,0.038,0.000,0.002,0.018,0.018,1
704811.600,1706130.600,409.000,410.836,-78.000,0.023,0.003,0.008,0.004,0.008,0
704840.800,1659738.800,492.000,493.438,-85.000,0.092,0.001,0.052,0.023,0.015,1
704879.200,1637639.300,491.000,488.169,-75.000,0.042,0.007,0.005,0.017,0.013,1
704976.700,1686178.400,435.000,437.405,-82.000,0.026,0.002,0.003,0.009,0.013,1
704990.000,1684662.400,444.000,446.750,-84.000,0.026,0.001,0.003,0.010,0.012,1
705043.600,1666148.100,483.000,482.237,-77.000,0.154,0.006,0.102,0.031,0.015,1
705067.500,1686843.200,432.000,432.021,-80.000,0.026,0.001,0.004,0.008,0.013,1
705085.200,1692166.600,420.000,421.373,-70.000,0.026,0.003,0.005,0.006,0.012,1
705105.800,1700787.900,428.000,430.756,-80.000,0.140,0.074,0.052,0.006,0.009,1
705125.900,1659110.500,486.000,487.226,-85.000,0.078,0.001,0.038,0.023,0.016,1
705156.400,1681609.400,444.000,441.697,-85.000,0.031,0.001,0.002,0.014,0.014,1
705190.000,1687585.800,434.000,432.546,-77.000,0.025,0.002,0.003,0.008,0.013,1
705208.900,1712154.700,393.000,397.350,-86.000,0.015,0.002,0.004,0.004,0.006,0
705219.600,1666935.400,470.000,472.888,-83.000,0.109,0.001,0.059,0.033,0.015,1
705235.700,1682373.700,438.000,438.289,-87.000,0.030,0.000,0.003,0.013,0.013,1
705237.900,1705271.200,428.000,421.879,-76.000,0.027,0.002,0.011,0.006,0.007,0
705242.300,1681610.200,440.000,442.260,-87.000,0.030,0.001,0.002,0.014,0.013,1
705245.400,1703212.800,415.000,410.740,-79.000,0.029,0.001,0.015,0.004,0.009,1
705261.900,1670731.700,463.000,461.292,-91.000,0.060,0.001,0.005,0.038,0.015,1
705272.900,1634389.200,504.000,506.793,-75.000,0.043,0.002,0.013,0.017,0.010,1
705277.200,1689888.500,437.000,434.760,-70.000,0.026,0.002,0.006,0.006,0.012,1
705296.700,1688881.500,431.000,433.693,-74.000,0.025,0.003,0.003,0.007,0.012,1
705302.200,1694359.700,435.000,434.745,-77.000,0.028,0.004,0.008,0.005,0.011,1
705308.300,1699749.400,421.000,424.826,-79.000,0.060,0.012,0.034,0.005,0.009,1
705318.700,1691272.200,418.000,418.523,-70.000,0.029,0.003,0.006,0.007,0.013,1
705371.000,1680405.000,448.000,448.681,-87.000,0.032,0.001,0.004,0.014,0.013,1
705393.900,1698577.000,427.000,427.101,-79.000,0.024,0.002,0.008,0.005,0.010,1
705422.100,1649695.400,457.000,459.205,-83.000,0.039,0.000,0.002,0.018,0.018,1
705430.600,1695633.600,437.000,439.239,-80.000,0.034,0.005,0.011,0.007,0.010,1
705451.200,1693298.600,423.000,423.357,-75.000,0.028,0.005,0.006,0.005,0.012,1
705461.100,1655162.600,464.000,465.304,-84.000,0.048,0.000,0.004,0.025,0.018,1
705470.500,1654078.100,464.000,465.587,-83.000,0.043,0.001,0.003,0.022,0.018,1
705473.300,1674850.400,454.000,456.340,-90.000,0.132,0.027,0.067,0.024,0.014,1
705477.900,1697570.700,419.000,419.961,-79.000,0.024,0.001,0.008,0.004,0.010,1
705489.900,1679111.200,448.000,447.691,-87.000,0.037,0.001,0.007,0.016,0.014,1
705491.400,1630207.900,536.000,535.169,-75.000,0.184,0.076,0.079,0.020,0.008,0
705506.900,1668520.400,461.000,465.374,-88.000,0.073,0.001,0.012,0.045,0.015,1
705517.800,1696707.800,425.000,428.518,-81.000,0.023,0.002,0.006,0.005,0.010,1
705525.400,1676267.300,472.000,475.655,-90.000,0.306,0.180,0.091,0.021,0.013,1
705533.600,1650493.100,463.000,459.974,-83.000,0.039,0.001,0.002,0.019,0.018,1
705534.400,1659136.100,484.000,485.916,-85.000,0.081,0.002,0.041,0.022,0.015,1
705546.400,1624985.100,517.000,516.484,-72.000,0.039,0.001,0.013,0.017,0.008,0
705571.800,1677119.900,467.000,468.067,-88.000,0.263,0.190,0.041,0.019,0.013,1
705574.500,1624210.700,516.000,516.932,-72.000,0.034,0.002,0.008,0.016,0.008,0
705583.600,1678226.700,452.000,454.700,-86.000,0.050,0.003,0.016,0.017,0.013,1
705599.100,1704488.700,414.000,410.080,-77.000,0.023,0.003,0.009,0.004,0.008,0
705673.100,1656780.200,473.000,473.188,-85.000,0.052,0.001,0.006,0.028,0.016,1
705693.100,1673070.500,448.000,448.835,-91.000,0.054,0.001,0.007,0.030,0.015,1
705720.600,1656260.400,472.000,473.515,-85.000,0.048,0.001,0.005,0.026,0.016,1
705723.200,1642183.800,472.000,472.863,-79.000,0.032,0.000,0.002,0.015,0.015,1
705772.500,1657732.700,475.000,477.589,-85.000,0.059,0.001,0.014,0.029,0.016,1
705794.900,1641354.400,473.000,474.387,-78.000,0.032,0.000,0.002,0.015,0.014,1
705799.300,1708529.900,401.000,407.197,-81.000,0.019,0.001,0.007,0.004,0.007,0
705908.900,1709482.700,395.000,398.759,-83.000,0.019,0.003,0.005,0.004,0.007,0
705957.100,1660014.000,486.000,486.169,-85.000,0.111,0.004,0.071,0.022,0.015,1
705988.200,1626239.300,522.000,524.297,-73.000,0.056,0.002,0.030,0.016,0.008,0
705995.100,1645627.800,463.000,465.494,-81.000,0.032,0.000,0.001,0.015,0.016,1
706083.300,1637837.700,489.000,491.749,-76.000,0.033,0.002,0.004,0.015,0.012,1
706087.300,1712339.600,391.000,394.318,-85.000,0.014,0.001,0.003,0.004,0.006,0
706096.500,1651350.100,463.000,458.129,-83.000,0.041,0.002,0.002,0.019,0.018,1
706138.100,1695794.800,431.000,431.297,-78.000,0.025,0.002,0.007,0.005,0.010,1
706145.300,1665593.300,483.000,483.975,-74.000,0.154,0.004,0.109,0.027,0.014,1
706195.600,1653586.400,463.000,460.631,-84.000,0.042,0.001,0.003,0.021,0.017,1
706236.300,1705269.000,418.000,415.848,-77.000,0.023,0.001,0.010,0.004,0.007,0
706261.100,1669578.300,461.000,461.331,-88.000,0.058,0.000,0.005,0.038,0.015,1
706275.600,1674071.600,451.000,452.630,-90.000,0.051,0.003,0.010,0.024,0.014,1
706305.600,1692642.100,414.000,414.775,-70.000,0.027,0.001,0.007,0.006,0.013,1
706335.000,1631056.200,544.000,546.458,-75.000,0.083,0.009,0.039,0.026,0.008,0
706379.000,1697689.300,418.000,417.217,-77.000,0.022,0.002,0.006,0.004,0.010,1
706396.400,1655248.100,467.000,466.768,-84.000,0.044,0.001,0.003,0.023,0.016,1
706437.200,1624096.300,515.000,517.431,-71.000,0.033,0.002,0.008,0.015,0.008,0
706446.800,1649416.400,457.000,456.562,-83.000,0.037,0.001,0.001,0.016,0.018,1
706460.800,1646539.200,464.000,461.691,-82.000,0.033,0.001,0.001,0.014,0.017,1
706463.200,1677194.100,454.000,456.445,-86.000,0.053,0.002,0.022,0.017,0.013,1
706520.400,1642113.100,471.000,471.341,-78.000,0.031,0.001,0.002,0.014,0.015,1
706529.900,1644758.100,467.000,465.665,-81.000,0.031,0.000,0.001,0.013,0.016,1
706569.500,1641405.300,471.000,472.933,-78.000,0.033,0.003,0.002,0.014,0.014,1
706608.500,1703269.200,412.000,408.724,-77.000,0.024,0.003,0.009,0.004,0.008,1
706677.800,1668652.400,460.000,459.220,-87.000,0.064,0.001,0.010,0.038,0.015,1
706681.800,1634578.200,505.000,504.474,-75.000,0.041,0.002,0.014,0.015,0.010,1
706681.900,1652096.600,458.000,458.379,-83.000,0.038,0.001,0.002,0.018,0.018,1
706738.300,1640554.600,478.000,476.313,-78.000,0.032,0.002,0.003,0.014,0.014,1
706784.200,1708826.500,402.000,403.401,-83.000,0.019,0.001,0.007,0.004,0.006,0
706836.700,1652861.600,456.000,458.572,-84.000,0.039,0.001,0.002,0.018,0.018,1
706859.900,1709967.100,387.000,391.737,-84.000,0.021,0.005,0.005,0.004,0.007,0
706874.900,1684147.800,435.000,440.502,-87.000,0.024,0.001,0.002,0.009,0.012,1
706932.100,1675217.200,450.000,453.845,-88.000,0.049,0.003,0.014,0.019,0.013,1
706933.900,1644086.600,466.000,467.395,-80.000,0.030,0.000,0.001,0.013,0.015,1
706946.500,1647627.900,462.000,461.602,-83.000,0.031,0.000,0.001,0.014,0.016,1
706966.500,1642814.200,466.000,467.671,-79.000,0.031,0.000,0.002,0.013,0.015,1
707018.900,1693356.800,416.000,414.789,-71.000,0.024,0.001,0.005,0.005,0.012,1
707048.700,1639506.000,477.000,477.577,-77.000,0.032,0.000,0.004,0.014,0.013,1
707059.400,1638255.600,488.000,487.112,-77.000,0.031,0.001,0.004,0.014,0.012,1
707091.400,1696079.900,425.000,426.307,-76.000,0.020,0.001,0.005,0.005,0.010,1
707113.700,1626890.700,526.000,526.206,-73.000,0.079,0.003,0.052,0.016,0.008,0
707119.600,1700141.800,409.000,410.949,-80.000,0.022,0.001,0.008,0.004,0.009,1
707127.800,1627754.000,524.000,527.251,-74.000,0.274,0.094,0.157,0.016,0.008,0
707232.100,1655642.700,470.000,468.779,-85.000,0.042,0.001,0.004,0.021,0.016,1
707234.700,1705278.000,414.000,409.276,-78.000,0.021,0.002,0.008,0.004,0.007,0
707300.900,1699080.900,411.000,410.539,-80.000,0.023,0.002,0.007,0.004,0.010,1
707301.600,1631363.200,531.000,532.364,-75.000,0.116,0.036,0.053,0.020,0.008,0
707322.700,1697841.600,413.000,412.719,-79.000,0.021,0.001,0.006,0.004,0.010,1
707374.700,1673782.400,443.000,446.866,-88.000,0.043,0.001,0.006,0.022,0.014,1
707383.800,1672742.200,443.000,446.343,-85.000,0.045,0.001,0.004,0.025,0.014,1
707395.500,1660358.600,474.000,480.253,-85.000,0.120,0.004,0.080,0.022,0.014,1
707405.200,1677634.000,450.000,451.510,-86.000,0.035,0.001,0.007,0.015,0.012,1
707426.800,1678840.500,446.000,446.715,-85.000,0.031,0.001,0.005,0.013,0.012,1
707429.000,1701561.100,414.000,410.862,-76.000,0.022,0.002,0.007,0.004,0.009,1
707452.300,1664929.600,479.000,483.596,-72.000,0.194,0.010,0.145,0.026,0.013,1
707456.600,1634640.200,515.000,515.011,-74.000,0.049,0.009,0.014,0.017,0.009,1
707471.100,1624127.200,518.000,520.494,-71.000,0.033,0.002,0.010,0.014,0.007,0
707562.400,1638614.000,481.000,483.519,-77.000,0.031,0.002,0.004,0.013,0.012,1
707579.700,1673695.700,440.000,446.830,-87.000,0.042,0.001,0.005,0.022,0.014,1
707593.400,1672146.500,449.000,448.755,-88.000,0.044,0.001,0.004,0.025,0.014,1
707605.700,1642332.800,474.000,472.404,-79.000,0.031,0.002,0.002,0.012,0.014,1
707625.300,1627514.800,521.000,522.371,-74.000,0.299,0.066,0.211,0.015,0.008,0
707631.500,1710095.800,385.000,389.107,-84.000,0.021,0.004,0.005,0.005,0.007,0
707643.100,1702835.800,410.000,411.312,-80.000,0.023,0.003,0.009,0.004,0.008,1
707659.400,1648563.800,460.000,459.018,-82.000,0.032,0.000,0.001,0.014,0.016,1
707696.300,1679971.700,440.000,441.967,-85.000,0.029,0.001,0.004,0.012,0.012,1
707711.100,1666082.900,471.000,469.903,-78.000,0.098,0.003,0.057,0.025,0.014,1
707711.600,1667256.000,462.000,459.252,-84.000,0.074,0.001,0.031,0.028,0.014,1
707741.600,1641559.300,470.000,472.954,-78.000,0.030,0.001,0.003,0.012,0.014,1
707750.900,1652902.700,461.000,455.177,-84.000,0.038,0.001,0.002,0.018,0.017,1
707764.400,1689257.500,435.000,437.944,-64.000,0.021,0.000,0.004,0.007,0.010,1
707782.800,1651707.800,451.000,452.465,-83.000,0.037,0.001,0.002,0.017,0.017,1
707816.200,1640397.900,479.000,480.559,-78.000,0.028,0.001,0.003,0.012,0.012,1
707890.800,1681069.000,434.000,434.905,-86.000,0.029,0.001,0.004,0.012,0.012,1
707892.800,1694128.200,408.000,410.986,-74.000,0.023,0.001,0.005,0.005,0.012,1
707900.300,1639380.500,482.000,481.832,-78.000,0.028,0.001,0.003,0.012,0.012,1
707935.100,1676067.200,447.000,449.072,-85.000,0.039,0.002,0.008,0.016,0.013,1
707958.300,1637654.600,485.000,488.141,-77.000,0.030,0.001,0.005,0.013,0.011,1
707987.100,1708748.800,390.000,393.897,-83.000,0.020,0.004,0.005,0.004,0.007,0
707994.300,1643453.800,470.000,469.479,-80.000,0.031,0.002,0.003,0.012,0.014,1
708024.600,1656059.100,458.000,460.775,-86.000,0.045,0.001,0.005,0.023,0.016,1
708043.300,1688097.900,443.000,441.438,-67.000,0.022,0.000,0.004,0.008,0.010,1
708066.600,1670900.100,446.000,448.319,-87.000,0.046,0.001,0.004,0.028,0.014,1
708192.300,1697871.500,420.000,417.752,-79.000,0.019,0.002,0.004,0.004,0.009,1
708203.100,1682211.700,433.000,431.928,-86.000,0.027,0.001,0.004,0.011,0.012,1
708257.500,1677287.300,450.000,451.089,-85.000,0.033,0.001,0.006,0.014,0.012,1
708290.900,1636539.800,497.000,499.200,-76.000,0.033,0.003,0.007,0.013,0.010,1
708315.700,1647341.000,457.000,458.161,-82.000,0.030,0.000,0.001,0.012,0.016,1
708340.600,1649432.800,455.000,454.221,-83.000,0.032,0.001,0.001,0.013,0.017,1
708379.600,1642461.200,473.000,475.896,-80.000,0.028,0.001,0.003,0.010,0.013,1
708422.900,1699699.700,414.000,409.954,-81.000,0.021,0.003,0.005,0.004,0.009,1
708506.500,1669786.200,452.000,454.134,-86.000,0.046,0.001,0.004,0.028,0.014,1
708530.900,1653529.200,458.000,458.594,-84.000,0.035,0.001,0.003,0.015,0.016,1
708556.800,1665304.500,478.000,478.657,-75.000,0.110,0.004,0.068,0.025,0.013,1
708558.100,1644222.300,465.000,464.332,-80.000,0.029,0.001,0.002,0.011,0.015,1
708593.500,1690249.900,434.000,432.904,-65.000,0.020,0.001,0.004,0.006,0.010,1
708600.400,1624347.100,513.000,511.988,-72.000,0.034,0.003,0.012,0.012,0.007,0
708603.700,1668525.400,448.000,450.511,-84.000,0.055,0.001,0.008,0.032,0.014,1
708608.200,1705356.700,411.000,405.389,-81.000,0.024,0.003,0.010,0.004,0.007,0
708616.700,1660933.600,489.000,491.101,-78.000,0.216,0.024,0.155,0.024,0.013,1
708632.900,1635579.900,508.000,505.840,-76.000,0.034,0.003,0.009,0.014,0.009,1
708636.100,1627711.600,514.000,514.606,-74.000,0.378,0.165,0.192,0.013,0.008,0
708641.800,1683632.200,433.000,431.418,-83.000,0.024,0.000,0.003,0.009,0.011,1
708693.500,1694677.600,411.000,409.463,-76.000,0.024,0.002,0.006,0.005,0.011,1
708706.400,1643260.800,467.000,468.298,-80.000,0.029,0.001,0.003,0.011,0.014,1
708856.200,1654472.700,457.000,457.616,-85.000,0.037,0.001,0.003,0.017,0.016,1
708906.500,1635073.200,501.000,500.698,-76.000,0.036,0.003,0.010,0.013,0.009,1
708913.200,1651640.100,452.000,450.738,-84.000,0.034,0.000,0.001,0.015,0.017,1
708922.000,1711015.000,383.000,378.824,-84.000,0.022,0.002,0.006,0.007,0.007,0
708929.600,1673010.400,439.000,439.428,-85.000,0.039,0.001,0.004,0.021,0.014,1
708933.400,1709753.400,390.000,383.044,-83.000,0.023,0.004,0.005,0.006,0.007,0
709013.100,1645122.700,458.000,459.147,-80.000,0.030,0.001,0.003,0.011,0.015,1
709015.800,1680249.000,441.000,442.386,-85.000,0.027,0.001,0.005,0.011,0.011,1
709038.500,1708813.600,389.000,382.060,-81.000,0.022,0.002,0.006,0.007,0.008,0
709062.700,1687033.500,442.000,442.637,-69.000,0.023,0.000,0.005,0.008,0.010,1
709096.200,1655327.000,458.000,456.573,-86.000,0.039,0.001,0.004,0.018,0.016,1
709103.500,1670367.000,446.000,451.290,-84.000,0.041,0.000,0.003,0.024,0.013,1
709107.000,1633049.800,514.000,515.247,-75.000,0.046,0.006,0.017,0.015,0.008,0
709129.600,1634178.800,508.000,508.612,-75.000,0.061,0.021,0.018,0.014,0.009,1
709136.100,1642124.700,477.000,478.396,-79.000,0.028,0.001,0.004,0.010,0.012,1
709137.200,1684710.100,435.000,437.127,-81.000,0.025,0.003,0.004,0.008,0.010,1
709164.200,1650004.500,450.000,451.486,-84.000,0.032,0.001,0.001,0.014,0.016,1
709186.700,1705483.700,408.000,400.955,-81.000,0.023,0.004,0.008,0.004,0.007,0
709232.400,1698046.900,423.000,423.620,-78.000,0.021,0.000,0.007,0.005,0.008,1
709246.000,1661536.800,484.000,490.254,-79.000,0.560,0.265,0.256,0.026,0.012,1
709253.900,1632265.300,515.000,519.071,-75.000,0.072,0.030,0.019,0.015,0.008,0
709266.600,1646906.700,460.000,456.073,-81.000,0.030,0.001,0.002,0.012,0.015,1
709271.900,1678037.800,449.000,448.070,-86.000,0.028,0.000,0.004,0.012,0.011,1
709274.100,1628668.800,509.000,510.765,-74.000,0.133,0.019,0.094,0.012,0.008,0
709277.200,1712080.600,390.000,380.653,-84.000,0.021,0.004,0.005,0.006,0.006,0
709298.100,1667812.200,452.000,452.073,-82.000,0.056,0.001,0.012,0.028,0.014,1
709331.600,1668886.000,448.000,446.614,-85.000,0.049,0.001,0.005,0.030,0.014,1
709342.300,1706093.800,400.000,393.098,-82.000,0.020,0.003,0.005,0.005,0.008,0
709363.200,1707333.500,389.000,386.739,-79.000,0.023,0.005,0.004,0.006,0.008,0
709401.500,1691186.700,429.000,427.702,-70.000,0.019,0.000,0.004,0.005,0.010,1
709420.000,1677098.500,443.000,446.501,-84.000,0.030,0.001,0.005,0.013,0.011,1
709463.000,1708164.500,386.000,382.734,-81.000,0.024,0.004,0.005,0.007,0.008,0
709569.600,1685621.500,430.000,433.751,-79.000,0.022,0.001,0.003,0.007,0.010,1
709578.800,1624565.800,506.000,507.166,-72.000,0.036,0.002,0.015,0.011,0.008,0
709590.900,1679634.300,444.000,447.007,-86.000,0.030,0.001,0.007,0.011,0.011,1
709622.700,1674853.700,439.000,440.458,-82.000,0.035,0.003,0.004,0.016,0.012,1
709668.600,1651392.200,449.000,449.954,-85.000,0.031,0.000,0.001,0.014,0.016,1
709714.600,1695793.500,409.000,409.597,-75.000,0.020,0.001,0.004,0.005,0.010,1
709766.100,1638998.300,488.000,490.429,-78.000,0.029,0.003,0.005,0.011,0.010,1
709799.200,1674357.200,432.000,433.085,-85.000,0.039,0.002,0.006,0.018,0.013,1
709811.900,1655908.700,461.000,458.883,-86.000,0.038,0.001,0.005,0.018,0.015,1
709816.300,1645583.400,461.000,461.806,-81.000,0.028,0.002,0.002,0.010,0.014,1
709819.600,1699623.700,412.000,412.890,-85.000,0.017,0.001,0.004,0.004,0.008,1
709877.400,1694411.600,412.000,407.269,-73.000,0.021,0.001,0.004,0.005,0.011,1
709878.000,1678773.700,444.000,447.817,-86.000,0.030,0.001,0.007,0.012,0.011,1
709880.800,1666367.600,456.000,457.267,-82.000,0.066,0.002,0.027,0.023,0.013,1
709883.900,1670871.900,448.000,444.564,-82.000,0.039,0.001,0.003,0.022,0.013,1
709967.400,1635657.900,496.000,495.745,-77.000,0.029,0.002,0.007,0.012,0.009,1
709989.100,1665073.700,466.000,467.674,-80.000,0.091,0.003,0.053,0.023,0.012,1
709994.100,1643714.700,470.000,471.045,-80.000,0.026,0.001,0.004,0.010,0.012,1
710013.700,1626594.700,512.000,514.130,-74.000,0.083,0.022,0.042,0.011,0.007,0
710041.900,1712961.900,380.000,375.558,-86.000,0.020,0.001,0.005,0.007,0.006,0
710073.100,1630933.300,504.000,502.206,-75.000,0.041,0.002,0.019,0.011,0.009,0
710089.100,1680402.500,448.000,447.225,-86.000,0.035,0.002,0.012,0.010,0.010,1
710090.100,1665816.100,462.000,462.224,-81.000,0.069,0.002,0.032,0.023,0.013,1
710098.400,1674559.100,433.000,434.409,-82.000,0.035,0.002,0.004,0.017,0.013,1
710114.400,1634851.300,492.000,495.673,-76.000,0.037,0.003,0.013,0.011,0.009,1
710125.400,1707340.500,389.000,383.166,-82.000,0.019,0.000,0.005,0.007,0.008,0
710134.900,1692056.600,426.000,423.863,-72.000,0.019,0.001,0.004,0.004,0.009,1
710161.100,1686755.600,436.000,435.748,-71.000,0.022,0.002,0.004,0.007,0.009,1
710180.300,1704839.700,394.000,387.162,-82.000,0.021,0.001,0.005,0.007,0.008,0
710195.000,1669734.700,446.000,448.013,-85.000,0.039,0.001,0.003,0.022,0.013,1
710208.700,1698155.300,414.000,416.515,-84.000,0.018,0.001,0.004,0.004,0.008,1
710211.000,1627448.600,507.000,510.123,-74.000,0.059,0.007,0.034,0.011,0.008,0
710241.000,1646251.200,461.000,463.695,-81.000,0.028,0.002,0.003,0.009,0.014,1
710262.300,1632705.600,506.000,507.494,-75.000,0.043,0.003,0.019,0.012,0.008,0
710295.300,1677781.400,444.000,445.472,-85.000,0.029,0.001,0.005,0.012,0.011,1
710308.000,1649660.300,452.000,449.301,-84.000,0.030,0.001,0.001,0.012,0.016,1
710328.700,1628777.500,499.000,500.347,-75.000,0.047,0.001,0.027,0.010,0.008,0
710331.700,1709434.100,391.000,384.349,-83.000,0.018,0.001,0.003,0.006,0.007,0
710332.300,1624627.600,499.000,502.316,-73.000,0.033,0.002,0.013,0.010,0.008,0
710335.200,1641637.100,469.000,473.301,-79.000,0.026,0.001,0.004,0.009,0.012,1
710362.900,1651973.800,450.000,449.069,-85.000,0.030,0.000,0.001,0.013,0.016,1
710406.000,1661713.100,477.000,477.343,-77.000,0.252,0.054,0.165,0.022,0.012,1
710472.400,1657862.300,459.000,459.441,-87.000,0.067,0.016,0.018,0.019,0.014,1
710476.300,1625414.600,500.000,503.719,-74.000,0.042,0.002,0.021,0.010,0.008,0
710517.400,1684180.200,428.000,425.301,-82.000,0.023,0.000,0.004,0.008,0.011,1
710526.700,1639436.500,483.000,480.150,-79.000,0.027,0.001,0.005,0.009,0.011,1
710545.000,1659379.200,456.000,458.898,-84.000,0.068,0.001,0.035,0.018,0.014,1
710579.200,1710543.000,389.000,385.751,-84.000,0.017,0.002,0.003,0.005,0.006,0
710619.000,1669218.400,441.000,444.028,-84.000,0.041,0.001,0.003,0.023,0.013,1
710641.500,1681126.700,447.000,445.849,-86.000,0.038,0.001,0.017,0.010,0.010,1
710642.900,1635995.800,492.000,494.661,-77.000,0.026,0.001,0.005,0.011,0.009,1
710647.600,1644074.600,464.000,465.699,-81.000,0.026,0.001,0.002,0.009,0.013,1
710654.000,1671321.400,440.000,445.893,-83.000,0.035,0.002,0.003,0.018,0.013,1
710688.900,1687811.800,428.000,429.993,-66.000,0.022,0.002,0.004,0.006,0.009,1
710698.900,1628316.000,501.000,499.076,-75.000,0.042,0.001,0.021,0.011,0.008,0
710709.800,1674697.400,430.000,435.890,-82.000,0.033,0.003,0.003,0.015,0.012,1
710722.800,1656304.100,457.000,458.816,-87.000,0.039,0.002,0.007,0.016,0.014,1
710725.000,1703970.300,397.000,393.762,-81.000,0.020,0.004,0.003,0.005,0.008,1
710737.800,1664327.800,467.000,465.951,-79.000,0.103,0.003,0.066,0.021,0.012,1
710748.300,1630076.000,506.000,504.652,-75.000,0.037,0.003,0.015,0.011,0.008,0
710869.900,1696302.000,408.000,408.799,-80.000,0.019,0.003,0.003,0.004,0.009,1
710925.900,1668568.100,439.000,443.398,-87.000,0.044,0.003,0.004,0.024,0.013,1
710933.400,1698770.600,410.000,408.882,-86.000,0.018,0.002,0.003,0.004,0.008,1
711001.300,1646689.500,464.000,462.880,-81.000,0.027,0.001,0.004,0.009,0.013,0
711001.900,1711266.300,386.000,384.005,-85.000,0.017,0.002,0.004,0.006,0.006,0
711004.200,1694521.400,413.000,409.216,-79.000,0.020,0.002,0.003,0.004,0.010,0
711014.000,1642794.000,468.000,468.936,-80.000,0.026,0.002,0.003,0.009,0.012,0
711074.700,1634638.400,489.000,489.800,-77.000,0.032,0.001,0.010,0.011,0.009,0
711078.400,1688689.600,426.000,424.426,-68.000,0.021,0.002,0.004,0.005,0.010,0
711079.400,1636564.000,495.000,497.766,-77.000,0.026,0.001,0.005,0.011,0.009,0
711092.800,1675154.500,436.000,431.086,-83.000,0.034,0.002,0.004,0.015,0.013,0
711100.600,1652511.500,447.000,445.846,-85.000,0.032,0.001,0.001,0.013,0.016,0
711160.400,1649402.200,450.000,452.650,-84.000,0.027,0.001,0.002,0.010,0.015,0
711184.100,1633200.600,497.000,496.383,-77.000,0.042,0.007,0.015,0.011,0.009,0
711190.700,1641058.100,476.000,479.664,-78.000,0.026,0.001,0.005,0.009,0.011,0
711195.400,1698308.100,411.000,411.972,-85.000,0.016,0.001,0.004,0.004,0.008,0
711210.000,1657171.700,460.000,458.649,-86.000,0.045,0.002,0.012,0.017,0.014,0
711211.000,1663114.600,463.000,465.817,-80.000,0.211,0.055,0.123,0.020,0.012,0
711266.500,1703466.200,396.000,390.470,-81.000,0.022,0.004,0.004,0.006,0.008,0
711268.600,1644445.200,460.000,460.825,-81.000,0.025,0.001,0.002,0.009,0.013,0
711306.400,1708491.200,397.000,393.572,-83.000,0.015,0.001,0.003,0.005,0.006,0
711319.500,1639875.100,477.000,475.544,-79.000,0.026,0.001,0.006,0.009,0.011,0
711386.900,1697324.900,411.000,408.666,-84.000,0.018,0.002,0.003,0.004,0.009,0
711428.700,1682030.300,438.000,438.982,-86.000,0.030,0.003,0.010,0.008,0.010,0
711430.300,1674681.700,429.000,431.949,-83.000,0.031,0.002,0.002,0.015,0.012,0
711446.300,1648707.500,454.000,451.851,-83.000,0.027,0.001,0.002,0.010,0.014,0
711456.500,1675345.900,438.000,430.330,-83.000,0.034,0.004,0.004,0.014,0.012,0
711487.100,1689833.200,414.000,419.127,-72.000,0.021,0.003,0.003,0.005,0.009,0
711533.600,1659498.600,453.000,453.614,-83.000,0.055,0.002,0.022,0.017,0.014,0
711536.500,1712654.600,385.000,383.573,-87.000,0.019,0.001,0.006,0.006,0.006,0
711537.100,1624826.200,494.000,496.394,-74.000,0.029,0.003,0.009,0.010,0.008,0
711573.000,1636745.400,497.000,499.621,-77.000,0.029,0.001,0.008,0.012,0.009,0
711602.300,1698433.600,409.000,410.318,-86.000,0.016,0.001,0.003,0.004,0.008,0
711628.300,1662155.500,465.000,467.998,-80.000,0.097,0.006,0.060,0.020,0.012,0
711628.300,1669382.300,434.000,443.325,-80.000,0.036,0.001,0.003,0.020,0.013,0
711629.800,1700127.200,391.000,399.200,-84.000,0.019,0.001,0.004,0.005,0.008,0
711642.300,1685739.700,422.000,422.361,-76.000,0.021,0.001,0.003,0.007,0.010,0
711648.700,1645278.600,457.000,455.382,-81.000,0.028,0.001,0.004,0.009,0.014,0
711663.200,1664269.600,455.000,458.128,-81.000,0.070,0.002,0.036,0.020,0.012,0
711713.500,1629309.700,494.000,494.865,-75.000,0.032,0.003,0.010,0.010,0.008,0
711740.200,1660452.200,459.000,459.857,-81.000,0.060,0.002,0.029,0.017,0.013,0
711751.100,1667668.000,442.000,441.988,-82.000,0.043,0.001,0.007,0.022,0.013,0
711774.100,1674695.800,428.000,429.726,-83.000,0.031,0.001,0.003,0.015,0.012,0
711789.100,1670634.400,431.000,447.083,-81.000,0.033,0.001,0.004,0.016,0.012,0
711842.600,1690910.000,411.000,412.125,-75.000,0.020,0.001,0.004,0.005,0.010,0
711900.900,1637423.300,491.000,495.258,-78.000,0.029,0.004,0.006,0.010,0.009,0
711937.300,1646730.900,455.000,456.299,-82.000,0.025,0.001,0.002,0.008,0.014,0
711958.900,1634491.200,483.000,483.899,-77.000,0.030,0.002,0.009,0.010,0.010,0
711992.800,1642880.100,469.000,469.737,-81.000,0.024,0.001,0.004,0.008,0.012,0
712018.900,1644806.000,458.000,461.269,-81.000,0.025,0.002,0.002,0.008,0.013,0
712023.800,1661229.400,463.000,463.134,-80.000,0.082,0.023,0.030,0.017,0.013,0
712034.400,1694619.300,411.000,409.334,-81.000,0.019,0.002,0.003,0.004,0.009,0
712042.400,1657931.600,451.000,448.992,-85.000,0.041,0.001,0.009,0.016,0.015,0
712043.700,1678184.400,443.000,441.916,-85.000,0.036,0.006,0.010,0.009,0.010,0
712079.300,1693236.300,413.000,409.230,-80.000,0.019,0.001,0.004,0.004,0.010,0
712091.400,1640247.100,472.000,473.666,-79.000,0.025,0.001,0.004,0.008,0.011,0
712119.100,1633419.000,489.000,491.037,-77.000,0.049,0.021,0.009,0.010,0.009,0
712138.500,1709052.200,398.000,393.874,-85.000,0.015,0.001,0.003,0.005,0.006,0
712141.500,1640668.100,476.000,474.423,-80.000,0.023,0.001,0.004,0.008,0.011,0
712169.500,1684482.800,423.000,426.407,-79.000,0.020,0.001,0.003,0.007,0.010,0
712180.300,1683287.700,428.000,430.814,-82.000,0.021,0.001,0.004,0.007,0.010,0
712184.000,1694709.200,408.000,407.576,-79.000,0.019,0.002,0.003,0.004,0.009,0
712256.600,1654414.200,448.000,445.119,-86.000,0.032,0.001,0.003,0.012,0.015,0
712272.600,1645328.400,456.000,457.960,-81.000,0.025,0.002,0.003,0.008,0.013,0
712311.800,1655466.100,455.000,453.141,-83.000,0.034,0.003,0.004,0.012,0.014,0
712315.200,1649025.100,448.000,448.128,-84.000,0.028,0.002,0.002,0.009,0.015,0
712332.600,1662781.600,458.000,460.612,-83.000,0.064,0.001,0.032,0.018,0.012,0
712343.200,1672387.900,440.000,439.133,-82.000,0.029,0.000,0.003,0.013,0.012,0
712384.900,1656916.500,456.000,455.845,-84.000,0.034,0.001,0.006,0.013,0.013,0
712393.300,1703531.800,397.000,394.188,-81.000,0.016,0.001,0.002,0.005,0.007,0
712410.700,1660059.800,454.000,456.376,-85.000,0.047,0.002,0.018,0.015,0.013,0
712432.500,1679172.900,436.000,439.441,-85.000,0.057,0.003,0.034,0.009,0.010,0
712448.600,1659429.300,445.000,449.993,-87.000,0.045,0.002,0.014,0.015,0.014,0
712478.000,1652512.600,440.000,442.376,-85.000,0.028,0.000,0.001,0.011,0.015,0
712509.100,1651428.400,442.000,442.622,-85.000,0.028,0.000,0.002,0.011,0.015,0
712526.700,1645806.500,457.000,454.560,-81.000,0.026,0.002,0.003,0.008,0.013,0
712546.600,1682007.200,432.000,433.882,-84.000,0.027,0.002,0.009,0.007,0.010,0
712549.600,1670962.100,436.000,442.070,-84.000,0.030,0.001,0.003,0.014,0.012,0
712552.300,1689654.700,412.000,414.053,-74.000,0.020,0.002,0.004,0.005,0.010,0
712553.200,1700135.600,402.000,401.747,-84.000,0.019,0.003,0.003,0.004,0.008,0
712572.400,1666026.400,451.000,455.722,-82.000,0.047,0.004,0.014,0.017,0.012,0
712598.200,1664344.400,448.000,446.669,-84.000,0.055,0.001,0.023,0.018,0.013,0
712612.800,1629926.300,491.000,489.382,-75.000,0.027,0.001,0.007,0.010,0.009,0
712648.300,1709654.500,397.000,389.178,-85.000,0.015,0.001,0.003,0.006,0.006,0
712666.800,1675843.800,433.000,425.977,-86.000,0.032,0.002,0.005,0.012,0.012,0
712728.300,1669015.900,441.000,439.306,-83.000,0.035,0.003,0.003,0.017,0.013,0
712743.500,1658922.800,444.000,446.729,-85.000,0.041,0.001,0.011,0.015,0.014,0
712750.000,1644901.000,461.000,461.863,-80.000,0.023,0.001,0.003,0.007,0.012,0
712766.400,1650323.900,450.000,450.729,-84.000,0.027,0.002,0.003,0.008,0.014,0
712785.500,1640884.000,470.000,469.943,-80.000,0.023,0.001,0.004,0.008,0.011,0
712793.500,1712522.400,380.000,374.075,-87.000,0.026,0.004,0.007,0.009,0.006,0
712805.200,1674804.700,426.000,427.748,-82.000,0.027,0.000,0.003,0.012,0.012,0
712829.900,1638294.700,484.000,486.438,-78.000,0.028,0.003,0.007,0.009,0.009,0
712830.500,1686237.500,421.000,423.731,-72.000,0.021,0.002,0.003,0.006,0.009,0
712925.000,1640940.600,467.000,469.282,-80.000,0.023,0.001,0.004,0.008,0.011,0
712986.000,1671441.900,437.000,439.723,-83.000,0.029,0.001,0.003,0.013,0.012,0
713063.200,1647205.700,449.000,450.975,-82.000,0.025,0.001,0.002,0.008,0.013,0
713068.400,1642978.200,461.000,463.185,-81.000,0.024,0.002,0.003,0.007,0.012,0
713087.600,1673291.100,433.000,436.591,-83.000,0.028,0.001,0.004,0.012,0.012,0
713094.000,1693865.300,407.000,406.307,-82.000,0.042,0.008,0.020,0.004,0.009,0
713096.300,1665167.800,448.000,448.453,-83.000,0.044,0.003,0.013,0.016,0.012,0
713118.800,1680529.300,434.000,435.079,-83.000,0.039,0.001,0.021,0.008,0.010,0
713119.200,1642104.300,471.000,468.279,-80.000,0.023,0.001,0.003,0.007,0.011,0
713119.900,1633494.300,483.000,482.618,-77.000,0.029,0.002,0.008,0.010,0.009,0
713168.700,1692737.100,412.000,410.168,-80.000,0.022,0.002,0.006,0.004,0.009,0
713195.400,1649287.400,443.000,443.123,-84.000,0.029,0.002,0.003,0.010,0.015,0
713263.300,1663332.200,448.000,450.718,-86.000,0.046,0.001,0.015,0.017,0.012,0
713296.700,1698692.600,396.000,399.363,-83.000,0.017,0.002,0.002,0.005,0.008,0
713432.700,1711875.300,386.000,380.008,-86.000,0.020,0.001,0.005,0.008,0.006,0
713435.000,1710469.700,386.000,381.282,-87.000,0.018,0.001,0.003,0.008,0.006,0
713438.400,1625451.500,488.000,492.874,-74.000,0.026,0.003,0.005,0.009,0.008,0
713472.800,1630110.900,488.000,486.400,-75.000,0.025,0.002,0.004,0.010,0.009,0
713478.200,1703475.400,406.000,401.133,-83.000,0.015,0.001,0.003,0.004,0.007,0
713496.700,1690947.200,424.000,421.633,-78.000,0.017,0.001,0.004,0.004,0.009,0
713523.200,1679791.500,438.000,435.140,-81.000,0.030,0.001,0.012,0.008,0.010,0
713545.300,1695009.400,404.000,405.801,-83.000,0.025,0.002,0.009,0.004,0.009,0
713566.200,1657159.500,451.000,448.221,-85.000,0.031,0.001,0.004,0.012,0.013,0
713572.300,1664862.200,440.000,442.070,-86.000,0.043,0.002,0.012,0.017,0.013,0
713588.100,1647487.000,450.000,448.316,-82.000,0.026,0.002,0.002,0.008,0.013,0
713601.500,1650807.300,448.000,448.967,-85.000,0.025,0.000,0.003,0.007,0.014,0
713633.000,1638788.800,479.000,480.750,-79.000,0.024,0.002,0.005,0.007,0.010,0
713673.500,1659584.100,442.000,443.159,-86.000,0.038,0.001,0.008,0.014,0.014,0
713708.900,1653231.900,438.000,439.109,-86.000,0.027,0.000,0.002,0.010,0.015,0
713717.800,1674934.700,422.000,423.541,-79.000,0.028,0.001,0.004,0.011,0.013,0
713729.400,1658145.900,445.000,442.507,-85.000,0.035,0.002,0.006,0.013,0.014,0
713753.400,1689887.100,422.000,423.187,-78.000,0.017,0.001,0.003,0.005,0.008,0
713761.300,1644954.200,457.000,459.815,-81.000,0.022,0.001,0.003,0.006,0.012,0
713766.200,1640770.900,466.000,468.990,-80.000,0.022,0.001,0.004,0.007,0.011,0
713813.800,1635403.900,482.000,482.879,-77.000,0.023,0.001,0.004,0.008,0.009,0
713819.600,1686180.100,435.000,433.457,-72.000,0.021,0.000,0.006,0.006,0.008,0
713855.100,1646504.400,449.000,449.492,-81.000,0.025,0.001,0.003,0.008,0.013,0
713894.000,1674471.500,424.000,428.051,-79.000,0.026,0.002,0.002,0.010,0.012,0
713912.900,1627835.000,485.000,489.240,-75.000,0.033,0.010,0.005,0.009,0.009,0
713924.800,1669878.800,446.000,433.964,-83.000,0.030,0.001,0.003,0.013,0.013,0
713925.300,1628875.400,482.000,483.863,-76.000,0.025,0.001,0.005,0.010,0.009,0
713951.900,1696352.300,403.000,403.040,-83.000,0.018,0.002,0.003,0.004,0.008,0
714100.700,1663505.700,438.000,442.995,-87.000,0.039,0.001,0.008,0.017,0.013,0
714105.100,1636546.400,495.000,494.093,-79.000,0.032,0.003,0.010,0.009,0.009,0
714113.400,1656124.000,445.000,442.385,-83.000,0.029,0.001,0.003,0.011,0.014,0
714206.700,1626277.200,482.000,481.953,-74.000,0.027,0.001,0.007,0.010,0.009,0
714210.900,1645234.900,459.000,456.757,-81.000,0.023,0.002,0.003,0.006,0.012,0
714246.900,1630261.600,480.000,484.160,-76.000,0.024,0.002,0.004,0.009,0.009,0
714253.500,1624639.700,491.000,493.076,-75.000,0.030,0.007,0.007,0.008,0.008,0
714257.600,1675858.200,431.000,422.615,-85.000,0.031,0.003,0.007,0.010,0.012,0
714269.300,1680473.400,429.000,429.665,-77.000,0.024,0.002,0.007,0.006,0.010,0
714279.100,1631501.400,487.000,485.628,-77.000,0.023,0.000,0.005,0.009,0.009,0
714283.900,1655107.400,442.000,444.427,-83.000,0.028,0.001,0.004,0.009,0.014,0
714294.600,1639458.600,474.000,474.902,-80.000,0.022,0.002,0.004,0.007,0.010,0
714305.100,1633427.300,471.000,474.963,-77.000,0.026,0.001,0.005,0.009,0.010,0
714308.400,1675006.500,420.000,423.401,-73.000,0.028,0.002,0.003,0.010,0.012,0
714373.200,1692593.200,416.000,417.884,-81.000,0.017,0.001,0.004,0.004,0.008,0
714381.700,1627197.300,481.000,484.674,-75.000,0.025,0.002,0.005,0.009,0.009,0
714382.300,1632000.300,482.000,482.172,-77.000,0.025,0.002,0.004,0.009,0.009,0
714519.200,1709306.600,391.000,383.514,-87.000,0.019,0.001,0.004,0.008,0.006,0
714537.500,1650826.700,446.000,446.557,-84.000,0.025,0.001,0.004,0.007,0.014,0
714545.600,1711088.700,375.000,372.117,-88.000,0.030,0.003,0.009,0.011,0.007,0
714599.300,1625738.400,487.000,489.039,-74.000,0.025,0.002,0.006,0.008,0.008,0
714613.600,1697963.200,400.000,401.511,-84.000,0.015,0.001,0.002,0.004,0.008,0
714649.800,1698705.100,403.000,402.773,-83.000,0.015,0.001,0.002,0.004,0.007,0
714706.000,1697266.800,406.000,406.088,-83.000,0.016,0.002,0.003,0.004,0.008,0
714746.500,1667019.900,446.000,442.184,-80.000,0.031,0.001,0.006,0.013,0.012,0
714783.900,1708545.400,382.000,384.454,-88.000,0.021,0.003,0.004,0.008,0.006,0
714851.900,1701230.300,392.500,399.605,-85.000,0.015,0.001,0.002,0.004,0.007,0
714853.200,1649224.800,443.000,443.131,-82.000,0.024,0.001,0.002,0.007,0.014,0
714860.900,1660325.300,444.000,443.244,-87.000,0.032,0.001,0.005,0.013,0.013,0
714875.400,1704484.400,393.500,395.991,-85.000,0.016,0.001,0.003,0.005,0.006,0
714878.900,1633089.300,469.000,474.840,-77.000,0.025,0.003,0.004,0.009,0.010,0
714880.400,1674757.200,428.000,424.741,-81.000,0.025,0.001,0.003,0.009,0.012,0
714881.600,1665161.800,435.000,437.287,-85.000,0.034,0.001,0.005,0.015,0.013,0
714884.800,1674281.300,426.000,428.273,-74.000,0.024,0.001,0.003,0.009,0.011,0
714918.100,1635944.900,482.000,484.274,-79.000,0.024,0.003,0.005,0.008,0.009,0
714918.100,1706820.100,383.500,385.955,-87.000,0.018,0.001,0.003,0.007,0.006,0
714931.800,1698397.800,407.000,405.724,-84.000,0.015,0.001,0.003,0.004,0.007,0
714979.600,1683888.700,418.500,417.979,-75.000,0.021,0.001,0.004,0.006,0.010,0
714998.500,1662949.400,441.000,440.156,-87.000,0.034,0.001,0.005,0.015,0.013,0
714999.600,1658068.800,441.000,440.906,-84.000,0.029,0.001,0.003,0.011,0.014,0
715024.600,1688349.300,414.000,416.249,-77.000,0.017,0.001,0.003,0.005,0.009,0
715041.300,1673618.700,427.500,425.586,-77.000,0.025,0.001,0.002,0.010,0.012,0
715048.200,1698587.000,405.000,406.807,-84.000,0.016,0.001,0.004,0.004,0.007,0
715063.100,1709688.000,373.000,373.593,-89.000,0.034,0.006,0.008,0.013,0.007,0
715096.500,1654483.900,440.000,436.906,-84.000,0.033,0.002,0.007,0.009,0.014,0
715100.900,1703324.400,395.000,392.460,-85.000,0.017,0.001,0.003,0.005,0.007,0
715120.900,1671959.300,409.000,426.405,-81.000,0.026,0.001,0.003,0.011,0.012,0
715128.900,1689855.400,411.000,414.489,-77.000,0.016,0.001,0.002,0.004,0.008,0
715130.300,1657881.800,445.000,442.111,-84.000,0.029,0.001,0.004,0.011,0.013,0
715147.700,1674914.500,421.000,422.440,-69.000,0.026,0.001,0.003,0.009,0.012,0
715179.000,1711072.500,378.000,376.516,-89.000,0.028,0.005,0.007,0.010,0.006,0
715208.000,1713718.000,387.500,391.261,-91.000,0.029,0.001,0.019,0.006,0.004,0
715210.000,1707752.500,384.000,384.253,-88.000,0.020,0.002,0.004,0.008,0.006,0
715214.900,1712976.500,384.500,383.665,-90.000,0.029,0.003,0.013,0.007,0.005,0
715223.100,1699418.700,404.500,405.435,-85.000,0.015,0.001,0.003,0.004,0.007,0
715244.300,1645222.000,447.000,449.229,-80.000,0.024,0.001,0.003,0.007,0.013,0
715258.700,1643617.400,462.000,458.430,-80.000,0.020,0.000,0.002,0.006,0.011,0
715277.200,1706303.200,388.000,385.985,-87.000,0.018,0.001,0.003,0.007,0.007,0
715279.200,1654507.700,464.000,436.497,-83.000,0.033,0.003,0.006,0.009,0.014,0
715378.900,1669604.300,430.000,426.965,-81.000,0.029,0.002,0.003,0.012,0.013,0
715405.100,1701788.900,395.000,394.346,-85.000,0.016,0.001,0.003,0.005,0.007,0
715425.000,1631013.500,479.000,477.507,-77.000,0.022,0.002,0.003,0.008,0.009,0
715443.000,1642268.900,452.000,458.303,-80.000,0.021,0.001,0.003,0.006,0.012,0
715456.800,1681070.900,424.500,423.798,-72.000,0.020,0.001,0.004,0.005,0.010,0
715502.000,1676146.300,426.500,426.301,-63.000,0.030,0.006,0.006,0.007,0.011,0
715521.600,1705420.100,386.000,387.477,-87.000,0.017,0.001,0.003,0.007,0.006,0
715533.200,1698403.300,406.500,405.467,-84.000,0.014,0.001,0.003,0.004,0.007,0
715535.000,1665455.500,437.500,436.937,-84.000,0.030,0.001,0.004,0.012,0.013,0
715542.200,1703206.800,389.500,391.624,-85.000,0.017,0.002,0.003,0.006,0.007,0
715593.000,1691951.500,407.000,410.688,-81.000,0.016,0.001,0.002,0.004,0.008,0
715600.200,1700440.400,402.500,403.868,-85.000,0.016,0.001,0.005,0.004,0.006,0
715611.100,1708486.700,375.000,375.961,-89.000,0.026,0.001,0.007,0.012,0.007,0
715632.400,1693490.200,413.000,412.819,-82.000,0.015,0.001,0.003,0.004,0.008,0
715639.200,1640798.700,433.000,464.974,-81.000,0.020,0.001,0.003,0.006,0.011,0
715705.000,1712217.400,375.500,378.975,-90.000,0.028,0.002,0.012,0.009,0.005,0
715708.400,1625792.400,482.000,487.476,-75.000,0.026,0.003,0.008,0.007,0.008,0
715710.800,1685002.200,421.500,423.528,-74.000,0.018,0.001,0.004,0.005,0.009,0
715717.500,1678428.100,418.000,425.272,-64.000,0.022,0.001,0.004,0.006,0.010,0
715719.200,1700341.900,397.000,404.603,-85.000,0.017,0.001,0.005,0.004,0.006,0
715833.200,1639572.000,472.000,471.567,-81.000,0.020,0.001,0.004,0.006,0.010,0
715845.600,1697144.500,406.500,406.088,-83.000,0.015,0.001,0.003,0.004,0.007,0
715906.700,1663610.600,431.000,433.904,-86.000,0.031,0.001,0.004,0.013,0.013,0
715910.800,1646511.800,450.000,446.547,-80.000,0.024,0.003,0.002,0.006,0.013,0
715926.300,1661452.700,439.500,443.740,-87.000,0.031,0.002,0.006,0.011,0.012,0
715930.500,1709906.400,377.500,379.257,-89.000,0.024,0.001,0.006,0.011,0.006,0
715935.800,1628074.300,477.000,480.170,-76.000,0.023,0.002,0.004,0.008,0.009,0
715966.500,1637913.200,473.000,475.525,-81.000,0.021,0.002,0.004,0.006,0.010,0
715981.200,1704494.700,385.500,387.712,-87.000,0.017,0.000,0.002,0.007,0.007,0
716002.300,1711412.300,381.500,379.137,-89.000,0.028,0.003,0.010,0.010,0.005,0
716002.600,1685989.800,420.000,422.375,-76.000,0.017,0.001,0.004,0.004,0.008,0
716009.000,1692265.200,409.500,407.912,-82.000,0.016,0.001,0.003,0.004,0.008,0
716041.400,1710682.200,377.000,378.653,-90.000,0.025,0.001,0.009,0.011,0.006,0
716059.900,1696039.800,406.500,408.259,-84.000,0.015,0.001,0.003,0.004,0.007,0
716077.900,1703333.500,390.500,388.031,-87.000,0.017,0.001,0.003,0.007,0.007,0
716097.100,1701275.100,395.000,394.699,-86.000,0.017,0.002,0.003,0.005,0.007,0
716300.100,1702538.700,385.500,389.020,-86.000,0.018,0.001,0.003,0.007,0.007,0
716347.800,1655314.200,439.000,443.086,-83.000,0.026,0.002,0.005,0.007,0.013,0
716442.500,1709114.300,378.000,377.351,-89.000,0.029,0.004,0.006,0.013,0.006,0
716457.900,1701732.200,390.000,389.663,-85.000,0.019,0.002,0.003,0.006,0.007,0
716465.300,1713541.600,383.000,384.221,-93.000,0.045,0.001,0.031,0.008,0.004,0
716468.400,1647933.400,447.000,441.500,-80.000,0.022,0.000,0.003,0.007,0.013,0
716488.000,1698511.800,399.000,400.028,-85.000,0.015,0.001,0.003,0.004,0.007,0
716493.100,1632008.100,467.000,469.800,-78.000,0.025,0.003,0.005,0.008,0.010,0
716500.300,1670444.600,424.000,423.417,-80.000,0.026,0.002,0.003,0.009,0.012,0
716505.600,1712678.700,385.500,381.532,-92.000,0.035,0.002,0.019,0.009,0.005,0
716526.200,1687466.700,411.500,416.731,-76.000,0.016,0.001,0.003,0.004,0.008,0
716542.100,1692701.800,408.000,406.353,-82.000,0.016,0.001,0.003,0.004,0.008,0
716604.700,1702109.900,386.500,386.580,-85.000,0.019,0.001,0.004,0.007,0.007,0
716637.700,1707765.800,377.500,377.613,-89.000,0.023,0.000,0.004,0.012,0.007,0
716645.400,1668686.200,431.500,433.496,-79.000,0.028,0.002,0.006,0.008,0.012,0
716657.300,1705674.200,384.500,383.556,-88.000,0.018,0.000,0.002,0.009,0.007,0
716667.800,1695348.200,408.500,407.726,-83.000,0.015,0.001,0.003,0.004,0.007,0
716680.500,1693987.000,407.000,406.806,-82.000,0.015,0.001,0.002,0.004,0.008,0
716685.500,1711817.100,384.500,384.038,-91.000,0.028,0.001,0.013,0.009,0.005,0
716705.800,1674995.200,413.500,416.384,-65.000,0.025,0.001,0.004,0.008,0.012,0
716756.500,1636260.100,472.000,472.701,-81.000,0.021,0.002,0.004,0.006,0.009,0
716786.900,1632873.900,468.000,464.081,-78.000,0.025,0.001,0.006,0.009,0.010,0
716797.300,1690667.700,409.000,410.417,-80.000,0.015,0.001,0.003,0.003,0.008,0
716799.900,1657653.500,428.000,429.586,-85.000,0.028,0.001,0.003,0.010,0.014,0
716852.900,1671853.400,422.000,426.751,-79.000,0.023,0.001,0.003,0.008,0.011,0
716868.000,1640621.600,461.000,464.489,-80.000,0.019,0.001,0.003,0.005,0.010,0
716901.800,1695593.800,406.500,406.889,-84.000,0.015,0.001,0.003,0.004,0.007,0
716916.300,1710103.800,382.500,382.296,-90.000,0.033,0.002,0.015,0.012,0.006,0
716929.800,1689130.600,406.500,405.694,-79.000,0.018,0.001,0.004,0.004,0.009,0
716930.300,1682124.800,419.000,418.851,-69.000,0.020,0.001,0.004,0.005,0.009,0
716951.200,1679856.100,413.000,414.712,-64.000,0.022,0.001,0.004,0.007,0.010,0
716954.300,1627408.300,470.000,473.205,-76.000,0.029,0.000,0.010,0.008,0.009,0
716959.500,1711211.000,382.500,381.240,-90.000,0.034,0.001,0.018,0.010,0.005,0
716963.000,1639637.500,474.000,466.997,-81.000,0.019,0.001,0.003,0.005,0.010,0
716975.700,1625006.900,481.000,478.866,-75.000,0.026,0.002,0.008,0.008,0.009,0
716983.200,1644562.600,449.000,450.129,-79.000,0.022,0.002,0.002,0.006,0.012,0
717041.500,1630906.200,475.000,472.256,-78.000,0.021,0.001,0.003,0.008,0.009,0
717084.600,1704759.600,382.500,383.597,-88.000,0.019,0.001,0.002,0.009,0.007,0
717086.000,1691965.300,406.500,408.338,-82.000,0.017,0.002,0.003,0.004,0.008,0
717087.000,1704505.100,377.500,382.125,-86.000,0.020,0.000,0.002,0.010,0.007,0
717108.900,1662703.000,433.500,435.053,-86.000,0.026,0.001,0.004,0.010,0.012,0
717112.600,1649289.400,435.000,437.485,-80.000,0.024,0.001,0.003,0.007,0.013,0
717142.900,1645947.400,448.000,444.417,-79.000,0.022,0.001,0.003,0.006,0.012,0
717151.100,1706818.900,379.000,380.092,-89.000,0.021,0.000,0.003,0.011,0.007,0
717165.900,1624211.800,482.000,482.454,-75.000,0.025,0.003,0.006,0.007,0.009,0
717179.000,1694666.700,407.500,406.890,-84.000,0.015,0.001,0.003,0.003,0.007,0
717190.500,1693438.300,410.500,408.710,-83.000,0.014,0.000,0.003,0.003,0.008,0
717226.700,1702204.300,385.500,384.278,-87.000,0.019,0.000,0.003,0.008,0.007,0
717268.600,1690827.100,399.500,408.330,-86.000,0.015,0.001,0.003,0.003,0.008,0
717273.000,1697257.500,397.000,396.569,-85.000,0.016,0.001,0.003,0.005,0.007,0
717321.900,1626050.300,474.000,477.361,-75.000,0.026,0.003,0.006,0.007,0.009,0
717340.700,1702637.000,386.000,382.873,-87.000,0.020,0.000,0.003,0.009,0.007,0
717366.500,1712443.300,388.500,387.784,-93.000,0.035,0.000,0.022,0.008,0.004,0
717372.000,1660978.900,434.500,432.125,-87.000,0.027,0.002,0.003,0.009,0.013,0
717413.500,1656430.600,435.000,435.301,-84.000,0.023,0.001,0.002,0.007,0.013,0
717427.900,1693318.800,405.000,407.698,-83.000,0.014,0.001,0.003,0.003,0.007,0
717432.300,1708880.100,378.000,380.592,-89.000,0.030,0.001,0.011,0.012,0.006,0
717436.600,1699284.400,395.000,394.167,-86.000,0.016,0.001,0.003,0.005,0.007,0
717444.000,1698487.600,394.500,393.469,-85.000,0.017,0.001,0.003,0.005,0.007,0
717444.500,1707585.300,377.500,376.891,-89.000,0.026,0.001,0.005,0.013,0.007,0
717460.000,1689877.000,409.000,407.067,-81.000,0.016,0.001,0.003,0.004,0.008,0
717461.800,1689688.900,410.000,406.512,-80.000,0.017,0.002,0.003,0.004,0.008,0
717471.800,1642906.900,448.000,452.404,-79.000,0.019,0.001,0.002,0.005,0.011,0
717475.900,1713363.000,387.000,389.067,-93.000,0.063,0.002,0.050,0.008,0.004,0
717504.200,1665340.700,425.500,426.605,-83.000,0.026,0.001,0.003,0.009,0.013,0
717511.300,1691294.200,406.000,405.447,-81.000,0.016,0.001,0.003,0.004,0.008,0
717559.900,1686070.700,416.000,413.902,-78.000,0.017,0.001,0.004,0.004,0.009,0
717614.700,1698610.900,393.500,392.214,-84.000,0.017,0.001,0.003,0.006,0.007,0
717615.100,1673155.300,415.000,416.990,-72.000,0.024,0.001,0.003,0.008,0.012,0
717620.000,1710597.400,388.000,411.172,-90.000,0.321,0.244,0.066,0.008,0.003,0
717683.600,1701566.600,385.500,385.391,-87.000,0.018,0.000,0.003,0.008,0.007,0
717727.900,1705994.200,378.000,382.104,-89.000,0.021,0.001,0.002,0.011,0.006,0
717730.500,1667622.600,419.000,424.949,-78.000,0.025,0.002,0.003,0.008,0.012,0
717770.000,1676167.200,415.000,415.932,-62.000,0.024,0.003,0.004,0.007,0.011,0
717822.800,1688995.000,407.500,406.682,-80.000,0.016,0.001,0.003,0.004,0.009,0
717861.900,1659168.300,422.000,427.181,-87.000,0.025,0.000,0.002,0.009,0.013,0
717868.900,1678259.800,415.000,418.940,-64.000,0.020,0.001,0.004,0.005,0.010,0
717874.400,1702974.100,385.500,382.060,-87.000,0.020,0.000,0.002,0.010,0.007,0
717917.700,1647149.700,445.000,447.084,-79.000,0.019,0.001,0.002,0.005,0.011,0
717918.000,1705188.000,380.000,376.906,-88.000,0.028,0.003,0.004,0.014,0.007,0
717990.800,1709992.200,397.500,398.760,-89.000,0.120,0.062,0.045,0.009,0.004,0
717993.000,1712017.600,387.500,388.617,-92.000,0.038,0.001,0.024,0.009,0.004,0
718001.400,1711132.300,384.500,387.762,-91.000,0.062,0.004,0.044,0.010,0.004,0
718007.600,1708210.400,377.500,377.345,-89.000,0.032,0.001,0.010,0.015,0.006,0
718042.100,1706827.300,378.000,376.066,-89.000,0.029,0.002,0.005,0.015,0.007,0
718073.900,1713678.500,399.000,399.071,-94.000,0.127,0.008,0.108,0.007,0.003,0
718109.000,1690558.200,410.000,407.395,-81.000,0.016,0.001,0.004,0.003,0.008,0
718131.500,1700762.900,387.000,387.304,-87.000,0.018,0.000,0.002,0.008,0.007,0
718159.200,1694377.100,399.000,401.733,-84.000,0.014,0.001,0.002,0.004,0.008,0
718176.600,1683309.500,409.000,407.139,-74.000,0.019,0.000,0.003,0.006,0.010,0
718180.300,1637191.600,469.000,464.370,-82.000,0.018,0.000,0.003,0.005,0.010,0
718241.500,1670516.000,418.500,415.592,-75.000,0.025,0.000,0.003,0.009,0.013,0
718246.000,1701140.300,388.000,385.747,-87.000,0.018,0.000,0.002,0.008,0.007,0
718284.500,1712972.200,395.500,393.923,-94.000,0.058,0.002,0.045,0.008,0.004,0
718291.500,1632024.200,467.000,469.482,-78.000,0.021,0.002,0.004,0.006,0.009,0
718318.800,1674943.700,411.000,414.641,-63.000,0.023,0.002,0.002,0.007,0.011,0
718321.400,1661850.900,426.500,427.645,-86.000,0.026,0.002,0.002,0.009,0.013,0
718333.500,1704395.000,379.000,384.730,-88.000,0.022,0.003,0.002,0.010,0.007,0
718352.400,1644320.400,454.000,454.896,-78.000,0.018,0.002,0.002,0.004,0.010,0
718364.200,1657180.800,430.000,429.063,-85.000,0.023,0.000,0.001,0.008,0.013,0
718365.700,1704395.300,378.000,384.463,-88.000,0.022,0.002,0.002,0.011,0.007,0
718420.700,1698552.100,389.500,390.930,-86.000,0.017,0.001,0.003,0.006,0.007,0
718470.400,1631295.300,467.000,472.354,-78.000,0.022,0.002,0.005,0.006,0.009,0
718475.300,1708701.800,384.000,381.721,-87.000,0.038,0.001,0.017,0.014,0.006,0
718475.900,1660247.500,426.500,425.023,-87.000,0.024,0.000,0.002,0.009,0.013,0
718494.100,1681530.600,411.000,408.938,-71.000,0.019,0.001,0.003,0.006,0.010,0
718506.100,1699759.300,388.500,387.833,-87.000,0.020,0.003,0.003,0.007,0.007,0
718511.000,1666954.700,417.000,422.991,-78.000,0.025,0.002,0.003,0.008,0.012,0
718514.700,1688536.600,407.000,406.950,-80.000,0.016,0.001,0.003,0.004,0.008,0
718521.600,1710606.000,391.500,409.261,-91.000,0.321,0.262,0.047,0.009,0.003,0
718555.500,1687618.400,406.500,405.920,-80.000,0.017,0.001,0.003,0.004,0.009,0
718645.600,1626195.000,469.000,470.669,-76.000,0.030,0.005,0.007,0.008,0.009,0
718677.900,1628585.800,470.000,473.119,-77.000,0.033,0.002,0.015,0.007,0.009,0
718696.900,1636023.100,473.000,466.637,-81.000,0.019,0.002,0.003,0.005,0.009,0
718698.100,1679252.500,410.000,410.679,-63.000,0.020,0.001,0.003,0.006,0.010,0
718708.800,1690752.000,398.500,402.516,-82.000,0.016,0.001,0.003,0.004,0.008,0
718744.800,1711969.400,390.500,392.097,-93.000,0.045,0.001,0.030,0.010,0.004,0
718831.600,1695977.100,396.000,394.051,-85.000,0.018,0.002,0.003,0.005,0.008,0
718837.100,1707908.300,382.000,381.728,-88.000,0.030,0.001,0.009,0.015,0.006,0
718852.300,1706303.600,377.500,379.283,-89.000,0.027,0.001,0.004,0.015,0.007,0
718853.500,1687920.000,405.000,406.287,-80.000,0.016,0.001,0.003,0.004,0.009,0
718860.400,1699762.600,390.000,382.832,-87.000,0.024,0.003,0.005,0.009,0.008,0
718887.100,1671628.700,417.000,413.625,-70.000,0.025,0.002,0.003,0.009,0.012,0
718910.000,1645742.100,452.000,454.588,-77.000,0.018,0.000,0.004,0.004,0.010,0
718926.200,1705297.100,383.500,384.589,-89.000,0.023,0.002,0.003,0.012,0.006,0
718942.100,1638670.400,470.000,461.539,-82.000,0.017,0.001,0.002,0.005,0.010,0
718997.900,1646727.900,445.000,450.074,-77.000,0.017,0.001,0.002,0.004,0.010,0
719028.600,1649251.500,440.000,438.770,-79.000,0.019,0.001,0.002,0.005,0.012,0
719039.800,1648023.200,439.000,445.323,-78.000,0.017,0.001,0.002,0.004,0.011,0
719086.800,1713256.500,403.500,402.002,-94.000,0.080,0.007,0.061,0.009,0.003,0
719133.400,1702687.100,388.500,383.560,-87.000,0.020,0.001,0.002,0.011,0.007,0
719148.300,1643221.000,455.000,456.275,-78.000,0.016,0.001,0.002,0.004,0.010,0
719188.000,1664681.000,418.000,422.839,-82.000,0.022,0.001,0.002,0.008,0.012,0
719189.000,1712670.900,400.000,399.417,-95.000,0.057,0.005,0.039,0.010,0.003,0
719225.300,1686086.300,410.500,402.883,-79.000,0.018,0.001,0.003,0.005,0.009,0
719228.700,1673048.500,408.000,411.091,-65.000,0.023,0.000,0.003,0.008,0.012,0
719241.200,1684393.000,403.500,402.562,-78.000,0.017,0.000,0.002,0.005,0.010,0
719241.700,1709384.200,391.000,390.153,-89.000,0.101,0.014,0.070,0.013,0.004,0
719266.900,1704470.300,382.000,384.210,-88.000,0.023,0.002,0.003,0.012,0.006,0
719288.000,1711288.300,389.000,393.303,-92.000,0.059,0.002,0.042,0.011,0.004,0
719288.400,1670094.000,417.500,413.590,-71.000,0.023,0.000,0.002,0.008,0.012,0
719288.900,1627728.000,471.000,466.513,-77.000,0.032,0.002,0.013,0.008,0.010,0
719350.400,1663398.700,421.000,421.405,-84.000,0.024,0.001,0.002,0.008,0.013,0
719350.400,1697918.900,389.500,387.731,-87.000,0.018,0.001,0.003,0.007,0.008,0
719382.500,1706994.900,377.000,381.914,-89.000,0.028,0.001,0.005,0.016,0.006,0
719384.000,1676005.000,402.000,407.227,-63.000,0.023,0.001,0.003,0.008,0.011,0
719396.800,1641939.400,458.000,454.688,-78.000,0.017,0.001,0.002,0.004,0.010,0
719470.900,1704472.200,381.000,386.910,-88.000,0.022,0.002,0.003,0.012,0.006,0
719498.000,1701605.900,386.000,380.361,-87.000,0.029,0.006,0.004,0.012,0.007,0
719663.400,1677169.700,403.000,405.380,-64.000,0.024,0.001,0.004,0.008,0.011,0
719702.700,1641444.200,458.000,456.167,-80.000,0.016,0.001,0.002,0.004,0.010,0
719707.600,1633818.800,462.000,457.115,-80.000,0.021,0.002,0.003,0.007,0.010,0
719715.900,1710318.400,398.500,401.372,-91.000,0.190,0.127,0.047,0.012,0.003,0
719743.600,1668559.900,415.000,415.289,-76.000,0.022,0.000,0.002,0.008,0.012,0
719753.400,1706378.600,387.000,388.063,-88.000,0.025,0.002,0.004,0.014,0.005,0
719762.100,1705460.000,384.500,388.596,-89.000,0.023,0.002,0.003,0.013,0.005,0
719785.800,1638246.500,457.000,463.500,-82.000,0.018,0.002,0.004,0.004,0.009,0
719818.400,1711946.400,399.500,399.381,-94.000,0.085,0.007,0.063,0.012,0.003,0
719826.100,1707762.800,381.000,383.385,-89.000,0.033,0.002,0.009,0.017,0.005,0
719833.100,1665860.200,414.000,418.892,-79.000,0.022,0.001,0.001,0.008,0.012,0
719895.600,1678776.700,404.000,406.147,-66.000,0.021,0.001,0.002,0.007,0.010,0
719949.000,1653321.800,431.000,438.264,-82.000,0.019,0.001,0.003,0.004,0.011,0
719974.300,1637639.400,456.000,459.053,-83.000,0.017,0.001,0.002,0.004,0.010,0
719994.200,1690022.500,392.500,394.116,-82.000,0.019,0.001,0.003,0.006,0.009,0
720005.100,1688860.500,402.500,395.196,-82.000,0.019,0.001,0.003,0.006,0.009,0
720008.500,1711151.300,402.500,400.714,-94.000,0.078,0.003,0.060,0.012,0.003,0
720020.200,1645575.200,446.000,448.018,-76.000,0.018,0.002,0.003,0.004,0.010,0
720032.700,1644214.000,455.000,451.056,-77.000,0.017,0.001,0.003,0.004,0.010,0
720038.600,1713608.800,416.000,421.154,-94.000,0.090,0.030,0.044,0.013,0.003,0
720074.600,1626606.300,471.000,461.455,-77.000,0.033,0.005,0.008,0.010,0.010,0
720079.400,1712712.600,407.500,408.142,-94.000,0.119,0.051,0.054,0.011,0.003,0
720083.100,1631608.800,458.000,459.546,-79.000,0.021,0.002,0.002,0.007,0.010,0
720090.500,1624846.800,466.000,469.790,-77.000,0.051,0.004,0.029,0.009,0.009,0
720120.100,1692613.600,387.500,392.457,-83.000,0.018,0.001,0.003,0.006,0.008,0
720150.300,1708662.400,381.500,385.540,-90.000,0.044,0.000,0.021,0.018,0.005,0
720158.000,1704478.800,391.500,392.351,-89.000,0.021,0.001,0.003,0.011,0.005,0
720169.500,1687379.000,401.000,396.901,-80.000,0.018,0.000,0.002,0.006,0.009,0
720172.800,1628842.800,459.000,464.378,-77.000,0.024,0.003,0.004,0.008,0.009,0
720220.400,1706936.400,383.000,384.925,-88.000,0.030,0.001,0.006,0.017,0.005,0
720222.600,1674839.700,405.000,409.812,-63.000,0.021,0.001,0.002,0.007,0.011,0
720223.100,1649262.500,433.000,436.509,-78.000,0.018,0.001,0.001,0.005,0.011,0
720250.000,1691375.200,388.500,393.768,-83.000,0.017,0.001,0.002,0.006,0.008,0
720292.200,1654608.800,435.000,431.453,-84.000,0.020,0.001,0.003,0.005,0.012,0
720328.200,1702388.500,386.000,383.336,-88.000,0.023,0.001,0.003,0.012,0.007,0
720350.500,1635363.000,456.000,456.432,-81.000,0.019,0.001,0.002,0.006,0.010,0
720529.600,1697011.400,390.000,389.085,-87.000,0.017,0.000,0.002,0.007,0.007,0
720533.000,1680719.600,406.000,404.237,-71.000,0.017,0.000,0.001,0.006,0.010,0
720540.800,1685600.500,398.000,398.662,-80.000,0.017,0.000,0.002,0.006,0.009,0
720560.800,1709518.500,391.000,388.848,-91.000,0.093,0.022,0.048,0.018,0.005,0
720604.400,1710570.400,401.000,397.874,-94.000,0.118,0.010,0.090,0.015,0.004,0
720607.200,1647296.000,439.000,439.572,-76.000,0.018,0.001,0.002,0.005,0.011,0
720621.100,1677057.000,406.000,408.444,-66.000,0.020,0.001,0.002,0.006,0.010,0
720621.400,1683885.800,399.500,400.249,-79.000,0.017,0.000,0.001,0.006,0.010,0
720642.000,1701008.000,383.000,383.710,-89.000,0.022,0.000,0.003,0.011,0.007,0
720642.700,1694145.900,390.500,393.656,-84.000,0.021,0.005,0.002,0.005,0.008,0
720701.000,1629987.500,456.000,458.868,-78.000,0.021,0.000,0.003,0.008,0.010,0
720771.900,1705403.300,393.500,395.647,-89.000,0.023,0.001,0.004,0.013,0.005,0
720793.200,1658608.800,421.000,429.203,-86.000,0.020,0.001,0.003,0.005,0.011,0
720806.800,1657136.900,427.000,433.656,-86.000,0.020,0.002,0.003,0.004,0.011,0
720826.200,1706455.200,388.500,389.822,-89.000,0.027,0.001,0.005,0.017,0.005,0
720842.700,1704728.800,393.000,396.140,-88.000,0.021,0.001,0.004,0.012,0.005,0
720865.300,1707983.000,385.500,389.587,-89.000,0.035,0.001,0.012,0.017,0.005,0
720939.900,1636851.400,456.000,454.954,-82.000,0.016,0.000,0.001,0.005,0.010,0
720971.900,1712544.100,417.000,424.501,-95.000,0.198,0.122,0.058,0.015,0.003,0
