x,y,z,tmi
600000.000,1600000.000,631.426,3.440
600050.000,1600000.000,628.522,5.811
600100.000,1600000.000,625.520,5.048
600150.000,1600000.000,622.659,5.835
600200.000,1600000.000,620.176,3.433
600250.000,1600000.000,618.327,10.220
600300.000,1600000.000,617.315,8.512
600350.000,1600000.000,617.345,5.033
600400.000,1600000.000,618.551,3.044
600450.000,1600000.000,621.044,8.894
600500.000,1600000.000,624.867,0.776
600550.000,1600000.000,630.020,7.503
600600.000,1600000.000,636.433,6.783
600650.000,1600000.000,643.976,6.439
600700.000,1600000.000,652.485,11.140
600750.000,1600000.000,661.731,16.280
600800.000,1600000.000,671.495,15.252
600850.000,1600000.000,681.495,13.113
600900.000,1600000.000,691.450,6.458
600950.000,1600000.000,701.089,7.611
601000.000,1600000.000,710.152,13.747
601050.000,1600000.000,718.384,16.564
601100.000,1600000.000,725.609,20.726
601150.000,1600000.000,731.660,18.069
601200.000,1600000.000,736.443,18.393
601250.000,1600000.000,739.908,19.000
601300.000,1600000.000,742.105,21.917
601350.000,1600000.000,743.088,21.314
601400.000,1600000.000,742.989,24.647
601450.000,1600000.000,741.989,30.035
601500.000,1600000.000,740.266,23.425
601550.000,1600000.000,738.018,29.203
601600.000,1600000.000,735.446,29.572
601650.000,1600000.000,732.720,35.318
601700.000,1600000.000,729.982,31.182
601750.000,1600000.000,727.342,29.969
601800.000,1600000.000,724.869,27.511
601850.000,1600000.000,722.572,47.893
601900.000,1600000.000,720.443,35.222
601950.000,1600000.000,718.445,45.877
602000.000,1600000.000,716.530,42.272
602050.000,1600000.000,714.656,54.823
602100.000,1600000.000,712.769,60.472
602150.000,1600000.000,710.847,55.327
602200.000,1600000.000,708.878,58.876
602250.000,1600000.000,706.902,60.258
602300.000,1600000.000,704.941,44.147
602350.000,1600000.000,703.065,62.959
602400.000,1600000.000,701.350,67.925
602450.000,1600000.000,699.838,72.961
602500.000,1600000.000,698.609,68.824
602550.000,1600000.000,697.682,71.968
602600.000,1600000.000,697.094,77.470
602650.000,1600000.000,696.807,78.995
602700.000,1600000.000,696.795,86.832
602750.000,1600000.000,696.997,82.949
602800.000,1600000.000,697.332,91.783
602850.000,1600000.000,697.706,82.188
602900.000,1600000.000,698.040,88.741
602950.000,1600000.000,698.258,113.923
603000.000,1600000.000,698.293,94.870
603050.000,1600000.000,698.113,87.025
603100.000,1600000.000,697.696,100.520
603150.000,1600000.000,697.072,89.099
603200.000,1600000.000,696.290,88.561
603250.000,1600000.000,695.432,103.527
603300.000,1600000.000,694.587,95.306
603350.000,1600000.000,693.881,93.327
603400.000,1600000.000,693.433,100.252
603450.000,1600000.000,693.393,82.295
603500.000,1600000.000,693.873,85.162
603550.000,1600000.000,694.985,89.732
603600.000,1600000.000,696.816,89.326
603650.000,1600000.000,699.439,82.062
603700.000,1600000.000,702.867,76.554
603750.000,1600000.000,707.101,80.036
603800.000,1600000.000,712.091,80.458
603850.000,1600000.000,717.780,66.399
603900.000,1600000.000,724.078,75.445
603950.000,1600000.000,730.864,78.901
604000.000,1600000.000,738.009,77.284
604050.000,1600000.000,745.356,70.865
604100.000,1600000.000,752.775,64.512
604150.000,1600000.000,760.126,65.166
604200.000,1600000.000,767.269,60.290
604250.000,1600000.000,774.072,58.329
604300.000,1600000.000,780.422,49.226
604350.000,1600000.000,786.210,46.434
604400.000,1600000.000,791.352,37.964
604450.000,1600000.000,795.770,49.485
604500.000,1600000.000,799.405,44.710
604550.000,1600000.000,802.203,38.037
604600.000,1600000.000,804.146,37.220
604650.000,1600000.000,805.212,50.898
604700.000,1600000.000,805.396,26.315
604750.000,1600000.000,804.709,39.570
604800.000,1600000.000,803.181,31.977
604850.000,1600000.000,800.820,28.353
604900.000,1600000.000,797.674,32.093
604950.000,1600000.000,793.755,23.300
605000.000,1600000.000,789.073,24.322
600000.000,1600050.000,632.811,3.902
600050.000,1600050.000,629.732,1.104
600100.000,1600050.000,626.574,0.396
600150.000,1600050.000,623.566,9.139
600200.000,1600050.000,620.937,-1.764
600250.000,1600050.000,618.930,4.755
600300.000,1600050.000,617.747,-4.426
600350.000,1600050.000,617.590,10.369
600400.000,1600050.000,618.593,2.204
600450.000,1600050.000,620.871,12.064
600500.000,1600050.000,624.475,-0.250
600550.000,1600050.000,629.413,16.827
600600.000,1600050.000,635.626,9.413
600650.000,1600050.000,642.997,9.642
600700.000,1600050.000,651.372,9.228
600750.000,1600050.000,660.531,20.286
600800.000,1600050.000,670.267,16.614
600850.000,1600050.000,680.299,14.836
600900.000,1600050.000,690.348,11.593
600950.000,1600050.000,700.143,22.885
601000.000,1600050.000,709.418,20.445
601050.000,1600050.000,717.910,19.912
601100.000,1600050.000,725.435,18.861
601150.000,1600050.000,731.812,23.444
601200.000,1600050.000,736.938,19.885
601250.000,1600050.000,740.753,18.623
601300.000,1600050.000,743.295,18.917
601350.000,1600050.000,744.611,15.490
601400.000,1600050.000,744.826,31.669
601450.000,1600050.000,744.116,28.495
601500.000,1600050.000,742.657,17.124
601550.000,1600050.000,740.645,24.704
601600.000,1600050.000,738.281,33.411
601650.000,1600050.000,735.734,31.808
601700.000,1600050.000,733.144,26.809
601750.000,1600050.000,730.619,31.623
601800.000,1600050.000,728.229,22.572
601850.000,1600050.000,725.979,36.702
601900.000,1600050.000,723.862,38.862
601950.000,1600050.000,721.838,32.618
602000.000,1600050.000,719.863,55.156
602050.000,1600050.000,717.900,51.181
602100.000,1600050.000,715.899,51.544
602150.000,1600050.000,713.848,61.562
602200.000,1600050.000,711.745,57.840
602250.000,1600050.000,709.643,51.625
602300.000,1600050.000,707.577,57.175
602350.000,1600050.000,705.630,60.749
602400.000,1600050.000,703.890,66.270
602450.000,1600050.000,702.406,67.244
602500.000,1600050.000,701.265,76.347
602550.000,1600050.000,700.486,79.138
602600.000,1600050.000,700.103,70.802
602650.000,1600050.000,700.072,65.649
602700.000,1600050.000,700.354,78.958
602750.000,1600050.000,700.875,77.352
602800.000,1600050.000,701.536,80.553
602850.000,1600050.000,702.226,92.772
602900.000,1600050.000,702.848,86.293
602950.000,1600050.000,703.311,90.915
603000.000,1600050.000,703.533,89.337
603050.000,1600050.000,703.471,100.488
603100.000,1600050.000,703.096,96.272
603150.000,1600050.000,702.436,101.848
603200.000,1600050.000,701.539,101.393
603250.000,1600050.000,700.492,99.499
603300.000,1600050.000,699.393,91.918
603350.000,1600050.000,698.378,101.894
603400.000,1600050.000,697.576,89.276
603450.000,1600050.000,697.151,90.131
603500.000,1600050.000,697.229,109.383
603550.000,1600050.000,697.934,91.819
603600.000,1600050.000,699.363,89.030
603650.000,1600050.000,701.599,86.868
603700.000,1600050.000,704.667,92.451
603750.000,1600050.000,708.571,84.556
603800.000,1600050.000,713.268,94.896
603850.000,1600050.000,718.707,73.917
603900.000,1600050.000,724.799,84.867
603950.000,1600050.000,731.427,72.594
604000.000,1600050.000,738.465,72.196
604050.000,1600050.000,745.758,61.453
604100.000,1600050.000,753.175,75.383
604150.000,1600050.000,760.578,69.633
604200.000,1600050.000,767.830,52.921
604250.000,1600050.000,774.795,57.054
604300.000,1600050.000,781.359,60.972
604350.000,1600050.000,787.410,52.736
604400.000,1600050.000,792.860,53.981
604450.000,1600050.000,797.625,51.211
604500.000,1600050.000,801.635,49.336
604550.000,1600050.000,804.830,42.610
604600.000,1600050.000,807.184,37.363
604650.000,1600050.000,808.661,34.234
604700.000,1600050.000,809.250,34.462
604750.000,1600050.000,808.952,41.381
604800.000,1600050.000,807.788,37.025
604850.000,1600050.000,805.763,38.570
604900.000,1600050.000,802.921,36.458
604950.000,1600050.000,799.275,30.092
605000.000,1600050.000,794.835,25.482
600000.000,1600100.000,634.967,-1.643
600050.000,1600100.000,631.751,1.759
600100.000,1600100.000,628.464,-2.806
600150.000,1600100.000,625.324,0.755
600200.000,1600100.000,622.549,-2.749
600250.000,1600100.000,620.371,3.165
600300.000,1600100.000,618.984,1.657
600350.000,1600100.000,618.589,1.549
600400.000,1600100.000,619.321,14.548
600450.000,1600100.000,621.295,10.914
600500.000,1600100.000,624.576,8.930
600550.000,1600100.000,629.180,9.660
600600.000,1600100.000,635.059,1.826
600650.000,1600100.000,642.115,14.366
600700.000,1600100.000,650.207,13.695
600750.000,1600100.000,659.129,8.601
600800.000,1600100.000,668.686,15.987
600850.000,1600100.000,678.609,9.900
600900.000,1600100.000,688.622,17.460
600950.000,1600100.000,698.456,11.914
601000.000,1600100.000,707.846,14.963
601050.000,1600100.000,716.523,9.592
601100.000,1600100.000,724.297,9.149
601150.000,1600100.000,730.977,16.209
601200.000,1600100.000,736.447,21.956
601250.000,1600100.000,740.637,23.541
601300.000,1600100.000,743.573,18.049
601350.000,1600100.000,745.290,20.529
601400.000,1600100.000,745.904,29.256
601450.000,1600100.000,745.583,18.602
601500.000,1600100.000,744.495,34.654
601550.000,1600100.000,742.831,32.764
601600.000,1600100.000,740.786,31.468
601650.000,1600100.000,738.525,33.518
601700.000,1600100.000,736.184,37.217
601750.000,1600100.000,733.866,36.936
601800.000,1600100.000,731.638,43.027
601850.000,1600100.000,729.502,55.726
601900.000,1600100.000,727.449,40.959
601950.000,1600100.000,725.441,52.162
602000.000,1600100.000,723.434,47.545
602050.000,1600100.000,721.396,52.741
602100.000,1600100.000,719.284,55.560
602150.000,1600100.000,717.096,53.561
602200.000,1600100.000,714.843,56.231
602250.000,1600100.000,712.589,68.200
602300.000,1600100.000,710.385,78.726
602350.000,1600100.000,708.325,58.721
602400.000,1600100.000,706.511,61.207
602450.000,1600100.000,705.001,71.431
602500.000,1600100.000,703.887,80.147
602550.000,1600100.000,703.191,91.446
602600.000,1600100.000,702.945,94.857
602650.000,1600100.000,703.097,85.080
602700.000,1600100.000,703.602,90.296
602750.000,1600100.000,704.373,95.899
602800.000,1600100.000,705.294,93.451
602850.000,1600100.000,706.240,101.553
602900.000,1600100.000,707.099,82.600
602950.000,1600100.000,707.764,105.415
603000.000,1600100.000,708.140,100.149
603050.000,1600100.000,708.176,113.336
603100.000,1600100.000,707.835,97.219
603150.000,1600100.000,707.141,111.921
603200.000,1600100.000,706.144,97.080
603250.000,1600100.000,704.931,107.559
603300.000,1600100.000,703.607,102.550
603350.000,1600100.000,702.317,102.297
603400.000,1600100.000,701.197,102.415
603450.000,1600100.000,700.423,105.216
603500.000,1600100.000,700.131,107.092
603550.000,1600100.000,700.457,95.130
603600.000,1600100.000,701.505,99.547
603650.000,1600100.000,703.368,97.848
603700.000,1600100.000,706.080,92.328
603750.000,1600100.000,709.652,95.284
603800.000,1600100.000,714.047,92.540
603850.000,1600100.000,719.220,90.064
603900.000,1600100.000,725.088,85.290
603950.000,1600100.000,731.539,72.206
604000.000,1600100.000,738.450,74.570
604050.000,1600100.000,745.671,69.828
604100.000,1600100.000,753.073,79.692
604150.000,1600100.000,760.523,77.812
604200.000,1600100.000,767.885,66.027
604250.000,1600100.000,775.022,70.249
604300.000,1600100.000,781.820,65.814
604350.000,1600100.000,788.162,58.793
604400.000,1600100.000,793.957,65.708
604450.000,1600100.000,799.112,51.844
604500.000,1600100.000,803.550,55.016
604550.000,1600100.000,807.200,52.752
604600.000,1600100.000,810.026,44.484
604650.000,1600100.000,811.980,51.682
604700.000,1600100.000,813.042,38.629
604750.000,1600100.000,813.200,40.335
604800.000,1600100.000,812.470,37.169
604850.000,1600100.000,810.850,22.580
604900.000,1600100.000,808.383,35.826
604950.000,1600100.000,805.077,25.845
605000.000,1600100.000,800.949,33.026
600000.000,1600150.000,637.826,1.921
600050.000,1600150.000,634.511,8.520
600100.000,1600150.000,631.126,-3.970
600150.000,1600150.000,627.876,-4.185
600200.000,1600150.000,624.963,4.025
600250.000,1600150.000,622.608,-0.871
600300.000,1600150.000,620.994,9.000
600350.000,1600150.000,620.321,5.707
600400.000,1600150.000,620.721,-0.441
600450.000,1600150.000,622.315,11.240
600500.000,1600150.000,625.176,7.439
600550.000,1600150.000,629.331,10.833
600600.000,1600150.000,634.748,8.535
600650.000,1600150.000,641.348,18.002
600700.000,1600150.000,649.005,11.052
600750.000,1600150.000,657.535,7.353
600800.000,1600150.000,666.757,19.591
600850.000,1600150.000,676.418,9.660
600900.000,1600150.000,686.252,8.142
600950.000,1600150.000,695.998,16.482
601000.000,1600150.000,705.393,14.212
601050.000,1600150.000,714.169,9.658
601100.000,1600150.000,722.130,24.256
601150.000,1600150.000,729.076,21.825
601200.000,1600150.000,734.882,15.297
601250.000,1600150.000,739.466,21.049
601300.000,1600150.000,742.840,27.651
601350.000,1600150.000,745.024,16.927
601400.000,1600150.000,746.122,26.905
601450.000,1600150.000,746.288,15.954
601500.000,1600150.000,745.680,34.189
601550.000,1600150.000,744.478,30.848
601600.000,1600150.000,742.867,38.423
601650.000,1600150.000,741.002,26.780
601700.000,1600150.000,739.013,37.437
601750.000,1600150.000,736.995,37.656
601800.000,1600150.000,735.008,36.023
601850.000,1600150.000,733.053,49.795
601900.000,1600150.000,731.114,46.899
601950.000,1600150.000,729.159,40.543
602000.000,1600150.000,727.143,56.300
602050.000,1600150.000,725.041,49.252
602100.000,1600150.000,722.817,54.325
602150.000,1600150.000,720.482,58.861
602200.000,1600150.000,718.059,67.285
602250.000,1600150.000,715.626,67.745
602300.000,1600150.000,713.247,70.146
602350.000,1600150.000,711.033,80.429
602400.000,1600150.000,709.097,77.482
602450.000,1600150.000,707.506,74.231
602500.000,1600150.000,706.362,86.885
602550.000,1600150.000,705.686,77.338
602600.000,1600150.000,705.512,86.970
602650.000,1600150.000,705.783,91.247
602700.000,1600150.000,706.446,90.813
602750.000,1600150.000,707.403,90.486
602800.000,1600150.000,708.527,111.736
602850.000,1600150.000,709.676,103.507
602900.000,1600150.000,710.729,112.468
602950.000,1600150.000,711.562,100.846
603000.000,1600150.000,712.071,89.618
603050.000,1600150.000,712.194,108.825
603100.000,1600150.000,711.889,107.484
603150.000,1600150.000,711.175,117.444
603200.000,1600150.000,710.101,120.620
603250.000,1600150.000,708.755,114.284
603300.000,1600150.000,707.245,105.736
603350.000,1600150.000,705.723,118.747
603400.000,1600150.000,704.330,104.409
603450.000,1600150.000,703.251,113.557
603500.000,1600150.000,702.631,110.959
603550.000,1600150.000,702.612,102.558
603600.000,1600150.000,703.307,96.894
603650.000,1600150.000,704.817,99.349
603700.000,1600150.000,707.184,101.590
603750.000,1600150.000,710.425,114.111
603800.000,1600150.000,714.510,112.202
603850.000,1600150.000,719.404,99.756
603900.000,1600150.000,725.027,83.459
603950.000,1600150.000,731.275,81.973
604000.000,1600150.000,738.031,77.742
604050.000,1600150.000,745.151,77.533
604100.000,1600150.000,752.512,84.306
604150.000,1600150.000,759.985,69.072
604200.000,1600150.000,767.437,75.646
604250.000,1600150.000,774.734,62.731
604300.000,1600150.000,781.760,58.915
604350.000,1600150.000,788.395,54.320
604400.000,1600150.000,794.545,54.932
604450.000,1600150.000,800.108,65.331
604500.000,1600150.000,804.998,50.675
604550.000,1600150.000,809.135,43.177
604600.000,1600150.000,812.471,49.996
604650.000,1600150.000,814.947,33.853
604700.000,1600150.000,816.530,38.369
604750.000,1600150.000,817.198,40.666
604800.000,1600150.000,816.960,37.220
604850.000,1600150.000,815.806,26.521
604900.000,1600150.000,813.777,31.310
604950.000,1600150.000,810.881,28.338
605000.000,1600150.000,807.137,10.752
600000.000,1600200.000,641.279,4.954
600050.000,1600200.000,637.906,-0.002
600100.000,1600200.000,634.460,4.571
600150.000,1600200.000,631.126,13.416
600200.000,1600200.000,628.093,2.253
600250.000,1600200.000,625.563,-1.016
600300.000,1600200.000,623.712,2.437
600350.000,1600200.000,622.731,10.022
600400.000,1600200.000,622.753,-4.443
600450.000,1600200.000,623.900,7.923
600500.000,1600200.000,626.256,9.764
600550.000,1600200.000,629.858,12.658
600600.000,1600200.000,634.691,4.254
600650.000,1600200.000,640.697,8.608
600700.000,1600200.000,647.772,17.079
600750.000,1600200.000,655.753,12.495
600800.000,1600200.000,664.482,1.161
600850.000,1600200.000,673.724,6.922
600900.000,1600200.000,683.230,14.811
600950.000,1600200.000,692.751,19.312
601000.000,1600200.000,702.033,17.991
601050.000,1600200.000,710.811,15.328
601100.000,1600200.000,718.886,19.968
601150.000,1600200.000,726.055,11.112
601200.000,1600200.000,732.180,27.445
601250.000,1600200.000,737.171,19.206
601300.000,1600200.000,741.020,22.774
601350.000,1600200.000,743.733,22.300
601400.000,1600200.000,745.397,28.394
601450.000,1600200.000,746.149,29.616
601500.000,1600200.000,746.128,30.578
601550.000,1600200.000,745.500,26.495
601600.000,1600200.000,744.436,24.676
601650.000,1600200.000,743.076,35.623
601700.000,1600200.000,741.540,39.309
601750.000,1600200.000,739.911,35.083
601800.000,1600200.000,738.241,42.077
601850.000,1600200.000,736.528,45.888
601900.000,1600200.000,734.751,43.556
601950.000,1600200.000,732.879,44.015
602000.000,1600200.000,730.872,62.445
602050.000,1600200.000,728.711,54.897
602100.000,1600200.000,726.369,55.516
602150.000,1600200.000,723.870,58.602
602200.000,1600200.000,721.253,67.666
602250.000,1600200.000,718.610,74.242
602300.000,1600200.000,716.021,67.719
602350.000,1600200.000,713.610,68.177
602400.000,1600200.000,711.506,78.424
602450.000,1600200.000,709.786,77.618
602500.000,1600200.000,708.557,89.952
602550.000,1600200.000,707.846,88.001
602600.000,1600200.000,707.687,89.307
602650.000,1600200.000,708.020,94.244
602700.000,1600200.000,708.786,105.736
602750.000,1600200.000,709.876,100.125
602800.000,1600200.000,711.155,109.009
602850.000,1600200.000,712.469,103.846
602900.000,1600200.000,713.684,119.384
602950.000,1600200.000,714.665,119.622
603000.000,1600200.000,715.296,110.477
603050.000,1600200.000,715.510,124.291
603100.000,1600200.000,715.254,130.101
603150.000,1600200.000,714.547,111.193
603200.000,1600200.000,713.431,116.014
603250.000,1600200.000,711.995,117.088
603300.000,1600200.000,710.350,125.335
603350.000,1600200.000,708.649,112.698
603400.000,1600200.000,707.039,111.627
603450.000,1600200.000,705.709,128.809
603500.000,1600200.000,704.809,124.657
603550.000,1600200.000,704.490,111.472
603600.000,1600200.000,704.867,118.173
603650.000,1600200.000,706.049,104.098
603700.000,1600200.000,708.087,100.719
603750.000,1600200.000,711.002,108.128
603800.000,1600200.000,714.772,110.395
603850.000,1600200.000,719.371,101.562
603900.000,1600200.000,724.724,92.668
603950.000,1600200.000,730.737,82.875
604000.000,1600200.000,737.302,76.790
604050.000,1600200.000,744.282,98.080
604100.000,1600200.000,751.559,84.762
604150.000,1600200.000,759.014,78.296
604200.000,1600200.000,766.517,75.405
604250.000,1600200.000,773.937,74.842
604300.000,1600200.000,781.159,69.123
604350.000,1600200.000,788.062,67.526
604400.000,1600200.000,794.549,59.205
604450.000,1600200.000,800.508,48.078
604500.000,1600200.000,805.848,48.617
604550.000,1600200.000,810.476,42.738
604600.000,1600200.000,814.335,50.105
604650.000,1600200.000,817.352,48.314
604700.000,1600200.000,819.484,49.510
604750.000,1600200.000,820.697,23.852
604800.000,1600200.000,820.993,35.966
604850.000,1600200.000,820.354,33.964
604900.000,1600200.000,818.820,28.923
604950.000,1600200.000,816.396,26.886
605000.000,1600200.000,813.105,34.615
600000.000,1600250.000,645.194,3.863
600050.000,1600250.000,641.805,6.473
600100.000,1600250.000,638.334,5.058
600150.000,1600250.000,634.949,4.905
600200.000,1600250.000,631.818,2.124
600250.000,1600250.000,629.127,3.457
600300.000,1600250.000,627.037,9.645
600350.000,1600250.000,625.733,5.060
600400.000,1600250.000,625.344,12.603
600450.000,1600250.000,625.991,4.507
600500.000,1600250.000,627.769,1.601
600550.000,1600250.000,630.728,8.593
600600.000,1600250.000,634.867,16.138
600650.000,1600250.000,640.154,5.450
600700.000,1600250.000,646.507,9.638
600750.000,1600250.000,653.791,13.226
600800.000,1600250.000,661.871,9.803
600850.000,1600250.000,670.541,11.974
600900.000,1600250.000,679.570,18.807
600950.000,1600250.000,688.728,13.881
601000.000,1600250.000,697.774,20.307
601050.000,1600250.000,706.450,11.963
601100.000,1600250.000,714.563,11.990
601150.000,1600250.000,721.902,20.372
601200.000,1600250.000,728.325,25.966
601250.000,1600250.000,733.726,17.101
601300.000,1600250.000,738.083,32.969
601350.000,1600250.000,741.381,22.694
601400.000,1600250.000,743.687,26.292
601450.000,1600250.000,745.116,21.646
601500.000,1600250.000,745.785,29.190
601550.000,1600250.000,745.840,32.790
601600.000,1600250.000,745.431,36.886
601650.000,1600250.000,744.681,37.237
601700.000,1600250.000,743.693,39.181
601750.000,1600250.000,742.537,46.135
601800.000,1600250.000,741.253,42.356
601850.000,1600250.000,739.836,47.083
601900.000,1600250.000,738.260,55.167
601950.000,1600250.000,736.496,54.052
602000.000,1600250.000,734.509,49.864
602050.000,1600250.000,732.287,60.670
602100.000,1600250.000,729.817,60.537
602150.000,1600250.000,727.135,61.785
602200.000,1600250.000,724.297,79.439
602250.000,1600250.000,721.413,74.972
602300.000,1600250.000,718.578,73.762
602350.000,1600250.000,715.932,78.738
602400.000,1600250.000,713.619,91.410
602450.000,1600250.000,711.726,95.621
602500.000,1600250.000,710.369,93.295
602550.000,1600250.000,709.579,87.329
602600.000,1600250.000,709.390,92.199
602650.000,1600250.000,709.740,90.874
602700.000,1600250.000,710.567,102.559
602750.000,1600250.000,711.753,112.208
602800.000,1600250.000,713.154,109.013
602850.000,1600250.000,714.607,118.677
602900.000,1600250.000,715.966,115.444
602950.000,1600250.000,717.086,112.089
603000.000,1600250.000,717.843,133.479
603050.000,1600250.000,718.160,129.271
603100.000,1600250.000,717.979,143.471
603150.000,1600250.000,717.311,128.657
603200.000,1600250.000,716.198,120.673
603250.000,1600250.000,714.723,130.839
603300.000,1600250.000,712.998,129.519
603350.000,1600250.000,711.179,137.227
603400.000,1600250.000,709.412,114.805
603450.000,1600250.000,707.889,120.838
603500.000,1600250.000,706.764,123.778
603550.000,1600250.000,706.193,117.124
603600.000,1600250.000,706.293,122.465
603650.000,1600250.000,707.178,121.682
603700.000,1600250.000,708.905,110.307
603750.000,1600250.000,711.501,116.935
603800.000,1600250.000,714.952,101.594
603850.000,1600250.000,719.239,102.256
603900.000,1600250.000,724.296,101.800
603950.000,1600250.000,730.039,95.455
604000.000,1600250.000,736.366,95.954
604050.000,1600250.000,743.154,83.621
604100.000,1600250.000,750.291,85.211
604150.000,1600250.000,757.668,91.393
604200.000,1600250.000,765.161,79.035
604250.000,1600250.000,772.645,70.013
604300.000,1600250.000,780.007,52.929
604350.000,1600250.000,787.124,62.271
604400.000,1600250.000,793.899,63.129
604450.000,1600250.000,800.214,61.659
604500.000,1600250.000,805.969,54.179
604550.000,1600250.000,811.062,58.209
604600.000,1600250.000,815.427,40.685
604650.000,1600250.000,818.977,47.153
604700.000,1600250.000,821.662,39.605
604750.000,1600250.000,823.433,43.326
604800.000,1600250.000,824.285,34.070
604850.000,1600250.000,824.193,36.579
604900.000,1600250.000,823.196,35.543
604950.000,1600250.000,821.294,27.761
605000.000,1600250.000,818.514,36.516
600000.000,1600300.000,649.423,0.401
600050.000,1600300.000,646.056,4.525
600100.000,1600300.000,642.601,-3.813
600150.000,1600300.000,639.201,3.655
600200.000,1600300.000,636.003,1.946
600250.000,1600300.000,633.175,7.433
600300.000,1600300.000,630.859,5.667
600350.000,1600300.000,629.232,13.971
600400.000,1600300.000,628.414,10.715
600450.000,1600300.000,628.529,1.275
600500.000,1600300.000,629.677,-0.804
600550.000,1600300.000,631.920,4.058
600600.000,1600300.000,635.273,-1.427
600650.000,1600300.000,639.732,10.072
600700.000,1600300.000,645.238,14.923
600750.000,1600300.000,651.688,8.436
600800.000,1600300.000,658.975,20.406
600850.000,1600300.000,666.923,7.726
600900.000,1600300.000,675.330,18.412
600950.000,1600300.000,683.987,13.023
601000.000,1600300.000,692.672,13.676
601050.000,1600300.000,701.142,17.802
601100.000,1600300.000,709.207,17.183
601150.000,1600300.000,716.657,14.797
601200.000,1600300.000,723.344,20.366
601250.000,1600300.000,729.151,34.022
601300.000,1600300.000,734.036,15.760
601350.000,1600300.000,737.963,16.260
601400.000,1600300.000,740.976,28.862
601450.000,1600300.000,743.162,34.997
601500.000,1600300.000,744.613,38.158
601550.000,1600300.000,745.447,32.036
601600.000,1600300.000,745.791,31.843
601650.000,1600300.000,745.742,35.871
601700.000,1600300.000,745.387,41.439
601750.000,1600300.000,744.777,49.034
601800.000,1600300.000,743.940,40.458
601850.000,1600300.000,742.864,52.889
601900.000,1600300.000,741.518,52.910
601950.000,1600300.000,739.879,63.092
602000.000,1600300.000,737.917,55.274
602050.000,1600300.000,735.628,62.710
602100.000,1600300.000,733.013,68.415
602150.000,1600300.000,730.126,67.016
602200.000,1600300.000,727.042,78.932
602250.000,1600300.000,723.887,70.404
602300.000,1600300.000,720.775,89.709
602350.000,1600300.000,717.863,90.624
602400.000,1600300.000,715.308,84.104
602450.000,1600300.000,713.209,95.271
602500.000,1600300.000,711.692,107.381
602550.000,1600300.000,710.789,114.463
602600.000,1600300.000,710.538,102.496
602650.000,1600300.000,710.877,104.732
602700.000,1600300.000,711.737,109.174
602750.000,1600300.000,712.994,104.645
602800.000,1600300.000,714.500,114.611
602850.000,1600300.000,716.079,143.051
602900.000,1600300.000,717.578,132.940
602950.000,1600300.000,718.842,129.231
603000.000,1600300.000,719.738,137.728
603050.000,1600300.000,720.183,129.321
603100.000,1600300.000,720.109,125.911
603150.000,1600300.000,719.524,126.386
603200.000,1600300.000,718.464,123.066
603250.000,1600300.000,717.009,136.004
603300.000,1600300.000,715.267,121.700
603350.000,1600300.000,713.396,120.125
603400.000,1600300.000,711.537,124.263
603450.000,1600300.000,709.886,145.176
603500.000,1600300.000,708.596,114.556
603550.000,1600300.000,707.826,138.449
603600.000,1600300.000,707.692,119.448
603650.000,1600300.000,708.314,115.779
603700.000,1600300.000,709.754,123.191
603750.000,1600300.000,712.041,114.607
603800.000,1600300.000,715.171,106.102
603850.000,1600300.000,719.131,106.597
603900.000,1600300.000,723.864,104.432
603950.000,1600300.000,729.296,94.799
604000.000,1600300.000,735.336,91.756
604050.000,1600300.000,741.872,79.829
604100.000,1600300.000,748.803,80.514
604150.000,1600300.000,756.028,84.880
604200.000,1600300.000,763.436,82.247
604250.000,1600300.000,770.906,77.188
604300.000,1600300.000,778.329,77.456
604350.000,1600300.000,785.586,74.231
604400.000,1600300.000,792.577,57.973
604450.000,1600300.000,799.182,64.948
604500.000,1600300.000,805.292,49.571
604550.000,1600300.000,810.801,47.544
604600.000,1600300.000,815.631,39.103
604650.000,1600300.000,819.684,47.179
604700.000,1600300.000,822.901,33.821
604750.000,1600300.000,825.221,38.070
604800.000,1600300.000,826.633,37.171
604850.000,1600300.000,827.105,37.128
604900.000,1600300.000,826.670,29.915
604950.000,1600300.000,825.328,28.539
605000.000,1600300.000,823.108,20.315
600000.000,1600350.000,653.763,18.105
600050.000,1600350.000,650.458,3.231
600100.000,1600350.000,647.058,10.110
600150.000,1600350.000,643.682,3.364
600200.000,1600350.000,640.456,-6.449
600250.000,1600350.000,637.522,1.164
600300.000,1600350.000,635.006,6.072
600350.000,1600350.000,633.070,-0.701
600400.000,1600350.000,631.827,7.902
600450.000,1600350.000,631.395,4.825
600500.000,1600350.000,631.882,0.877
600550.000,1600350.000,633.359,-0.983
600600.000,1600350.000,635.860,10.995
600650.000,1600350.000,639.405,8.452
600700.000,1600350.000,643.961,8.200
600750.000,1600350.000,649.459,3.100
600800.000,1600350.000,655.827,7.881
600850.000,1600350.000,662.923,17.488
600900.000,1600350.000,670.574,22.439
600950.000,1600350.000,678.603,21.303
601000.000,1600350.000,686.810,20.278
601050.000,1600350.000,694.970,10.447
601100.000,1600350.000,702.905,16.398
601150.000,1600350.000,710.406,23.425
601200.000,1600350.000,717.320,17.720
601250.000,1600350.000,723.520,26.356
601300.000,1600350.000,728.945,22.031
601350.000,1600350.000,733.535,40.077
601400.000,1600350.000,737.308,33.086
601450.000,1600350.000,740.319,25.322
601500.000,1600350.000,742.629,30.247
601550.000,1600350.000,744.326,34.645
601600.000,1600350.000,745.506,32.007
601650.000,1600350.000,746.239,35.181
601700.000,1600350.000,746.589,48.901
601750.000,1600350.000,746.585,39.923
601800.000,1600350.000,746.243,43.097
601850.000,1600350.000,745.542,51.443
601900.000,1600350.000,744.449,53.898
601950.000,1600350.000,742.943,49.250
602000.000,1600350.000,741.002,58.217
602050.000,1600350.000,738.634,65.207
602100.000,1600350.000,735.856,69.848
602150.000,1600350.000,732.742,71.042
602200.000,1600350.000,729.386,81.949
602250.000,1600350.000,725.933,79.771
602300.000,1600350.000,722.518,85.953
602350.000,1600350.000,719.313,90.189
602400.000,1600350.000,716.491,96.344
602450.000,1600350.000,714.164,104.048
602500.000,1600350.000,712.464,102.065
602550.000,1600350.000,711.429,106.202
602600.000,1600350.000,711.098,107.047
602650.000,1600350.000,711.409,118.443
602700.000,1600350.000,712.289,119.868
602750.000,1600350.000,713.609,125.723
602800.000,1600350.000,715.213,130.124
602850.000,1600350.000,716.919,137.003
602900.000,1600350.000,718.565,139.500
602950.000,1600350.000,719.987,134.801
603000.000,1600350.000,721.046,145.783
603050.000,1600350.000,721.650,147.370
603100.000,1600350.000,721.725,156.578
603150.000,1600350.000,721.273,140.700
603200.000,1600350.000,720.322,148.244
603250.000,1600350.000,718.949,155.496
603300.000,1600350.000,717.258,139.284
603350.000,1600350.000,715.402,138.313
603400.000,1600350.000,713.523,151.434
603450.000,1600350.000,711.810,134.092
603500.000,1600350.000,710.418,131.945
603550.000,1600350.000,709.505,133.226
603600.000,1600350.000,709.186,134.311
603650.000,1600350.000,709.583,136.656
603700.000,1600350.000,710.760,116.205
603750.000,1600350.000,712.750,111.737
603800.000,1600350.000,715.556,112.701
603850.000,1600350.000,719.174,117.863
603900.000,1600350.000,723.551,121.616
603950.000,1600350.000,728.628,99.796
604000.000,1600350.000,734.324,105.307
604050.000,1600350.000,740.540,109.808
604100.000,1600350.000,747.186,94.458
604150.000,1600350.000,754.174,85.025
604200.000,1600350.000,761.403,81.740
604250.000,1600350.000,768.762,75.407
604300.000,1600350.000,776.149,74.286
604350.000,1600350.000,783.446,58.030
604400.000,1600350.000,790.559,61.169
604450.000,1600350.000,797.362,52.011
604500.000,1600350.000,803.745,48.231
604550.000,1600350.000,809.593,43.890
604600.000,1600350.000,814.822,50.186
604650.000,1600350.000,819.322,42.850
604700.000,1600350.000,823.029,38.107
604750.000,1600350.000,825.870,35.200
604800.000,1600350.000,827.825,37.379
604850.000,1600350.000,828.857,36.488
604900.000,1600350.000,828.995,25.102
604950.000,1600350.000,828.236,29.866
605000.000,1600350.000,826.608,37.749
600000.000,1600400.000,658.048,6.818
600050.000,1600400.000,654.837,0.090
600100.000,1600400.000,651.529,1.580
600150.000,1600400.000,648.217,6.958
600200.000,1600400.000,645.003,2.544
600250.000,1600400.000,642.004,8.140
600300.000,1600400.000,639.324,13.235
600350.000,1600400.000,637.107,7.989
600400.000,1600400.000,635.457,3.981
600450.000,1600400.000,634.486,4.093
600500.000,1600400.000,634.304,9.031
600550.000,1600400.000,634.991,8.759
600600.000,1600400.000,636.595,8.132
600650.000,1600400.000,639.165,4.133
600700.000,1600400.000,642.694,12.635
600750.000,1600400.000,647.150,3.795
600800.000,1600400.000,652.494,11.875
600850.000,1600400.000,658.624,15.089
600900.000,1600400.000,665.405,9.032
600950.000,1600400.000,672.691,12.315
601000.000,1600400.000,680.311,13.134
601050.000,1600400.000,688.064,5.271
601100.000,1600400.000,695.784,17.173
601150.000,1600400.000,703.270,14.656
601200.000,1600400.000,710.366,20.451
601250.000,1600400.000,716.935,19.700
601300.000,1600400.000,722.897,16.936
601350.000,1600400.000,728.166,26.997
601400.000,1600400.000,732.732,31.155
601450.000,1600400.000,736.614,29.007
601500.000,1600400.000,739.840,29.007
601550.000,1600400.000,742.461,33.904
601600.000,1600400.000,744.540,41.027
601650.000,1600400.000,746.115,39.400
601700.000,1600400.000,747.222,38.805
601750.000,1600400.000,747.869,45.203
601800.000,1600400.000,748.055,56.534
601850.000,1600400.000,747.752,58.560
601900.000,1600400.000,746.922,45.663
601950.000,1600400.000,745.551,53.765
602000.000,1600400.000,743.625,67.230
602050.000,1600400.000,741.165,69.595
602100.000,1600400.000,738.206,70.738
602150.000,1600400.000,734.843,65.354
602200.000,1600400.000,731.195,72.916
602250.000,1600400.000,727.424,75.100
602300.000,1600400.000,723.688,101.159
602350.000,1600400.000,720.175,106.078
602400.000,1600400.000,717.074,95.316
602450.000,1600400.000,714.508,84.565
602500.000,1600400.000,712.618,113.657
602550.000,1600400.000,711.445,103.541
602600.000,1600400.000,711.029,124.283
602650.000,1600400.000,711.310,123.045
602700.000,1600400.000,712.211,130.551
602750.000,1600400.000,713.596,129.255
602800.000,1600400.000,715.305,134.216
602850.000,1600400.000,717.150,124.556
602900.000,1600400.000,718.960,160.276
602950.000,1600400.000,720.564,151.255
603000.000,1600400.000,721.816,144.841
603050.000,1600400.000,722.619,160.602
603100.000,1600400.000,722.889,168.408
603150.000,1600400.000,722.623,162.143
603200.000,1600400.000,721.842,145.740
603250.000,1600400.000,720.617,160.597
603300.000,1600400.000,719.046,141.828
603350.000,1600400.000,717.279,147.504
603400.000,1600400.000,715.450,150.320
603450.000,1600400.000,713.747,153.784
603500.000,1600400.000,712.319,150.936
603550.000,1600400.000,711.323,164.171
603600.000,1600400.000,710.870,140.896
603650.000,1600400.000,711.081,134.561
603700.000,1600400.000,712.024,130.345
603750.000,1600400.000,713.733,123.934
603800.000,1600400.000,716.215,122.512
603850.000,1600400.000,719.476,132.263
603900.000,1600400.000,723.468,126.770
603950.000,1600400.000,728.145,105.732
604000.000,1600400.000,733.437,116.448
604050.000,1600400.000,739.260,103.244
604100.000,1600400.000,745.536,107.484
604150.000,1600400.000,752.192,94.375
604200.000,1600400.000,759.141,90.203
604250.000,1600400.000,766.280,78.765
604300.000,1600400.000,773.517,78.831
604350.000,1600400.000,780.743,68.740
604400.000,1600400.000,787.865,75.157
604450.000,1600400.000,794.758,60.357
604500.000,1600400.000,801.310,65.278
604550.000,1600400.000,807.401,56.727
604600.000,1600400.000,812.943,46.785
604650.000,1600400.000,817.816,49.595
604700.000,1600400.000,821.951,41.259
604750.000,1600400.000,825.263,43.044
604800.000,1600400.000,827.726,41.798
604850.000,1600400.000,829.297,39.022
604900.000,1600400.000,830.000,30.307
604950.000,1600400.000,829.828,36.480
605000.000,1600400.000,828.810,22.885
600000.000,1600450.000,662.108,4.965
600050.000,1600450.000,659.016,9.797
600100.000,1600450.000,655.832,7.946
600150.000,1600450.000,652.624,-0.814
600200.000,1600450.000,649.465,-0.850
600250.000,1600450.000,646.446,8.329
600300.000,1600450.000,643.646,4.655
600350.000,1600450.000,641.192,11.575
600400.000,1600450.000,639.172,3.054
600450.000,1600450.000,637.687,3.050
600500.000,1600450.000,636.852,5.379
600550.000,1600450.000,636.749,8.008
600600.000,1600450.000,637.442,3.770
600650.000,1600450.000,639.006,12.307
600700.000,1600450.000,641.460,11.334
600750.000,1600450.000,644.809,-2.016
600800.000,1600450.000,649.052,7.163
600850.000,1600450.000,654.129,11.646
600900.000,1600450.000,659.945,9.941
600950.000,1600450.000,666.390,7.569
601000.000,1600450.000,673.328,20.794
601050.000,1600450.000,680.583,12.981
601100.000,1600450.000,688.009,14.783
601150.000,1600450.000,695.413,16.580
601200.000,1600450.000,702.640,19.248
601250.000,1600450.000,709.544,16.115
601300.000,1600450.000,716.025,26.264
601350.000,1600450.000,721.973,33.029
601400.000,1600450.000,727.346,29.178
601450.000,1600450.000,732.126,30.641
601500.000,1600450.000,736.302,24.281
601550.000,1600450.000,739.886,32.198
601600.000,1600450.000,742.905,42.541
601650.000,1600450.000,745.360,43.239
601700.000,1600450.000,747.260,36.780
601750.000,1600450.000,748.587,39.512
601800.000,1600450.000,749.322,45.475
601850.000,1600450.000,749.429,46.762
601900.000,1600450.000,748.866,54.454
601950.000,1600450.000,747.627,56.425
602000.000,1600450.000,745.707,58.167
602050.000,1600450.000,743.142,56.284
602100.000,1600450.000,739.987,74.241
602150.000,1600450.000,736.362,77.205
602200.000,1600450.000,732.407,79.180
602250.000,1600450.000,728.308,81.851
602300.000,1600450.000,724.243,79.866
602350.000,1600450.000,720.417,100.715
602400.000,1600450.000,717.036,102.036
602450.000,1600450.000,714.234,105.907
602500.000,1600450.000,712.157,112.251
602550.000,1600450.000,710.853,123.735
602600.000,1600450.000,710.361,129.509
602650.000,1600450.000,710.621,131.158
602700.000,1600450.000,711.554,145.275
602750.000,1600450.000,713.017,149.678
602800.000,1600450.000,714.846,147.889
602850.000,1600450.000,716.848,152.838
602900.000,1600450.000,718.844,158.898
602950.000,1600450.000,720.659,165.962
603000.000,1600450.000,722.138,165.795
603050.000,1600450.000,723.178,173.518
603100.000,1600450.000,723.689,162.974
603150.000,1600450.000,723.661,148.688
603200.000,1600450.000,723.109,158.929
603250.000,1600450.000,722.096,169.956
603300.000,1600450.000,720.713,161.126
603350.000,1600450.000,719.103,171.064
603400.000,1600450.000,717.395,175.641
603450.000,1600450.000,715.770,166.072
603500.000,1600450.000,714.369,161.276
603550.000,1600450.000,713.349,167.571
603600.000,1600450.000,712.812,160.836
603650.000,1600450.000,712.878,149.645
603700.000,1600450.000,713.615,153.976
603750.000,1600450.000,715.057,134.357
603800.000,1600450.000,717.218,142.629
603850.000,1600450.000,720.106,142.933
603900.000,1600450.000,723.684,119.213
603950.000,1600450.000,727.916,115.600
604000.000,1600450.000,732.744,119.486
604050.000,1600450.000,738.099,115.294
604100.000,1600450.000,743.919,100.490
604150.000,1600450.000,750.143,90.681
604200.000,1600450.000,756.703,84.743
604250.000,1600450.000,763.508,81.337
604300.000,1600450.000,770.475,90.371
604350.000,1600450.000,777.505,73.877
604400.000,1600450.000,784.513,74.367
604450.000,1600450.000,791.375,56.338
604500.000,1600450.000,797.979,58.652
604550.000,1600450.000,804.205,59.564
604600.000,1600450.000,809.958,54.837
604650.000,1600450.000,815.114,42.123
604700.000,1600450.000,819.598,48.339
604750.000,1600450.000,823.316,41.277
604800.000,1600450.000,826.235,45.619
604850.000,1600450.000,828.307,32.071
604900.000,1600450.000,829.550,37.183
604950.000,1600450.000,829.954,23.654
605000.000,1600450.000,829.546,41.551
600000.000,1600500.000,665.824,-0.243
600050.000,1600500.000,662.872,1.368
600100.000,1600500.000,659.841,10.819
600150.000,1600500.000,656.771,5.969
600200.000,1600500.000,653.709,4.025
600250.000,1600500.000,650.718,5.617
600300.000,1600500.000,647.850,-3.519
600350.000,1600500.000,645.210,8.671
600400.000,1600500.000,642.868,-1.986
600450.000,1600500.000,640.916,3.118
600500.000,1600500.000,639.462,16.173
600550.000,1600500.000,638.594,2.276
600600.000,1600500.000,638.388,7.936
600650.000,1600500.000,638.941,7.558
600700.000,1600500.000,640.301,14.699
600750.000,1600500.000,642.508,2.931
600800.000,1600500.000,645.600,10.460
600850.000,1600500.000,649.563,19.313
600900.000,1600500.000,654.342,16.108
600950.000,1600500.000,659.870,11.920
601000.000,1600500.000,666.045,12.958
601050.000,1600500.000,672.724,20.085
601100.000,1600500.000,679.781,25.106
601150.000,1600500.000,687.036,9.648
601200.000,1600500.000,694.336,23.631
601250.000,1600500.000,701.530,20.919
601300.000,1600500.000,708.497,12.285
601350.000,1600500.000,715.102,31.065
601400.000,1600500.000,721.273,33.744
601450.000,1600500.000,726.950,40.304
601500.000,1600500.000,732.084,33.244
601550.000,1600500.000,736.644,29.683
601600.000,1600500.000,740.619,31.159
601650.000,1600500.000,743.972,52.994
601700.000,1600500.000,746.679,56.065
601750.000,1600500.000,748.696,58.817
601800.000,1600500.000,749.986,41.602
601850.000,1600500.000,750.505,50.422
601900.000,1600500.000,750.208,52.133
601950.000,1600500.000,749.095,59.511
602000.000,1600500.000,747.173,72.568
602050.000,1600500.000,744.494,58.525
602100.000,1600500.000,741.136,70.146
602150.000,1600500.000,737.242,81.697
602200.000,1600500.000,732.978,82.903
602250.000,1600500.000,728.551,83.918
602300.000,1600500.000,724.161,96.215
602350.000,1600500.000,720.031,101.463
602400.000,1600500.000,716.380,95.065
602450.000,1600500.000,713.354,120.156
602500.000,1600500.000,711.107,116.252
602550.000,1600500.000,709.687,131.435
602600.000,1600500.000,709.136,131.723
602650.000,1600500.000,709.392,135.572
602700.000,1600500.000,710.373,142.428
602750.000,1600500.000,711.932,149.453
602800.000,1600500.000,713.899,161.382
602850.000,1600500.000,716.078,154.098
602900.000,1600500.000,718.284,168.270
602950.000,1600500.000,720.335,170.369
603000.000,1600500.000,722.072,164.974
603050.000,1600500.000,723.386,185.752
603100.000,1600500.000,724.181,182.249
603150.000,1600500.000,724.440,175.963
603200.000,1600500.000,724.171,177.694
603250.000,1600500.000,723.428,189.357
603300.000,1600500.000,722.295,195.964
603350.000,1600500.000,720.908,179.049
603400.000,1600500.000,719.388,178.229
603450.000,1600500.000,717.905,189.424
603500.000,1600500.000,716.594,169.786
603550.000,1600500.000,715.606,167.050
603600.000,1600500.000,715.035,155.946
603650.000,1600500.000,714.999,159.746
603700.000,1600500.000,715.560,172.448
603750.000,1600500.000,716.754,158.434
603800.000,1600500.000,718.596,142.592
603850.000,1600500.000,721.102,137.702
603900.000,1600500.000,724.240,146.904
603950.000,1600500.000,727.986,126.283
604000.000,1600500.000,732.293,119.874
604050.000,1600500.000,737.110,108.655
604100.000,1600500.000,742.390,101.577
604150.000,1600500.000,748.088,99.986
604200.000,1600500.000,754.152,74.675
604250.000,1600500.000,760.508,97.628
604300.000,1600500.000,767.084,87.639
604350.000,1600500.000,773.794,77.156
604400.000,1600500.000,780.562,67.682
604450.000,1600500.000,787.268,67.282
604500.000,1600500.000,793.802,63.721
604550.000,1600500.000,800.045,62.319
604600.000,1600500.000,805.901,39.110
604650.000,1600500.000,811.239,43.870
604700.000,1600500.000,815.982,44.348
604750.000,1600500.000,820.027,34.563
604800.000,1600500.000,823.336,30.737
604850.000,1600500.000,825.856,31.861
604900.000,1600500.000,827.598,30.198
604950.000,1600500.000,828.550,26.054
605000.000,1600500.000,828.734,20.974
600000.000,1600550.000,669.110,-2.525
600050.000,1600550.000,666.308,-8.637
600100.000,1600550.000,663.450,-4.018
600150.000,1600550.000,660.548,-3.113
600200.000,1600550.000,657.624,5.288
600250.000,1600550.000,654.708,6.137
600300.000,1600550.000,651.826,11.114
600350.000,1600550.000,649.059,5.144
600400.000,1600550.000,646.456,2.817
600450.000,1600550.000,644.094,-0.011
600500.000,1600550.000,642.076,7.967
600550.000,1600550.000,640.491,1.678
600600.000,1600550.000,639.421,7.260
600650.000,1600550.000,638.988,11.588
600700.000,1600550.000,639.264,1.882
600750.000,1600550.000,640.326,0.066
600800.000,1600550.000,642.247,5.451
600850.000,1600550.000,645.061,10.626
600900.000,1600550.000,648.758,6.669
600950.000,1600550.000,653.310,12.087
601000.000,1600550.000,658.658,17.404
601050.000,1600550.000,664.691,4.622
601100.000,1600550.000,671.306,17.777
601150.000,1600550.000,678.342,15.664
601200.000,1600550.000,685.649,28.308
601250.000,1600550.000,693.069,16.871
601300.000,1600550.000,700.469,30.556
601350.000,1600550.000,707.685,26.238
601400.000,1600550.000,714.615,24.321
601450.000,1600550.000,721.159,26.677
601500.000,1600550.000,727.228,26.744
601550.000,1600550.000,732.748,29.779
601600.000,1600550.000,737.665,32.358
601650.000,1600550.000,741.904,34.019
601700.000,1600550.000,745.410,44.087
601750.000,1600550.000,748.111,39.930
601800.000,1600550.000,749.950,46.202
601850.000,1600550.000,750.875,51.898
601900.000,1600550.000,750.838,54.348
601950.000,1600550.000,749.845,66.600
602000.000,1600550.000,747.919,70.741
602050.000,1600550.000,745.125,76.338
602100.000,1600550.000,741.566,87.718
602150.000,1600550.000,737.410,76.492
602200.000,1600550.000,732.845,92.761
602250.000,1600550.000,728.104,104.115
602300.000,1600550.000,723.407,101.645
602350.000,1600550.000,718.993,98.326
602400.000,1600550.000,715.094,118.779
602450.000,1600550.000,711.870,110.362
602500.000,1600550.000,709.476,127.279
602550.000,1600550.000,707.965,128.777
602600.000,1600550.000,707.379,139.275
602650.000,1600550.000,707.653,142.499
602700.000,1600550.000,708.703,145.043
602750.000,1600550.000,710.376,155.956
602800.000,1600550.000,712.501,165.687
602850.000,1600550.000,714.877,189.008
602900.000,1600550.000,717.313,185.178
602950.000,1600550.000,719.623,185.729
603000.000,1600550.000,721.644,176.491
603050.000,1600550.000,723.264,183.927
603100.000,1600550.000,724.379,199.296
603150.000,1600550.000,724.967,201.702
603200.000,1600550.000,725.026,199.107
603250.000,1600550.000,724.606,191.387
603300.000,1600550.000,723.780,202.022
603350.000,1600550.000,722.676,190.728
603400.000,1600550.000,721.404,212.913
603450.000,1600550.000,720.125,199.614
603500.000,1600550.000,718.964,180.640
603550.000,1600550.000,718.063,185.344
603600.000,1600550.000,717.508,177.194
603650.000,1600550.000,717.410,156.933
603700.000,1600550.000,717.828,168.112
603750.000,1600550.000,718.794,155.474
603800.000,1600550.000,720.327,142.931
603850.000,1600550.000,722.447,157.032
603900.000,1600550.000,725.125,145.697
603950.000,1600550.000,728.351,140.435
604000.000,1600550.000,732.090,116.260
604050.000,1600550.000,736.307,118.194
604100.000,1600550.000,740.971,110.879
604150.000,1600550.000,746.054,101.816
604200.000,1600550.000,751.523,87.628
604250.000,1600550.000,757.321,87.631
604300.000,1600550.000,763.391,87.951
604350.000,1600550.000,769.660,82.431
604400.000,1600550.000,776.063,77.810
604450.000,1600550.000,782.488,75.371
604500.000,1600550.000,788.829,65.549
604550.000,1600550.000,794.969,55.573
604600.000,1600550.000,800.813,45.015
604650.000,1600550.000,806.227,54.030
604700.000,1600550.000,811.131,43.960
604750.000,1600550.000,815.415,37.599
604800.000,1600550.000,819.038,48.206
604850.000,1600550.000,821.941,50.259
604900.000,1600550.000,824.129,35.759
604950.000,1600550.000,825.586,31.030
605000.000,1600550.000,826.330,22.245
600000.000,1600600.000,671.918,-3.600
600050.000,1600600.000,669.271,-3.581
600100.000,1600600.000,666.600,4.007
600150.000,1600600.000,663.891,5.485
600200.000,1600600.000,661.138,-7.251
600250.000,1600600.000,658.344,7.527
600300.000,1600600.000,655.503,1.201
600350.000,1600600.000,652.670,-4.023
600400.000,1600600.000,649.875,-1.059
600450.000,1600600.000,647.174,8.795
600500.000,1600600.000,644.662,4.573
600550.000,1600600.000,642.424,7.910
600600.000,1600600.000,640.551,3.975
600650.000,1600600.000,639.181,4.682
600700.000,1600600.000,638.410,11.167
600750.000,1600600.000,638.348,11.826
600800.000,1600600.000,639.108,6.218
600850.000,1600600.000,640.766,11.655
600900.000,1600600.000,643.357,13.324
600950.000,1600600.000,646.899,11.206
601000.000,1600600.000,651.371,1.194
601050.000,1600600.000,656.700,19.551
601100.000,1600600.000,662.808,22.455
601150.000,1600600.000,669.553,18.461
601200.000,1600600.000,676.793,28.411
601250.000,1600600.000,684.367,26.174
601300.000,1600600.000,692.126,24.178
601350.000,1600600.000,699.885,40.493
601400.000,1600600.000,707.510,28.086
601450.000,1600600.000,714.863,37.652
601500.000,1600600.000,721.814,40.198
601550.000,1600600.000,728.248,43.151
601600.000,1600600.000,734.068,37.861
601650.000,1600600.000,739.161,48.064
601700.000,1600600.000,743.438,45.842
601750.000,1600600.000,746.800,50.743
601800.000,1600600.000,749.170,50.626
601850.000,1600600.000,750.489,57.845
601900.000,1600600.000,750.706,61.471
601950.000,1600600.000,749.833,61.141
602000.000,1600600.000,747.907,62.849
602050.000,1600600.000,745.010,77.154
602100.000,1600600.000,741.266,87.194
602150.000,1600600.000,736.869,85.725
602200.000,1600600.000,732.030,85.084
602250.000,1600600.000,727.005,98.955
602300.000,1600600.000,722.033,102.499
602350.000,1600600.000,717.369,109.525
602400.000,1600600.000,713.259,129.452
602450.000,1600600.000,709.870,138.034
602500.000,1600600.000,707.362,134.998
602550.000,1600600.000,705.790,151.364
602600.000,1600600.000,705.193,146.303
602650.000,1600600.000,705.509,165.708
602700.000,1600600.000,706.647,169.505
602750.000,1600600.000,708.451,184.415
602800.000,1600600.000,710.748,177.754
602850.000,1600600.000,713.333,203.702
602900.000,1600600.000,716.012,188.650
602950.000,1600600.000,718.596,184.065
603000.000,1600600.000,720.920,204.142
603050.000,1600600.000,722.867,212.818
603100.000,1600600.000,724.328,212.787
603150.000,1600600.000,725.275,212.540
603200.000,1600600.000,725.701,211.022
603250.000,1600600.000,725.646,196.745
603300.000,1600600.000,725.173,222.243
603350.000,1600600.000,724.402,202.552
603400.000,1600600.000,723.433,213.938
603450.000,1600600.000,722.412,202.134
603500.000,1600600.000,721.454,200.345
603550.000,1600600.000,720.693,195.285
603600.000,1600600.000,720.200,189.185
603650.000,1600600.000,720.081,188.826
603700.000,1600600.000,720.388,182.121
603750.000,1600600.000,721.149,189.402
603800.000,1600600.000,722.385,156.849
603850.000,1600600.000,724.118,154.979
603900.000,1600600.000,726.324,153.313
603950.000,1600600.000,729.004,145.125
604000.000,1600600.000,732.135,137.703
604050.000,1600600.000,735.698,124.937
604100.000,1600600.000,739.679,115.499
604150.000,1600600.000,744.069,109.834
604200.000,1600600.000,748.855,106.885
604250.000,1600600.000,753.996,97.493
604300.000,1600600.000,759.455,87.308
604350.000,1600600.000,765.170,89.556
604400.000,1600600.000,771.092,87.604
604450.000,1600600.000,777.117,70.655
604500.000,1600600.000,783.147,68.482
604550.000,1600600.000,789.068,52.228
604600.000,1600600.000,794.786,57.453
604650.000,1600600.000,800.167,54.468
604700.000,1600600.000,805.131,43.927
604750.000,1600600.000,809.562,45.814
604800.000,1600600.000,813.413,34.342
604850.000,1600600.000,816.623,34.640
604900.000,1600600.000,819.191,35.189
604950.000,1600600.000,821.096,20.280
605000.000,1600600.000,822.353,26.123
600000.000,1600650.000,674.284,-4.974
600050.000,1600650.000,671.788,-6.334
600100.000,1600650.000,669.309,1.142
600150.000,1600650.000,666.809,2.351
600200.000,1600650.000,664.254,-0.707
600250.000,1600650.000,661.620,1.628
600300.000,1600650.000,658.869,-2.877
600350.000,1600650.000,656.031,7.014
600400.000,1600650.000,653.110,7.384
600450.000,1600650.000,650.144,-1.847
600500.000,1600650.000,647.215,2.227
600550.000,1600650.000,644.402,-2.880
600600.000,1600650.000,641.799,8.482
600650.000,1600650.000,639.559,9.309
600700.000,1600650.000,637.799,6.789
600750.000,1600650.000,636.660,3.751
600800.000,1600650.000,636.289,10.359
600850.000,1600650.000,636.807,6.540
600900.000,1600650.000,638.293,11.901
600950.000,1600650.000,640.807,10.397
601000.000,1600650.000,644.371,7.240
601050.000,1600650.000,648.948,4.891
601100.000,1600650.000,654.489,15.753
601150.000,1600650.000,660.871,17.771
601200.000,1600650.000,667.963,9.390
601250.000,1600650.000,675.604,25.607
601300.000,1600650.000,683.633,24.707
601350.000,1600650.000,691.844,24.384
601400.000,1600650.000,700.075,30.691
601450.000,1600650.000,708.151,31.225
601500.000,1600650.000,715.905,30.966
601550.000,1600650.000,723.179,41.972
601600.000,1600650.000,729.838,34.090
601650.000,1600650.000,735.728,44.234
601700.000,1600650.000,740.730,48.689
601750.000,1600650.000,744.718,43.844
601800.000,1600650.000,747.596,57.791
601850.000,1600650.000,749.294,59.505
601900.000,1600650.000,749.762,60.664
601950.000,1600650.000,749.017,74.045
602000.000,1600650.000,747.107,63.628
602050.000,1600650.000,744.131,65.521
602100.000,1600650.000,740.233,87.599
602150.000,1600650.000,735.633,85.980
602200.000,1600650.000,730.563,91.575
602250.000,1600650.000,725.298,112.873
602300.000,1600650.000,720.098,116.811
602350.000,1600650.000,715.230,117.112
602400.000,1600650.000,710.951,116.134
602450.000,1600650.000,707.437,136.302
602500.000,1600650.000,704.850,138.380
602550.000,1600650.000,703.247,145.662
602600.000,1600650.000,702.665,156.987
602650.000,1600650.000,703.040,164.880
602700.000,1600650.000,704.279,169.449
602750.000,1600650.000,706.222,171.747
602800.000,1600650.000,708.694,184.102
602850.000,1600650.000,711.491,210.687
602900.000,1600650.000,714.414,208.109
602950.000,1600650.000,717.273,202.019
603000.000,1600650.000,719.903,222.068
603050.000,1600650.000,722.183,211.708
603100.000,1600650.000,724.002,231.370
603150.000,1600650.000,725.326,230.431
603200.000,1600650.000,726.141,239.974
603250.000,1600650.000,726.481,236.576
603300.000,1600650.000,726.397,231.516
603350.000,1600650.000,725.999,233.852
603400.000,1600650.000,725.375,245.904
603450.000,1600650.000,724.659,224.911
603500.000,1600650.000,723.951,212.683
603550.000,1600650.000,723.375,223.829
603600.000,1600650.000,722.989,199.854
603650.000,1600650.000,722.888,211.879
603700.000,1600650.000,723.119,187.859
603750.000,1600650.000,723.702,192.815
603800.000,1600650.000,724.660,174.793
603850.000,1600650.000,726.013,159.415
603900.000,1600650.000,727.746,156.912
603950.000,1600650.000,729.865,153.621
604000.000,1600650.000,732.362,144.414
604050.000,1600650.000,735.233,135.646
604100.000,1600650.000,738.484,118.848
604150.000,1600650.000,742.119,102.295
604200.000,1600650.000,746.150,104.928
604250.000,1600650.000,750.554,94.889
604300.000,1600650.000,755.310,106.226
604350.000,1600650.000,760.376,93.853
604400.000,1600650.000,765.714,76.901
604450.000,1600650.000,771.233,65.452
604500.000,1600650.000,776.842,63.838
604550.000,1600650.000,782.435,60.873
604600.000,1600650.000,787.920,58.424
604650.000,1600650.000,793.163,55.851
604700.000,1600650.000,798.085,53.594
604750.000,1600650.000,802.568,52.148
604800.000,1600650.000,806.559,36.969
604850.000,1600650.000,809.994,38.257
604900.000,1600650.000,812.868,26.954
604950.000,1600650.000,815.155,38.603
605000.000,1600650.000,816.866,18.176
600000.000,1600700.000,676.270,-5.750
600050.000,1600700.000,673.916,-9.752
600100.000,1600700.000,671.627,-0.617
600150.000,1600700.000,669.344,3.914
600200.000,1600700.000,667.006,3.991
600250.000,1600700.000,664.563,-0.237
600300.000,1600700.000,661.946,0.934
600350.000,1600700.000,659.159,4.643
600400.000,1600700.000,656.180,3.003
600450.000,1600700.000,653.025,4.048
600500.000,1600700.000,649.761,1.539
600550.000,1600700.000,646.459,2.915
600600.000,1600700.000,643.213,10.459
600650.000,1600700.000,640.187,-3.178
600700.000,1600700.000,637.515,7.351
600750.000,1600700.000,635.366,4.439
600800.000,1600700.000,633.920,4.769
600850.000,1600700.000,633.336,13.498
600900.000,1600700.000,633.737,12.689
600950.000,1600700.000,635.226,14.169
601000.000,1600700.000,637.863,12.670
601050.000,1600700.000,641.651,9.062
601100.000,1600700.000,646.569,15.480
601150.000,1600700.000,652.516,12.888
601200.000,1600700.000,659.373,12.068
601250.000,1600700.000,666.983,20.639
601300.000,1600700.000,675.174,24.754
601350.000,1600700.000,683.724,30.069
601400.000,1600700.000,692.446,34.081
601450.000,1600700.000,701.133,32.138
601500.000,1600700.000,709.580,37.566
601550.000,1600700.000,717.594,29.686
601600.000,1600700.000,725.000,36.712
601650.000,1600700.000,731.610,43.522
601700.000,1600700.000,737.273,42.608
601750.000,1600700.000,741.839,42.731
601800.000,1600700.000,745.191,54.174
601850.000,1600700.000,747.253,62.233
601900.000,1600700.000,747.971,73.611
601950.000,1600700.000,747.367,57.402
602000.000,1600700.000,745.501,75.245
602050.000,1600700.000,742.484,87.812
602100.000,1600700.000,738.481,95.907
602150.000,1600700.000,733.731,87.927
602200.000,1600700.000,728.489,96.141
602250.000,1600700.000,723.045,95.381
602300.000,1600700.000,717.675,102.996
602350.000,1600700.000,712.661,118.796
602400.000,1600700.000,708.264,129.446
602450.000,1600700.000,704.670,129.724
602500.000,1600700.000,702.043,147.660
602550.000,1600700.000,700.438,159.001
602600.000,1600700.000,699.891,179.494
602650.000,1600700.000,700.338,183.862
602700.000,1600700.000,701.683,179.517
602750.000,1600700.000,703.763,199.151
602800.000,1600700.000,706.404,209.551
602850.000,1600700.000,709.401,221.200
602900.000,1600700.000,712.556,217.535
602950.000,1600700.000,715.678,227.272
603000.000,1600700.000,718.603,231.437
603050.000,1600700.000,721.208,230.448
603100.000,1600700.000,723.381,236.983
603150.000,1600700.000,725.083,240.207
603200.000,1600700.000,726.296,253.458
603250.000,1600700.000,727.044,260.110
603300.000,1600700.000,727.370,255.928
603350.000,1600700.000,727.371,258.049
603400.000,1600700.000,727.124,258.539
603450.000,1600700.000,726.748,253.374
603500.000,1600700.000,726.329,244.336
603550.000,1600700.000,725.978,237.699
603600.000,1600700.000,725.738,225.365
603650.000,1600700.000,725.693,214.887
603700.000,1600700.000,725.881,204.192
603750.000,1600700.000,726.317,196.896
603800.000,1600700.000,727.019,175.155
603850.000,1600700.000,728.011,176.527
603900.000,1600700.000,729.278,171.058
603950.000,1600700.000,730.837,156.400
604000.000,1600700.000,732.691,146.481
604050.000,1600700.000,734.851,141.840
604100.000,1600700.000,737.341,143.130
604150.000,1600700.000,740.182,108.947
604200.000,1600700.000,743.408,122.276
604250.000,1600700.000,747.014,110.482
604300.000,1600700.000,750.999,95.156
604350.000,1600700.000,755.339,97.406
604400.000,1600700.000,760.008,85.836
604450.000,1600700.000,764.931,75.485
604500.000,1600700.000,770.025,76.675
604550.000,1600700.000,775.193,57.775
604600.000,1600700.000,780.346,54.590
604650.000,1600700.000,785.353,61.568
604700.000,1600700.000,790.138,51.304
604750.000,1600700.000,794.578,30.966
604800.000,1600700.000,798.619,38.086
604850.000,1600700.000,802.196,25.276
604900.000,1600700.000,805.296,35.403
604950.000,1600700.000,807.892,34.349
605000.000,1600700.000,809.989,29.169
600000.000,1600750.000,677.980,-7.966
600050.000,1600750.000,675.753,-0.146
600100.000,1600750.000,673.648,-2.430
600150.000,1600750.000,671.581,8.781
600200.000,1600750.000,669.470,-0.296
600250.000,1600750.000,667.239,-4.866
600300.000,1600750.000,664.790,-2.265
600350.000,1600750.000,662.101,15.002
600400.000,1600750.000,659.122,10.498
600450.000,1600750.000,655.848,8.365
600500.000,1600750.000,652.329,3.732
600550.000,1600750.000,648.625,-3.474
600600.000,1600750.000,644.827,1.533
600650.000,1600750.000,641.106,6.162
600700.000,1600750.000,637.610,7.205
600750.000,1600750.000,634.533,9.131
600800.000,1600750.000,632.081,9.688
600850.000,1600750.000,630.451,14.913
600900.000,1600750.000,629.805,8.671
600950.000,1600750.000,630.286,9.735
601000.000,1600750.000,631.993,12.333
601050.000,1600750.000,634.965,17.106
601100.000,1600750.000,639.211,15.910
601150.000,1600750.000,644.653,24.269
601200.000,1600750.000,651.186,12.051
601250.000,1600750.000,658.657,22.562
601300.000,1600750.000,666.891,31.320
601350.000,1600750.000,675.653,29.293
601400.000,1600750.000,684.733,33.307
601450.000,1600750.000,693.896,22.380
601500.000,1600750.000,702.909,33.878
601550.000,1600750.000,711.541,41.865
601600.000,1600750.000,719.587,39.232
601650.000,1600750.000,726.823,40.841
601700.000,1600750.000,733.072,56.679
601750.000,1600750.000,738.159,52.159
601800.000,1600750.000,741.952,49.832
601850.000,1600750.000,744.363,67.116
601900.000,1600750.000,745.336,64.407
601950.000,1600750.000,744.897,61.165
602000.000,1600750.000,743.114,69.415
602050.000,1600750.000,740.110,76.506
602100.000,1600750.000,736.065,79.741
602150.000,1600750.000,731.237,108.948
602200.000,1600750.000,725.895,100.437
602250.000,1600750.000,720.346,101.160
602300.000,1600750.000,714.877,120.672
602350.000,1600750.000,709.780,134.669
602400.000,1600750.000,705.322,126.462
602450.000,1600750.000,701.695,134.043
602500.000,1600750.000,699.062,159.783
602550.000,1600750.000,697.480,158.776
602600.000,1600750.000,696.982,187.717
602650.000,1600750.000,697.505,198.726
602700.000,1600750.000,698.949,213.776
602750.000,1600750.000,701.153,205.527
602800.000,1600750.000,703.941,226.476
602850.000,1600750.000,707.114,248.248
602900.000,1600750.000,710.473,242.071
602950.000,1600750.000,713.829,243.734
603000.000,1600750.000,717.021,266.353
603050.000,1600750.000,719.927,250.033
603100.000,1600750.000,722.435,283.629
603150.000,1600750.000,724.502,266.367
603200.000,1600750.000,726.104,263.549
603250.000,1600750.000,727.260,278.349
603300.000,1600750.000,728.002,275.773
603350.000,1600750.000,728.416,279.150
603400.000,1600750.000,728.567,277.012
603450.000,1600750.000,728.557,268.537
603500.000,1600750.000,728.455,251.810
603550.000,1600750.000,728.362,251.493
603600.000,1600750.000,728.304,246.865
603650.000,1600750.000,728.353,244.416
603700.000,1600750.000,728.534,224.967
603750.000,1600750.000,728.857,214.764
603800.000,1600750.000,729.335,209.985
603850.000,1600750.000,729.992,181.791
603900.000,1600750.000,730.815,183.465
603950.000,1600750.000,731.828,160.231
604000.000,1600750.000,733.045,152.610
604050.000,1600750.000,734.494,147.563
604100.000,1600750.000,736.212,126.069
604150.000,1600750.000,738.240,125.177
604200.000,1600750.000,740.631,123.690
604250.000,1600750.000,743.400,109.830
604300.000,1600750.000,746.566,90.118
604350.000,1600750.000,750.120,89.293
604400.000,1600750.000,754.056,81.804
604450.000,1600750.000,758.309,61.119
604500.000,1600750.000,762.809,74.296
604550.000,1600750.000,767.467,65.547
604600.000,1600750.000,772.200,62.176
604650.000,1600750.000,776.881,43.330
604700.000,1600750.000,781.437,43.361
604750.000,1600750.000,785.743,49.727
604800.000,1600750.000,789.746,28.522
604850.000,1600750.000,793.377,34.226
604900.000,1600750.000,796.620,27.938
604950.000,1600750.000,799.447,15.827
605000.000,1600750.000,801.857,39.727
600000.000,1600800.000,679.567,-5.582
600050.000,1600800.000,677.454,-3.398
600100.000,1600800.000,675.518,-3.372
600150.000,1600800.000,673.660,5.259
600200.000,1600800.000,671.777,7.749
600250.000,1600800.000,669.767,-2.341
600300.000,1600800.000,667.509,12.230
600350.000,1600800.000,664.951,4.374
600400.000,1600800.000,662.021,4.057
600450.000,1600800.000,658.689,-4.507
600500.000,1600800.000,654.986,0.044
600550.000,1600800.000,650.962,12.357
600600.000,1600800.000,646.701,5.848
600650.000,1600800.000,642.378,3.504
600700.000,1600800.000,638.151,13.945
600750.000,1600800.000,634.232,10.919
600800.000,1600800.000,630.854,22.575
600850.000,1600800.000,628.244,13.242
600900.000,1600800.000,626.602,15.890
600950.000,1600800.000,626.104,13.240
601000.000,1600800.000,626.887,2.151
601050.000,1600800.000,629.026,28.245
601100.000,1600800.000,632.556,13.084
601150.000,1600800.000,637.425,21.506
601200.000,1600800.000,643.543,19.589
601250.000,1600800.000,650.764,30.793
601300.000,1600800.000,658.914,27.295
601350.000,1600800.000,667.746,30.136
601400.000,1600800.000,677.037,23.779
601450.000,1600800.000,686.527,34.660
601500.000,1600800.000,695.959,45.846
601550.000,1600800.000,705.073,42.820
601600.000,1600800.000,713.633,42.086
601650.000,1600800.000,721.389,39.704
601700.000,1600800.000,728.140,43.716
601750.000,1600800.000,733.687,52.105
601800.000,1600800.000,737.882,61.324
601850.000,1600800.000,740.630,50.665
601900.000,1600800.000,741.871,62.501
601950.000,1600800.000,741.630,64.532
602000.000,1600800.000,739.983,73.365
602050.000,1600800.000,737.059,77.322
602100.000,1600800.000,733.050,90.715
602150.000,1600800.000,728.229,95.084
602200.000,1600800.000,722.874,100.470
602250.000,1600800.000,717.305,109.754
602300.000,1600800.000,711.816,117.823
602350.000,1600800.000,706.708,117.653
602400.000,1600800.000,702.248,132.698
602450.000,1600800.000,698.635,169.122
602500.000,1600800.000,696.030,153.538
602550.000,1600800.000,694.489,196.306
602600.000,1600800.000,694.046,190.092
602650.000,1600800.000,694.636,202.956
602700.000,1600800.000,696.160,211.893
602750.000,1600800.000,698.459,216.431
602800.000,1600800.000,701.360,267.726
602850.000,1600800.000,704.666,249.681
602900.000,1600800.000,708.185,271.460
602950.000,1600800.000,711.729,263.611
603000.000,1600800.000,715.145,300.247
603050.000,1600800.000,718.309,295.678
603100.000,1600800.000,721.114,291.537
603150.000,1600800.000,723.513,313.842
603200.000,1600800.000,725.479,294.730
603250.000,1600800.000,727.025,306.492
603300.000,1600800.000,728.172,296.754
603350.000,1600800.000,728.997,283.626
603400.000,1600800.000,729.550,297.307
603450.000,1600800.000,729.918,301.436
603500.000,1600800.000,730.154,276.187
603550.000,1600800.000,730.344,265.396
603600.000,1600800.000,730.497,258.295
603650.000,1600800.000,730.672,249.071
603700.000,1600800.000,730.884,252.376
603750.000,1600800.000,731.131,229.791
603800.000,1600800.000,731.424,226.367
603850.000,1600800.000,731.782,191.606
603900.000,1600800.000,732.196,193.019
603950.000,1600800.000,732.695,177.955
604000.000,1600800.000,733.303,171.390
604050.000,1600800.000,734.059,152.653
604100.000,1600800.000,735.019,140.111
604150.000,1600800.000,736.238,146.308
604200.000,1600800.000,737.789,120.690
604250.000,1600800.000,739.708,111.618
604300.000,1600800.000,742.029,105.618
604350.000,1600800.000,744.764,80.952
604400.000,1600800.000,747.921,91.720
604450.000,1600800.000,751.450,85.682
604500.000,1600800.000,755.293,61.705
604550.000,1600800.000,759.372,65.376
604600.000,1600800.000,763.609,65.800
604650.000,1600800.000,767.882,57.082
604700.000,1600800.000,772.125,53.986
604750.000,1600800.000,776.212,50.130
604800.000,1600800.000,780.088,26.371
604850.000,1600800.000,783.689,35.355
604900.000,1600800.000,786.991,35.417
604950.000,1600800.000,789.966,23.655
605000.000,1600800.000,792.612,31.441
600000.000,1600850.000,681.178,-1.523
600050.000,1600850.000,679.163,-12.248
600100.000,1600850.000,677.381,-12.877
600150.000,1600850.000,675.719,7.009
600200.000,1600850.000,674.055,0.654
600250.000,1600850.000,672.267,3.704
600300.000,1600850.000,670.210,-8.767
600350.000,1600850.000,667.805,4.797
600400.000,1600850.000,664.958,1.904
600450.000,1600850.000,661.617,1.052
600500.000,1600850.000,657.793,4.049
600550.000,1600850.000,653.522,12.319
600600.000,1600850.000,648.882,5.414
600650.000,1600850.000,644.047,2.653
600700.000,1600850.000,639.182,3.286
600750.000,1600850.000,634.515,12.754
600800.000,1600850.000,630.296,20.540
600850.000,1600850.000,626.783,9.455
600900.000,1600850.000,624.203,12.876
600950.000,1600850.000,622.767,15.575
601000.000,1600850.000,622.645,21.681
601050.000,1600850.000,623.942,15.028
601100.000,1600850.000,626.722,22.301
601150.000,1600850.000,630.956,14.762
601200.000,1600850.000,636.571,7.931
601250.000,1600850.000,643.431,22.136
601300.000,1600850.000,651.363,22.053
601350.000,1600850.000,660.120,31.184
601400.000,1600850.000,669.466,35.463
601450.000,1600850.000,679.123,35.177
601500.000,1600850.000,688.816,42.301
601550.000,1600850.000,698.263,29.061
601600.000,1600850.000,707.204,40.604
601650.000,1600850.000,715.366,39.639
601700.000,1600850.000,722.525,57.327
601750.000,1600850.000,728.466,46.991
601800.000,1600850.000,733.027,53.346
601850.000,1600850.000,736.102,57.767
601900.000,1600850.000,737.627,57.708
601950.000,1600850.000,737.625,76.047
602000.000,1600850.000,736.175,76.679
602050.000,1600850.000,733.408,77.450
602100.000,1600850.000,729.526,81.482
602150.000,1600850.000,724.806,107.652
602200.000,1600850.000,719.535,91.940
602250.000,1600850.000,714.038,115.149
602300.000,1600850.000,708.615,119.489
602350.000,1600850.000,703.569,144.776
602400.000,1600850.000,699.167,154.628
602450.000,1600850.000,695.611,172.660
602500.000,1600850.000,693.061,181.769
602550.000,1600850.000,691.574,202.899
602600.000,1600850.000,691.181,209.898
602650.000,1600850.000,691.821,214.694
602700.000,1600850.000,693.395,231.691
602750.000,1600850.000,695.749,255.613
602800.000,1600850.000,698.712,261.304
602850.000,1600850.000,702.097,297.184
602900.000,1600850.000,705.717,311.456
602950.000,1600850.000,709.390,303.133
603000.000,1600850.000,712.968,318.838
603050.000,1600850.000,716.334,309.168
603100.000,1600850.000,719.382,311.946
603150.000,1600850.000,722.066,317.031
603200.000,1600850.000,724.355,344.997
603250.000,1600850.000,726.257,327.929
603300.000,1600850.000,727.783,327.638
603350.000,1600850.000,729.002,324.694
603400.000,1600850.000,729.948,329.924
603450.000,1600850.000,730.694,302.056
603500.000,1600850.000,731.276,310.955
603550.000,1600850.000,731.764,307.858
603600.000,1600850.000,732.151,292.267
603650.000,1600850.000,732.483,258.028
603700.000,1600850.000,732.759,256.600
603750.000,1600850.000,732.970,234.378
603800.000,1600850.000,733.121,234.018
603850.000,1600850.000,733.225,203.159
603900.000,1600850.000,733.276,199.366
603950.000,1600850.000,733.306,197.869
604000.000,1600850.000,733.347,169.388
604050.000,1600850.000,733.450,158.359
604100.000,1600850.000,733.684,164.026
604150.000,1600850.000,734.122,144.433
604200.000,1600850.000,734.852,136.503
604250.000,1600850.000,735.927,126.057
604300.000,1600850.000,737.403,100.300
604350.000,1600850.000,739.307,76.853
604400.000,1600850.000,741.661,81.443
604450.000,1600850.000,744.432,84.681
604500.000,1600850.000,747.574,63.042
604550.000,1600850.000,751.019,66.598
604600.000,1600850.000,754.698,58.404
604650.000,1600850.000,758.496,47.457
604700.000,1600850.000,762.349,43.200
604750.000,1600850.000,766.137,45.982
604800.000,1600850.000,769.806,31.662
604850.000,1600850.000,773.292,31.913
604900.000,1600850.000,776.570,31.020
604950.000,1600850.000,779.613,18.477
605000.000,1600850.000,782.414,35.684
600000.000,1600900.000,682.998,-0.181
600050.000,1600900.000,681.066,1.997
600100.000,1600900.000,679.421,-5.048
600150.000,1600900.000,677.936,-8.614
600200.000,1600900.000,676.472,-6.831
600250.000,1600900.000,674.894,-2.815
600300.000,1600900.000,673.032,4.838
600350.000,1600900.000,670.786,10.039
600400.000,1600900.000,668.039,2.757
600450.000,1600900.000,664.718,3.330
600500.000,1600900.000,660.817,-2.709
600550.000,1600900.000,656.357,-1.061
600600.000,1600900.000,651.408,8.287
600650.000,1600900.000,646.140,3.868
600700.000,1600900.000,640.723,11.913
600750.000,1600900.000,635.396,15.007
600800.000,1600900.000,630.424,7.027
600850.000,1600900.000,626.085,11.794
600900.000,1600900.000,622.634,5.261
600950.000,1600900.000,620.310,19.147
601000.000,1600900.000,619.309,16.327
601050.000,1600900.000,619.768,13.461
601100.000,1600900.000,621.772,14.576
601150.000,1600900.000,625.319,13.539
601200.000,1600900.000,630.352,30.096
601250.000,1600900.000,636.746,14.319
601300.000,1600900.000,644.337,36.326
601350.000,1600900.000,652.875,21.178
601400.000,1600900.000,662.120,29.255
601450.000,1600900.000,671.785,33.024
601500.000,1600900.000,681.582,30.062
601550.000,1600900.000,691.211,39.798
601600.000,1600900.000,700.396,40.477
601650.000,1600900.000,708.846,46.765
601700.000,1600900.000,716.322,42.212
601750.000,1600900.000,722.592,51.461
601800.000,1600900.000,727.481,41.890
601850.000,1600900.000,730.876,57.529
601900.000,1600900.000,732.705,64.790
601950.000,1600900.000,732.988,58.501
602000.000,1600900.000,731.801,88.934
602050.000,1600900.000,729.275,83.425
602100.000,1600900.000,725.612,98.280
602150.000,1600900.000,721.094,92.595
602200.000,1600900.000,716.007,101.062
602250.000,1600900.000,710.676,110.088
602300.000,1600900.000,705.402,135.465
602350.000,1600900.000,700.488,141.369
602400.000,1600900.000,696.199,159.953
602450.000,1600900.000,692.738,172.606
602500.000,1600900.000,690.262,189.721
602550.000,1600900.000,688.830,217.445
602600.000,1600900.000,688.472,213.234
602650.000,1600900.000,689.131,265.460
602700.000,1600900.000,690.711,245.686
602750.000,1600900.000,693.065,269.985
602800.000,1600900.000,696.028,285.539
602850.000,1600900.000,699.424,318.032
602900.000,1600900.000,703.072,324.505
602950.000,1600900.000,706.800,307.145
603000.000,1600900.000,710.469,335.359
603050.000,1600900.000,713.965,322.870
603100.000,1600900.000,717.190,379.373
603150.000,1600900.000,720.096,354.780
603200.000,1600900.000,722.652,368.972
603250.000,1600900.000,724.863,378.514
603300.000,1600900.000,726.731,370.838
603350.000,1600900.000,728.313,361.098
603400.000,1600900.000,729.632,357.424
603450.000,1600900.000,730.745,336.117
603500.000,1600900.000,731.672,332.678
603550.000,1600900.000,732.468,303.473
603600.000,1600900.000,733.109,313.585
603650.000,1600900.000,733.624,297.603
603700.000,1600900.000,734.002,279.219
603750.000,1600900.000,734.221,262.067
603800.000,1600900.000,734.280,236.285
603850.000,1600900.000,734.186,233.269
603900.000,1600900.000,733.932,217.044
603950.000,1600900.000,733.554,188.296
604000.000,1600900.000,733.088,184.113
604050.000,1600900.000,732.595,165.147
604100.000,1600900.000,732.159,152.883
604150.000,1600900.000,731.862,136.584
604200.000,1600900.000,731.810,134.826
604250.000,1600900.000,732.073,118.690
604300.000,1600900.000,732.721,111.982
604350.000,1600900.000,733.801,101.809
604400.000,1600900.000,735.347,91.098
604450.000,1600900.000,737.343,82.609
604500.000,1600900.000,739.754,71.568
604550.000,1600900.000,742.525,55.908
604600.000,1600900.000,745.594,64.056
604650.000,1600900.000,748.854,47.178
604700.000,1600900.000,752.249,51.379
604750.000,1600900.000,755.664,37.667
604800.000,1600900.000,759.046,35.617
604850.000,1600900.000,762.336,36.992
604900.000,1600900.000,765.508,18.536
604950.000,1600900.000,768.537,22.536
605000.000,1600900.000,771.414,27.857
600000.000,1600950.000,685.155,2.546
600050.000,1600950.000,683.296,-7.361
600100.000,1600950.000,681.770,-2.000
600150.000,1600950.000,680.439,2.352
600200.000,1600950.000,679.153,9.457
600250.000,1600950.000,677.761,-1.043
600300.000,1600950.000,676.076,-0.201
600350.000,1600950.000,673.978,-5.219
600400.000,1600950.000,671.332,8.252
600450.000,1600950.000,668.046,-4.865
600500.000,1600950.000,664.095,8.326
600550.000,1600950.000,659.487,2.053
600600.000,1600950.000,654.285,3.996
600650.000,1600950.000,648.652,6.584
600700.000,1600950.000,642.761,14.825
600750.000,1600950.000,636.858,3.577
600800.000,1600950.000,631.217,8.088
600850.000,1600950.000,626.133,15.415
600900.000,1600950.000,621.882,15.681
600950.000,1600950.000,618.725,2.688
601000.000,1600950.000,616.883,18.423
601050.000,1600950.000,616.517,20.384
601100.000,1600950.000,617.735,23.422
601150.000,1600950.000,620.556,13.162
601200.000,1600950.000,624.939,21.178
601250.000,1600950.000,630.775,12.837
601300.000,1600950.000,637.907,33.072
601350.000,1600950.000,646.092,29.326
601400.000,1600950.000,655.089,16.116
601450.000,1600950.000,664.607,26.668
601500.000,1600950.000,674.352,32.300
601550.000,1600950.000,684.016,30.139
601600.000,1600950.000,693.310,36.656
601650.000,1600950.000,701.933,43.183
601700.000,1600950.000,709.633,40.771
601750.000,1600950.000,716.167,43.968
601800.000,1600950.000,721.349,61.014
601850.000,1600950.000,725.057,57.053
601900.000,1600950.000,727.213,57.828
601950.000,1600950.000,727.828,71.320
602000.000,1600950.000,726.973,67.565
602050.000,1600950.000,724.774,89.888
602100.000,1600950.000,721.428,90.264
602150.000,1600950.000,717.212,107.353
602200.000,1600950.000,712.409,118.074
602250.000,1600950.000,707.338,126.476
602300.000,1600950.000,702.296,139.653
602350.000,1600950.000,697.583,144.544
602400.000,1600950.000,693.458,162.541
602450.000,1600950.000,690.124,180.503
602500.000,1600950.000,687.736,197.866
602550.000,1600950.000,686.354,210.609
602600.000,1600950.000,686.008,241.239
602650.000,1600950.000,686.649,262.344
602700.000,1600950.000,688.184,269.081
602750.000,1600950.000,690.475,317.717
602800.000,1600950.000,693.368,307.563
602850.000,1600950.000,696.697,345.750
602900.000,1600950.000,700.293,355.562
602950.000,1600950.000,703.993,361.291
603000.000,1600950.000,707.669,363.322
603050.000,1600950.000,711.214,382.792
603100.000,1600950.000,714.537,385.481
603150.000,1600950.000,717.592,383.084
603200.000,1600950.000,720.347,410.036
603250.000,1600950.000,722.804,398.446
603300.000,1600950.000,724.959,384.104
603350.000,1600950.000,726.860,400.877
603400.000,1600950.000,728.518,380.664
603450.000,1600950.000,729.974,381.701
603500.000,1600950.000,731.233,378.897
603550.000,1600950.000,732.335,373.393
603600.000,1600950.000,733.239,327.659
603650.000,1600950.000,733.961,318.200
603700.000,1600950.000,734.473,283.615
603750.000,1600950.000,734.745,286.282
603800.000,1600950.000,734.764,264.352
603850.000,1600950.000,734.534,251.817
603900.000,1600950.000,734.043,249.315
603950.000,1600950.000,733.328,216.447
604000.000,1600950.000,732.429,194.140
604050.000,1600950.000,731.414,164.509
604100.000,1600950.000,730.377,166.840
604150.000,1600950.000,729.411,143.374
604200.000,1600950.000,728.635,134.278
604250.000,1600950.000,728.134,117.208
604300.000,1600950.000,727.993,114.562
604350.000,1600950.000,728.273,93.433
604400.000,1600950.000,729.023,88.191
604450.000,1600950.000,730.242,83.327
604500.000,1600950.000,731.906,65.173
604550.000,1600950.000,733.973,67.601
604600.000,1600950.000,736.391,57.343
604650.000,1600950.000,739.063,57.083
604700.000,1600950.000,741.940,53.036
604750.000,1600950.000,744.914,36.601
604800.000,1600950.000,747.936,39.233
604850.000,1600950.000,750.954,34.597
604900.000,1600950.000,753.941,33.318
604950.000,1600950.000,756.878,24.915
605000.000,1600950.000,759.755,14.665
600000.000,1601000.000,687.778,2.352
600050.000,1601000.000,685.986,-6.713
600100.000,1601000.000,684.561,-0.507
600150.000,1601000.000,683.359,-9.166
600200.000,1601000.000,682.220,-9.508
600250.000,1601000.000,680.981,-3.504
600300.000,1601000.000,679.443,1.872
600350.000,1601000.000,677.468,-2.096
600400.000,1601000.000,674.906,-3.821
600450.000,1601000.000,671.648,3.904
600500.000,1601000.000,667.655,3.212
600550.000,1601000.000,662.923,3.515
600600.000,1601000.000,657.507,11.020
600650.000,1601000.000,651.562,6.599
600700.000,1601000.000,645.263,9.808
600750.000,1601000.000,638.857,18.149
600800.000,1601000.000,632.626,19.968
600850.000,1601000.000,626.875,18.196
600900.000,1601000.000,621.898,3.257
600950.000,1601000.000,617.972,10.875
601000.000,1601000.000,615.334,14.463
601050.000,1601000.000,614.171,11.855
601100.000,1601000.000,614.604,22.955
601150.000,1601000.000,616.674,30.891
601200.000,1601000.000,620.358,20.478
601250.000,1601000.000,625.559,22.757
601300.000,1601000.000,632.133,24.990
601350.000,1601000.000,639.846,24.505
601400.000,1601000.000,648.462,25.111
601450.000,1601000.000,657.690,32.045
601500.000,1601000.000,667.240,37.070
601550.000,1601000.000,676.799,30.418
601600.000,1601000.000,686.074,33.148
601650.000,1601000.000,694.757,40.848
601700.000,1601000.000,702.591,33.005
601750.000,1601000.000,709.324,53.180
601800.000,1601000.000,714.763,54.093
601850.000,1601000.000,718.776,55.039
601900.000,1601000.000,721.277,62.900
601950.000,1601000.000,722.267,68.556
602000.000,1601000.000,721.808,64.143
602050.000,1601000.000,720.015,85.486
602100.000,1601000.000,717.076,101.187
602150.000,1601000.000,713.257,99.117
602200.000,1601000.000,708.830,118.582
602250.000,1601000.000,704.105,131.255
602300.000,1601000.000,699.371,149.380
602350.000,1601000.000,694.919,164.586
602400.000,1601000.000,691.001,169.939
602450.000,1601000.000,687.820,189.584
602500.000,1601000.000,685.525,209.456
602550.000,1601000.000,684.181,225.195
602600.000,1601000.000,683.820,258.784
602650.000,1601000.000,684.399,272.607
602700.000,1601000.000,685.833,317.151
602750.000,1601000.000,687.997,336.799
602800.000,1601000.000,690.746,343.541
602850.000,1601000.000,693.929,378.656
602900.000,1601000.000,697.389,368.197
602950.000,1601000.000,700.975,424.606
603000.000,1601000.000,704.571,454.473
603050.000,1601000.000,708.080,427.414
603100.000,1601000.000,711.417,455.819
603150.000,1601000.000,714.540,429.725
603200.000,1601000.000,717.418,455.341
603250.000,1601000.000,720.052,414.749
603300.000,1601000.000,722.432,424.302
603350.000,1601000.000,724.597,433.160
603400.000,1601000.000,726.549,439.278
603450.000,1601000.000,728.315,419.870
603500.000,1601000.000,729.884,379.284
603550.000,1601000.000,731.282,408.089
603600.000,1601000.000,732.453,339.488
603650.000,1601000.000,733.397,359.471
603700.000,1601000.000,734.074,315.048
603750.000,1601000.000,734.440,289.349
603800.000,1601000.000,734.474,272.475
603850.000,1601000.000,734.170,252.876
603900.000,1601000.000,733.515,255.850
603950.000,1601000.000,732.542,208.551
604000.000,1601000.000,731.292,221.139
604050.000,1601000.000,729.839,189.103
604100.000,1601000.000,728.284,175.137
604150.000,1601000.000,726.727,148.705
604200.000,1601000.000,725.299,127.359
604250.000,1601000.000,724.096,124.017
604300.000,1601000.000,723.216,100.445
604350.000,1601000.000,722.736,93.911
604400.000,1601000.000,722.715,97.641
604450.000,1601000.000,723.167,72.217
604500.000,1601000.000,724.081,68.458
604550.000,1601000.000,725.428,76.750
604600.000,1601000.000,727.164,52.355
604650.000,1601000.000,729.205,54.661
604700.000,1601000.000,731.512,44.336
604750.000,1601000.000,733.983,36.402
604800.000,1601000.000,736.578,25.677
604850.000,1601000.000,739.251,28.679
604900.000,1601000.000,741.979,28.019
604950.000,1601000.000,744.748,15.605
605000.000,1601000.000,747.552,13.416
600000.000,1601050.000,690.928,-12.868
600050.000,1601050.000,689.201,-5.027
600100.000,1601050.000,687.861,-2.224
600150.000,1601050.000,686.761,0.200
600200.000,1601050.000,685.733,5.733
600250.000,1601050.000,684.607,-12.001
600300.000,1601050.000,683.173,-4.005
600350.000,1601050.000,681.281,-0.958
600400.000,1601050.000,678.770,-2.296
600450.000,1601050.000,675.518,1.949
600500.000,1601050.000,671.473,4.531
600550.000,1601050.000,666.622,6.513
600600.000,1601050.000,661.014,-1.630
600650.000,1601050.000,654.795,5.343
600700.000,1601050.000,648.140,13.703
600750.000,1601050.000,641.296,14.369
600800.000,1601050.000,634.548,12.099
600850.000,1601050.000,628.210,16.424
600900.000,1601050.000,622.582,10.450
600950.000,1601050.000,617.956,8.653
601000.000,1601050.000,614.582,18.810
601050.000,1601050.000,612.661,16.212
601100.000,1601050.000,612.331,12.833
601150.000,1601050.000,613.650,18.401
601200.000,1601050.000,616.607,25.711
601250.000,1601050.000,621.122,25.241
601300.000,1601050.000,627.064,22.044
601350.000,1601050.000,634.211,27.543
601400.000,1601050.000,642.335,20.420
601450.000,1601050.000,651.154,26.678
601500.000,1601050.000,660.384,28.583
601550.000,1601050.000,669.715,31.280
601600.000,1601050.000,678.855,41.289
601650.000,1601050.000,687.497,42.396
601700.000,1601050.000,695.382,52.915
601750.000,1601050.000,702.253,47.924
601800.000,1601050.000,707.912,66.349
601850.000,1601050.000,712.217,62.494
601900.000,1601050.000,715.076,62.332
601950.000,1601050.000,716.476,76.282
602000.000,1601050.000,716.468,70.576
602050.000,1601050.000,715.148,86.541
602100.000,1601050.000,712.693,92.626
602150.000,1601050.000,709.351,104.028
602200.000,1601050.000,705.380,107.996
602250.000,1601050.000,701.075,132.659
602300.000,1601050.000,696.709,146.901
602350.000,1601050.000,692.567,166.024
602400.000,1601050.000,688.887,187.035
602450.000,1601050.000,685.873,203.324
602500.000,1601050.000,683.669,225.942
602550.000,1601050.000,682.344,235.216
602600.000,1601050.000,681.933,276.744
602650.000,1601050.000,682.403,289.031
602700.000,1601050.000,683.679,318.441
602750.000,1601050.000,685.648,341.344
602800.000,1601050.000,688.179,394.958
602850.000,1601050.000,691.136,407.175
602900.000,1601050.000,694.378,426.513
602950.000,1601050.000,697.765,464.286
603000.000,1601050.000,701.197,474.988
603050.000,1601050.000,704.583,456.411
603100.000,1601050.000,707.849,470.968
603150.000,1601050.000,710.959,502.230
603200.000,1601050.000,713.881,475.604
603250.000,1601050.000,716.617,500.864
603300.000,1601050.000,719.153,494.254
603350.000,1601050.000,721.522,490.044
603400.000,1601050.000,723.715,448.460
603450.000,1601050.000,725.747,455.881
603500.000,1601050.000,727.596,397.902
603550.000,1601050.000,729.272,432.822
603600.000,1601050.000,730.706,399.650
603650.000,1601050.000,731.884,369.599
603700.000,1601050.000,732.750,319.854
603750.000,1601050.000,733.249,324.734
603800.000,1601050.000,733.351,301.703
603850.000,1601050.000,733.037,276.761
603900.000,1601050.000,732.292,265.483
603950.000,1601050.000,731.143,214.583
604000.000,1601050.000,729.631,216.086
604050.000,1601050.000,727.831,190.961
604100.000,1601050.000,725.848,179.441
604150.000,1601050.000,723.787,160.102
604200.000,1601050.000,721.788,138.650
604250.000,1601050.000,719.956,121.808
604300.000,1601050.000,718.401,118.597
604350.000,1601050.000,717.209,105.918
604400.000,1601050.000,716.453,105.453
604450.000,1601050.000,716.160,78.050
604500.000,1601050.000,716.330,70.448
604550.000,1601050.000,716.948,59.804
604600.000,1601050.000,717.982,49.477
604650.000,1601050.000,719.358,46.184
604700.000,1601050.000,721.050,44.978
604750.000,1601050.000,722.965,35.749
604800.000,1601050.000,725.073,30.293
604850.000,1601050.000,727.336,23.887
604900.000,1601050.000,729.739,27.522
604950.000,1601050.000,732.273,19.221
605000.000,1601050.000,734.937,16.717
600000.000,1601100.000,694.617,-12.015
600050.000,1601100.000,692.957,-1.561
600100.000,1601100.000,691.691,-6.660
600150.000,1601100.000,690.667,-16.900
600200.000,1601100.000,689.712,-6.996
600250.000,1601100.000,688.653,1.627
600300.000,1601100.000,687.274,-6.659
600350.000,1601100.000,685.417,10.756
600400.000,1601100.000,682.911,-0.188
600450.000,1601100.000,679.628,1.522
600500.000,1601100.000,675.508,11.622
600550.000,1601100.000,670.528,-1.703
600600.000,1601100.000,664.735,2.818
600650.000,1601100.000,658.267,7.260
600700.000,1601100.000,651.297,0.173
600750.000,1601100.000,644.072,10.798
600800.000,1601100.000,636.877,14.756
600850.000,1601100.000,630.027,16.600
600900.000,1601100.000,623.829,15.596
600950.000,1601100.000,618.580,13.872
601000.000,1601100.000,614.539,19.247
601050.000,1601100.000,611.920,12.339
601100.000,1601100.000,610.868,13.005
601150.000,1601100.000,611.455,16.239
601200.000,1601100.000,613.684,21.570
601250.000,1601100.000,617.489,27.867
601300.000,1601100.000,622.752,31.488
601350.000,1601100.000,629.266,22.584
601400.000,1601100.000,636.815,27.024
601450.000,1601100.000,645.127,23.953
601500.000,1601100.000,653.934,40.087
601550.000,1601100.000,662.930,30.123
601600.000,1601100.000,671.834,39.558
601650.000,1601100.000,680.343,41.591
601700.000,1601100.000,688.200,39.107
601750.000,1601100.000,695.149,56.896
601800.000,1601100.000,700.986,42.766
601850.000,1601100.000,705.565,59.780
601900.000,1601100.000,708.785,64.076
601950.000,1601100.000,710.616,76.024
602000.000,1601100.000,711.096,81.327
602050.000,1601100.000,710.301,88.622
602100.000,1601100.000,708.390,108.995
602150.000,1601100.000,705.589,100.519
602200.000,1601100.000,702.135,119.387
602250.000,1601100.000,698.305,136.226
602300.000,1601100.000,694.356,136.721
602350.000,1601100.000,690.560,158.691
602400.000,1601100.000,687.142,185.491
602450.000,1601100.000,684.301,203.005
602500.000,1601100.000,682.182,241.604
602550.000,1601100.000,680.855,267.429
602600.000,1601100.000,680.360,297.135
602650.000,1601100.000,680.676,321.580
602700.000,1601100.000,681.739,337.899
602750.000,1601100.000,683.451,391.389
602800.000,1601100.000,685.696,401.513
602850.000,1601100.000,688.355,462.242
602900.000,1601100.000,691.302,473.606
602950.000,1601100.000,694.412,502.184
603000.000,1601100.000,697.597,493.806
603050.000,1601100.000,700.779,532.750
603100.000,1601100.000,703.893,546.788
603150.000,1601100.000,706.906,544.476
603200.000,1601100.000,709.791,543.113
603250.000,1601100.000,712.551,533.628
603300.000,1601100.000,715.171,548.920
603350.000,1601100.000,717.675,555.005
603400.000,1601100.000,720.050,489.328
603450.000,1601100.000,722.299,518.547
603500.000,1601100.000,724.389,484.328
603550.000,1601100.000,726.317,452.859
603600.000,1601100.000,728.002,457.637
603650.000,1601100.000,729.416,405.587
603700.000,1601100.000,730.490,385.079
603750.000,1601100.000,731.158,366.389
603800.000,1601100.000,731.376,348.397
603850.000,1601100.000,731.116,305.420
603900.000,1601100.000,730.355,264.687
603950.000,1601100.000,729.114,244.916
604000.000,1601100.000,727.431,222.785
604050.000,1601100.000,725.377,204.909
604100.000,1601100.000,723.062,178.064
604150.000,1601100.000,720.592,171.577
604200.000,1601100.000,718.110,133.912
604250.000,1601100.000,715.730,142.200
604300.000,1601100.000,713.568,118.350
604350.000,1601100.000,711.723,98.660
604400.000,1601100.000,710.276,95.501
604450.000,1601100.000,709.266,82.884
604500.000,1601100.000,708.707,73.938
604550.000,1601100.000,708.597,68.796
604600.000,1601100.000,708.915,55.665
604650.000,1601100.000,709.599,56.869
604700.000,1601100.000,710.636,50.220
604750.000,1601100.000,711.948,27.783
604800.000,1601100.000,713.513,32.510
604850.000,1601100.000,715.307,22.454
604900.000,1601100.000,717.320,17.551
604950.000,1601100.000,719.555,25.201
605000.000,1601100.000,722.017,5.611
600000.000,1601150.000,698.792,-3.593
600050.000,1601150.000,697.207,-11.574
600100.000,1601150.000,696.004,-9.827
600150.000,1601150.000,695.030,3.101
600200.000,1601150.000,694.110,-4.691
600250.000,1601150.000,693.070,-1.482
600300.000,1601150.000,691.692,-1.210
600350.000,1601150.000,689.813,-11.035
600400.000,1601150.000,687.260,0.467
600450.000,1601150.000,683.900,7.175
600500.000,1601150.000,679.669,0.820
600550.000,1601150.000,674.539,18.927
600600.000,1601150.000,668.557,-3.439
600650.000,1601150.000,661.854,3.744
600700.000,1601150.000,654.602,0.314
600750.000,1601150.000,647.045,7.900
600800.000,1601150.000,639.467,8.861
600850.000,1601150.000,632.179,10.592
600900.000,1601150.000,625.493,15.412
600950.000,1601150.000,619.706,16.394
601000.000,1601150.000,615.079,14.066
601050.000,1601150.000,611.833,14.214
601100.000,1601150.000,610.119,26.697
601150.000,1601150.000,610.018,26.223
601200.000,1601150.000,611.543,20.106
601250.000,1601150.000,614.641,30.217
601300.000,1601150.000,619.208,26.120
601350.000,1601150.000,625.051,20.350
601400.000,1601150.000,631.970,28.474
601450.000,1601150.000,639.708,22.697
601500.000,1601150.000,648.012,23.625
601550.000,1601150.000,656.590,38.292
601600.000,1601150.000,665.172,48.066
601650.000,1601150.000,673.468,41.795
601700.000,1601150.000,681.226,51.456
601750.000,1601150.000,688.193,51.283
601800.000,1601150.000,694.165,44.252
601850.000,1601150.000,698.990,53.744
601900.000,1601150.000,702.559,64.349
601950.000,1601150.000,704.827,58.948
602000.000,1601150.000,705.813,75.138
602050.000,1601150.000,705.573,83.531
602100.000,1601150.000,704.242,101.894
602150.000,1601150.000,702.023,93.281
602200.000,1601150.000,699.128,114.485
602250.000,1601150.000,695.811,128.505
602300.000,1601150.000,692.309,141.596
602350.000,1601150.000,688.881,164.686
602400.000,1601150.000,685.735,173.235
602450.000,1601150.000,683.070,219.671
602500.000,1601150.000,681.024,239.828
602550.000,1601150.000,679.674,272.068
602600.000,1601150.000,679.065,302.523
602650.000,1601150.000,679.188,322.428
602700.000,1601150.000,679.993,368.031
602750.000,1601150.000,681.396,411.310
602800.000,1601150.000,683.298,434.810
602850.000,1601150.000,685.599,470.565
602900.000,1601150.000,688.187,510.650
602950.000,1601150.000,690.952,528.635
603000.000,1601150.000,693.822,554.311
603050.000,1601150.000,696.727,577.414
603100.000,1601150.000,699.614,606.060
603150.000,1601150.000,702.454,610.187
603200.000,1601150.000,705.227,615.015
603250.000,1601150.000,707.935,595.775
603300.000,1601150.000,710.563,600.576
603350.000,1601150.000,713.133,564.189
603400.000,1601150.000,715.625,564.544
603450.000,1601150.000,718.035,558.542
603500.000,1601150.000,720.320,545.388
603550.000,1601150.000,722.467,513.359
603600.000,1601150.000,724.384,489.403
603650.000,1601150.000,726.029,467.037
603700.000,1601150.000,727.323,398.462
603750.000,1601150.000,728.185,376.602
603800.000,1601150.000,728.562,354.352
603850.000,1601150.000,728.411,344.077
603900.000,1601150.000,727.704,275.122
603950.000,1601150.000,726.451,266.246
604000.000,1601150.000,724.684,238.043
604050.000,1601150.000,722.470,206.280
604100.000,1601150.000,719.918,187.356
604150.000,1601150.000,717.132,172.336
604200.000,1601150.000,714.257,143.264
604250.000,1601150.000,711.412,136.824
604300.000,1601150.000,708.718,117.096
604350.000,1601150.000,706.283,95.245
604400.000,1601150.000,704.196,94.437
604450.000,1601150.000,702.507,75.410
604500.000,1601150.000,701.242,65.094
604550.000,1601150.000,700.412,63.731
604600.000,1601150.000,700.008,59.161
604650.000,1601150.000,699.982,40.446
604700.000,1601150.000,700.337,34.438
604750.000,1601150.000,701.007,28.324
604800.000,1601150.000,701.984,26.779
604850.000,1601150.000,703.257,19.587
604900.000,1601150.000,704.827,13.525
604950.000,1601150.000,706.708,14.567
605000.000,1601150.000,708.914,17.573
600000.000,1601200.000,703.319,-3.190
600050.000,1601200.000,701.819,-7.618
600100.000,1601200.000,700.673,-2.023
600150.000,1601200.000,699.727,-11.132
600200.000,1601200.000,698.807,1.259
600250.000,1601200.000,697.741,-4.315
600300.000,1601200.000,696.311,-4.656
600350.000,1601200.000,694.354,10.019
600400.000,1601200.000,691.699,-3.648
600450.000,1601200.000,688.213,7.869
600500.000,1601200.000,683.831,-0.238
600550.000,1601200.000,678.527,-0.579
600600.000,1601200.000,672.347,-0.589
600650.000,1601200.000,665.417,10.036
600700.000,1601200.000,657.911,17.666
600750.000,1601200.000,650.069,10.255
600800.000,1601200.000,642.170,8.909
600850.000,1601200.000,634.524,17.962
600900.000,1601200.000,627.436,15.551
600950.000,1601200.000,621.203,18.199
601000.000,1601200.000,616.084,17.338
601050.000,1601200.000,612.302,21.504
601100.000,1601200.000,610.007,22.503
601150.000,1601200.000,609.286,27.746
601200.000,1601200.000,610.162,30.601
601250.000,1601200.000,612.587,23.377
601300.000,1601200.000,616.473,19.058
601350.000,1601200.000,621.641,29.825
601400.000,1601200.000,627.907,16.805
601450.000,1601200.000,635.031,31.253
601500.000,1601200.000,642.780,35.034
601550.000,1601200.000,650.879,42.693
601600.000,1601200.000,659.074,33.509
601650.000,1601200.000,667.087,31.546
601700.000,1601200.000,674.680,46.808
601750.000,1601200.000,681.606,46.218
601800.000,1601200.000,687.662,47.603
601850.000,1601200.000,692.693,51.540
601900.000,1601200.000,696.582,46.858
601950.000,1601200.000,699.269,69.003
602000.000,1601200.000,700.755,63.216
602050.000,1601200.000,701.072,91.248
602100.000,1601200.000,700.331,91.230
602150.000,1601200.000,698.707,89.806
602200.000,1601200.000,696.387,109.034
602250.000,1601200.000,693.597,136.472
602300.000,1601200.000,690.554,155.616
602350.000,1601200.000,687.499,181.751
602400.000,1601200.000,684.628,197.593
602450.000,1601200.000,682.131,224.704
602500.000,1601200.000,680.145,247.900
602550.000,1601200.000,678.753,309.118
602600.000,1601200.000,678.005,324.553
602650.000,1601200.000,677.905,375.080
602700.000,1601200.000,678.416,421.098
602750.000,1601200.000,679.473,446.065
602800.000,1601200.000,680.991,496.864
602850.000,1601200.000,682.889,494.611
602900.000,1601200.000,685.071,566.683
602950.000,1601200.000,687.441,582.335
603000.000,1601200.000,689.941,636.457
603050.000,1601200.000,692.511,667.371
603100.000,1601200.000,695.109,676.866
603150.000,1601200.000,697.711,673.651
603200.000,1601200.000,700.303,701.946
603250.000,1601200.000,702.889,677.245
603300.000,1601200.000,705.457,684.381
603350.000,1601200.000,708.024,684.107
603400.000,1601200.000,710.569,634.644
603450.000,1601200.000,713.081,652.656
603500.000,1601200.000,715.512,578.005
603550.000,1601200.000,717.838,551.870
603600.000,1601200.000,719.960,535.286
603650.000,1601200.000,721.824,489.781
603700.000,1601200.000,723.339,447.123
603750.000,1601200.000,724.414,430.896
603800.000,1601200.000,724.981,372.569
603850.000,1601200.000,724.987,334.605
603900.000,1601200.000,724.393,305.775
603950.000,1601200.000,723.199,264.185
604000.000,1601200.000,721.428,263.870
604050.000,1601200.000,719.141,213.638
604100.000,1601200.000,716.441,190.494
604150.000,1601200.000,713.430,174.931
604200.000,1601200.000,710.250,143.878
604250.000,1601200.000,707.022,135.933
604300.000,1601200.000,703.872,111.016
604350.000,1601200.000,700.913,107.117
604400.000,1601200.000,698.240,75.723
604450.000,1601200.000,695.916,64.510
604500.000,1601200.000,693.974,70.058
604550.000,1601200.000,692.441,54.650
604600.000,1601200.000,691.318,44.291
604650.000,1601200.000,690.575,38.593
604700.000,1601200.000,690.227,41.280
604750.000,1601200.000,690.226,32.494
604800.000,1601200.000,690.579,17.757
604850.000,1601200.000,691.290,15.773
604900.000,1601200.000,692.371,19.500
604950.000,1601200.000,693.852,12.473
605000.000,1601200.000,695.756,13.310
600000.000,1601250.000,708.019,-15.873
600050.000,1601250.000,706.617,-0.288
600100.000,1601250.000,705.525,-9.506
600150.000,1601250.000,704.589,-8.960
600200.000,1601250.000,703.638,-3.784
600250.000,1601250.000,702.504,-3.689
600300.000,1601250.000,700.972,0.803
600350.000,1601250.000,698.884,-7.633
600400.000,1601250.000,696.075,-8.106
600450.000,1601250.000,692.415,-0.727
600500.000,1601250.000,687.844,13.316
600550.000,1601250.000,682.339,3.859
600600.000,1601250.000,675.950,5.757
600650.000,1601250.000,668.801,-0.501
600700.000,1601250.000,661.068,4.442
600750.000,1601250.000,652.987,-2.466
600800.000,1601250.000,644.832,19.158
600850.000,1601250.000,636.905,28.159
600900.000,1601250.000,629.508,17.227
600950.000,1601250.000,622.931,13.232
601000.000,1601250.000,617.425,25.928
601050.000,1601250.000,613.211,12.181
601100.000,1601250.000,610.435,27.321
601150.000,1601250.000,609.186,24.204
601200.000,1601250.000,609.488,25.631
601250.000,1601250.000,611.304,21.087
601300.000,1601250.000,614.553,29.706
601350.000,1601250.000,619.073,27.446
601400.000,1601250.000,624.694,34.608
601450.000,1601250.000,631.195,28.577
601500.000,1601250.000,638.364,25.153
601550.000,1601250.000,645.946,35.089
601600.000,1601250.000,653.703,37.825
601650.000,1601250.000,661.379,40.420
601700.000,1601250.000,668.748,40.962
601750.000,1601250.000,675.572,40.437
601800.000,1601250.000,681.656,40.704
601850.000,1601250.000,686.840,49.369
601900.000,1601250.000,691.004,45.986
601950.000,1601250.000,694.070,54.478
602000.000,1601250.000,696.025,64.012
602050.000,1601250.000,696.874,75.583
602100.000,1601250.000,696.705,83.107
602150.000,1601250.000,695.663,103.814
602200.000,1601250.000,693.905,115.187
602250.000,1601250.000,691.634,121.917
602300.000,1601250.000,689.042,143.870
602350.000,1601250.000,686.352,173.323
602400.000,1601250.000,683.743,207.820
602450.000,1601250.000,681.402,224.750
602500.000,1601250.000,679.463,254.763
602550.000,1601250.000,678.012,298.520
602600.000,1601250.000,677.107,353.122
602650.000,1601250.000,676.765,413.822
602700.000,1601250.000,676.963,414.654
602750.000,1601250.000,677.651,486.994
602800.000,1601250.000,678.763,563.370
602850.000,1601250.000,680.232,580.440
602900.000,1601250.000,681.980,616.617
602950.000,1601250.000,683.924,681.530
603000.000,1601250.000,686.019,683.208
603050.000,1601250.000,688.215,739.369
603100.000,1601250.000,690.479,753.267
603150.000,1601250.000,692.793,771.142
603200.000,1601250.000,695.149,791.738
603250.000,1601250.000,697.555,779.558
603300.000,1601250.000,700.000,743.708
603350.000,1601250.000,702.503,743.572
603400.000,1601250.000,705.041,727.169
603450.000,1601250.000,707.598,672.706
603500.000,1601250.000,710.124,682.624
603550.000,1601250.000,712.586,593.325
603600.000,1601250.000,714.879,586.297
603650.000,1601250.000,716.942,506.204
603700.000,1601250.000,718.672,460.134
603750.000,1601250.000,719.967,434.031
603800.000,1601250.000,720.747,388.169
603850.000,1601250.000,720.945,340.581
603900.000,1601250.000,720.513,304.886
603950.000,1601250.000,719.438,287.332
604000.000,1601250.000,717.733,266.504
604050.000,1601250.000,715.449,229.356
604100.000,1601250.000,712.683,206.069
604150.000,1601250.000,709.529,178.193
604200.000,1601250.000,706.128,142.436
604250.000,1601250.000,702.597,135.632
604300.000,1601250.000,699.065,105.526
604350.000,1601250.000,695.648,86.381
604400.000,1601250.000,692.447,97.536
604450.000,1601250.000,689.533,75.406
604500.000,1601250.000,686.949,76.149
604550.000,1601250.000,684.736,45.127
604600.000,1601250.000,682.906,44.100
604650.000,1601250.000,681.445,38.118
604700.000,1601250.000,680.385,21.641
604750.000,1601250.000,679.694,31.111
604800.000,1601250.000,679.396,9.739
604850.000,1601250.000,679.511,16.289
604900.000,1601250.000,680.068,-1.004
604950.000,1601250.000,681.110,7.859
605000.000,1601250.000,682.673,8.292
600000.000,1601300.000,712.643,-12.795
600050.000,1601300.000,711.352,-11.900
600100.000,1601300.000,710.314,-7.196
600150.000,1601300.000,709.375,-4.430
600200.000,1601300.000,708.370,-11.643
600250.000,1601300.000,707.132,-9.721
600300.000,1601300.000,705.460,2.520
600350.000,1601300.000,703.197,-6.731
600400.000,1601300.000,700.190,2.298
600450.000,1601300.000,696.318,4.704
600500.000,1601300.000,691.527,7.839
600550.000,1601300.000,685.801,6.125
600600.000,1601300.000,679.199,11.566
600650.000,1601300.000,671.844,7.280
600700.000,1601300.000,663.913,11.779
600750.000,1601300.000,655.641,0.367
600800.000,1601300.000,647.296,7.952
600850.000,1601300.000,639.173,23.234
600900.000,1601300.000,631.564,30.999
600950.000,1601300.000,624.750,19.712
601000.000,1601300.000,618.972,25.959
601050.000,1601300.000,614.444,19.933
601100.000,1601300.000,611.304,28.995
601150.000,1601300.000,609.636,35.396
601200.000,1601300.000,609.467,31.694
601250.000,1601300.000,610.761,28.619
601300.000,1601300.000,613.446,34.209
601350.000,1601300.000,617.372,33.333
601400.000,1601300.000,622.385,30.639
601450.000,1601300.000,628.281,15.717
601500.000,1601300.000,634.869,36.584
601550.000,1601300.000,641.916,36.827
601600.000,1601300.000,649.205,33.119
601650.000,1601300.000,656.500,35.243
601700.000,1601300.000,663.591,34.704
601750.000,1601300.000,670.255,39.318
601800.000,1601300.000,676.301,37.855
601850.000,1601300.000,681.573,46.818
601900.000,1601300.000,685.945,52.229
601950.000,1601300.000,689.329,43.905
602000.000,1601300.000,691.693,58.660
602050.000,1601300.000,693.021,69.843
602100.000,1601300.000,693.375,92.590
602150.000,1601300.000,692.869,95.782
602200.000,1601300.000,691.637,114.182
602250.000,1601300.000,689.851,132.825
602300.000,1601300.000,687.680,149.052
602350.000,1601300.000,685.330,172.627
602400.000,1601300.000,682.963,217.989
602450.000,1601300.000,680.761,227.714
602500.000,1601300.000,678.854,288.863
602550.000,1601300.000,677.334,297.073
602600.000,1601300.000,676.263,380.753
602650.000,1601300.000,675.674,404.769
602700.000,1601300.000,675.555,467.567
602750.000,1601300.000,675.872,507.362
602800.000,1601300.000,676.576,615.525
602850.000,1601300.000,677.616,628.971
602900.000,1601300.000,678.925,690.100
602950.000,1601300.000,680.436,730.962
603000.000,1601300.000,682.114,809.983
603050.000,1601300.000,683.918,829.815
603100.000,1601300.000,685.824,866.205
603150.000,1601300.000,687.820,895.055
603200.000,1601300.000,689.903,889.593
603250.000,1601300.000,692.084,846.903
603300.000,1601300.000,694.359,862.658
603350.000,1601300.000,696.744,803.159
603400.000,1601300.000,699.221,800.324
603450.000,1601300.000,701.770,756.833
603500.000,1601300.000,704.341,698.076
603550.000,1601300.000,706.895,671.529
603600.000,1601300.000,709.324,616.773
603650.000,1601300.000,711.559,549.852
603700.000,1601300.000,713.487,491.227
603750.000,1601300.000,714.999,475.019
603800.000,1601300.000,716.002,397.398
603850.000,1601300.000,716.415,384.817
603900.000,1601300.000,716.180,333.722
603950.000,1601300.000,715.271,295.357
604000.000,1601300.000,713.689,264.589
604050.000,1601300.000,711.471,237.458
604100.000,1601300.000,708.709,194.337
604150.000,1601300.000,705.488,167.976
604200.000,1601300.000,701.940,144.966
604250.000,1601300.000,698.182,137.391
604300.000,1601300.000,694.338,118.577
604350.000,1601300.000,690.530,93.231
604400.000,1601300.000,686.861,74.188
604450.000,1601300.000,683.408,78.060
604500.000,1601300.000,680.225,56.491
604550.000,1601300.000,677.363,48.076
604600.000,1601300.000,674.848,46.608
604650.000,1601300.000,672.680,30.607
604700.000,1601300.000,670.908,27.490
604750.000,1601300.000,669.519,18.573
604800.000,1601300.000,668.553,15.077
604850.000,1601300.000,668.051,13.810
604900.000,1601300.000,668.056,3.105
604950.000,1601300.000,668.628,11.218
605000.000,1601300.000,669.819,-1.426
600000.000,1601350.000,716.898,-8.596
600050.000,1601350.000,715.735,-8.109
600100.000,1601350.000,714.756,-14.397
600150.000,1601350.000,713.811,-14.717
600200.000,1601350.000,712.737,-5.711
600250.000,1601350.000,711.377,-4.884
600300.000,1601350.000,709.537,-14.655
600350.000,1601350.000,707.071,-7.197
600400.000,1601350.000,703.838,-8.572
600450.000,1601350.000,699.730,-1.917
600500.000,1601350.000,694.702,6.730
600550.000,1601350.000,688.748,14.744
600600.000,1601350.000,681.939,11.452
600650.000,1601350.000,674.397,12.804
600700.000,1601350.000,666.306,8.255
600750.000,1601350.000,657.898,10.749
600800.000,1601350.000,649.435,14.782
600850.000,1601350.000,641.203,19.741
600900.000,1601350.000,633.483,35.663
600950.000,1601350.000,626.546,22.897
601000.000,1601350.000,620.618,24.024
601050.000,1601350.000,615.902,33.696
601100.000,1601350.000,612.524,33.619
601150.000,1601350.000,610.564,33.479
601200.000,1601350.000,610.040,27.796
601250.000,1601350.000,610.920,40.040
601300.000,1601350.000,613.135,27.470
601350.000,1601350.000,616.547,39.186
601400.000,1601350.000,621.012,32.523
601450.000,1601350.000,626.344,25.144
601500.000,1601350.000,632.375,37.963
601550.000,1601350.000,638.890,29.848
601600.000,1601350.000,645.695,41.238
601650.000,1601350.000,652.576,35.954
601700.000,1601350.000,659.343,37.210
601750.000,1601350.000,665.785,34.397
601800.000,1601350.000,671.725,49.210
601850.000,1601350.000,677.008,42.999
601900.000,1601350.000,681.507,54.334
601950.000,1601350.000,685.126,46.999
602000.000,1601350.000,687.816,64.316
602050.000,1601350.000,689.542,73.001
602100.000,1601350.000,690.343,80.703
602150.000,1601350.000,690.305,95.845
602200.000,1601350.000,689.535,116.396
602250.000,1601350.000,688.178,116.967
602300.000,1601350.000,686.383,160.398
602350.000,1601350.000,684.335,168.667
602400.000,1601350.000,682.181,217.446
602450.000,1601350.000,680.097,248.222
602500.000,1601350.000,678.210,282.745
602550.000,1601350.000,676.616,333.728
602600.000,1601350.000,675.383,375.350
602650.000,1601350.000,674.555,441.081
602700.000,1601350.000,674.133,522.979
602750.000,1601350.000,674.098,572.747
602800.000,1601350.000,674.414,652.409
602850.000,1601350.000,675.044,688.648
602900.000,1601350.000,675.935,797.191
602950.000,1601350.000,677.027,835.961
603000.000,1601350.000,678.300,899.451
603050.000,1601350.000,679.717,924.667
603100.000,1601350.000,681.261,994.675
603150.000,1601350.000,682.928,984.297
603200.000,1601350.000,684.717,979.820
603250.000,1601350.000,686.646,989.490
603300.000,1601350.000,688.714,984.391
603350.000,1601350.000,690.941,902.926
603400.000,1601350.000,693.310,934.070
603450.000,1601350.000,695.805,827.851
603500.000,1601350.000,698.372,792.303
603550.000,1601350.000,700.973,718.157
603600.000,1601350.000,703.498,638.443
603650.000,1601350.000,705.872,623.746
603700.000,1601350.000,707.975,545.040
603750.000,1601350.000,709.689,515.923
603800.000,1601350.000,710.912,420.668
603850.000,1601350.000,711.548,398.099
603900.000,1601350.000,711.530,338.465
603950.000,1601350.000,710.818,311.284
604000.000,1601350.000,709.399,267.530
604050.000,1601350.000,707.298,222.048
604100.000,1601350.000,704.598,198.017
604150.000,1601350.000,701.372,169.383
604200.000,1601350.000,697.743,162.427
604250.000,1601350.000,693.825,121.996
604300.000,1601350.000,689.738,111.088
604350.000,1601350.000,685.603,87.522
604400.000,1601350.000,681.525,81.324
604450.000,1601350.000,677.588,52.411
604500.000,1601350.000,673.852,47.494
604550.000,1601350.000,670.380,39.160
604600.000,1601350.000,667.210,31.718
604650.000,1601350.000,664.357,39.471
604700.000,1601350.000,661.886,13.936
604750.000,1601350.000,659.802,13.029
604800.000,1601350.000,658.166,6.786
604850.000,1601350.000,657.036,14.589
604900.000,1601350.000,656.473,-2.618
604950.000,1601350.000,656.556,6.566
605000.000,1601350.000,657.353,-11.697
600000.000,1601400.000,720.502,-11.094
600050.000,1601400.000,719.481,-8.156
600100.000,1601400.000,718.571,-6.302
600150.000,1601400.000,717.622,-15.304
600200.000,1601400.000,716.477,-5.600
600250.000,1601400.000,714.986,-1.332
600300.000,1601400.000,712.969,1.492
600350.000,1601400.000,710.289,3.317
600400.000,1601400.000,706.821,-3.153
600450.000,1601400.000,702.471,0.434
600500.000,1601400.000,697.207,0.928
600550.000,1601400.000,691.035,0.664
600600.000,1601400.000,684.039,8.954
600650.000,1601400.000,676.345,8.719
600700.000,1601400.000,668.142,20.660
600750.000,1601400.000,659.661,4.447
600800.000,1601400.000,651.157,26.961
600850.000,1601400.000,642.908,21.214
600900.000,1601400.000,635.183,21.638
600950.000,1601400.000,628.238,32.059
601000.000,1601400.000,622.284,24.312
601050.000,1601400.000,617.512,23.884
601100.000,1601400.000,614.029,32.020
601150.000,1601400.000,611.907,49.520
601200.000,1601400.000,611.158,35.256
601250.000,1601400.000,611.743,46.307
601300.000,1601400.000,613.597,44.447
601350.000,1601400.000,616.588,32.713
601400.000,1601400.000,620.583,39.338
601450.000,1601400.000,625.410,48.268
601500.000,1601400.000,630.922,49.534
601550.000,1601400.000,636.924,40.352
601600.000,1601400.000,643.243,28.627
601650.000,1601400.000,649.688,30.692
601700.000,1601400.000,656.087,30.335
601750.000,1601400.000,662.249,36.258
601800.000,1601400.000,668.008,31.727
601850.000,1601400.000,673.215,39.872
601900.000,1601400.000,677.747,40.371
601950.000,1601400.000,681.499,49.258
602000.000,1601400.000,684.412,63.069
602050.000,1601400.000,686.433,63.822
602100.000,1601400.000,687.583,63.809
602150.000,1601400.000,687.920,73.606
602200.000,1601400.000,687.528,100.475
602250.000,1601400.000,686.528,117.150
602300.000,1601400.000,685.046,146.798
602350.000,1601400.000,683.252,167.415
602400.000,1601400.000,681.276,203.087
602450.000,1601400.000,679.289,241.712
602500.000,1601400.000,677.412,287.687
602550.000,1601400.000,675.747,336.198
602600.000,1601400.000,674.365,409.066
602650.000,1601400.000,673.322,481.063
602700.000,1601400.000,672.628,536.084
602750.000,1601400.000,672.277,613.190
602800.000,1601400.000,672.245,695.278
602850.000,1601400.000,672.507,805.111
602900.000,1601400.000,673.020,875.350
602950.000,1601400.000,673.732,933.551
603000.000,1601400.000,674.632,1035.727
603050.000,1601400.000,675.688,1096.146
603100.000,1601400.000,676.888,1100.128
603150.000,1601400.000,678.232,1143.623
603200.000,1601400.000,679.727,1097.729
603250.000,1601400.000,681.392,1092.478
603300.000,1601400.000,683.233,1105.195
603350.000,1601400.000,685.273,1040.490
603400.000,1601400.000,687.500,1016.466
603450.000,1601400.000,689.899,948.665
603500.000,1601400.000,692.420,859.169
603550.000,1601400.000,695.024,794.058
603600.000,1601400.000,697.603,701.463
603650.000,1601400.000,700.077,621.044
603700.000,1601400.000,702.323,593.808
603750.000,1601400.000,704.216,488.927
603800.000,1601400.000,705.642,435.922
603850.000,1601400.000,706.496,391.923
603900.000,1601400.000,706.700,360.186
603950.000,1601400.000,706.199,301.175
604000.000,1601400.000,704.969,271.198
604050.000,1601400.000,703.022,245.094
604100.000,1601400.000,700.427,215.037
604150.000,1601400.000,697.247,167.818
604200.000,1601400.000,693.595,155.385
604250.000,1601400.000,689.578,126.404
604300.000,1601400.000,685.311,111.580
604350.000,1601400.000,680.913,82.581
604400.000,1601400.000,676.490,80.849
604450.000,1601400.000,672.129,55.668
604500.000,1601400.000,667.896,49.424
604550.000,1601400.000,663.864,40.114
604600.000,1601400.000,660.081,28.074
604650.000,1601400.000,656.577,12.804
604700.000,1601400.000,653.433,13.846
604750.000,1601400.000,650.673,1.411
604800.000,1601400.000,648.376,6.135
604850.000,1601400.000,646.620,6.078
604900.000,1601400.000,645.485,-7.872
604950.000,1601400.000,645.068,-0.331
605000.000,1601400.000,645.455,-8.712
600000.000,1601450.000,723.114,-6.291
600050.000,1601450.000,722.250,-8.097
600100.000,1601450.000,721.422,-19.372
600150.000,1601450.000,720.482,0.427
600200.000,1601450.000,719.277,-10.379
600250.000,1601450.000,717.666,1.280
600300.000,1601450.000,715.482,-7.320
600350.000,1601450.000,712.601,-6.039
600400.000,1601450.000,708.911,-2.209
600450.000,1601450.000,704.338,-9.501
600500.000,1601450.000,698.863,-7.189
600550.000,1601450.000,692.506,2.408
600600.000,1601450.000,685.365,10.985
600650.000,1601450.000,677.570,10.978
600700.000,1601450.000,669.317,10.960
600750.000,1601450.000,660.836,16.403
600800.000,1601450.000,652.378,13.829
600850.000,1601450.000,644.209,16.930
600900.000,1601450.000,636.586,26.637
600950.000,1601450.000,629.752,33.758
601000.000,1601450.000,623.897,29.084
601050.000,1601450.000,619.199,36.497
601100.000,1601450.000,615.747,30.677
601150.000,1601450.000,613.599,45.119
601200.000,1601450.000,612.756,35.017
601250.000,1601450.000,613.174,36.388
601300.000,1601450.000,614.785,40.796
601350.000,1601450.000,617.461,44.292
601400.000,1601450.000,621.077,37.140
601450.000,1601450.000,625.474,42.238
601500.000,1601450.000,630.521,39.969
601550.000,1601450.000,636.041,37.641
601600.000,1601450.000,641.882,34.674
601650.000,1601450.000,647.877,29.006
601700.000,1601450.000,653.873,21.792
601750.000,1601450.000,659.698,18.194
601800.000,1601450.000,665.199,26.456
601850.000,1601450.000,670.238,27.944
601900.000,1601450.000,674.696,33.324
601950.000,1601450.000,678.466,33.917
602000.000,1601450.000,681.481,48.352
602050.000,1601450.000,683.676,45.820
602100.000,1601450.000,685.055,59.895
602150.000,1601450.000,685.655,86.363
602200.000,1601450.000,685.537,95.487
602250.000,1601450.000,684.804,102.905
602300.000,1601450.000,683.560,139.929
602350.000,1601450.000,681.960,173.221
602400.000,1601450.000,680.122,215.012
602450.000,1601450.000,678.207,230.739
602500.000,1601450.000,676.335,309.327
602550.000,1601450.000,674.609,349.316
602600.000,1601450.000,673.103,402.852
602650.000,1601450.000,671.882,491.177
602700.000,1601450.000,670.965,610.230
602750.000,1601450.000,670.355,656.508
602800.000,1601450.000,670.038,761.602
602850.000,1601450.000,669.997,910.842
602900.000,1601450.000,670.195,973.695
602950.000,1601450.000,670.591,1121.575
603000.000,1601450.000,671.175,1178.989
603050.000,1601450.000,671.920,1184.292
603100.000,1601450.000,672.818,1232.301
603150.000,1601450.000,673.872,1284.211
603200.000,1601450.000,675.093,1399.039
603250.000,1601450.000,676.503,1202.268
603300.000,1601450.000,678.115,1202.962
603350.000,1601450.000,679.955,1220.665
603400.000,1601450.000,682.017,1141.944
603450.000,1601450.000,684.290,1080.755
603500.000,1601450.000,686.729,941.344
603550.000,1601450.000,689.295,865.468
603600.000,1601450.000,691.886,753.173
603650.000,1601450.000,694.418,693.851
603700.000,1601450.000,696.766,621.901
603750.000,1601450.000,698.801,548.605
603800.000,1601450.000,700.401,465.930
603850.000,1601450.000,701.450,408.454
603900.000,1601450.000,701.863,353.343
603950.000,1601450.000,701.570,326.733
604000.000,1601450.000,700.536,258.835
604050.000,1601450.000,698.759,238.782
604100.000,1601450.000,696.296,200.849
604150.000,1601450.000,693.199,158.621
604200.000,1601450.000,689.570,139.914
604250.000,1601450.000,685.506,118.178
604300.000,1601450.000,681.116,96.483
604350.000,1601450.000,676.517,83.024
604400.000,1601450.000,671.813,69.062
604450.000,1601450.000,667.092,58.952
604500.000,1601450.000,662.423,42.029
604550.000,1601450.000,657.890,24.877
604600.000,1601450.000,653.548,26.286
604650.000,1601450.000,649.441,9.826
604700.000,1601450.000,645.665,14.664
604750.000,1601450.000,642.261,7.541
604800.000,1601450.000,639.328,-2.326
604850.000,1601450.000,636.962,-13.580
604900.000,1601450.000,635.263,-4.081
604950.000,1601450.000,634.346,-9.930
605000.000,1601450.000,634.316,-10.179
600000.000,1601500.000,724.464,-16.882
600050.000,1601500.000,723.773,-4.730
600100.000,1601500.000,723.046,-13.603
600150.000,1601500.000,722.135,-9.586
600200.000,1601500.000,720.895,-9.783
600250.000,1601500.000,719.193,-5.058
600300.000,1601500.000,716.873,-9.341
600350.000,1601500.000,713.824,-3.450
600400.000,1601500.000,709.954,-3.799
600450.000,1601500.000,705.201,-2.960
600500.000,1601500.000,699.563,-9.954
600550.000,1601500.000,693.076,-7.183
600600.000,1601500.000,685.850,1.360
600650.000,1601500.000,678.023,11.867
600700.000,1601500.000,669.796,14.318
600750.000,1601500.000,661.399,16.888
600800.000,1601500.000,653.077,11.569
600850.000,1601500.000,645.088,19.267
600900.000,1601500.000,637.674,26.869
600950.000,1601500.000,631.064,30.551
601000.000,1601500.000,625.430,32.014
601050.000,1601500.000,620.932,29.840
601100.000,1601500.000,617.639,47.411
601150.000,1601500.000,615.594,48.658
601200.000,1601500.000,614.787,46.498
601250.000,1601500.000,615.163,51.399
601300.000,1601500.000,616.649,54.123
601350.000,1601500.000,619.119,44.070
601400.000,1601500.000,622.452,54.180
601450.000,1601500.000,626.497,47.775
601500.000,1601500.000,631.138,48.941
601550.000,1601500.000,636.216,44.592
601600.000,1601500.000,641.595,38.785
601650.000,1601500.000,647.131,35.368
601700.000,1601500.000,652.692,44.850
601750.000,1601500.000,658.124,19.201
601800.000,1601500.000,663.290,29.033
601850.000,1601500.000,668.063,20.539
601900.000,1601500.000,672.334,26.566
601950.000,1601500.000,675.997,32.766
602000.000,1601500.000,678.981,29.374
602050.000,1601500.000,681.214,37.038
602100.000,1601500.000,682.688,48.953
602150.000,1601500.000,683.424,61.724
602200.000,1601500.000,683.465,83.660
602250.000,1601500.000,682.897,97.482
602300.000,1601500.000,681.808,138.694
602350.000,1601500.000,680.338,162.059
602400.000,1601500.000,678.593,185.071
602450.000,1601500.000,676.727,235.668
602500.000,1601500.000,674.857,303.111
602550.000,1601500.000,673.088,381.926
602600.000,1601500.000,671.493,434.153
602650.000,1601500.000,670.143,527.244
602700.000,1601500.000,669.066,645.731
602750.000,1601500.000,668.268,712.851
602800.000,1601500.000,667.745,841.447
602850.000,1601500.000,667.484,970.320
602900.000,1601500.000,667.453,1156.279
602950.000,1601500.000,667.613,1191.592
603000.000,1601500.000,667.959,1283.058
603050.000,1601500.000,668.464,1410.618
603100.000,1601500.000,669.122,1418.910
603150.000,1601500.000,669.938,1463.364
603200.000,1601500.000,670.926,1520.725
603250.000,1601500.000,672.109,1501.302
603300.000,1601500.000,673.509,1424.618
603350.000,1601500.000,675.153,1303.812
603400.000,1601500.000,677.042,1175.119
603450.000,1601500.000,679.171,1157.733
603500.000,1601500.000,681.500,1023.896
603550.000,1601500.000,683.994,947.607
603600.000,1601500.000,686.556,837.236
603650.000,1601500.000,689.103,744.420
603700.000,1601500.000,691.509,681.766
603750.000,1601500.000,693.642,575.954
603800.000,1601500.000,695.376,470.387
603850.000,1601500.000,696.587,448.219
603900.000,1601500.000,697.180,357.700
603950.000,1601500.000,697.078,326.194
604000.000,1601500.000,696.232,261.748
604050.000,1601500.000,694.627,227.553
604100.000,1601500.000,692.311,189.891
604150.000,1601500.000,689.321,154.493
604200.000,1601500.000,685.749,127.003
604250.000,1601500.000,681.683,108.877
604300.000,1601500.000,677.224,78.339
604350.000,1601500.000,672.484,71.590
604400.000,1601500.000,667.564,62.255
604450.000,1601500.000,662.550,60.855
604500.000,1601500.000,657.515,30.297
604550.000,1601500.000,652.548,20.937
604600.000,1601500.000,647.712,17.436
604650.000,1601500.000,643.062,5.611
604700.000,1601500.000,638.708,-1.127
604750.000,1601500.000,634.707,-11.627
604800.000,1601500.000,631.175,-6.107
604850.000,1601500.000,628.229,-14.684
604900.000,1601500.000,625.984,-19.759
604950.000,1601500.000,624.577,-16.993
605000.000,1601500.000,624.131,-20.984
600000.000,1601550.000,724.305,-2.930
600050.000,1601550.000,723.800,-7.623
600100.000,1601550.000,723.196,-12.227
600150.000,1601550.000,722.346,-14.736
600200.000,1601550.000,721.108,-9.613
600250.000,1601550.000,719.358,3.250
600300.000,1601550.000,716.953,-11.281
600350.000,1601550.000,713.794,-10.377
600400.000,1601550.000,709.804,1.000
600450.000,1601550.000,704.940,-8.136
600500.000,1601550.000,699.213,-3.340
600550.000,1601550.000,692.672,-2.413
600600.000,1601550.000,685.442,-0.351
600650.000,1601550.000,677.668,14.275
600700.000,1601550.000,669.554,11.681
600750.000,1601550.000,661.332,5.730
600800.000,1601550.000,653.241,15.836
600850.000,1601550.000,645.530,18.744
600900.000,1601550.000,638.428,24.106
600950.000,1601550.000,632.149,35.923
601000.000,1601550.000,626.845,39.795
601050.000,1601550.000,622.659,41.000
601100.000,1601550.000,619.641,46.855
601150.000,1601550.000,617.817,62.267
601200.000,1601550.000,617.163,55.780
601250.000,1601550.000,617.613,64.720
601300.000,1601550.000,619.085,63.928
601350.000,1601550.000,621.454,52.633
601400.000,1601550.000,624.597,63.533
601450.000,1601550.000,628.371,53.613
601500.000,1601550.000,632.671,38.196
601550.000,1601550.000,637.352,42.458
601600.000,1601550.000,642.294,50.477
601650.000,1601550.000,647.372,46.053
601700.000,1601550.000,652.475,28.837
601750.000,1601550.000,657.465,23.740
601800.000,1601550.000,662.224,18.609
601850.000,1601550.000,666.641,23.471
601900.000,1601550.000,670.614,11.627
601950.000,1601550.000,674.045,26.043
602000.000,1601550.000,676.865,26.825
602050.000,1601550.000,678.997,28.758
602100.000,1601550.000,680.430,37.882
602150.000,1601550.000,681.168,45.383
602200.000,1601550.000,681.247,66.220
602250.000,1601550.000,680.737,77.896
602300.000,1601550.000,679.715,102.312
602350.000,1601550.000,678.308,136.594
602400.000,1601550.000,676.610,180.553
602450.000,1601550.000,674.772,227.356
602500.000,1601550.000,672.905,278.284
602550.000,1601550.000,671.113,352.311
602600.000,1601550.000,669.469,462.583
602650.000,1601550.000,668.050,550.598
602700.000,1601550.000,666.884,647.233
602750.000,1601550.000,665.982,796.246
602800.000,1601550.000,665.344,937.485
602850.000,1601550.000,664.959,1115.693
602900.000,1601550.000,664.797,1214.252
602950.000,1601550.000,664.818,1427.027
603000.000,1601550.000,665.019,1510.140
603050.000,1601550.000,665.371,1589.867
603100.000,1601550.000,665.867,1634.219
603150.000,1601550.000,666.513,1730.241
603200.000,1601550.000,667.324,1705.413
603250.000,1601550.000,668.326,1590.250
603300.000,1601550.000,669.543,1602.239
603350.000,1601550.000,671.009,1441.869
603400.000,1601550.000,672.730,1439.656
603450.000,1601550.000,674.707,1292.214
603500.000,1601550.000,676.907,1109.673
603550.000,1601550.000,679.299,1042.864
603600.000,1601550.000,681.795,902.126
603650.000,1601550.000,684.311,774.358
603700.000,1601550.000,686.726,642.915
603750.000,1601550.000,688.908,609.660
603800.000,1601550.000,690.727,513.080
603850.000,1601550.000,692.052,448.377
603900.000,1601550.000,692.787,352.778
603950.000,1601550.000,692.842,305.382
604000.000,1601550.000,692.161,272.037
604050.000,1601550.000,690.717,207.905
604100.000,1601550.000,688.547,199.643
604150.000,1601550.000,685.678,144.310
604200.000,1601550.000,682.189,115.991
604250.000,1601550.000,678.159,100.145
604300.000,1601550.000,673.680,72.894
604350.000,1601550.000,668.858,50.776
604400.000,1601550.000,663.787,48.153
604450.000,1601550.000,658.552,45.032
604500.000,1601550.000,653.227,14.580
604550.000,1601550.000,647.903,4.925
604600.000,1601550.000,642.649,1.635
604650.000,1601550.000,637.530,-9.644
604700.000,1601550.000,632.666,-1.778
604750.000,1601550.000,628.129,-12.334
604800.000,1601550.000,624.051,-19.791
604850.000,1601550.000,620.565,-10.063
604900.000,1601550.000,617.806,-19.755
604950.000,1601550.000,615.929,-10.824
605000.000,1601550.000,615.074,-21.077
600000.000,1601600.000,722.447,-11.245
600050.000,1601600.000,722.144,-12.551
600100.000,1601600.000,721.690,-13.546
600150.000,1601600.000,720.940,-13.871
600200.000,1601600.000,719.756,-4.112
600250.000,1601600.000,718.020,-11.629
600300.000,1601600.000,715.602,-7.987
600350.000,1601600.000,712.413,1.568
600400.000,1601600.000,708.390,-4.177
600450.000,1601600.000,703.506,-2.521
600500.000,1601600.000,697.785,-2.768
600550.000,1601600.000,691.288,-5.285
600600.000,1601600.000,684.154,8.063
600650.000,1601600.000,676.530,3.003
600700.000,1601600.000,668.628,8.615
600750.000,1601600.000,660.678,10.473
600800.000,1601600.000,652.914,21.571
600850.000,1601600.000,645.575,20.219
600900.000,1601600.000,638.879,27.390
600950.000,1601600.000,633.024,38.674
601000.000,1601600.000,628.144,50.468
601050.000,1601600.000,624.366,45.174
601100.000,1601600.000,621.721,69.305
601150.000,1601600.000,620.216,56.369
601200.000,1601600.000,619.816,67.689
601250.000,1601600.000,620.439,65.233
601300.000,1601600.000,621.996,63.775
601350.000,1601600.000,624.356,51.538
601400.000,1601600.000,627.397,73.127
601450.000,1601600.000,630.977,56.800
601500.000,1601600.000,635.000,59.673
601550.000,1601600.000,639.331,44.247
601600.000,1601600.000,643.864,37.577
601650.000,1601600.000,648.490,33.438
601700.000,1601600.000,653.117,31.924
601750.000,1601600.000,657.625,22.574
601800.000,1601600.000,661.914,20.119
601850.000,1601600.000,665.888,17.964
601900.000,1601600.000,669.458,19.357
601950.000,1601600.000,672.536,17.962
602000.000,1601600.000,675.060,14.234
602050.000,1601600.000,676.954,24.254
602100.000,1601600.000,678.206,24.237
602150.000,1601600.000,678.814,32.531
602200.000,1601600.000,678.808,47.496
602250.000,1601600.000,678.248,63.429
602300.000,1601600.000,677.204,80.768
602350.000,1601600.000,675.791,110.538
602400.000,1601600.000,674.097,155.398
602450.000,1601600.000,672.267,210.449
602500.000,1601600.000,670.406,273.300
602550.000,1601600.000,668.618,360.690
602600.000,1601600.000,666.974,430.261
602650.000,1601600.000,665.551,545.714
602700.000,1601600.000,664.378,687.368
602750.000,1601600.000,663.466,810.186
602800.000,1601600.000,662.814,1038.082
602850.000,1601600.000,662.414,1240.536
602900.000,1601600.000,662.229,1384.821
602950.000,1601600.000,662.221,1567.044
603000.000,1601600.000,662.382,1736.703
603050.000,1601600.000,662.681,1870.684
603100.000,1601600.000,663.107,1861.435
603150.000,1601600.000,663.666,1971.026
603200.000,1601600.000,664.371,1917.052
603250.000,1601600.000,665.249,1797.867
603300.000,1601600.000,666.330,1783.368
603350.000,1601600.000,667.648,1654.089
603400.000,1601600.000,669.218,1510.759
603450.000,1601600.000,671.045,1376.399
603500.000,1601600.000,673.104,1254.337
603550.000,1601600.000,675.371,1089.995
603600.000,1601600.000,677.765,943.992
603650.000,1601600.000,680.208,799.367
603700.000,1601600.000,682.581,689.554
603750.000,1601600.000,684.757,621.253
603800.000,1601600.000,686.603,512.766
603850.000,1601600.000,687.989,417.773
603900.000,1601600.000,688.813,351.255
603950.000,1601600.000,688.981,303.998
604000.000,1601600.000,688.429,240.537
604050.000,1601600.000,687.122,201.473
604100.000,1601600.000,685.088,171.996
604150.000,1601600.000,682.341,130.095
604200.000,1601600.000,678.950,98.158
604250.000,1601600.000,674.987,89.077
604300.000,1601600.000,670.531,62.860
604350.000,1601600.000,665.680,43.665
604400.000,1601600.000,660.525,24.872
604450.000,1601600.000,655.143,18.167
604500.000,1601600.000,649.608,15.561
604550.000,1601600.000,644.011,-3.992
604600.000,1601600.000,638.424,-8.144
604650.000,1601600.000,632.918,-18.642
604700.000,1601600.000,627.624,-21.693
604750.000,1601600.000,622.623,-16.912
604800.000,1601600.000,618.063,-20.755
604850.000,1601600.000,614.092,-18.407
604900.000,1601600.000,610.862,-26.343
604950.000,1601600.000,608.544,-25.894
605000.000,1601600.000,607.295,-19.249
600000.000,1601650.000,718.782,-13.887
600050.000,1601650.000,718.694,-11.532
600100.000,1601650.000,718.420,-12.166
600150.000,1601650.000,717.815,-17.495
600200.000,1601650.000,716.743,-8.300
600250.000,1601650.000,715.095,-6.604
600300.000,1601650.000,712.748,-16.654
600350.000,1601650.000,709.624,-16.833
600400.000,1601650.000,705.673,-2.074
600450.000,1601650.000,700.878,-6.813
600500.000,1601650.000,695.275,-9.693
600550.000,1601650.000,688.936,1.197
600600.000,1601650.000,682.009,-1.141
600650.000,1601650.000,674.646,9.378
600700.000,1601650.000,667.060,15.428
600750.000,1601650.000,659.481,24.538
600800.000,1601650.000,652.138,20.911
600850.000,1601650.000,645.259,26.270
600900.000,1601650.000,639.052,33.898
600950.000,1601650.000,633.701,45.092
601000.000,1601650.000,629.323,55.899
601050.000,1601650.000,626.029,59.532
601100.000,1601650.000,623.832,81.355
601150.000,1601650.000,622.725,67.779
601200.000,1601650.000,622.656,88.935
601250.000,1601650.000,623.532,79.873
601300.000,1601650.000,625.253,68.594
601350.000,1601650.000,627.684,71.759
601400.000,1601650.000,630.697,79.614
601450.000,1601650.000,634.153,60.633
601500.000,1601650.000,637.958,65.240
601550.000,1601650.000,641.986,58.683
601600.000,1601650.000,646.140,49.781
601650.000,1601650.000,650.328,41.499
601700.000,1601650.000,654.471,22.153
601750.000,1601650.000,658.467,16.732
601800.000,1601650.000,662.234,9.049
601850.000,1601650.000,665.691,11.020
601900.000,1601650.000,668.767,-4.546
601950.000,1601650.000,671.385,4.176
602000.000,1601650.000,673.492,1.631
602050.000,1601650.000,675.021,1.758
602100.000,1601650.000,675.964,13.649
602150.000,1601650.000,676.318,13.640
602200.000,1601650.000,676.111,25.190
602250.000,1601650.000,675.399,50.235
602300.000,1601650.000,674.248,70.168
602350.000,1601650.000,672.766,96.373
602400.000,1601650.000,671.036,134.478
602450.000,1601650.000,669.197,169.049
602500.000,1601650.000,667.350,239.959
602550.000,1601650.000,665.596,303.403
602600.000,1601650.000,664.002,429.937
602650.000,1601650.000,662.645,533.094
602700.000,1601650.000,661.550,733.808
602750.000,1601650.000,660.724,826.665
602800.000,1601650.000,660.167,1094.201
602850.000,1601650.000,659.863,1327.568
602900.000,1601650.000,659.773,1608.647
602950.000,1601650.000,659.851,1823.396
603000.000,1601650.000,660.087,1932.571
603050.000,1601650.000,660.442,2140.236
603100.000,1601650.000,660.900,2148.048
603150.000,1601650.000,661.463,2312.722
603200.000,1601650.000,662.145,2229.986
603250.000,1601650.000,662.968,2040.463
603300.000,1601650.000,663.968,2036.245
603350.000,1601650.000,665.179,1843.105
603400.000,1601650.000,666.623,1604.639
603450.000,1601650.000,668.311,1469.668
603500.000,1601650.000,670.225,1248.752
603550.000,1601650.000,672.347,1091.073
603600.000,1601650.000,674.607,971.888
603650.000,1601650.000,676.931,804.827
603700.000,1601650.000,679.209,713.763
603750.000,1601650.000,681.318,591.086
603800.000,1601650.000,683.127,509.091
603850.000,1601650.000,684.508,394.655
603900.000,1601650.000,685.358,348.216
603950.000,1601650.000,685.583,289.513
604000.000,1601650.000,685.112,221.402
604050.000,1601650.000,683.905,173.079
604100.000,1601650.000,681.981,145.727
604150.000,1601650.000,679.348,114.168
604200.000,1601650.000,676.061,92.783
604250.000,1601650.000,672.185,67.857
604300.000,1601650.000,667.789,41.544
604350.000,1601650.000,662.962,28.647
604400.000,1601650.000,657.786,24.793
604450.000,1601650.000,652.331,11.145
604500.000,1601650.000,646.669,-6.764
604550.000,1601650.000,640.888,-11.932
604600.000,1601650.000,635.060,-11.460
604650.000,1601650.000,629.262,-25.074
604700.000,1601650.000,623.627,-16.579
604750.000,1601650.000,618.248,-23.888
604800.000,1601650.000,613.283,-26.411
604850.000,1601650.000,608.894,-22.127
604900.000,1601650.000,605.246,-29.253
604950.000,1601650.000,602.525,-31.209
605000.000,1601650.000,600.906,-33.321
600000.000,1601700.000,713.297,-16.604
600050.000,1601700.000,713.435,-12.627
600100.000,1601700.000,713.371,-8.968
600150.000,1601700.000,712.959,-20.936
600200.000,1601700.000,712.067,-18.264
600250.000,1601700.000,710.589,-7.724
600300.000,1601700.000,708.410,-7.409
600350.000,1601700.000,705.459,-6.153
600400.000,1601700.000,701.695,-5.412
600450.000,1601700.000,697.111,-13.066
600500.000,1601700.000,691.752,-6.960
600550.000,1601700.000,685.695,-2.014
600600.000,1601700.000,679.096,2.365
600650.000,1601700.000,672.108,4.784
600700.000,1601700.000,664.943,14.053
600750.000,1601700.000,657.832,14.912
600800.000,1601700.000,650.995,21.889
600850.000,1601700.000,644.654,29.278
600900.000,1601700.000,639.004,44.434
600950.000,1601700.000,634.216,51.922
601000.000,1601700.000,630.395,57.288
601050.000,1601700.000,627.636,78.174
601100.000,1601700.000,625.937,79.680
601150.000,1601700.000,625.277,82.761
601200.000,1601700.000,625.591,88.705
601250.000,1601700.000,626.775,95.527
601300.000,1601700.000,628.718,102.211
601350.000,1601700.000,631.278,92.268
601400.000,1601700.000,634.323,76.863
601450.000,1601700.000,637.712,66.814
601500.000,1601700.000,641.351,83.238
601550.000,1601700.000,645.120,58.063
601600.000,1601700.000,648.928,46.251
601650.000,1601700.000,652.696,35.005
601700.000,1601700.000,656.357,21.934
601750.000,1601700.000,659.823,10.328
601800.000,1601700.000,663.031,5.758
601850.000,1601700.000,665.915,0.210
601900.000,1601700.000,668.421,-12.403
601950.000,1601700.000,670.488,-15.325
602000.000,1601700.000,672.075,-15.311
602050.000,1601700.000,673.128,-18.692
602100.000,1601700.000,673.649,-6.497
602150.000,1601700.000,673.637,-6.557
602200.000,1601700.000,673.124,0.293
602250.000,1601700.000,672.168,21.065
602300.000,1601700.000,670.833,35.596
602350.000,1601700.000,669.224,55.078
602400.000,1601700.000,667.422,113.974
602450.000,1601700.000,665.559,131.776
602500.000,1601700.000,663.735,221.134
602550.000,1601700.000,662.046,277.728
602600.000,1601700.000,660.554,382.055
602650.000,1601700.000,659.332,509.938
602700.000,1601700.000,658.399,720.587
602750.000,1601700.000,657.758,937.403
602800.000,1601700.000,657.401,1151.683
602850.000,1601700.000,657.307,1495.197
602900.000,1601700.000,657.427,1747.522
602950.000,1601700.000,657.709,2052.426
603000.000,1601700.000,658.134,2304.269
603050.000,1601700.000,658.656,2521.753
603100.000,1601700.000,659.249,2511.566
603150.000,1601700.000,659.914,2582.326
603200.000,1601700.000,660.659,2524.380
603250.000,1601700.000,661.502,2299.362
603300.000,1601700.000,662.483,2128.891
603350.000,1601700.000,663.636,1890.405
603400.000,1601700.000,664.988,1759.469
603450.000,1601700.000,666.555,1507.480
603500.000,1601700.000,668.325,1358.598
603550.000,1601700.000,670.289,1100.572
603600.000,1601700.000,672.388,979.444
603650.000,1601700.000,674.553,834.147
603700.000,1601700.000,676.684,674.775
603750.000,1601700.000,678.666,565.802
603800.000,1601700.000,680.373,487.250
603850.000,1601700.000,681.681,382.293
603900.000,1601700.000,682.493,307.367
603950.000,1601700.000,682.713,264.913
604000.000,1601700.000,682.270,193.286
604050.000,1601700.000,681.120,168.323
604100.000,1601700.000,679.278,120.414
604150.000,1601700.000,676.741,97.340
604200.000,1601700.000,673.560,72.611
604250.000,1601700.000,669.789,45.399
604300.000,1601700.000,665.485,20.668
604350.000,1601700.000,660.730,10.681
604400.000,1601700.000,655.596,9.851
604450.000,1601700.000,650.144,-13.683
604500.000,1601700.000,644.440,-17.719
604550.000,1601700.000,638.566,-17.966
604600.000,1601700.000,632.595,-23.206
604650.000,1601700.000,626.601,-30.175
604700.000,1601700.000,620.722,-35.486
604750.000,1601700.000,615.058,-29.121
604800.000,1601700.000,609.772,-32.677
604850.000,1601700.000,605.039,-34.263
604900.000,1601700.000,601.033,-37.669
604950.000,1601700.000,597.956,-39.607
605000.000,1601700.000,595.995,-32.621
600000.000,1601750.000,706.068,-33.087
600050.000,1601750.000,706.445,-17.756
600100.000,1601750.000,706.622,-18.457
600150.000,1601750.000,706.455,-9.922
600200.000,1601750.000,705.811,-22.081
600250.000,1601750.000,704.589,-12.883
600300.000,1601750.000,702.679,-10.717
600350.000,1601750.000,700.014,-9.227
600400.000,1601750.000,696.558,-11.624
600450.000,1601750.000,692.313,-2.263
600500.000,1601750.000,687.326,-7.419
600550.000,1601750.000,681.678,-3.240
600600.000,1601750.000,675.526,-0.766
600650.000,1601750.000,669.025,12.012
600700.000,1601750.000,662.383,10.116
600750.000,1601750.000,655.827,21.885
600800.000,1601750.000,649.571,25.017
600850.000,1601750.000,643.828,27.869
600900.000,1601750.000,638.783,39.798
600950.000,1601750.000,634.597,51.030
601000.000,1601750.000,631.362,73.390
601050.000,1601750.000,629.162,80.989
601100.000,1601750.000,627.983,78.271
601150.000,1601750.000,627.791,108.093
601200.000,1601750.000,628.514,122.662
601250.000,1601750.000,630.034,109.353
601300.000,1601750.000,632.232,110.545
601350.000,1601750.000,634.960,121.817
601400.000,1601750.000,638.080,111.004
601450.000,1601750.000,641.445,98.105
601500.000,1601750.000,644.963,76.565
601550.000,1601750.000,648.515,62.826
601600.000,1601750.000,652.013,60.084
601650.000,1601750.000,655.386,33.649
601700.000,1601750.000,658.577,23.244
601750.000,1601750.000,661.512,16.467
601800.000,1601750.000,664.141,3.430
601850.000,1601750.000,666.418,-5.002
601900.000,1601750.000,668.301,-22.848
601950.000,1601750.000,669.750,-23.273
602000.000,1601750.000,670.738,-34.839
602050.000,1601750.000,671.227,-28.204
602100.000,1601750.000,671.232,-29.413
602150.000,1601750.000,670.761,-31.440
602200.000,1601750.000,669.854,-19.279
602250.000,1601750.000,668.574,-9.771
602300.000,1601750.000,666.989,6.550
602350.000,1601750.000,665.204,28.306
602400.000,1601750.000,663.298,65.079
602450.000,1601750.000,661.403,104.048
602500.000,1601750.000,659.613,149.084
602550.000,1601750.000,658.020,249.313
602600.000,1601750.000,656.680,333.293
602650.000,1601750.000,655.659,481.664
602700.000,1601750.000,654.973,657.382
602750.000,1601750.000,654.610,882.853
602800.000,1601750.000,654.558,1238.671
602850.000,1601750.000,654.784,1550.244
602900.000,1601750.000,655.229,1876.395
602950.000,1601750.000,655.830,2270.359
603000.000,1601750.000,656.558,2454.288
603050.000,1601750.000,657.358,2691.379
603100.000,1601750.000,658.193,2828.034
603150.000,1601750.000,659.057,2817.685
603200.000,1601750.000,659.954,2647.452
603250.000,1601750.000,660.897,2514.742
603300.000,1601750.000,661.924,2268.822
603350.000,1601750.000,663.070,2056.107
603400.000,1601750.000,664.365,1814.199
603450.000,1601750.000,665.832,1550.278
603500.000,1601750.000,667.463,1317.560
603550.000,1601750.000,669.258,1113.982
603600.000,1601750.000,671.167,930.776
603650.000,1601750.000,673.133,784.495
603700.000,1601750.000,675.063,642.672
603750.000,1601750.000,676.856,535.890
603800.000,1601750.000,678.391,417.421
603850.000,1601750.000,679.556,353.962
603900.000,1601750.000,680.257,299.566
603950.000,1601750.000,680.404,222.819
604000.000,1601750.000,679.928,185.799
604050.000,1601750.000,678.786,114.408
604100.000,1601750.000,676.986,101.168
604150.000,1601750.000,674.524,67.051
604200.000,1601750.000,671.441,42.487
604250.000,1601750.000,667.783,29.346
604300.000,1601750.000,663.599,5.455
604350.000,1601750.000,658.958,-4.392
604400.000,1601750.000,653.924,-5.740
604450.000,1601750.000,648.545,-23.747
604500.000,1601750.000,642.880,-24.315
604550.000,1601750.000,637.006,-38.113
604600.000,1601750.000,630.988,-40.247
604650.000,1601750.000,624.901,-43.502
604700.000,1601750.000,618.880,-47.102
604750.000,1601750.000,613.027,-55.077
604800.000,1601750.000,607.512,-40.401
604850.000,1601750.000,602.515,-46.044
604900.000,1601750.000,598.220,-52.642
604950.000,1601750.000,594.838,-45.288
605000.000,1601750.000,592.570,-36.382
600000.000,1601800.000,697.265,-21.437
600050.000,1601800.000,697.888,-15.341
600100.000,1601800.000,698.333,-11.963
600150.000,1601800.000,698.457,-18.503
600200.000,1601800.000,698.128,-23.597
600250.000,1601800.000,697.246,-15.521
600300.000,1601800.000,695.703,-22.087
600350.000,1601800.000,693.434,-15.378
600400.000,1601800.000,690.407,-21.167
600450.000,1601800.000,686.625,-5.378
600500.000,1601800.000,682.133,-15.966
600550.000,1601800.000,677.016,-10.052
600600.000,1601800.000,671.426,-15.415
600650.000,1601800.000,665.516,4.649
600700.000,1601800.000,659.487,3.135
600750.000,1601800.000,653.562,23.410
600800.000,1601800.000,647.946,37.127
600850.000,1601800.000,642.844,34.634
600900.000,1601800.000,638.432,46.360
600950.000,1601800.000,634.863,61.806
601000.000,1601800.000,632.220,97.499
601050.000,1601800.000,630.577,94.543
601100.000,1601800.000,629.913,101.394
601150.000,1601800.000,630.184,130.675
601200.000,1601800.000,631.312,132.623
601250.000,1601800.000,633.171,133.841
601300.000,1601800.000,635.633,138.710
601350.000,1601800.000,638.546,132.987
601400.000,1601800.000,641.763,113.440
601450.000,1601800.000,645.137,109.586
601500.000,1601800.000,648.569,101.219
601550.000,1601800.000,651.940,77.850
601600.000,1601800.000,655.163,63.706
601650.000,1601800.000,658.172,40.345
601700.000,1601800.000,660.918,26.007
601750.000,1601800.000,663.335,8.861
601800.000,1601800.000,665.386,1.069
601850.000,1601800.000,667.041,-16.392
601900.000,1601800.000,668.275,-35.144
601950.000,1601800.000,669.064,-37.119
602000.000,1601800.000,669.401,-46.863
602050.000,1601800.000,669.264,-57.385
602100.000,1601800.000,668.686,-37.186
602150.000,1601800.000,667.685,-42.712
602200.000,1601800.000,666.316,-48.164
602250.000,1601800.000,664.651,-39.633
602300.000,1601800.000,662.764,-32.551
602350.000,1601800.000,660.764,-17.193
602400.000,1601800.000,658.732,12.814
602450.000,1601800.000,656.798,48.494
602500.000,1601800.000,655.054,85.403
602550.000,1601800.000,653.587,179.286
602600.000,1601800.000,652.446,264.673
602650.000,1601800.000,651.691,407.493
602700.000,1601800.000,651.327,594.955
602750.000,1601800.000,651.330,856.333
602800.000,1601800.000,651.680,1203.016
602850.000,1601800.000,652.331,1596.418
602900.000,1601800.000,653.208,2049.629
602950.000,1601800.000,654.237,2326.419
603000.000,1601800.000,655.377,2506.428
603050.000,1601800.000,656.560,2813.894
603100.000,1601800.000,657.738,3057.173
603150.000,1601800.000,658.897,3026.414
603200.000,1601800.000,660.032,2901.461
603250.000,1601800.000,661.150,2611.326
603300.000,1601800.000,662.289,2263.985
603350.000,1601800.000,663.481,1973.462
603400.000,1601800.000,664.757,1793.197
603450.000,1601800.000,666.145,1609.372
603500.000,1601800.000,667.643,1282.953
603550.000,1601800.000,669.259,1082.844
603600.000,1601800.000,670.955,876.029
603650.000,1601800.000,672.681,756.119
603700.000,1601800.000,674.359,596.004
603750.000,1601800.000,675.899,482.070
603800.000,1601800.000,677.194,400.216
603850.000,1601800.000,678.141,337.984
603900.000,1601800.000,678.657,248.838
603950.000,1601800.000,678.660,189.269
604000.000,1601800.000,678.086,143.969
604050.000,1601800.000,676.894,99.012
604100.000,1601800.000,675.093,60.076
604150.000,1601800.000,672.676,40.577
604200.000,1601800.000,669.677,20.398
604250.000,1601800.000,666.135,-1.190
604300.000,1601800.000,662.090,-9.045
604350.000,1601800.000,657.599,-22.886
604400.000,1601800.000,652.714,-31.503
604450.000,1601800.000,647.474,-33.713
604500.000,1601800.000,641.928,-53.384
604550.000,1601800.000,636.142,-52.802
604600.000,1601800.000,630.174,-58.380
604650.000,1601800.000,624.093,-63.993
604700.000,1601800.000,618.033,-55.595
604750.000,1601800.000,612.094,-60.432
604800.000,1601800.000,606.445,-40.180
604850.000,1601800.000,601.272,-52.264
604900.000,1601800.000,596.763,-52.812
604950.000,1601800.000,593.137,-50.291
605000.000,1601800.000,590.603,-47.431
600000.000,1601850.000,687.146,-15.546
600050.000,1601850.000,688.017,-17.903
600100.000,1601850.000,688.752,-25.694
600150.000,1601850.000,689.207,-21.410
600200.000,1601850.000,689.250,-21.995
600250.000,1601850.000,688.782,-18.639
600300.000,1601850.000,687.695,-18.079
600350.000,1601850.000,685.922,-28.405
600400.000,1601850.000,683.432,-24.825
600450.000,1601850.000,680.225,-21.185
600500.000,1601850.000,676.343,-10.030
600550.000,1601850.000,671.866,-4.968
600600.000,1601850.000,666.938,-5.195
600650.000,1601850.000,661.708,-7.256
600700.000,1601850.000,656.366,15.707
600750.000,1601850.000,651.130,8.477
600800.000,1601850.000,646.194,27.593
600850.000,1601850.000,641.756,44.424
600900.000,1601850.000,637.985,52.478
600950.000,1601850.000,635.025,90.051
601000.000,1601850.000,632.955,101.166
601050.000,1601850.000,631.843,126.482
601100.000,1601850.000,631.663,132.856
601150.000,1601850.000,632.367,127.304
601200.000,1601850.000,633.872,161.992
601250.000,1601850.000,636.048,160.432
601300.000,1601850.000,638.762,152.186
601350.000,1601850.000,641.857,157.933
601400.000,1601850.000,645.181,140.430
601450.000,1601850.000,648.581,132.535
601500.000,1601850.000,651.953,94.099
601550.000,1601850.000,655.177,83.970
601600.000,1601850.000,658.164,63.937
601650.000,1601850.000,660.847,47.835
601700.000,1601850.000,663.183,17.691
601750.000,1601850.000,665.112,8.678
601800.000,1601850.000,666.608,-18.116
601850.000,1601850.000,667.653,-26.068
601900.000,1601850.000,668.237,-45.815
601950.000,1601850.000,668.356,-54.577
602000.000,1601850.000,668.018,-59.559
602050.000,1601850.000,667.223,-72.949
602100.000,1601850.000,666.021,-76.480
602150.000,1601850.000,664.447,-77.017
602200.000,1601850.000,662.572,-82.116
602250.000,1601850.000,660.479,-75.398
602300.000,1601850.000,658.255,-68.114
602350.000,1601850.000,656.013,-62.120
602400.000,1601850.000,653.839,-49.292
602450.000,1601850.000,651.864,-10.397
602500.000,1601850.000,650.178,19.823
602550.000,1601850.000,648.863,78.285
602600.000,1601850.000,647.964,171.935
602650.000,1601850.000,647.529,273.613
602700.000,1601850.000,647.552,487.428
602750.000,1601850.000,648.000,694.731
602800.000,1601850.000,648.836,1096.313
602850.000,1601850.000,650.002,1488.500
602900.000,1601850.000,651.407,1874.299
602950.000,1601850.000,652.961,2167.179
603000.000,1601850.000,654.610,2603.633
603050.000,1601850.000,656.272,2713.527
603100.000,1601850.000,657.884,2845.978
603150.000,1601850.000,659.424,2794.800
603200.000,1601850.000,660.877,2648.820
603250.000,1601850.000,662.241,2441.321
603300.000,1601850.000,663.552,2244.085
603350.000,1601850.000,664.837,1987.275
603400.000,1601850.000,666.130,1640.653
603450.000,1601850.000,667.460,1432.081
603500.000,1601850.000,668.832,1220.925
603550.000,1601850.000,670.259,1007.637
603600.000,1601850.000,671.717,798.947
603650.000,1601850.000,673.165,649.617
603700.000,1601850.000,674.541,514.201
603750.000,1601850.000,675.771,388.432
603800.000,1601850.000,676.758,327.316
603850.000,1601850.000,677.416,243.889
603900.000,1601850.000,677.675,197.171
603950.000,1601850.000,677.464,135.195
604000.000,1601850.000,676.729,84.436
604050.000,1601850.000,675.433,56.412
604100.000,1601850.000,673.587,39.248
604150.000,1601850.000,671.183,7.466
604200.000,1601850.000,668.251,-15.105
604250.000,1601850.000,664.825,-21.766
604300.000,1601850.000,660.932,-35.005
604350.000,1601850.000,656.621,-54.022
604400.000,1601850.000,651.932,-63.128
604450.000,1601850.000,646.889,-59.300
604500.000,1601850.000,641.534,-63.318
604550.000,1601850.000,635.917,-51.488
604600.000,1601850.000,630.090,-71.013
604650.000,1601850.000,624.113,-60.009
604700.000,1601850.000,618.111,-59.384
604750.000,1601850.000,612.183,-67.008
604800.000,1601850.000,606.494,-69.216
604850.000,1601850.000,601.229,-57.661
604900.000,1601850.000,596.581,-59.772
604950.000,1601850.000,592.769,-50.671
605000.000,1601850.000,590.011,-59.555
600000.000,1601900.000,676.020,-27.258
600050.000,1601900.000,677.138,-26.954
600100.000,1601900.000,678.178,-23.626
600150.000,1601900.000,678.996,-27.471
600200.000,1601900.000,679.459,-20.949
600250.000,1601900.000,679.467,-29.192
600300.000,1601900.000,678.911,-19.084
600350.000,1601900.000,677.720,-18.306
600400.000,1601900.000,675.860,-20.870
600450.000,1601900.000,673.324,-27.079
600500.000,1601900.000,670.147,-21.798
600550.000,1601900.000,666.398,-13.654
600600.000,1601900.000,662.215,-1.655
600650.000,1601900.000,657.733,-7.403
600700.000,1601900.000,653.134,-3.821
600750.000,1601900.000,648.623,11.958
600800.000,1601900.000,644.387,35.211
600850.000,1601900.000,640.614,45.120
600900.000,1601900.000,637.469,57.116
600950.000,1601900.000,635.090,83.457
601000.000,1601900.000,633.552,113.955
601050.000,1601900.000,632.922,135.237
601100.000,1601900.000,633.173,157.118
601150.000,1601900.000,634.256,173.836
601200.000,1601900.000,636.090,199.407
601250.000,1601900.000,638.541,191.198
601300.000,1601900.000,641.476,201.575
601350.000,1601900.000,644.734,215.055
601400.000,1601900.000,648.158,187.875
601450.000,1601900.000,651.592,159.666
601500.000,1601900.000,654.924,138.604
601550.000,1601900.000,658.032,102.163
601600.000,1601900.000,660.820,87.509
601650.000,1601900.000,663.222,51.242
601700.000,1601900.000,665.194,26.743
601750.000,1601900.000,666.680,0.504
601800.000,1601900.000,667.662,-26.908
601850.000,1601900.000,668.133,-45.173
601900.000,1601900.000,668.094,-59.462
601950.000,1601900.000,667.558,-82.851
602000.000,1601900.000,666.553,-80.063
602050.000,1601900.000,665.097,-113.425
602100.000,1601900.000,663.260,-97.338
602150.000,1601900.000,661.097,-102.170
602200.000,1601900.000,658.695,-123.057
602250.000,1601900.000,656.154,-120.237
602300.000,1601900.000,653.572,-114.441
602350.000,1601900.000,651.074,-108.787
602400.000,1601900.000,648.750,-83.604
602450.000,1601900.000,646.735,-94.741
602500.000,1601900.000,645.119,-51.766
602550.000,1601900.000,643.981,-11.662
602600.000,1601900.000,643.356,36.466
602650.000,1601900.000,643.286,127.614
602700.000,1601900.000,643.753,300.032
602750.000,1601900.000,644.708,483.986
602800.000,1601900.000,646.102,821.584
602850.000,1601900.000,647.859,1220.828
602900.000,1601900.000,649.872,1578.053
602950.000,1601900.000,652.034,1931.327
603000.000,1601900.000,654.276,2242.211
603050.000,1601900.000,656.498,2435.787
603100.000,1601900.000,658.624,2598.110
603150.000,1601900.000,660.619,2523.657
603200.000,1601900.000,662.459,2415.791
603250.000,1601900.000,664.130,2267.630
603300.000,1601900.000,665.665,1909.562
603350.000,1601900.000,667.085,1721.145
603400.000,1601900.000,668.424,1399.420
603450.000,1601900.000,669.714,1201.803
603500.000,1601900.000,670.962,1004.105
603550.000,1601900.000,672.191,844.087
603600.000,1601900.000,673.386,693.477
603650.000,1601900.000,674.521,544.315
603700.000,1601900.000,675.547,408.672
603750.000,1601900.000,676.408,321.048
603800.000,1601900.000,677.023,239.551
603850.000,1601900.000,677.326,190.791
603900.000,1601900.000,677.259,124.391
603950.000,1601900.000,676.768,81.667
604000.000,1601900.000,675.808,36.094
604050.000,1601900.000,674.354,13.600
604100.000,1601900.000,672.417,-24.112
604150.000,1601900.000,669.992,-18.891
604200.000,1601900.000,667.105,-40.549
604250.000,1601900.000,663.786,-56.361
604300.000,1601900.000,660.053,-61.861
604350.000,1601900.000,655.943,-69.711
604400.000,1601900.000,651.484,-85.843
604450.000,1601900.000,646.687,-82.085
604500.000,1601900.000,641.582,-84.728
604550.000,1601900.000,636.206,-87.855
604600.000,1601900.000,630.598,-66.084
604650.000,1601900.000,624.812,-82.673
604700.000,1601900.000,618.960,-86.296
604750.000,1601900.000,613.134,-63.190
604800.000,1601900.000,607.495,-73.144
604850.000,1601900.000,602.223,-67.986
604900.000,1601900.000,597.509,-61.855
604950.000,1601900.000,593.573,-64.244
605000.000,1601900.000,590.637,-61.865
600000.000,1601950.000,664.257,-24.322
600050.000,1601950.000,665.613,-26.840
600100.000,1601950.000,666.960,-22.932
600150.000,1601950.000,668.157,-19.256
600200.000,1601950.000,669.069,-32.227
600250.000,1601950.000,669.594,-31.853
600300.000,1601950.000,669.621,-23.120
600350.000,1601950.000,669.074,-26.831
600400.000,1601950.000,667.910,-31.092
600450.000,1601950.000,666.114,-24.625
600500.000,1601950.000,663.709,-20.728
600550.000,1601950.000,660.754,-15.925
600600.000,1601950.000,657.370,-17.592
600650.000,1601950.000,653.682,-9.204
600700.000,1601950.000,649.855,1.237
600750.000,1601950.000,646.086,3.541
600800.000,1601950.000,642.547,22.504
600850.000,1601950.000,639.423,45.429
600900.000,1601950.000,636.870,56.446
600950.000,1601950.000,635.026,97.659
601000.000,1601950.000,633.963,119.424
601050.000,1601950.000,633.750,161.453
601100.000,1601950.000,634.365,187.582
601150.000,1601950.000,635.761,203.954
601200.000,1601950.000,637.860,229.645
601250.000,1601950.000,640.532,245.950
601300.000,1601950.000,643.642,243.439
601350.000,1601950.000,647.033,222.435
601400.000,1601950.000,650.541,219.016
601450.000,1601950.000,654.008,192.064
601500.000,1601950.000,657.314,148.167
601550.000,1601950.000,660.334,113.011
601600.000,1601950.000,662.965,72.027
601650.000,1601950.000,665.136,57.832
601700.000,1601950.000,666.801,24.039
601750.000,1601950.000,667.905,-6.520
601800.000,1601950.000,668.433,-16.652
601850.000,1601950.000,668.386,-55.562
601900.000,1601950.000,667.777,-79.730
601950.000,1601950.000,666.631,-87.094
602000.000,1601950.000,664.994,-118.474
602050.000,1601950.000,662.904,-129.733
602100.000,1601950.000,660.452,-128.539
602150.000,1601950.000,657.708,-146.287
602200.000,1601950.000,654.784,-172.618
602250.000,1601950.000,651.793,-162.252
602300.000,1601950.000,648.852,-158.164
602350.000,1601950.000,646.094,-161.548
602400.000,1601950.000,643.620,-176.936
602450.000,1601950.000,641.570,-160.243
602500.000,1601950.000,640.034,-151.005
602550.000,1601950.000,639.089,-120.515
602600.000,1601950.000,638.765,-93.349
602650.000,1601950.000,639.093,-24.382
602700.000,1601950.000,640.045,77.072
602750.000,1601950.000,641.557,220.747
602800.000,1601950.000,643.564,453.357
602850.000,1601950.000,645.974,777.149
602900.000,1601950.000,648.659,1081.701
602950.000,1601950.000,651.496,1405.343
603000.000,1601950.000,654.398,1740.379
603050.000,1601950.000,657.249,1943.758
603100.000,1601950.000,659.954,2022.000
603150.000,1601950.000,662.467,2081.192
603200.000,1601950.000,664.751,2012.335
603250.000,1601950.000,666.781,1895.145
603300.000,1601950.000,668.583,1664.846
603350.000,1601950.000,670.173,1421.032
603400.000,1601950.000,671.580,1180.542
603450.000,1601950.000,672.842,1034.270
603500.000,1601950.000,673.966,834.147
603550.000,1601950.000,674.984,673.000
603600.000,1601950.000,675.893,567.524
603650.000,1601950.000,676.678,422.990
603700.000,1601950.000,677.308,330.652
603750.000,1601950.000,677.747,242.588
603800.000,1601950.000,677.930,154.426
603850.000,1601950.000,677.813,103.726
603900.000,1601950.000,677.355,49.169
603950.000,1601950.000,676.520,23.727
604000.000,1601950.000,675.277,-11.236
604050.000,1601950.000,673.611,-29.656
604100.000,1601950.000,671.538,-53.271
604150.000,1601950.000,669.057,-73.644
604200.000,1601950.000,666.192,-77.209
604250.000,1601950.000,662.968,-72.751
604300.000,1601950.000,659.396,-105.296
604350.000,1601950.000,655.499,-89.430
604400.000,1601950.000,651.297,-91.419
604450.000,1601950.000,646.783,-96.099
604500.000,1601950.000,641.979,-98.508
604550.000,1601950.000,636.904,-89.619
604600.000,1601950.000,631.587,-84.893
604650.000,1601950.000,626.067,-95.514
604700.000,1601950.000,620.447,-86.260
604750.000,1601950.000,614.809,-78.383
604800.000,1601950.000,609.302,-68.697
604850.000,1601950.000,604.102,-89.824
604900.000,1601950.000,599.393,-68.244
604950.000,1601950.000,595.393,-62.470
605000.000,1601950.000,592.324,-64.602
600000.000,1602000.000,652.275,-22.494
600050.000,1602000.000,653.851,-29.959
600100.000,1602000.000,655.496,-22.494
600150.000,1602000.000,657.071,-29.584
600200.000,1602000.000,658.442,-34.623
600250.000,1602000.000,659.504,-30.778
600300.000,1602000.000,660.142,-30.910
600350.000,1602000.000,660.271,-26.928
600400.000,1602000.000,659.842,-33.036
600450.000,1602000.000,658.826,-31.298
600500.000,1602000.000,657.233,-27.087
600550.000,1602000.000,655.105,-26.137
600600.000,1602000.000,652.548,-19.276
600650.000,1602000.000,649.670,-19.730
600700.000,1602000.000,646.620,-10.121
600750.000,1602000.000,643.583,-1.013
600800.000,1602000.000,640.719,17.920
600850.000,1602000.000,638.204,33.281
600900.000,1602000.000,636.193,72.260
600950.000,1602000.000,634.819,81.914
601000.000,1602000.000,634.160,121.394
601050.000,1602000.000,634.286,160.508
601100.000,1602000.000,635.184,228.324
601150.000,1602000.000,636.812,267.286
601200.000,1602000.000,639.102,275.115
601250.000,1602000.000,641.928,293.396
601300.000,1602000.000,645.160,290.737
601350.000,1602000.000,648.642,298.286
601400.000,1602000.000,652.210,257.779
601450.000,1602000.000,655.703,208.272
601500.000,1602000.000,658.994,169.752
601550.000,1602000.000,661.952,140.775
601600.000,1602000.000,664.468,90.342
601650.000,1602000.000,666.463,46.926
601700.000,1602000.000,667.888,2.482
601750.000,1602000.000,668.682,-15.179
601800.000,1602000.000,668.833,-48.132
601850.000,1602000.000,668.346,-74.006
601900.000,1602000.000,667.241,-96.824
601950.000,1602000.000,665.557,-118.122
602000.000,1602000.000,663.351,-118.115
602050.000,1602000.000,660.682,-141.376
602100.000,1602000.000,657.658,-165.555
602150.000,1602000.000,654.371,-151.620
602200.000,1602000.000,650.950,-202.758
602250.000,1602000.000,647.529,-183.217
602300.000,1602000.000,644.241,-203.703
602350.000,1602000.000,641.232,-240.910
602400.000,1602000.000,638.615,-238.348
602450.000,1602000.000,636.536,-253.924
602500.000,1602000.000,635.090,-240.853
602550.000,1602000.000,634.349,-244.768
602600.000,1602000.000,634.342,-236.452
602650.000,1602000.000,635.091,-195.554
602700.000,1602000.000,636.555,-167.043
602750.000,1602000.000,638.656,-59.116
602800.000,1602000.000,641.314,96.959
602850.000,1602000.000,644.418,342.783
602900.000,1602000.000,647.822,602.903
602950.000,1602000.000,651.383,881.677
603000.000,1602000.000,654.995,1124.407
603050.000,1602000.000,658.524,1443.241
603100.000,1602000.000,661.859,1569.273
603150.000,1602000.000,664.937,1594.983
603200.000,1602000.000,667.708,1523.015
603250.000,1602000.000,670.136,1424.215
603300.000,1602000.000,672.237,1258.136
603350.000,1602000.000,674.021,1136.249
603400.000,1602000.000,675.513,948.074
603450.000,1602000.000,676.752,790.555
603500.000,1602000.000,677.750,638.520
603550.000,1602000.000,678.543,485.258
603600.000,1602000.000,679.141,363.558
603650.000,1602000.000,679.543,292.096
603700.000,1602000.000,679.736,219.032
603750.000,1602000.000,679.703,129.802
603800.000,1602000.000,679.401,63.928
603850.000,1602000.000,678.808,24.178
603900.000,1602000.000,677.903,-4.625
603950.000,1602000.000,676.668,-47.131
604000.000,1602000.000,675.089,-65.151
604050.000,1602000.000,673.164,-87.673
604100.000,1602000.000,670.915,-90.499
604150.000,1602000.000,668.345,-126.495
604200.000,1602000.000,665.478,-121.844
604250.000,1602000.000,662.334,-120.875
604300.000,1602000.000,658.918,-123.666
604350.000,1602000.000,655.241,-117.525
604400.000,1602000.000,651.310,-105.492
604450.000,1602000.000,647.108,-117.269
604500.000,1602000.000,642.640,-116.238
604550.000,1602000.000,637.913,-104.297
604600.000,1602000.000,632.940,-119.718
604650.000,1602000.000,627.750,-101.206
604700.000,1602000.000,622.429,-89.830
604750.000,1602000.000,617.048,-96.851
604800.000,1602000.000,611.746,-97.849
604850.000,1602000.000,606.686,-78.802
604900.000,1602000.000,602.046,-72.785
604950.000,1602000.000,598.036,-91.139
605000.000,1602000.000,594.876,-65.163
600000.000,1602050.000,640.477,-26.094
600050.000,1602050.000,642.246,-29.139
600100.000,1602050.000,644.167,-25.630
600150.000,1602050.000,646.104,-34.656
600200.000,1602050.000,647.922,-40.333
600250.000,1602050.000,649.514,-30.806
600300.000,1602050.000,650.763,-33.872
600350.000,1602050.000,651.574,-41.096
600400.000,1602050.000,651.885,-49.237
600450.000,1602050.000,651.657,-37.892
600500.000,1602050.000,650.882,-39.172
600550.000,1602050.000,649.585,-28.840
600600.000,1602050.000,647.851,-29.422
600650.000,1602050.000,645.772,-18.144
600700.000,1602050.000,643.479,-20.723
600750.000,1602050.000,641.141,-8.468
600800.000,1602050.000,638.908,12.372
600850.000,1602050.000,636.949,34.632
600900.000,1602050.000,635.414,56.094
600950.000,1602050.000,634.437,100.508
601000.000,1602050.000,634.101,141.310
601050.000,1602050.000,634.481,212.870
601100.000,1602050.000,635.575,242.524
601150.000,1602050.000,637.353,288.126
601200.000,1602050.000,639.756,312.969
601250.000,1602050.000,642.666,378.510
601300.000,1602050.000,645.962,369.797
601350.000,1602050.000,649.493,332.522
601400.000,1602050.000,653.093,311.665
601450.000,1602050.000,656.603,259.274
601500.000,1602050.000,659.886,197.328
601550.000,1602050.000,662.810,142.784
601600.000,1602050.000,665.255,90.777
601650.000,1602050.000,667.134,34.578
601700.000,1602050.000,668.390,-0.497
601750.000,1602050.000,668.958,-32.132
601800.000,1602050.000,668.823,-62.929
601850.000,1602050.000,667.991,-78.560
601900.000,1602050.000,666.485,-109.127
601950.000,1602050.000,664.352,-140.556
602000.000,1602050.000,661.664,-175.745
602050.000,1602050.000,658.494,-168.484
602100.000,1602050.000,654.967,-187.909
602150.000,1602050.000,651.193,-195.182
602200.000,1602050.000,647.323,-234.022
602250.000,1602050.000,643.508,-233.959
602300.000,1602050.000,639.900,-261.870
602350.000,1602050.000,636.659,-281.710
602400.000,1602050.000,633.912,-318.063
602450.000,1602050.000,631.813,-319.811
602500.000,1602050.000,630.461,-338.066
602550.000,1602050.000,629.930,-336.280
602600.000,1602050.000,630.246,-390.998
602650.000,1602050.000,631.423,-369.323
602700.000,1602050.000,633.411,-347.224
602750.000,1602050.000,636.116,-290.642
602800.000,1602050.000,639.444,-187.229
602850.000,1602050.000,643.265,-17.249
602900.000,1602050.000,647.414,220.804
602950.000,1602050.000,651.727,467.200
603000.000,1602050.000,656.081,696.509
603050.000,1602050.000,660.320,932.526
603100.000,1602050.000,664.317,1083.465
603150.000,1602050.000,667.991,1173.219
603200.000,1602050.000,671.278,1151.388
603250.000,1602050.000,674.128,1092.682
603300.000,1602050.000,676.549,909.528
603350.000,1602050.000,678.540,799.518
603400.000,1602050.000,680.124,695.906
603450.000,1602050.000,681.339,551.754
603500.000,1602050.000,682.201,408.389
603550.000,1602050.000,682.751,309.129
603600.000,1602050.000,683.013,210.277
603650.000,1602050.000,683.000,147.145
603700.000,1602050.000,682.716,69.802
603750.000,1602050.000,682.169,16.967
603800.000,1602050.000,681.335,-34.588
603850.000,1602050.000,680.217,-66.315
603900.000,1602050.000,678.815,-101.245
603950.000,1602050.000,677.133,-103.298
604000.000,1602050.000,675.173,-130.496
604050.000,1602050.000,672.949,-137.361
604100.000,1602050.000,670.487,-131.901
604150.000,1602050.000,667.798,-146.103
604200.000,1602050.000,664.905,-132.442
604250.000,1602050.000,661.826,-144.506
604300.000,1602050.000,658.556,-142.194
604350.000,1602050.000,655.097,-141.329
604400.000,1602050.000,651.445,-140.277
604450.000,1602050.000,647.568,-125.051
604500.000,1602050.000,643.461,-135.894
604550.000,1602050.000,639.113,-119.561
604600.000,1602050.000,634.524,-134.658
604650.000,1602050.000,629.709,-106.995
604700.000,1602050.000,624.739,-84.807
604750.000,1602050.000,619.673,-96.375
604800.000,1602050.000,614.633,-100.759
604850.000,1602050.000,609.771,-88.473
604900.000,1602050.000,605.253,-82.248
604950.000,1602050.000,601.280,-93.231
605000.000,1602050.000,598.065,-60.875
600000.000,1602100.000,629.266,-26.974
600050.000,1602100.000,631.193,-30.249
600100.000,1602100.000,633.354,-28.980
600150.000,1602100.000,635.618,-29.950
600200.000,1602100.000,637.851,-34.425
600250.000,1602100.000,639.944,-32.266
600300.000,1602100.000,641.775,-42.958
600350.000,1602100.000,643.242,-45.914
600400.000,1602100.000,644.272,-51.240
600450.000,1602100.000,644.807,-38.996
600500.000,1602100.000,644.825,-40.754
600550.000,1602100.000,644.331,-33.455
600600.000,1602100.000,643.388,-39.432
600650.000,1602100.000,642.070,-28.546
600700.000,1602100.000,640.488,-22.273
600750.000,1602100.000,638.799,-16.707
600800.000,1602100.000,637.137,-9.176
600850.000,1602100.000,635.666,20.184
600900.000,1602100.000,634.533,45.274
600950.000,1602100.000,633.874,92.414
601000.000,1602100.000,633.777,140.345
601050.000,1602100.000,634.324,223.752
601100.000,1602100.000,635.531,278.887
601150.000,1602100.000,637.375,348.141
601200.000,1602100.000,639.814,386.659
601250.000,1602100.000,642.741,420.457
601300.000,1602100.000,646.045,417.991
601350.000,1602100.000,649.580,381.218
601400.000,1602100.000,653.185,350.144
601450.000,1602100.000,656.701,289.376
601500.000,1602100.000,659.985,221.815
601550.000,1602100.000,662.901,147.600
601600.000,1602100.000,665.318,84.414
601650.000,1602100.000,667.142,30.902
601700.000,1602100.000,668.305,-12.730
601750.000,1602100.000,668.734,-45.144
601800.000,1602100.000,668.410,-88.433
601850.000,1602100.000,667.335,-119.320
601900.000,1602100.000,665.533,-132.768
601950.000,1602100.000,663.058,-163.107
602000.000,1602100.000,659.988,-180.713
602050.000,1602100.000,656.409,-195.188
602100.000,1602100.000,652.463,-208.492
602150.000,1602100.000,648.276,-211.429
602200.000,1602100.000,644.017,-291.749
602250.000,1602100.000,639.856,-310.380
602300.000,1602100.000,635.963,-313.901
602350.000,1602100.000,632.514,-331.278
602400.000,1602100.000,629.651,-369.253
602450.000,1602100.000,627.538,-393.168
602500.000,1602100.000,626.281,-414.857
602550.000,1602100.000,625.955,-461.291
602600.000,1602100.000,626.587,-488.597
602650.000,1602100.000,628.185,-525.377
602700.000,1602100.000,630.691,-502.370
602750.000,1602100.000,633.996,-485.689
602800.000,1602100.000,637.993,-416.187
602850.000,1602100.000,642.535,-248.717
602900.000,1602100.000,647.436,-68.712
602950.000,1602100.000,652.513,150.903
603000.000,1602100.000,657.622,376.142
603050.000,1602100.000,662.588,627.395
603100.000,1602100.000,667.263,745.874
603150.000,1602100.000,671.551,840.708
603200.000,1602100.000,675.371,831.874
603250.000,1602100.000,678.659,707.356
603300.000,1602100.000,681.411,612.907
603350.000,1602100.000,683.617,497.969
603400.000,1602100.000,685.295,418.970
603450.000,1602100.000,686.484,318.465
603500.000,1602100.000,687.199,228.712
603550.000,1602100.000,687.492,138.628
603600.000,1602100.000,687.396,70.614
603650.000,1602100.000,686.940,9.539
603700.000,1602100.000,686.149,-45.625
603750.000,1602100.000,685.052,-89.829
603800.000,1602100.000,683.648,-118.447
603850.000,1602100.000,681.966,-138.451
603900.000,1602100.000,680.029,-152.040
603950.000,1602100.000,677.863,-156.207
604000.000,1602100.000,675.487,-188.922
604050.000,1602100.000,672.930,-183.989
604100.000,1602100.000,670.226,-182.252
604150.000,1602100.000,667.392,-206.518
604200.000,1602100.000,664.451,-188.420
604250.000,1602100.000,661.418,-181.148
604300.000,1602100.000,658.281,-168.330
604350.000,1602100.000,655.032,-148.061
604400.000,1602100.000,651.655,-160.050
604450.000,1602100.000,648.106,-145.116
604500.000,1602100.000,644.367,-137.025
604550.000,1602100.000,640.414,-152.450
604600.000,1602100.000,636.230,-135.602
604650.000,1602100.000,631.819,-122.532
604700.000,1602100.000,627.235,-111.509
604750.000,1602100.000,622.522,-104.258
604800.000,1602100.000,617.785,-101.939
604850.000,1602100.000,613.164,-98.948
604900.000,1602100.000,608.810,-87.102
604950.000,1602100.000,604.911,-69.630
605000.000,1602100.000,601.673,-80.095
600000.000,1602150.000,619.035,-25.110
600050.000,1602150.000,621.078,-32.001
600100.000,1602150.000,623.430,-31.859
600150.000,1602150.000,625.970,-39.623
600200.000,1602150.000,628.563,-36.212
600250.000,1602150.000,631.103,-38.348
600300.000,1602150.000,633.461,-43.910
600350.000,1602150.000,635.528,-43.005
600400.000,1602150.000,637.219,-47.047
600450.000,1602150.000,638.461,-41.117
600500.000,1602150.000,639.214,-47.105
600550.000,1602150.000,639.462,-49.745
600600.000,1602150.000,639.247,-45.222
600650.000,1602150.000,638.625,-46.782
600700.000,1602150.000,637.687,-36.155
600750.000,1602150.000,636.572,-35.918
600800.000,1602150.000,635.406,-26.642
600850.000,1602150.000,634.344,-3.220
600900.000,1602150.000,633.531,30.652
600950.000,1602150.000,633.105,83.933
601000.000,1602150.000,633.163,143.390
601050.000,1602150.000,633.795,198.895
601100.000,1602150.000,635.032,307.423
601150.000,1602150.000,636.867,365.466
601200.000,1602150.000,639.271,429.608
601250.000,1602150.000,642.153,472.043
601300.000,1602150.000,645.413,470.412
601350.000,1602150.000,648.915,453.208
601400.000,1602150.000,652.502,376.851
601450.000,1602150.000,656.015,316.108
601500.000,1602150.000,659.311,235.354
601550.000,1602150.000,662.246,147.525
601600.000,1602150.000,664.683,68.939
601650.000,1602150.000,666.514,13.518
601700.000,1602150.000,667.664,-30.636
601750.000,1602150.000,668.048,-74.056
601800.000,1602150.000,667.639,-111.140
601850.000,1602150.000,666.434,-133.273
601900.000,1602150.000,664.454,-157.702
601950.000,1602150.000,661.754,-176.290
602000.000,1602150.000,658.417,-209.243
602050.000,1602150.000,654.540,-225.739
602100.000,1602150.000,650.273,-239.767
602150.000,1602150.000,645.761,-276.652
602200.000,1602150.000,641.187,-291.620
602250.000,1602150.000,636.740,-321.867
602300.000,1602150.000,632.607,-368.526
602350.000,1602150.000,628.981,-366.669
602400.000,1602150.000,626.019,-406.299
602450.000,1602150.000,623.896,-479.826
602500.000,1602150.000,622.728,-500.978
602550.000,1602150.000,622.594,-535.580
602600.000,1602150.000,623.525,-600.480
602650.000,1602150.000,625.522,-628.429
602700.000,1602150.000,628.522,-636.166
602750.000,1602150.000,632.405,-662.242
602800.000,1602150.000,637.052,-591.954
602850.000,1602150.000,642.296,-450.976
602900.000,1602150.000,647.935,-263.883
602950.000,1602150.000,653.766,-51.993
603000.000,1602150.000,659.624,168.825
603050.000,1602150.000,665.314,330.144
603100.000,1602150.000,670.667,494.100
603150.000,1602150.000,675.571,546.231
603200.000,1602150.000,679.926,507.511
603250.000,1602150.000,683.653,476.956
603300.000,1602150.000,686.737,391.449
603350.000,1602150.000,689.155,303.504
603400.000,1602150.000,690.923,213.972
603450.000,1602150.000,692.076,103.199
603500.000,1602150.000,692.633,40.204
603550.000,1602150.000,692.651,-22.384
603600.000,1602150.000,692.177,-77.925
603650.000,1602150.000,691.256,-106.338
603700.000,1602150.000,689.931,-163.019
603750.000,1602150.000,688.257,-190.995
603800.000,1602150.000,686.255,-210.092
603850.000,1602150.000,683.982,-235.869
603900.000,1602150.000,681.483,-226.317
603950.000,1602150.000,678.806,-246.706
604000.000,1602150.000,675.989,-240.850
604050.000,1602150.000,673.077,-226.311
604100.000,1602150.000,670.110,-242.392
604150.000,1602150.000,667.111,-232.003
604200.000,1602150.000,664.103,-227.361
604250.000,1602150.000,661.099,-230.102
604300.000,1602150.000,658.080,-208.110
604350.000,1602150.000,655.028,-176.342
604400.000,1602150.000,651.916,-175.004
604450.000,1602150.000,648.688,-152.811
604500.000,1602150.000,645.315,-160.965
604550.000,1602150.000,641.757,-153.798
604600.000,1602150.000,637.986,-146.147
604650.000,1602150.000,633.990,-128.307
604700.000,1602150.000,629.809,-131.689
604750.000,1602150.000,625.471,-111.672
604800.000,1602150.000,621.065,-109.400
604850.000,1602150.000,616.712,-115.163
604900.000,1602150.000,612.551,-108.414
604950.000,1602150.000,608.753,-93.314
605000.000,1602150.000,605.513,-73.479
600000.000,1602200.000,610.098,-31.510
600050.000,1602200.000,612.205,-25.090
600100.000,1602200.000,614.690,-34.167
600150.000,1602200.000,617.437,-35.830
600200.000,1602200.000,620.320,-50.590
600250.000,1602200.000,623.228,-40.940
600300.000,1602200.000,626.033,-47.427
600350.000,1602200.000,628.619,-52.305
600400.000,1602200.000,630.886,-54.657
600450.000,1602200.000,632.751,-58.812
600500.000,1602200.000,634.153,-60.492
600550.000,1602200.000,635.057,-48.374
600600.000,1602200.000,635.486,-65.412
600650.000,1602200.000,635.473,-65.073
600700.000,1602200.000,635.093,-52.811
600750.000,1602200.000,634.469,-59.056
600800.000,1602200.000,633.714,-40.466
600850.000,1602200.000,632.977,-22.600
600900.000,1602200.000,632.404,1.015
600950.000,1602200.000,632.131,48.729
601000.000,1602200.000,632.266,107.304
601050.000,1602200.000,632.909,185.996
601100.000,1602200.000,634.106,290.420
601150.000,1602200.000,635.865,367.322
601200.000,1602200.000,638.175,467.941
601250.000,1602200.000,640.961,512.928
601300.000,1602200.000,644.135,513.058
601350.000,1602200.000,647.572,504.031
601400.000,1602200.000,651.121,402.926
601450.000,1602200.000,654.630,306.427
601500.000,1602200.000,657.946,216.833
601550.000,1602200.000,660.929,137.067
601600.000,1602200.000,663.428,35.253
601650.000,1602200.000,665.328,-13.178
601700.000,1602200.000,666.540,-70.881
601750.000,1602200.000,666.969,-117.258
601800.000,1602200.000,666.578,-135.032
601850.000,1602200.000,665.354,-160.794
601900.000,1602200.000,663.312,-187.079
601950.000,1602200.000,660.507,-213.289
602000.000,1602200.000,657.020,-222.498
602050.000,1602200.000,652.957,-239.083
602100.000,1602200.000,648.475,-260.463
602150.000,1602200.000,643.730,-290.400
602200.000,1602200.000,638.921,-321.947
602250.000,1602200.000,634.252,-351.154
602300.000,1602200.000,629.926,-383.721
602350.000,1602200.000,626.153,-421.113
602400.000,1602200.000,623.108,-484.902
602450.000,1602200.000,620.976,-519.856
602500.000,1602200.000,619.887,-592.386
602550.000,1602200.000,619.924,-639.003
602600.000,1602200.000,621.124,-713.002
602650.000,1602200.000,623.486,-756.604
602700.000,1602200.000,626.943,-732.506
602750.000,1602200.000,631.367,-762.354
602800.000,1602200.000,636.626,-689.658
602850.000,1602200.000,642.539,-578.988
602900.000,1602200.000,648.886,-385.188
602950.000,1602200.000,655.446,-210.857
603000.000,1602200.000,662.032,-14.559
603050.000,1602200.000,668.429,153.690
603100.000,1602200.000,674.449,277.437
603150.000,1602200.000,679.960,342.310
603200.000,1602200.000,684.843,313.310
603250.000,1602200.000,689.004,264.975
603300.000,1602200.000,692.415,178.823
603350.000,1602200.000,695.041,107.499
603400.000,1602200.000,696.890,19.542
603450.000,1602200.000,697.999,-73.911
603500.000,1602200.000,698.388,-125.950
603550.000,1602200.000,698.119,-181.164
603600.000,1602200.000,697.252,-212.978
603650.000,1602200.000,695.850,-242.033
603700.000,1602200.000,693.975,-284.698
603750.000,1602200.000,691.706,-285.934
603800.000,1602200.000,689.090,-301.873
603850.000,1602200.000,686.210,-290.847
603900.000,1602200.000,683.132,-304.172
603950.000,1602200.000,679.930,-298.519
604000.000,1602200.000,676.660,-319.839
604050.000,1602200.000,673.378,-283.300
604100.000,1602200.000,670.135,-275.197
604150.000,1602200.000,666.958,-273.222
604200.000,1602200.000,663.870,-265.330
604250.000,1602200.000,660.879,-259.801
604300.000,1602200.000,657.963,-213.981
604350.000,1602200.000,655.091,-211.549
604400.000,1602200.000,652.226,-198.685
604450.000,1602200.000,649.302,-171.920
604500.000,1602200.000,646.279,-189.682
604550.000,1602200.000,643.104,-163.329
604600.000,1602200.000,639.735,-151.852
604650.000,1602200.000,636.150,-146.142
604700.000,1602200.000,632.371,-145.803
604750.000,1602200.000,628.412,-116.666
604800.000,1602200.000,624.343,-119.062
604850.000,1602200.000,620.271,-109.677
604900.000,1602200.000,616.315,-93.522
604950.000,1602200.000,612.631,-92.160
605000.000,1602200.000,609.403,-89.430
600000.000,1602250.000,602.725,-42.477
600050.000,1602250.000,604.844,-49.802
600100.000,1602250.000,607.396,-40.644
600150.000,1602250.000,610.277,-35.479
600200.000,1602250.000,613.362,-48.304
600250.000,1602250.000,616.548,-42.824
600300.000,1602250.000,619.702,-44.985
600350.000,1602250.000,622.703,-62.933
600400.000,1602250.000,625.443,-60.311
600450.000,1602250.000,627.823,-60.083
600500.000,1602250.000,629.766,-67.735
600550.000,1602250.000,631.220,-66.145
600600.000,1602250.000,632.185,-71.764
600650.000,1602250.000,632.680,-86.121
600700.000,1602250.000,632.758,-84.932
600750.000,1602250.000,632.529,-79.914
600800.000,1602250.000,632.095,-65.355
600850.000,1602250.000,631.599,-70.586
600900.000,1602250.000,631.183,-48.703
600950.000,1602250.000,630.989,-13.808
601000.000,1602250.000,631.132,53.198
601050.000,1602250.000,631.720,144.614
601100.000,1602250.000,632.818,249.107
601150.000,1602250.000,634.448,365.921
601200.000,1602250.000,636.617,454.678
601250.000,1602250.000,639.265,516.784
601300.000,1602250.000,642.320,520.559
601350.000,1602250.000,645.669,452.627
601400.000,1602250.000,649.168,394.296
601450.000,1602250.000,652.669,281.217
601500.000,1602250.000,656.019,168.867
601550.000,1602250.000,659.075,78.071
601600.000,1602250.000,661.680,-1.388
601650.000,1602250.000,663.705,-68.141
601700.000,1602250.000,665.052,-106.517
601750.000,1602250.000,665.612,-152.038
601800.000,1602250.000,665.337,-179.227
601850.000,1602250.000,664.202,-195.544
601900.000,1602250.000,662.213,-199.922
601950.000,1602250.000,659.421,-228.364
602000.000,1602250.000,655.903,-251.137
602050.000,1602250.000,651.767,-279.139
602100.000,1602250.000,647.174,-301.279
602150.000,1602250.000,642.291,-306.782
602200.000,1602250.000,637.328,-363.995
602250.000,1602250.000,632.502,-385.619
602300.000,1602250.000,628.032,-424.798
602350.000,1602250.000,624.143,-468.330
602400.000,1602250.000,621.026,-511.929
602450.000,1602250.000,618.884,-563.461
602500.000,1602250.000,617.854,-597.402
602550.000,1602250.000,618.032,-723.350
602600.000,1602250.000,619.460,-749.698
602650.000,1602250.000,622.140,-793.301
602700.000,1602250.000,626.002,-870.847
602750.000,1602250.000,630.913,-851.061
602800.000,1602250.000,636.731,-796.251
602850.000,1602250.000,643.262,-668.087
602900.000,1602250.000,650.271,-515.295
602950.000,1602250.000,657.517,-361.147
603000.000,1602250.000,664.796,-137.098
603050.000,1602250.000,671.870,15.446
603100.000,1602250.000,678.532,138.793
603150.000,1602250.000,684.629,181.858
603200.000,1602250.000,690.026,171.009
603250.000,1602250.000,694.608,100.523
603300.000,1602250.000,698.335,19.265
603350.000,1602250.000,701.159,-63.042
603400.000,1602250.000,703.082,-137.890
603450.000,1602250.000,704.138,-200.032
603500.000,1602250.000,704.350,-262.219
603550.000,1602250.000,703.785,-295.373
603600.000,1602250.000,702.518,-343.248
603650.000,1602250.000,700.626,-345.192
603700.000,1602250.000,698.194,-361.042
603750.000,1602250.000,695.325,-406.525
603800.000,1602250.000,692.091,-402.839
603850.000,1602250.000,688.599,-357.174
603900.000,1602250.000,684.942,-359.131
603950.000,1602250.000,681.213,-363.239
604000.000,1602250.000,677.486,-355.507
604050.000,1602250.000,673.833,-348.068
604100.000,1602250.000,670.309,-320.340
604150.000,1602250.000,666.948,-311.468
604200.000,1602250.000,663.769,-271.190
604250.000,1602250.000,660.779,-264.896
604300.000,1602250.000,657.949,-255.848
604350.000,1602250.000,655.236,-227.603
604400.000,1602250.000,652.596,-216.265
604450.000,1602250.000,649.952,-214.427
604500.000,1602250.000,647.254,-188.937
604550.000,1602250.000,644.436,-183.824
604600.000,1602250.000,641.447,-162.816
604650.000,1602250.000,638.253,-151.126
604700.000,1602250.000,634.859,-144.743
604750.000,1602250.000,631.268,-142.556
604800.000,1602250.000,627.531,-128.624
604850.000,1602250.000,623.737,-116.557
604900.000,1602250.000,619.987,-112.788
604950.000,1602250.000,616.421,-99.921
605000.000,1602250.000,613.208,-82.739
600000.000,1602300.000,597.103,-34.017
600050.000,1602300.000,599.180,-47.458
600100.000,1602300.000,601.730,-41.452
600150.000,1602300.000,604.661,-42.281
600200.000,1602300.000,607.856,-51.383
600250.000,1602300.000,611.215,-54.871
600300.000,1602300.000,614.606,-54.235
600350.000,1602300.000,617.905,-64.397
600400.000,1602300.000,620.995,-58.659
600450.000,1602300.000,623.764,-78.703
600500.000,1602300.000,626.124,-58.574
600550.000,1602300.000,628.005,-84.612
600600.000,1602300.000,629.388,-95.835
600650.000,1602300.000,630.275,-104.666
600700.000,1602300.000,630.703,-102.636
600750.000,1602300.000,630.769,-117.118
600800.000,1602300.000,630.564,-117.575
600850.000,1602300.000,630.224,-104.847
600900.000,1602300.000,629.892,-110.766
600950.000,1602300.000,629.711,-64.632
601000.000,1602300.000,629.803,-22.861
601050.000,1602300.000,630.286,38.819
601100.000,1602300.000,631.241,126.340
601150.000,1602300.000,632.705,246.442
601200.000,1602300.000,634.700,357.802
601250.000,1602300.000,637.186,409.336
601300.000,1602300.000,640.102,422.157
601350.000,1602300.000,643.351,384.389
601400.000,1602300.000,646.794,312.948
601450.000,1602300.000,650.293,184.478
601500.000,1602300.000,653.692,79.816
601550.000,1602300.000,656.849,-7.115
601600.000,1602300.000,659.598,-78.946
601650.000,1602300.000,661.801,-140.254
601700.000,1602300.000,663.349,-167.481
601750.000,1602300.000,664.119,-171.014
601800.000,1602300.000,664.050,-195.599
601850.000,1602300.000,663.103,-228.038
601900.000,1602300.000,661.274,-241.542
601950.000,1602300.000,658.604,-267.086
602000.000,1602300.000,655.165,-292.635
602050.000,1602300.000,651.064,-292.667
602100.000,1602300.000,646.461,-320.091
602150.000,1602300.000,641.531,-363.202
602200.000,1602300.000,636.490,-379.860
602250.000,1602300.000,631.568,-439.521
602300.000,1602300.000,626.996,-480.849
602350.000,1602300.000,623.017,-488.628
602400.000,1602300.000,619.836,-567.666
602450.000,1602300.000,617.672,-650.488
602500.000,1602300.000,616.676,-656.299
602550.000,1602300.000,616.954,-753.891
602600.000,1602300.000,618.559,-841.456
602650.000,1602300.000,621.495,-913.275
602700.000,1602300.000,625.696,-982.841
602750.000,1602300.000,631.025,-928.115
602800.000,1602300.000,637.334,-902.051
602850.000,1602300.000,644.417,-771.094
602900.000,1602300.000,652.026,-630.741
602950.000,1602300.000,659.903,-445.914
603000.000,1602300.000,667.825,-264.641
603050.000,1602300.000,675.535,-99.627
603100.000,1602300.000,682.804,22.484
603150.000,1602300.000,689.459,62.776
603200.000,1602300.000,695.346,38.705
603250.000,1602300.000,700.332,-36.729
603300.000,1602300.000,704.361,-128.320
603350.000,1602300.000,707.374,-224.930
603400.000,1602300.000,709.363,-281.982
603450.000,1602300.000,710.362,-342.266
603500.000,1602300.000,710.394,-370.481
603550.000,1602300.000,709.533,-404.582
603600.000,1602300.000,707.866,-439.128
603650.000,1602300.000,705.488,-455.672
603700.000,1602300.000,702.504,-460.639
603750.000,1602300.000,699.041,-485.100
603800.000,1602300.000,695.197,-482.271
603850.000,1602300.000,691.105,-439.566
603900.000,1602300.000,686.878,-427.541
603950.000,1602300.000,682.633,-421.908
604000.000,1602300.000,678.461,-403.170
604050.000,1602300.000,674.445,-369.630
604100.000,1602300.000,670.647,-352.610
604150.000,1602300.000,667.102,-341.765
604200.000,1602300.000,663.829,-302.528
604250.000,1602300.000,660.832,-287.659
604300.000,1602300.000,658.073,-284.988
604350.000,1602300.000,655.499,-256.357
604400.000,1602300.000,653.058,-224.750
604450.000,1602300.000,650.665,-205.604
604500.000,1602300.000,648.258,-200.692
604550.000,1602300.000,645.764,-180.916
604600.000,1602300.000,643.121,-167.047
604650.000,1602300.000,640.284,-147.129
604700.000,1602300.000,637.246,-160.534
604750.000,1602300.000,633.996,-123.139
604800.000,1602300.000,630.568,-139.481
604850.000,1602300.000,627.035,-126.823
604900.000,1602300.000,623.480,-103.857
604950.000,1602300.000,620.023,-102.917
605000.000,1602300.000,616.819,-88.891
600000.000,1602350.000,593.382,-39.529
600050.000,1602350.000,595.366,-36.245
600100.000,1602350.000,597.848,-45.434
600150.000,1602350.000,600.746,-45.007
600200.000,1602350.000,603.954,-40.171
600250.000,1602350.000,607.377,-44.132
600300.000,1602350.000,610.886,-56.587
600350.000,1602350.000,614.355,-64.560
600400.000,1602350.000,617.662,-64.900
600450.000,1602350.000,620.687,-72.642
600500.000,1602350.000,623.326,-88.452
600550.000,1602350.000,625.500,-100.071
600600.000,1602350.000,627.171,-100.246
600650.000,1602350.000,628.328,-121.354
600700.000,1602350.000,628.994,-127.587
600750.000,1602350.000,629.252,-139.189
600800.000,1602350.000,629.184,-147.491
600850.000,1602350.000,628.921,-168.806
600900.000,1602350.000,628.605,-172.133
600950.000,1602350.000,628.381,-157.921
601000.000,1602350.000,628.375,-146.275
601050.000,1602350.000,628.717,-105.888
601100.000,1602350.000,629.499,-42.159
601150.000,1602350.000,630.773,38.020
601200.000,1602350.000,632.577,123.990
601250.000,1602350.000,634.886,167.432
601300.000,1602350.000,637.655,188.852
601350.000,1602350.000,640.798,180.972
601400.000,1602350.000,644.187,110.071
601450.000,1602350.000,647.691,14.255
601500.000,1602350.000,651.153,-61.997
601550.000,1602350.000,654.434,-121.267
601600.000,1602350.000,657.360,-173.017
601650.000,1602350.000,659.786,-205.729
601700.000,1602350.000,661.589,-240.562
601750.000,1602350.000,662.636,-229.444
601800.000,1602350.000,662.851,-253.229
601850.000,1602350.000,662.179,-260.419
601900.000,1602350.000,660.603,-281.817
601950.000,1602350.000,658.153,-289.286
602000.000,1602350.000,654.892,-314.652
602050.000,1602350.000,650.922,-321.093
602100.000,1602350.000,646.400,-357.465
602150.000,1602350.000,641.504,-362.272
602200.000,1602350.000,636.455,-414.653
602250.000,1602350.000,631.491,-470.324
602300.000,1602350.000,626.857,-486.705
602350.000,1602350.000,622.807,-529.646
602400.000,1602350.000,619.565,-569.652
602450.000,1602350.000,617.364,-670.329
602500.000,1602350.000,616.369,-735.020
602550.000,1602350.000,616.701,-812.513
602600.000,1602350.000,618.423,-914.768
602650.000,1602350.000,621.548,-942.885
602700.000,1602350.000,626.014,-1044.080
602750.000,1602350.000,631.683,-1033.878
602800.000,1602350.000,638.405,-1017.055
602850.000,1602350.000,645.964,-881.259
602900.000,1602350.000,654.101,-731.312
602950.000,1602350.000,662.544,-540.658
603000.000,1602350.000,671.051,-390.771
603050.000,1602350.000,679.345,-217.456
603100.000,1602350.000,687.180,-118.790
603150.000,1602350.000,694.359,-70.561
603200.000,1602350.000,700.709,-105.239
603250.000,1602350.000,706.079,-181.112
603300.000,1602350.000,710.396,-277.530
603350.000,1602350.000,713.587,-346.320
603400.000,1602350.000,715.638,-412.770
603450.000,1602350.000,716.577,-459.510
603500.000,1602350.000,716.431,-517.547
603550.000,1602350.000,715.280,-540.347
603600.000,1602350.000,713.222,-557.872
603650.000,1602350.000,710.370,-550.517
603700.000,1602350.000,706.850,-535.751
603750.000,1602350.000,702.811,-541.524
603800.000,1602350.000,698.377,-514.782
603850.000,1602350.000,693.707,-510.571
603900.000,1602350.000,688.934,-478.498
603950.000,1602350.000,684.197,-480.960
604000.000,1602350.000,679.600,-454.258
604050.000,1602350.000,675.240,-408.505
604100.000,1602350.000,671.181,-375.256
604150.000,1602350.000,667.462,-360.275
604200.000,1602350.000,664.097,-344.827
604250.000,1602350.000,661.086,-321.333
604300.000,1602350.000,658.384,-318.453
604350.000,1602350.000,655.929,-260.508
604400.000,1602350.000,653.659,-257.467
604450.000,1602350.000,651.482,-232.143
604500.000,1602350.000,649.329,-225.035
604550.000,1602350.000,647.115,-206.486
604600.000,1602350.000,644.774,-187.386
604650.000,1602350.000,642.250,-166.011
604700.000,1602350.000,639.526,-161.428
604750.000,1602350.000,636.578,-148.714
604800.000,1602350.000,633.426,-136.194
604850.000,1602350.000,630.125,-127.038
604900.000,1602350.000,626.740,-127.579
604950.000,1602350.000,623.375,-102.307
605000.000,1602350.000,620.167,-105.730
600000.000,1602400.000,591.600,-41.700
600050.000,1602400.000,593.448,-37.073
600100.000,1602400.000,595.799,-49.607
600150.000,1602400.000,598.586,-44.691
600200.000,1602400.000,601.715,-52.922
600250.000,1602400.000,605.095,-53.143
600300.000,1602400.000,608.604,-63.050
600350.000,1602400.000,612.117,-61.834
600400.000,1602400.000,615.507,-55.216
600450.000,1602400.000,618.649,-91.460
600500.000,1602400.000,621.432,-84.471
600550.000,1602400.000,623.763,-101.968
600600.000,1602400.000,625.593,-129.370
600650.000,1602400.000,626.897,-124.675
600700.000,1602400.000,627.690,-157.528
600750.000,1602400.000,628.041,-167.698
600800.000,1602400.000,628.024,-204.520
600850.000,1602400.000,627.767,-198.452
600900.000,1602400.000,627.408,-218.629
600950.000,1602400.000,627.094,-272.308
601000.000,1602400.000,626.958,-272.191
601050.000,1602400.000,627.133,-274.905
601100.000,1602400.000,627.725,-248.609
601150.000,1602400.000,628.800,-215.726
601200.000,1602400.000,630.407,-182.038
601250.000,1602400.000,632.537,-155.149
601300.000,1602400.000,635.159,-146.073
601350.000,1602400.000,638.199,-159.850
601400.000,1602400.000,641.539,-157.829
601450.000,1602400.000,645.056,-198.937
601500.000,1602400.000,648.595,-245.706
601550.000,1602400.000,652.019,-288.159
601600.000,1602400.000,655.150,-292.691
601650.000,1602400.000,657.834,-283.792
601700.000,1602400.000,659.937,-283.360
601750.000,1602400.000,661.314,-284.661
601800.000,1602400.000,661.875,-289.132
601850.000,1602400.000,661.548,-288.049
601900.000,1602400.000,660.303,-304.694
601950.000,1602400.000,658.155,-302.347
602000.000,1602400.000,655.155,-320.865
602050.000,1602400.000,651.398,-348.911
602100.000,1602400.000,647.033,-366.962
602150.000,1602400.000,642.241,-375.394
602200.000,1602400.000,637.242,-406.511
602250.000,1602400.000,632.282,-468.402
602300.000,1602400.000,627.614,-513.407
602350.000,1602400.000,623.506,-560.724
602400.000,1602400.000,620.198,-647.287
602450.000,1602400.000,617.937,-688.944
602500.000,1602400.000,616.905,-770.003
602550.000,1602400.000,617.236,-868.250
602600.000,1602400.000,619.011,-953.059
602650.000,1602400.000,622.248,-1022.354
602700.000,1602400.000,626.896,-1070.575
602750.000,1602400.000,632.818,-1059.714
602800.000,1602400.000,639.865,-1044.647
602850.000,1602400.000,647.815,-943.133
602900.000,1602400.000,656.399,-832.615
602950.000,1602400.000,665.334,-650.915
603000.000,1602400.000,674.359,-511.896
603050.000,1602400.000,683.180,-360.662
603100.000,1602400.000,691.531,-258.805
603150.000,1602400.000,699.195,-228.699
603200.000,1602400.000,705.977,-261.179
603250.000,1602400.000,711.708,-334.236
603300.000,1602400.000,716.298,-438.562
603350.000,1602400.000,719.660,-489.770
603400.000,1602400.000,721.771,-552.825
603450.000,1602400.000,722.655,-566.775
603500.000,1602400.000,722.343,-633.704
603550.000,1602400.000,720.916,-618.439
603600.000,1602400.000,718.487,-659.959
603650.000,1602400.000,715.186,-629.233
603700.000,1602400.000,711.158,-637.906
603750.000,1602400.000,706.577,-623.758
603800.000,1602400.000,701.588,-582.999
603850.000,1602400.000,696.376,-565.847
603900.000,1602400.000,691.095,-546.535
603950.000,1602400.000,685.900,-492.659
604000.000,1602400.000,680.911,-499.115
604050.000,1602400.000,676.235,-474.638
604100.000,1602400.000,671.937,-419.121
604150.000,1602400.000,668.059,-394.328
604200.000,1602400.000,664.610,-383.974
604250.000,1602400.000,661.583,-345.856
604300.000,1602400.000,658.928,-320.150
604350.000,1602400.000,656.571,-285.909
604400.000,1602400.000,654.443,-254.227
604450.000,1602400.000,652.446,-233.970
604500.000,1602400.000,650.502,-228.997
604550.000,1602400.000,648.523,-213.514
604600.000,1602400.000,646.433,-184.215
604650.000,1602400.000,644.172,-162.832
604700.000,1602400.000,641.712,-168.454
604750.000,1602400.000,639.020,-153.972
604800.000,1602400.000,636.101,-134.663
604850.000,1602400.000,632.995,-128.761
604900.000,1602400.000,629.751,-121.516
604950.000,1602400.000,626.454,-115.898
605000.000,1602400.000,623.226,-109.104
600000.000,1602450.000,591.733,-35.339
600050.000,1602450.000,593.411,-41.405
600100.000,1602450.000,595.581,-38.933
600150.000,1602450.000,598.189,-39.919
600200.000,1602450.000,601.153,-48.168
600250.000,1602450.000,604.392,-55.732
600300.000,1602450.000,607.789,-57.650
600350.000,1602450.000,611.225,-72.692
600400.000,1602450.000,614.569,-86.258
600450.000,1602450.000,617.695,-80.392
600500.000,1602450.000,620.486,-86.052
600550.000,1602450.000,622.843,-100.621
600600.000,1602450.000,624.705,-136.520
600650.000,1602450.000,626.042,-140.445
600700.000,1602450.000,626.855,-172.253
600750.000,1602450.000,627.207,-174.595
600800.000,1602450.000,627.165,-210.642
600850.000,1602450.000,626.852,-271.973
600900.000,1602450.000,626.403,-261.536
600950.000,1602450.000,625.966,-353.285
601000.000,1602450.000,625.677,-409.180
601050.000,1602450.000,625.675,-427.534
601100.000,1602450.000,626.075,-471.705
601150.000,1602450.000,626.952,-503.375
601200.000,1602450.000,628.366,-495.052
601250.000,1602450.000,630.325,-525.021
601300.000,1602450.000,632.808,-527.306
601350.000,1602450.000,635.753,-510.565
601400.000,1602450.000,639.053,-449.294
601450.000,1602450.000,642.592,-440.471
601500.000,1602450.000,646.220,-444.106
601550.000,1602450.000,649.800,-419.723
601600.000,1602450.000,653.153,-397.030
601650.000,1602450.000,656.119,-376.380
601700.000,1602450.000,658.554,-337.876
601750.000,1602450.000,660.300,-344.038
601800.000,1602450.000,661.252,-304.375
601850.000,1602450.000,661.325,-322.295
601900.000,1602450.000,660.468,-324.429
601950.000,1602450.000,658.686,-337.219
602000.000,1602450.000,656.011,-356.567
602050.000,1602450.000,652.531,-357.132
602100.000,1602450.000,648.385,-370.671
602150.000,1602450.000,643.751,-417.057
602200.000,1602450.000,638.847,-432.378
602250.000,1602450.000,633.924,-462.753
602300.000,1602450.000,629.243,-516.146
602350.000,1602450.000,625.083,-584.317
602400.000,1602450.000,621.697,-639.836
602450.000,1602450.000,619.349,-746.249
602500.000,1602450.000,618.237,-830.437
602550.000,1602450.000,618.511,-918.106
602600.000,1602450.000,620.268,-1028.148
602650.000,1602450.000,623.539,-1053.344
602700.000,1602450.000,628.283,-1135.338
602750.000,1602450.000,634.370,-1193.669
602800.000,1602450.000,641.651,-1119.922
602850.000,1602450.000,649.902,-1077.000
602900.000,1602450.000,658.848,-875.825
602950.000,1602450.000,668.195,-781.972
603000.000,1602450.000,677.668,-593.220
603050.000,1602450.000,686.954,-476.904
603100.000,1602450.000,695.769,-401.116
603150.000,1602450.000,703.874,-379.795
603200.000,1602450.000,711.055,-423.846
603250.000,1602450.000,717.124,-479.728
603300.000,1602450.000,721.972,-526.806
603350.000,1602450.000,725.498,-575.741
603400.000,1602450.000,727.670,-660.803
603450.000,1602450.000,728.508,-723.035
603500.000,1602450.000,728.043,-721.682
603550.000,1602450.000,726.363,-677.905
603600.000,1602450.000,723.590,-764.775
603650.000,1602450.000,719.873,-719.502
603700.000,1602450.000,715.375,-703.379
603750.000,1602450.000,710.292,-699.373
603800.000,1602450.000,704.792,-676.280
603850.000,1602450.000,699.083,-623.526
603900.000,1602450.000,693.337,-598.541
603950.000,1602450.000,687.728,-597.254
604000.000,1602450.000,682.387,-520.677
604050.000,1602450.000,677.429,-490.855
604100.000,1602450.000,672.920,-484.911
604150.000,1602450.000,668.902,-432.641
604200.000,1602450.000,665.379,-379.270
604250.000,1602450.000,662.338,-344.901
604300.000,1602450.000,659.719,-349.565
604350.000,1602450.000,657.442,-306.290
604400.000,1602450.000,655.428,-273.811
604450.000,1602450.000,653.575,-240.866
604500.000,1602450.000,651.797,-222.061
604550.000,1602450.000,650.003,-230.387
604600.000,1602450.000,648.112,-200.683
604650.000,1602450.000,646.060,-181.420
604700.000,1602450.000,643.811,-173.039
604750.000,1602450.000,641.324,-156.465
604800.000,1602450.000,638.591,-153.643
604850.000,1602450.000,635.641,-135.208
604900.000,1602450.000,632.504,-124.372
604950.000,1602450.000,629.251,-113.598
605000.000,1602450.000,625.985,-101.585
600000.000,1602500.000,593.657,-30.382
600050.000,1602500.000,595.146,-45.439
600100.000,1602500.000,597.098,-40.272
600150.000,1602500.000,599.474,-40.310
600200.000,1602500.000,602.205,-57.401
600250.000,1602500.000,605.218,-52.732
600300.000,1602500.000,608.407,-50.171
600350.000,1602500.000,611.656,-75.921
600400.000,1602500.000,614.838,-73.988
600450.000,1602500.000,617.827,-87.410
600500.000,1602500.000,620.504,-97.096
600550.000,1602500.000,622.765,-100.342
600600.000,1602500.000,624.545,-131.374
600650.000,1602500.000,625.807,-152.465
600700.000,1602500.000,626.547,-173.605
600750.000,1602500.000,626.819,-197.711
600800.000,1602500.000,626.687,-246.469
600850.000,1602500.000,626.266,-289.374
600900.000,1602500.000,625.693,-354.906
600950.000,1602500.000,625.111,-422.092
601000.000,1602500.000,624.660,-495.833
601050.000,1602500.000,624.480,-566.672
601100.000,1602500.000,624.694,-683.138
601150.000,1602500.000,625.385,-768.317
601200.000,1602500.000,626.621,-809.275
601250.000,1602500.000,628.423,-845.795
601300.000,1602500.000,630.779,-843.772
601350.000,1602500.000,633.641,-846.433
601400.000,1602500.000,636.910,-792.643
601450.000,1602500.000,640.480,-699.482
601500.000,1602500.000,644.203,-608.006
601550.000,1602500.000,647.948,-570.240
601600.000,1602500.000,651.534,-498.322
601650.000,1602500.000,654.794,-431.568
601700.000,1602500.000,657.577,-407.297
601750.000,1602500.000,659.716,-395.999
601800.000,1602500.000,661.089,-355.673
601850.000,1602500.000,661.594,-344.467
601900.000,1602500.000,661.166,-344.167
601950.000,1602500.000,659.793,-335.574
602000.000,1602500.000,657.489,-354.133
602050.000,1602500.000,654.331,-388.541
602100.000,1602500.000,650.447,-370.805
602150.000,1602500.000,646.008,-415.385
602200.000,1602500.000,641.231,-429.764
602250.000,1602500.000,636.365,-473.717
602300.000,1602500.000,631.680,-555.829
602350.000,1602500.000,627.462,-615.017
602400.000,1602500.000,623.981,-670.388
602450.000,1602500.000,621.513,-736.489
602500.000,1602500.000,620.276,-817.359
602550.000,1602500.000,620.434,-916.011
602600.000,1602500.000,622.103,-1059.611
602650.000,1602500.000,625.329,-1117.415
602700.000,1602500.000,630.082,-1195.192
602750.000,1602500.000,636.242,-1251.712
602800.000,1602500.000,643.666,-1213.290
602850.000,1602500.000,652.127,-1162.764
602900.000,1602500.000,661.349,-1026.822
602950.000,1602500.000,671.027,-876.568
603000.000,1602500.000,680.873,-755.278
603050.000,1602500.000,690.559,-609.546
603100.000,1602500.000,699.782,-576.567
603150.000,1602500.000,708.284,-542.665
603200.000,1602500.000,715.829,-542.565
603250.000,1602500.000,722.209,-618.169
603300.000,1602500.000,727.300,-718.425
603350.000,1602500.000,730.985,-741.271
603400.000,1602500.000,733.221,-812.336
603450.000,1602500.000,734.025,-831.049
603500.000,1602500.000,733.428,-848.912
603550.000,1602500.000,731.522,-843.803
603600.000,1602500.000,728.441,-783.694
603650.000,1602500.000,724.349,-782.608
603700.000,1602500.000,719.428,-797.038
603750.000,1602500.000,713.892,-780.601
603800.000,1602500.000,707.935,-716.062
603850.000,1602500.000,701.782,-721.711
603900.000,1602500.000,695.625,-638.805
603950.000,1602500.000,689.652,-589.942
604000.000,1602500.000,684.004,-557.624
604050.000,1602500.000,678.803,-525.936
604100.000,1602500.000,674.116,-462.111
604150.000,1602500.000,669.982,-432.171
604200.000,1602500.000,666.398,-393.488
604250.000,1602500.000,663.345,-347.665
604300.000,1602500.000,660.757,-333.372
604350.000,1602500.000,658.542,-307.156
604400.000,1602500.000,656.614,-273.552
604450.000,1602500.000,654.869,-249.230
604500.000,1602500.000,653.215,-219.252
604550.000,1602500.000,651.557,-218.744
604600.000,1602500.000,649.813,-205.299
604650.000,1602500.000,647.917,-180.220
604700.000,1602500.000,645.825,-171.396
604750.000,1602500.000,643.494,-153.876
604800.000,1602500.000,640.902,-144.652
604850.000,1602500.000,638.067,-135.766
604900.000,1602500.000,635.007,-124.297
604950.000,1602500.000,631.773,-121.358
605000.000,1602500.000,628.457,-108.171
600000.000,1602550.000,597.214,-44.320
600050.000,1602550.000,598.511,-40.804
600100.000,1602550.000,600.225,-47.564
600150.000,1602550.000,602.334,-51.097
600200.000,1602550.000,604.780,-54.443
600250.000,1602550.000,607.502,-70.441
600300.000,1602550.000,610.401,-63.905
600350.000,1602550.000,613.372,-73.455
600400.000,1602550.000,616.291,-77.309
600450.000,1602550.000,619.036,-86.823
600500.000,1602550.000,621.489,-110.214
600550.000,1602550.000,623.547,-119.349
600600.000,1602550.000,625.144,-122.533
600650.000,1602550.000,626.236,-152.545
600700.000,1602550.000,626.820,-200.575
600750.000,1602550.000,626.943,-201.331
600800.000,1602550.000,626.665,-253.558
600850.000,1602550.000,626.098,-287.837
600900.000,1602550.000,625.373,-371.811
600950.000,1602550.000,624.635,-417.151
601000.000,1602550.000,624.020,-584.980
601050.000,1602550.000,623.669,-678.153
601100.000,1602550.000,623.711,-780.942
601150.000,1602550.000,624.233,-876.802
601200.000,1602550.000,625.311,-986.968
601250.000,1602550.000,626.973,-1096.950
601300.000,1602550.000,629.218,-1075.250
601350.000,1602550.000,632.008,-1047.550
601400.000,1602550.000,635.253,-941.909
601450.000,1602550.000,638.857,-855.492
601500.000,1602550.000,642.677,-751.137
601550.000,1602550.000,646.587,-614.373
601600.000,1602550.000,650.404,-535.496
601650.000,1602550.000,653.960,-474.653
601700.000,1602550.000,657.094,-406.057
601750.000,1602550.000,659.631,-390.070
601800.000,1602550.000,661.436,-356.928
601850.000,1602550.000,662.390,-348.488
601900.000,1602550.000,662.410,-362.837
601950.000,1602550.000,661.469,-347.860
602000.000,1602550.000,659.562,-346.886
602050.000,1602550.000,656.753,-386.945
602100.000,1602550.000,653.155,-391.280
602150.000,1602550.000,648.935,-406.360
602200.000,1602550.000,644.300,-458.693
602250.000,1602550.000,639.502,-509.729
602300.000,1602550.000,634.813,-547.007
602350.000,1602550.000,630.529,-585.739
602400.000,1602550.000,626.930,-663.199
602450.000,1602550.000,624.310,-784.155
602500.000,1602550.000,622.901,-838.584
602550.000,1602550.000,622.888,-897.165
602600.000,1602550.000,624.402,-1084.743
602650.000,1602550.000,627.506,-1183.141
602700.000,1602550.000,632.187,-1242.419
602750.000,1602550.000,638.333,-1348.673
602800.000,1602550.000,645.812,-1302.948
602850.000,1602550.000,654.395,-1282.443
602900.000,1602550.000,663.806,-1111.933
602950.000,1602550.000,673.735,-960.518
603000.000,1602550.000,683.881,-874.532
603050.000,1602550.000,693.899,-743.741
603100.000,1602550.000,703.474,-687.125
603150.000,1602550.000,712.325,-685.682
603200.000,1602550.000,720.197,-724.754
603250.000,1602550.000,726.865,-737.073
603300.000,1602550.000,732.182,-809.132
603350.000,1602550.000,736.020,-910.434
603400.000,1602550.000,738.327,-907.810
603450.000,1602550.000,739.111,-939.050
603500.000,1602550.000,738.407,-957.767
603550.000,1602550.000,736.308,-957.324
603600.000,1602550.000,732.959,-931.871
603650.000,1602550.000,728.539,-906.593
603700.000,1602550.000,723.248,-852.097
603750.000,1602550.000,717.316,-801.448
603800.000,1602550.000,710.960,-772.889
603850.000,1602550.000,704.423,-704.433
603900.000,1602550.000,697.910,-671.210
603950.000,1602550.000,691.626,-629.870
604000.000,1602550.000,685.720,-571.195
604050.000,1602550.000,680.317,-554.486
604100.000,1602550.000,675.483,-488.100
604150.000,1602550.000,671.256,-451.107
604200.000,1602550.000,667.624,-417.785
604250.000,1602550.000,664.563,-374.472
604300.000,1602550.000,661.996,-349.298
604350.000,1602550.000,659.825,-315.187
604400.000,1602550.000,657.957,-281.585
604450.000,1602550.000,656.285,-273.229
604500.000,1602550.000,654.714,-250.812
604550.000,1602550.000,653.145,-199.960
604600.000,1602550.000,651.499,-210.446
604650.000,1602550.000,649.707,-183.452
604700.000,1602550.000,647.725,-148.867
604750.000,1602550.000,645.501,-166.215
604800.000,1602550.000,643.010,-158.220
604850.000,1602550.000,640.258,-145.440
604900.000,1602550.000,637.249,-114.110
604950.000,1602550.000,634.021,-112.350
605000.000,1602550.000,630.649,-103.055
600000.000,1602600.000,602.163,-37.219
600050.000,1602600.000,603.278,-38.797
600100.000,1602600.000,604.753,-50.299
600150.000,1602600.000,606.577,-50.459
600200.000,1602600.000,608.707,-47.997
600250.000,1602600.000,611.091,-58.328
600300.000,1602600.000,613.642,-65.091
600350.000,1602600.000,616.264,-76.757
600400.000,1602600.000,618.839,-71.192
600450.000,1602600.000,621.254,-92.475
600500.000,1602600.000,623.394,-101.855
600550.000,1602600.000,625.160,-114.543
600600.000,1602600.000,626.488,-143.128
600650.000,1602600.000,627.335,-149.054
600700.000,1602600.000,627.695,-187.925
600750.000,1602600.000,627.614,-225.140
600800.000,1602600.000,627.149,-226.949
600850.000,1602600.000,626.407,-308.450
600900.000,1602600.000,625.517,-364.114
600950.000,1602600.000,624.619,-438.328
601000.000,1602600.000,623.848,-550.723
601050.000,1602600.000,623.342,-656.472
601100.000,1602600.000,623.232,-823.354
601150.000,1602600.000,623.608,-915.333
601200.000,1602600.000,624.547,-1102.837
601250.000,1602600.000,626.089,-1115.089
601300.000,1602600.000,628.239,-1160.595
601350.000,1602600.000,630.967,-1100.845
601400.000,1602600.000,634.194,-963.152
601450.000,1602600.000,637.833,-833.750
601500.000,1602600.000,641.746,-746.826
601550.000,1602600.000,645.812,-667.575
601600.000,1602600.000,649.852,-557.228
601650.000,1602600.000,653.692,-488.840
601700.000,1602600.000,657.170,-412.501
601750.000,1602600.000,660.099,-381.352
601800.000,1602600.000,662.331,-372.932
601850.000,1602600.000,663.734,-355.332
601900.000,1602600.000,664.205,-353.717
601950.000,1602600.000,663.703,-358.600
602000.000,1602600.000,662.201,-376.782
602050.000,1602600.000,659.752,-371.088
602100.000,1602600.000,656.451,-371.134
602150.000,1602600.000,652.458,-432.056
602200.000,1602600.000,647.970,-469.672
602250.000,1602600.000,643.239,-506.362
602300.000,1602600.000,638.539,-550.564
602350.000,1602600.000,634.174,-604.923
602400.000,1602600.000,630.435,-710.609
602450.000,1602600.000,627.630,-738.280
602500.000,1602600.000,626.007,-844.429
602550.000,1602600.000,625.769,-960.655
602600.000,1602600.000,627.068,-1017.198
602650.000,1602600.000,629.982,-1182.955
602700.000,1602600.000,634.516,-1293.706
602750.000,1602600.000,640.570,-1378.244
602800.000,1602600.000,648.021,-1518.093
602850.000,1602600.000,656.644,-1311.557
602900.000,1602600.000,666.164,-1269.234
602950.000,1602600.000,676.266,-1172.284
603000.000,1602600.000,686.639,-1076.811
603050.000,1602600.000,696.925,-919.591
603100.000,1602600.000,706.793,-852.266
603150.000,1602600.000,715.944,-839.949
603200.000,1602600.000,724.104,-903.712
603250.000,1602600.000,731.029,-927.030
603300.000,1602600.000,736.554,-985.660
603350.000,1602600.000,740.538,-1045.182
603400.000,1602600.000,742.917,-1027.519
603450.000,1602600.000,743.695,-1047.580
603500.000,1602600.000,742.907,-1005.947
603550.000,1602600.000,740.648,-1021.453
603600.000,1602600.000,737.073,-982.565
603650.000,1602600.000,732.375,-942.093
603700.000,1602600.000,726.767,-899.694
603750.000,1602600.000,720.498,-855.751
603800.000,1602600.000,713.803,-808.711
603850.000,1602600.000,706.941,-763.889
603900.000,1602600.000,700.131,-720.949
603950.000,1602600.000,693.590,-658.120
604000.000,1602600.000,687.472,-594.658
604050.000,1602600.000,681.907,-548.486
604100.000,1602600.000,676.958,-524.209
604150.000,1602600.000,672.660,-474.577
604200.000,1602600.000,668.993,-422.258
604250.000,1602600.000,665.924,-380.450
604300.000,1602600.000,663.373,-344.651
604350.000,1602600.000,661.229,-343.757
604400.000,1602600.000,659.398,-280.391
604450.000,1602600.000,657.768,-280.966
604500.000,1602600.000,656.242,-236.328
604550.000,1602600.000,654.724,-223.682
604600.000,1602600.000,653.133,-224.545
604650.000,1602600.000,651.404,-193.235
604700.000,1602600.000,649.489,-181.530
604750.000,1602600.000,647.338,-159.185
604800.000,1602600.000,644.917,-149.375
604850.000,1602600.000,642.224,-139.607
604900.000,1602600.000,639.252,-139.194
604950.000,1602600.000,636.026,-120.360
605000.000,1602600.000,632.606,-114.926
600000.000,1602650.000,608.220,-33.346
600050.000,1602650.000,609.180,-42.022
600100.000,1602650.000,610.432,-52.844
600150.000,1602650.000,611.976,-48.883
600200.000,1602650.000,613.781,-53.762
600250.000,1602650.000,615.805,-58.094
600300.000,1602650.000,617.972,-67.613
600350.000,1602650.000,620.199,-61.314
600400.000,1602650.000,622.376,-82.179
600450.000,1602650.000,624.398,-88.931
600500.000,1602650.000,626.161,-98.526
600550.000,1602650.000,627.570,-111.771
600600.000,1602650.000,628.567,-122.676
600650.000,1602650.000,629.112,-153.165
600700.000,1602650.000,629.202,-166.713
600750.000,1602650.000,628.880,-210.568
600800.000,1602650.000,628.202,-235.247
600850.000,1602650.000,627.272,-275.403
600900.000,1602650.000,626.212,-345.772
600950.000,1602650.000,625.161,-403.686
601000.000,1602650.000,624.247,-484.767
601050.000,1602650.000,623.605,-600.838
601100.000,1602650.000,623.364,-730.658
601150.000,1602650.000,623.615,-809.276
601200.000,1602650.000,624.437,-921.392
601250.000,1602650.000,625.876,-1014.243
601300.000,1602650.000,627.941,-1026.985
601350.000,1602650.000,630.613,-1029.322
601400.000,1602650.000,633.821,-949.649
601450.000,1602650.000,637.487,-822.424
601500.000,1602650.000,641.479,-712.718
601550.000,1602650.000,645.686,-654.093
601600.000,1602650.000,649.927,-514.386
601650.000,1602650.000,654.031,-486.750
601700.000,1602650.000,657.829,-416.904
601750.000,1602650.000,661.129,-386.493
601800.000,1602650.000,663.770,-354.030
601850.000,1602650.000,665.605,-345.246
601900.000,1602650.000,666.516,-331.309
601950.000,1602650.000,666.442,-356.979
602000.000,1602650.000,665.339,-367.867
602050.000,1602650.000,663.243,-354.451
602100.000,1602650.000,660.235,-378.323
602150.000,1602650.000,656.464,-425.148
602200.000,1602650.000,652.118,-458.182
602250.000,1602650.000,647.447,-488.601
602300.000,1602650.000,642.725,-546.899
602350.000,1602650.000,638.261,-591.281
602400.000,1602650.000,634.359,-672.091
602450.000,1602650.000,631.339,-755.684
602500.000,1602650.000,629.465,-873.552
602550.000,1602650.000,628.958,-996.002
602600.000,1602650.000,629.990,-1076.184
602650.000,1602650.000,632.657,-1207.613
602700.000,1602650.000,636.979,-1348.594
602750.000,1602650.000,642.872,-1382.605
602800.000,1602650.000,650.223,-1485.728
602850.000,1602650.000,658.812,-1409.045
602900.000,1602650.000,668.367,-1385.572
602950.000,1602650.000,678.570,-1309.842
603000.000,1602650.000,689.100,-1237.986
603050.000,1602650.000,699.590,-1131.762
603100.000,1602650.000,709.695,-1095.635
603150.000,1602650.000,719.096,-1064.983
603200.000,1602650.000,727.503,-1088.587
603250.000,1602650.000,734.653,-1136.631
603300.000,1602650.000,740.366,-1172.193
603350.000,1602650.000,744.486,-1178.243
603400.000,1602650.000,746.939,-1254.822
603450.000,1602650.000,747.723,-1162.626
603500.000,1602650.000,746.873,-1154.047
603550.000,1602650.000,744.487,-1071.887
603600.000,1602650.000,740.727,-1045.194
603650.000,1602650.000,735.799,-1050.983
603700.000,1602650.000,729.929,-921.620
603750.000,1602650.000,723.379,-919.327
603800.000,1602650.000,716.404,-849.912
603850.000,1602650.000,709.274,-780.442
603900.000,1602650.000,702.222,-739.610
603950.000,1602650.000,695.473,-699.177
604000.000,1602650.000,689.187,-615.166
604050.000,1602650.000,683.495,-605.427
604100.000,1602650.000,678.458,-533.412
604150.000,1602650.000,674.106,-475.426
604200.000,1602650.000,670.411,-433.325
604250.000,1602650.000,667.336,-386.164
604300.000,1602650.000,664.789,-365.077
604350.000,1602650.000,662.657,-328.983
604400.000,1602650.000,660.838,-307.611
604450.000,1602650.000,659.223,-272.349
604500.000,1602650.000,657.710,-254.731
604550.000,1602650.000,656.206,-228.798
604600.000,1602650.000,654.635,-222.023
604650.000,1602650.000,652.933,-174.346
604700.000,1602650.000,651.054,-181.495
604750.000,1602650.000,648.947,-177.704
604800.000,1602650.000,646.575,-165.894
604850.000,1602650.000,643.928,-137.234
604900.000,1602650.000,640.991,-122.981
604950.000,1602650.000,637.775,-113.445
605000.000,1602650.000,634.328,-109.087
600000.000,1602700.000,615.076,-44.389
600050.000,1602700.000,615.923,-42.938
600100.000,1602700.000,616.984,-44.288
600150.000,1602700.000,618.272,-57.434
600200.000,1602700.000,619.765,-48.902
600250.000,1602700.000,621.429,-61.492
600300.000,1602700.000,623.203,-57.459
600350.000,1602700.000,625.014,-68.031
600400.000,1602700.000,626.761,-73.766
600450.000,1602700.000,628.355,-70.348
600500.000,1602700.000,629.699,-98.210
600550.000,1602700.000,630.710,-110.745
600600.000,1602700.000,631.336,-115.233
600650.000,1602700.000,631.544,-130.635
600700.000,1602700.000,631.334,-157.766
600750.000,1602700.000,630.749,-193.077
600800.000,1602700.000,629.845,-221.381
600850.000,1602700.000,628.722,-250.044
600900.000,1602700.000,627.497,-297.916
600950.000,1602700.000,626.302,-363.290
601000.000,1602700.000,625.262,-443.657
601050.000,1602700.000,624.503,-495.016
601100.000,1602700.000,624.151,-588.577
601150.000,1602700.000,624.297,-643.485
601200.000,1602700.000,625.017,-769.781
601250.000,1602700.000,626.363,-771.732
601300.000,1602700.000,628.349,-804.085
601350.000,1602700.000,630.963,-796.544
601400.000,1602700.000,634.142,-707.851
601450.000,1602700.000,637.820,-700.580
601500.000,1602700.000,641.871,-592.750
601550.000,1602700.000,646.191,-519.320
601600.000,1602700.000,650.603,-468.491
601650.000,1602700.000,654.939,-411.298
601700.000,1602700.000,659.024,-396.841
601750.000,1602700.000,662.663,-365.065
601800.000,1602700.000,665.681,-338.319
601850.000,1602700.000,667.920,-317.200
601900.000,1602700.000,669.243,-328.804
601950.000,1602700.000,669.576,-332.129
602000.000,1602700.000,668.852,-340.675
602050.000,1602700.000,667.093,-382.351
602100.000,1602700.000,664.364,-383.888
602150.000,1602700.000,660.803,-396.922
602200.000,1602700.000,656.586,-424.733
602250.000,1602700.000,651.961,-492.407
602300.000,1602700.000,647.203,-547.348
602350.000,1602700.000,642.626,-619.399
602400.000,1602700.000,638.542,-671.933
602450.000,1602700.000,635.282,-770.233
602500.000,1602700.000,633.129,-853.372
602550.000,1602700.000,632.321,-958.245
602600.000,1602700.000,633.046,-1113.860
602650.000,1602700.000,635.420,-1229.829
602700.000,1602700.000,639.480,-1343.119
602750.000,1602700.000,645.155,-1504.890
602800.000,1602700.000,652.346,-1555.322
602850.000,1602700.000,660.837,-1491.655
602900.000,1602700.000,670.361,-1558.345
602950.000,1602700.000,680.599,-1557.794
603000.000,1602700.000,691.222,-1416.530
603050.000,1602700.000,701.853,-1370.337
603100.000,1602700.000,712.136,-1317.238
603150.000,1602700.000,721.735,-1306.599
603200.000,1602700.000,730.344,-1320.146
603250.000,1602700.000,737.684,-1334.565
603300.000,1602700.000,743.557,-1361.565
603350.000,1602700.000,747.797,-1344.375
603400.000,1602700.000,750.319,-1315.364
603450.000,1602700.000,751.115,-1278.228
603500.000,1602700.000,750.222,-1236.137
603550.000,1602700.000,747.736,-1125.018
603600.000,1602700.000,743.827,-1159.069
603650.000,1602700.000,738.711,-1077.479
603700.000,1602700.000,732.627,-1022.445
603750.000,1602700.000,725.849,-954.028
603800.000,1602700.000,718.646,-913.623
603850.000,1602700.000,711.299,-816.054
603900.000,1602700.000,704.052,-732.270
603950.000,1602700.000,697.137,-694.562
604000.000,1602700.000,690.718,-621.650
604050.000,1602700.000,684.926,-574.879
604100.000,1602700.000,679.820,-544.305
604150.000,1602700.000,675.425,-476.507
604200.000,1602700.000,671.705,-435.187
604250.000,1602700.000,668.618,-414.659
604300.000,1602700.000,666.065,-372.849
604350.000,1602700.000,663.928,-334.612
604400.000,1602700.000,662.101,-309.038
604450.000,1602700.000,660.475,-276.356
604500.000,1602700.000,658.949,-251.076
604550.000,1602700.000,657.435,-225.374
604600.000,1602700.000,655.859,-203.983
604650.000,1602700.000,654.163,-184.981
604700.000,1602700.000,652.303,-189.827
604750.000,1602700.000,650.230,-170.544
604800.000,1602700.000,647.903,-148.666
604850.000,1602700.000,645.309,-130.740
604900.000,1602700.000,642.424,-139.839
604950.000,1602700.000,639.247,-140.044
605000.000,1602700.000,635.812,-110.388
600000.000,1602750.000,622.385,-40.870
600050.000,1602750.000,623.166,-47.654
600100.000,1602750.000,624.082,-35.492
600150.000,1602750.000,625.150,-36.452
600200.000,1602750.000,626.359,-63.391
600250.000,1602750.000,627.684,-69.180
600300.000,1602750.000,629.074,-57.501
600350.000,1602750.000,630.470,-69.115
600400.000,1602750.000,631.782,-71.684
600450.000,1602750.000,632.935,-78.586
600500.000,1602750.000,633.844,-91.533
600550.000,1602750.000,634.439,-102.139
600600.000,1602750.000,634.678,-120.110
600650.000,1602750.000,634.536,-125.522
600700.000,1602750.000,634.016,-153.806
600750.000,1602750.000,633.166,-158.473
600800.000,1602750.000,632.039,-181.392
600850.000,1602750.000,630.732,-222.374
600900.000,1602750.000,629.358,-246.477
600950.000,1602750.000,628.040,-270.260
601000.000,1602750.000,626.894,-349.422
601050.000,1602750.000,626.041,-394.513
601100.000,1602750.000,625.602,-432.747
601150.000,1602750.000,625.661,-494.808
601200.000,1602750.000,626.295,-504.762
601250.000,1602750.000,627.556,-570.225
601300.000,1602750.000,629.465,-574.569
601350.000,1602750.000,632.015,-575.180
601400.000,1602750.000,635.152,-568.888
601450.000,1602750.000,638.821,-482.611
601500.000,1602750.000,642.904,-464.533
601550.000,1602750.000,647.304,-443.773
601600.000,1602750.000,651.853,-412.177
601650.000,1602750.000,656.380,-353.155
601700.000,1602750.000,660.712,-361.708
601750.000,1602750.000,664.648,-340.576
601800.000,1602750.000,668.004,-322.498
601850.000,1602750.000,670.609,-308.171
601900.000,1602750.000,672.309,-290.849
601950.000,1602750.000,673.014,-315.572
602000.000,1602750.000,672.640,-324.351
602050.000,1602750.000,671.191,-338.785
602100.000,1602750.000,668.718,-384.749
602150.000,1602750.000,665.347,-373.610
602200.000,1602750.000,661.242,-409.703
602250.000,1602750.000,656.648,-485.599
602300.000,1602750.000,651.840,-534.648
602350.000,1602750.000,647.135,-594.203
602400.000,1602750.000,642.854,-658.565
602450.000,1602750.000,639.339,-750.957
602500.000,1602750.000,636.889,-843.620
602550.000,1602750.000,635.756,-944.195
602600.000,1602750.000,636.147,-1085.420
602650.000,1602750.000,638.197,-1212.006
602700.000,1602750.000,641.958,-1349.520
602750.000,1602750.000,647.373,-1537.378
602800.000,1602750.000,654.356,-1589.799
602850.000,1602750.000,662.696,-1675.913
602900.000,1602750.000,672.133,-1713.483
602950.000,1602750.000,682.348,-1668.071
603000.000,1602750.000,693.003,-1706.947
603050.000,1602750.000,703.716,-1600.795
603100.000,1602750.000,714.120,-1623.470
603150.000,1602750.000,723.864,-1574.184
603200.000,1602750.000,732.628,-1552.901
603250.000,1602750.000,740.117,-1614.269
603300.000,1602750.000,746.120,-1562.822
603350.000,1602750.000,750.458,-1540.546
603400.000,1602750.000,753.040,-1504.154
603450.000,1602750.000,753.849,-1364.318
603500.000,1602750.000,752.922,-1352.415
603550.000,1602750.000,750.358,-1256.113
603600.000,1602750.000,746.330,-1250.127
603650.000,1602750.000,741.063,-1126.886
603700.000,1602750.000,734.807,-1072.816
603750.000,1602750.000,727.843,-934.671
603800.000,1602750.000,720.457,-868.191
603850.000,1602750.000,712.935,-852.014
603900.000,1602750.000,705.531,-748.343
603950.000,1602750.000,698.482,-725.788
604000.000,1602750.000,691.955,-629.090
604050.000,1602750.000,686.080,-577.448
604100.000,1602750.000,680.914,-523.132
604150.000,1602750.000,676.478,-501.011
604200.000,1602750.000,672.730,-436.690
604250.000,1602750.000,669.620,-419.950
604300.000,1602750.000,667.047,-364.570
604350.000,1602750.000,664.886,-326.954
604400.000,1602750.000,663.032,-295.685
604450.000,1602750.000,661.375,-273.287
604500.000,1602750.000,659.818,-238.486
604550.000,1602750.000,658.276,-213.365
604600.000,1602750.000,656.682,-207.380
604650.000,1602750.000,654.983,-189.025
604700.000,1602750.000,653.139,-156.325
604750.000,1602750.000,651.104,-151.273
604800.000,1602750.000,648.836,-147.456
604850.000,1602750.000,646.319,-140.923
604900.000,1602750.000,643.519,-117.004
604950.000,1602750.000,640.427,-105.968
605000.000,1602750.000,637.063,-110.648
600000.000,1602800.000,629.794,-38.457
600050.000,1602800.000,630.566,-39.733
600100.000,1602800.000,631.391,-48.811
600150.000,1602800.000,632.290,-48.560
600200.000,1602800.000,633.260,-49.503
600250.000,1602800.000,634.283,-56.363
600300.000,1602800.000,635.320,-50.287
600350.000,1602800.000,636.324,-52.470
600400.000,1602800.000,637.219,-66.654
600450.000,1602800.000,637.943,-77.003
600500.000,1602800.000,638.427,-93.989
600550.000,1602800.000,638.612,-88.651
600600.000,1602800.000,638.471,-99.100
600650.000,1602800.000,637.986,-115.005
600700.000,1602800.000,637.169,-132.500
600750.000,1602800.000,636.066,-147.891
600800.000,1602800.000,634.734,-161.697
600850.000,1602800.000,633.265,-180.124
600900.000,1602800.000,631.763,-207.506
600950.000,1602800.000,630.344,-215.579
601000.000,1602800.000,629.118,-226.180
601050.000,1602800.000,628.193,-291.434
601100.000,1602800.000,627.684,-287.641
601150.000,1602800.000,627.670,-325.115
601200.000,1602800.000,628.225,-349.500
601250.000,1602800.000,629.403,-350.822
601300.000,1602800.000,631.228,-368.574
601350.000,1602800.000,633.700,-383.328
601400.000,1602800.000,636.775,-370.835
601450.000,1602800.000,640.407,-368.872
601500.000,1602800.000,644.488,-369.979
601550.000,1602800.000,648.931,-334.615
601600.000,1602800.000,653.573,-334.284
601650.000,1602800.000,658.248,-322.108
601700.000,1602800.000,662.781,-310.855
601750.000,1602800.000,666.969,-286.419
601800.000,1602800.000,670.619,-305.827
601850.000,1602800.000,673.546,-289.748
601900.000,1602800.000,675.583,-296.746
601950.000,1602800.000,676.626,-302.236
602000.000,1602800.000,676.568,-306.554
602050.000,1602800.000,675.401,-336.043
602100.000,1602800.000,673.159,-331.729
602150.000,1602800.000,669.956,-393.837
602200.000,1602800.000,665.946,-428.067
602250.000,1602800.000,661.370,-462.983
602300.000,1602800.000,656.501,-524.620
602350.000,1602800.000,651.661,-566.255
602400.000,1602800.000,647.176,-625.920
602450.000,1602800.000,643.401,-715.190
602500.000,1602800.000,640.646,-810.754
602550.000,1602800.000,639.180,-977.150
602600.000,1602800.000,639.226,-1112.793
602650.000,1602800.000,640.934,-1275.184
602700.000,1602800.000,644.374,-1368.506
602750.000,1602800.000,649.501,-1595.874
602800.000,1602800.000,656.241,-1676.361
602850.000,1602800.000,664.390,-1774.173
602900.000,1602800.000,673.693,-1852.416
602950.000,1602800.000,683.831,-1963.640
603000.000,1602800.000,694.463,-1860.396
603050.000,1602800.000,705.201,-1867.863
603100.000,1602800.000,715.667,-1897.195
603150.000,1602800.000,725.499,-1906.422
603200.000,1602800.000,734.365,-1837.244
603250.000,1602800.000,741.958,-1847.691
603300.000,1602800.000,748.052,-1750.546
603350.000,1602800.000,752.460,-1668.868
603400.000,1602800.000,755.082,-1597.470
603450.000,1602800.000,755.896,-1471.162
603500.000,1602800.000,754.937,-1386.400
603550.000,1602800.000,752.304,-1307.436
603600.000,1602800.000,748.177,-1255.844
603650.000,1602800.000,742.785,-1146.303
603700.000,1602800.000,736.387,-1066.196
603750.000,1602800.000,729.271,-972.182
603800.000,1602800.000,721.733,-901.548
603850.000,1602800.000,714.066,-838.357
603900.000,1602800.000,706.529,-761.606
603950.000,1602800.000,699.366,-678.642
604000.000,1602800.000,692.744,-617.533
604050.000,1602800.000,686.792,-564.087
604100.000,1602800.000,681.567,-555.112
604150.000,1602800.000,677.083,-454.667
604200.000,1602800.000,673.293,-440.528
604250.000,1602800.000,670.146,-388.904
604300.000,1602800.000,667.535,-344.820
604350.000,1602800.000,665.332,-299.386
604400.000,1602800.000,663.433,-299.122
604450.000,1602800.000,661.732,-280.298
604500.000,1602800.000,660.132,-252.212
604550.000,1602800.000,658.555,-242.695
604600.000,1602800.000,656.942,-191.623
604650.000,1602800.000,655.245,-196.209
604700.000,1602800.000,653.430,-184.909
604750.000,1602800.000,651.455,-165.209
604800.000,1602800.000,649.277,-133.434
604850.000,1602800.000,646.877,-131.741
604900.000,1602800.000,644.216,-122.810
604950.000,1602800.000,641.273,-124.292
605000.000,1602800.000,638.057,-96.974
600000.000,1602850.000,636.946,-36.499
600050.000,1602850.000,637.766,-47.124
600100.000,1602850.000,638.556,-39.967
600150.000,1602850.000,639.343,-42.494
600200.000,1602850.000,640.130,-52.163
600250.000,1602850.000,640.903,-47.287
600300.000,1602850.000,641.634,-54.302
600350.000,1602850.000,642.290,-60.787
600400.000,1602850.000,642.806,-60.438
600450.000,1602850.000,643.136,-72.971
600500.000,1602850.000,643.227,-71.509
600550.000,1602850.000,643.035,-92.610
600600.000,1602850.000,642.545,-85.133
600650.000,1602850.000,641.748,-117.598
600700.000,1602850.000,640.664,-99.124
600750.000,1602850.000,639.342,-108.031
600800.000,1602850.000,637.839,-119.623
600850.000,1602850.000,636.240,-133.740
600900.000,1602850.000,634.643,-156.058
600950.000,1602850.000,633.156,-175.676
601000.000,1602850.000,631.876,-194.439
601050.000,1602850.000,630.903,-190.369
601100.000,1602850.000,630.341,-190.179
601150.000,1602850.000,630.265,-220.501
601200.000,1602850.000,630.745,-217.325
601250.000,1602850.000,631.836,-214.924
601300.000,1602850.000,633.564,-237.336
601350.000,1602850.000,635.938,-222.533
601400.000,1602850.000,638.923,-250.192
601450.000,1602850.000,642.484,-263.704
601500.000,1602850.000,646.523,-271.190
601550.000,1602850.000,650.964,-276.238
601600.000,1602850.000,655.651,-256.351
601650.000,1602850.000,660.424,-255.999
601700.000,1602850.000,665.106,-279.362
601750.000,1602850.000,669.497,-268.570
601800.000,1602850.000,673.390,-273.936
601850.000,1602850.000,676.593,-263.395
601900.000,1602850.000,678.923,-275.879
601950.000,1602850.000,680.262,-284.941
602000.000,1602850.000,680.485,-302.099
602050.000,1602850.000,679.568,-303.602
602100.000,1602850.000,677.531,-331.390
602150.000,1602850.000,674.476,-357.215
602200.000,1602850.000,670.545,-404.142
602250.000,1602850.000,665.978,-466.720
602300.000,1602850.000,661.044,-484.149
602350.000,1602850.000,656.066,-567.888
602400.000,1602850.000,651.382,-614.959
602450.000,1602850.000,647.350,-721.953
602500.000,1602850.000,644.296,-807.901
602550.000,1602850.000,642.503,-944.404
602600.000,1602850.000,642.205,-1051.320
602650.000,1602850.000,643.571,-1264.427
602700.000,1602850.000,646.682,-1329.906
602750.000,1602850.000,651.507,-1615.795
602800.000,1602850.000,657.982,-1835.742
602850.000,1602850.000,665.911,-1983.993
602900.000,1602850.000,675.042,-2026.244
602950.000,1602850.000,685.059,-2091.049
603000.000,1602850.000,695.617,-2224.194
603050.000,1602850.000,706.324,-2166.934
603100.000,1602850.000,716.795,-2295.077
603150.000,1602850.000,726.659,-2067.220
603200.000,1602850.000,735.573,-1971.894
603250.000,1602850.000,743.218,-2024.048
603300.000,1602850.000,749.360,-1912.309
603350.000,1602850.000,753.802,-1801.841
603400.000,1602850.000,756.438,-1697.263
603450.000,1602850.000,757.240,-1593.482
603500.000,1602850.000,756.243,-1553.673
603550.000,1602850.000,753.545,-1418.793
603600.000,1602850.000,749.328,-1293.693
603650.000,1602850.000,743.829,-1160.442
603700.000,1602850.000,737.309,-1077.311
603750.000,1602850.000,730.063,-1004.290
603800.000,1602850.000,722.394,-926.184
603850.000,1602850.000,714.600,-829.262
603900.000,1602850.000,706.946,-761.106
603950.000,1602850.000,699.678,-675.416
604000.000,1602850.000,692.962,-620.542
604050.000,1602850.000,686.930,-558.788
604100.000,1602850.000,681.635,-518.668
604150.000,1602850.000,677.089,-471.473
604200.000,1602850.000,673.241,-417.929
604250.000,1602850.000,670.038,-379.969
604300.000,1602850.000,667.369,-340.055
604350.000,1602850.000,665.108,-307.000
604400.000,1602850.000,663.151,-287.847
604450.000,1602850.000,661.395,-269.011
604500.000,1602850.000,659.749,-239.301
604550.000,1602850.000,658.141,-206.821
604600.000,1602850.000,656.519,-199.550
604650.000,1602850.000,654.844,-174.482
604700.000,1602850.000,653.084,-174.049
604750.000,1602850.000,651.204,-145.844
604800.000,1602850.000,649.162,-148.789
604850.000,1602850.000,646.935,-115.357
604900.000,1602850.000,644.479,-118.448
604950.000,1602850.000,641.764,-117.085
605000.000,1602850.000,638.785,-101.092
600000.000,1602900.000,643.567,-36.029
600050.000,1602900.000,644.483,-31.215
600100.000,1602900.000,645.294,-42.525
600150.000,1602900.000,646.026,-41.608
600200.000,1602900.000,646.686,-44.733
600250.000,1602900.000,647.267,-52.975
600300.000,1602900.000,647.750,-55.301
600350.000,1602900.000,648.113,-43.802
600400.000,1602900.000,648.304,-48.373
600450.000,1602900.000,648.294,-62.209
600500.000,1602900.000,648.043,-64.943
600550.000,1602900.000,647.524,-71.340
600600.000,1602900.000,646.735,-90.531
600650.000,1602900.000,645.676,-95.826
600700.000,1602900.000,644.375,-98.839
600750.000,1602900.000,642.882,-105.454
600800.000,1602900.000,641.254,-108.764
600850.000,1602900.000,639.570,-113.576
600900.000,1602900.000,637.919,-121.495
600950.000,1602900.000,636.399,-127.489
601000.000,1602900.000,635.096,-151.966
601050.000,1602900.000,634.098,-118.608
601100.000,1602900.000,633.500,-142.645
601150.000,1602900.000,633.372,-132.164
601200.000,1602900.000,633.776,-128.528
601250.000,1602900.000,634.771,-149.402
601300.000,1602900.000,636.386,-155.616
601350.000,1602900.000,638.636,-158.258
601400.000,1602900.000,641.499,-173.359
601450.000,1602900.000,644.951,-193.925
601500.000,1602900.000,648.905,-205.221
601550.000,1602900.000,653.296,-192.602
601600.000,1602900.000,657.979,-213.207
601650.000,1602900.000,662.797,-235.233
601700.000,1602900.000,667.577,-221.782
601750.000,1602900.000,672.117,-244.260
601800.000,1602900.000,676.203,-233.040
601850.000,1602900.000,679.634,-235.882
601900.000,1602900.000,682.213,-252.947
601950.000,1602900.000,683.807,-273.740
602000.000,1602900.000,684.275,-278.580
602050.000,1602900.000,683.576,-281.348
602100.000,1602900.000,681.720,-315.019
602150.000,1602900.000,678.793,-349.668
602200.000,1602900.000,674.930,-365.484
602250.000,1602900.000,670.365,-418.989
602300.000,1602900.000,665.368,-445.990
602350.000,1602900.000,660.261,-488.661
602400.000,1602900.000,655.388,-588.427
602450.000,1602900.000,651.117,-666.493
602500.000,1602900.000,647.782,-751.060
602550.000,1602900.000,645.679,-842.744
602600.000,1602900.000,645.055,-997.889
602650.000,1602900.000,646.091,-1286.432
602700.000,1602900.000,648.881,-1422.280
602750.000,1602900.000,653.403,-1654.916
602800.000,1602900.000,659.606,-1962.435
602850.000,1602900.000,667.295,-2031.700
602900.000,1602900.000,676.227,-2265.283
602950.000,1602900.000,686.086,-2437.802
603000.000,1602900.000,696.526,-2426.405
603050.000,1602900.000,707.150,-2550.534
603100.000,1602900.000,717.572,-2497.729
603150.000,1602900.000,727.410,-2371.549
603200.000,1602900.000,736.314,-2321.668
603250.000,1602900.000,743.959,-2180.665
603300.000,1602900.000,750.098,-2003.923
603350.000,1602900.000,754.533,-1891.783
603400.000,1602900.000,757.149,-1809.352
603450.000,1602900.000,757.913,-1697.349
603500.000,1602900.000,756.861,-1511.427
603550.000,1602900.000,754.090,-1422.944
603600.000,1602900.000,749.781,-1280.395
603650.000,1602900.000,744.176,-1209.577
603700.000,1602900.000,737.541,-1055.259
603750.000,1602900.000,730.171,-985.863
603800.000,1602900.000,722.377,-891.048
603850.000,1602900.000,714.458,-809.860
603900.000,1602900.000,706.684,-759.637
603950.000,1602900.000,699.302,-669.465
604000.000,1602900.000,692.481,-583.124
604050.000,1602900.000,686.350,-572.319
604100.000,1602900.000,680.963,-481.199
604150.000,1602900.000,676.330,-455.039
604200.000,1602900.000,672.399,-413.302
604250.000,1602900.000,669.115,-368.711
604300.000,1602900.000,666.368,-340.752
604350.000,1602900.000,664.032,-281.664
604400.000,1602900.000,662.006,-269.535
604450.000,1602900.000,660.193,-229.113
604500.000,1602900.000,658.506,-215.899
604550.000,1602900.000,656.880,-214.496
604600.000,1602900.000,655.272,-190.594
604650.000,1602900.000,653.650,-173.335
604700.000,1602900.000,651.988,-165.213
604750.000,1602900.000,650.254,-135.570
604800.000,1602900.000,648.408,-129.925
604850.000,1602900.000,646.425,-122.031
604900.000,1602900.000,644.257,-117.237
604950.000,1602900.000,641.861,-107.246
605000.000,1602900.000,639.222,-109.190
600000.000,1602950.000,649.370,-30.640
600050.000,1602950.000,650.421,-21.487
600100.000,1602950.000,651.300,-32.470
600150.000,1602950.000,652.031,-38.331
600200.000,1602950.000,652.623,-46.189
600250.000,1602950.000,653.074,-46.950
600300.000,1602950.000,653.372,-49.397
600350.000,1602950.000,653.507,-62.269
600400.000,1602950.000,653.440,-54.215
600450.000,1602950.000,653.156,-67.580
600500.000,1602950.000,652.632,-57.104
600550.000,1602950.000,651.853,-63.592
600600.000,1602950.000,650.832,-65.648
600650.000,1602950.000,649.578,-73.552
600700.000,1602950.000,648.123,-77.868
600750.000,1602950.000,646.521,-69.256
600800.000,1602950.000,644.825,-80.495
600850.000,1602950.000,643.109,-105.934
600900.000,1602950.000,641.451,-92.340
600950.000,1602950.000,639.937,-87.862
601000.000,1602950.000,638.644,-91.069
601050.000,1602950.000,637.644,-94.621
601100.000,1602950.000,637.024,-90.053
601150.000,1602950.000,636.847,-84.014
601200.000,1602950.000,637.172,-79.689
601250.000,1602950.000,638.057,-81.641
601300.000,1602950.000,639.537,-98.757
601350.000,1602950.000,641.636,-103.860
601400.000,1602950.000,644.341,-108.130
601450.000,1602950.000,647.644,-131.778
601500.000,1602950.000,651.468,-137.362
601550.000,1602950.000,655.762,-164.463
601600.000,1602950.000,660.391,-151.986
601650.000,1602950.000,665.205,-184.700
601700.000,1602950.000,670.032,-186.892
601750.000,1602950.000,674.673,-183.489
601800.000,1602950.000,678.904,-216.168
601850.000,1602950.000,682.517,-227.990
601900.000,1602950.000,685.304,-228.479
601950.000,1602950.000,687.117,-255.255
602000.000,1602950.000,687.798,-245.554
602050.000,1602950.000,687.292,-283.204
602100.000,1602950.000,685.597,-315.389
602150.000,1602950.000,682.787,-310.784
602200.000,1602950.000,678.987,-362.996
602250.000,1602950.000,674.427,-381.003
602300.000,1602950.000,669.375,-440.881
602350.000,1602950.000,664.156,-481.813
602400.000,1602950.000,659.117,-561.288
602450.000,1602950.000,654.631,-606.504
602500.000,1602950.000,651.045,-707.629
602550.000,1602950.000,648.661,-776.640
602600.000,1602950.000,647.739,-930.471
602650.000,1602950.000,648.469,-1161.270
602700.000,1602950.000,650.955,-1411.800
602750.000,1602950.000,655.185,-1603.549
602800.000,1602950.000,661.114,-1890.797
602850.000,1602950.000,668.555,-2131.964
602900.000,1602950.000,677.266,-2425.146
602950.000,1602950.000,686.937,-2631.188
603000.000,1602950.000,697.217,-2613.883
603050.000,1602950.000,707.712,-2680.080
603100.000,1602950.000,718.030,-2595.734
603150.000,1602950.000,727.785,-2598.915
603200.000,1602950.000,736.622,-2447.565
603250.000,1602950.000,744.211,-2370.067
603300.000,1602950.000,750.297,-2171.001
603350.000,1602950.000,754.678,-1947.582
603400.000,1602950.000,757.236,-1801.050
603450.000,1602950.000,757.932,-1641.913
603500.000,1602950.000,756.802,-1524.778
603550.000,1602950.000,753.942,-1346.827
603600.000,1602950.000,749.532,-1274.385
603650.000,1602950.000,743.815,-1137.102
603700.000,1602950.000,737.060,-1046.607
603750.000,1602950.000,729.562,-949.984
603800.000,1602950.000,721.638,-854.639
603850.000,1602950.000,713.584,-782.040
603900.000,1602950.000,705.677,-692.536
603950.000,1602950.000,698.163,-640.881
604000.000,1602950.000,691.212,-580.453
604050.000,1602950.000,684.956,-539.200
604100.000,1602950.000,679.447,-491.875
604150.000,1602950.000,674.697,-421.400
604200.000,1602950.000,670.654,-403.058
604250.000,1602950.000,667.263,-363.291
604300.000,1602950.000,664.417,-338.095
604350.000,1602950.000,661.992,-291.065
604400.000,1602950.000,659.893,-254.278
604450.000,1602950.000,658.026,-244.397
604500.000,1602950.000,656.312,-237.505
604550.000,1602950.000,654.694,-190.736
604600.000,1602950.000,653.135,-188.293
604650.000,1602950.000,651.610,-165.532
604700.000,1602950.000,650.099,-158.907
604750.000,1602950.000,648.576,-140.636
604800.000,1602950.000,646.998,-138.538
604850.000,1602950.000,645.341,-125.425
604900.000,1602950.000,643.550,-110.046
604950.000,1602950.000,641.574,-109.412
605000.000,1602950.000,639.383,-93.642
600000.000,1603000.000,654.159,-26.289
600050.000,1603000.000,655.372,-34.783
600100.000,1603000.000,656.354,-29.553
600150.000,1603000.000,657.128,-47.710
600200.000,1603000.000,657.705,-26.663
600250.000,1603000.000,658.084,-37.249
600300.000,1603000.000,658.263,-44.111
600350.000,1603000.000,658.241,-40.030
600400.000,1603000.000,657.989,-51.883
600450.000,1603000.000,657.510,-45.665
600500.000,1603000.000,656.792,-60.712
600550.000,1603000.000,655.835,-56.357
600600.000,1603000.000,654.664,-53.761
600650.000,1603000.000,653.294,-58.122
600700.000,1603000.000,651.764,-75.041
600750.000,1603000.000,650.126,-64.057
600800.000,1603000.000,648.432,-75.923
600850.000,1603000.000,646.745,-75.404
600900.000,1603000.000,645.134,-66.528
600950.000,1603000.000,643.673,-78.543
601000.000,1603000.000,642.424,-47.665
601050.000,1603000.000,641.449,-59.851
601100.000,1603000.000,640.823,-59.778
601150.000,1603000.000,640.603,-65.250
601200.000,1603000.000,640.844,-48.589
601250.000,1603000.000,641.607,-47.510
601300.000,1603000.000,642.932,-52.169
601350.000,1603000.000,644.850,-65.304
601400.000,1603000.000,647.364,-68.677
601450.000,1603000.000,650.476,-92.290
601500.000,1603000.000,654.128,-116.796
601550.000,1603000.000,658.278,-129.799
601600.000,1603000.000,662.803,-129.712
601650.000,1603000.000,667.563,-148.492
601700.000,1603000.000,672.388,-157.606
601750.000,1603000.000,677.080,-180.895
601800.000,1603000.000,681.410,-175.647
601850.000,1603000.000,685.161,-207.216
601900.000,1603000.000,688.113,-217.618
601950.000,1603000.000,690.107,-222.884
602000.000,1603000.000,690.969,-221.256
602050.000,1603000.000,690.631,-257.029
602100.000,1603000.000,689.077,-263.093
602150.000,1603000.000,686.372,-293.914
602200.000,1603000.000,682.631,-336.954
602250.000,1603000.000,678.082,-349.690
602300.000,1603000.000,672.989,-421.170
602350.000,1603000.000,667.678,-451.547
602400.000,1603000.000,662.500,-471.370
602450.000,1603000.000,657.834,-567.320
602500.000,1603000.000,654.032,-676.207
602550.000,1603000.000,651.406,-762.270
602600.000,1603000.000,650.222,-922.361
602650.000,1603000.000,650.679,-1132.010
602700.000,1603000.000,652.889,-1311.115
602750.000,1603000.000,656.844,-1580.010
602800.000,1603000.000,662.509,-1874.828
602850.000,1603000.000,669.697,-2207.045
602900.000,1603000.000,678.174,-2443.882
602950.000,1603000.000,687.629,-2756.638
603000.000,1603000.000,697.714,-2847.692
603050.000,1603000.000,708.034,-2862.734
603100.000,1603000.000,718.195,-2868.099
603150.000,1603000.000,727.811,-2589.560
603200.000,1603000.000,736.524,-2580.738
603250.000,1603000.000,744.000,-2301.162
603300.000,1603000.000,749.979,-2108.112
603350.000,1603000.000,754.259,-1976.185
603400.000,1603000.000,756.717,-1762.781
603450.000,1603000.000,757.311,-1639.917
603500.000,1603000.000,756.076,-1424.913
603550.000,1603000.000,753.105,-1335.633
603600.000,1603000.000,748.578,-1214.924
603650.000,1603000.000,742.737,-1077.856
603700.000,1603000.000,735.850,-998.321
603750.000,1603000.000,728.213,-894.828
603800.000,1603000.000,720.144,-833.644
603850.000,1603000.000,711.940,-771.088
603900.000,1603000.000,703.877,-656.419
603950.000,1603000.000,696.206,-624.064
604000.000,1603000.000,689.096,-557.179
604050.000,1603000.000,682.681,-496.491
604100.000,1603000.000,677.017,-434.097
604150.000,1603000.000,672.117,-403.206
604200.000,1603000.000,667.930,-358.864
604250.000,1603000.000,664.407,-320.696
604300.000,1603000.000,661.443,-301.124
604350.000,1603000.000,658.919,-277.475
604400.000,1603000.000,656.746,-252.506
604450.000,1603000.000,654.837,-236.502
604500.000,1603000.000,653.118,-204.341
604550.000,1603000.000,651.540,-190.910
604600.000,1603000.000,650.072,-176.948
604650.000,1603000.000,648.697,-168.006
604700.000,1603000.000,647.400,-167.986
604750.000,1603000.000,646.156,-124.573
604800.000,1603000.000,644.926,-130.039
604850.000,1603000.000,643.679,-118.561
604900.000,1603000.000,642.358,-102.541
604950.000,1603000.000,640.901,-104.912
605000.000,1603000.000,639.267,-98.462
600000.000,1603050.000,657.816,-34.389
600050.000,1603050.000,659.199,-33.413
600100.000,1603050.000,660.304,-30.639
600150.000,1603050.000,661.152,-30.041
600200.000,1603050.000,661.754,-40.508
600250.000,1603050.000,662.113,-41.446
600300.000,1603050.000,662.233,-35.208
600350.000,1603050.000,662.121,-42.238
600400.000,1603050.000,661.762,-45.401
600450.000,1603050.000,661.169,-42.136
600500.000,1603050.000,660.343,-46.329
600550.000,1603050.000,659.296,-52.753
600600.000,1603050.000,658.064,-49.977
600650.000,1603050.000,656.668,-49.780
600700.000,1603050.000,655.148,-50.233
600750.000,1603050.000,653.556,-50.134
600800.000,1603050.000,651.938,-65.471
600850.000,1603050.000,650.348,-55.702
600900.000,1603050.000,648.842,-48.501
600950.000,1603050.000,647.481,-43.378
601000.000,1603050.000,646.314,-46.105
601050.000,1603050.000,645.389,-43.679
601100.000,1603050.000,644.772,-37.521
601150.000,1603050.000,644.513,-26.280
601200.000,1603050.000,644.666,-34.780
601250.000,1603050.000,645.292,-34.957
601300.000,1603050.000,646.440,-48.148
601350.000,1603050.000,648.150,-28.535
601400.000,1603050.000,650.438,-58.606
601450.000,1603050.000,653.323,-70.370
601500.000,1603050.000,656.761,-89.721
601550.000,1603050.000,660.724,-105.062
601600.000,1603050.000,665.102,-124.687
601650.000,1603050.000,669.763,-133.845
601700.000,1603050.000,674.541,-147.796
601750.000,1603050.000,679.240,-148.282
601800.000,1603050.000,683.626,-165.553
601850.000,1603050.000,687.476,-179.404
601900.000,1603050.000,690.559,-188.817
601950.000,1603050.000,692.702,-200.364
602000.000,1603050.000,693.718,-215.869
602050.000,1603050.000,693.526,-227.439
602100.000,1603050.000,692.100,-251.259
602150.000,1603050.000,689.494,-287.592
602200.000,1603050.000,685.814,-302.568
602250.000,1603050.000,681.285,-325.970
602300.000,1603050.000,676.170,-353.216
602350.000,1603050.000,670.793,-405.954
602400.000,1603050.000,665.510,-446.926
602450.000,1603050.000,660.701,-515.263
602500.000,1603050.000,656.725,-576.458
602550.000,1603050.000,653.900,-661.070
602600.000,1603050.000,652.495,-773.424
602650.000,1603050.000,652.717,-906.490
602700.000,1603050.000,654.681,-1200.532
602750.000,1603050.000,658.385,-1390.878
602800.000,1603050.000,663.796,-1756.626
602850.000,1603050.000,670.734,-1952.954
602900.000,1603050.000,678.964,-2416.147
602950.000,1603050.000,688.182,-2496.550
603000.000,1603050.000,698.037,-2670.071
603050.000,1603050.000,708.140,-2768.754
603100.000,1603050.000,718.096,-2727.767
603150.000,1603050.000,727.518,-2673.406
603200.000,1603050.000,736.051,-2370.179
603250.000,1603050.000,743.359,-2173.841
603300.000,1603050.000,749.179,-2016.416
603350.000,1603050.000,753.310,-1799.920
603400.000,1603050.000,755.626,-1660.090
603450.000,1603050.000,756.083,-1479.772
603500.000,1603050.000,754.712,-1347.610
603550.000,1603050.000,751.606,-1259.823
603600.000,1603050.000,746.941,-1158.251
603650.000,1603050.000,740.958,-1032.916
603700.000,1603050.000,733.924,-915.787
603750.000,1603050.000,726.131,-847.666
603800.000,1603050.000,717.898,-793.690
603850.000,1603050.000,709.520,-688.925
603900.000,1603050.000,701.277,-652.484
603950.000,1603050.000,693.419,-569.050
604000.000,1603050.000,686.118,-501.474
604050.000,1603050.000,679.511,-450.426
604100.000,1603050.000,673.659,-430.887
604150.000,1603050.000,668.577,-389.730
604200.000,1603050.000,664.221,-358.546
604250.000,1603050.000,660.547,-315.359
604300.000,1603050.000,657.454,-279.599
604350.000,1603050.000,654.831,-253.441
604400.000,1603050.000,652.594,-226.222
604450.000,1603050.000,650.663,-224.681
604500.000,1603050.000,648.971,-197.820
604550.000,1603050.000,647.476,-169.595
604600.000,1603050.000,646.152,-168.071
604650.000,1603050.000,644.989,-147.072
604700.000,1603050.000,643.973,-149.888
604750.000,1603050.000,643.084,-135.445
604800.000,1603050.000,642.280,-122.790
604850.000,1603050.000,641.528,-116.142
604900.000,1603050.000,640.767,-114.356
604950.000,1603050.000,639.924,-100.153
605000.000,1603050.000,638.945,-99.013
600000.000,1603100.000,660.285,-27.751
600050.000,1603100.000,661.827,-28.232
600100.000,1603100.000,663.057,-26.882
600150.000,1603100.000,663.995,-33.105
600200.000,1603100.000,664.652,-36.840
600250.000,1603100.000,665.032,-33.320
600300.000,1603100.000,665.147,-32.572
600350.000,1603100.000,665.012,-31.931
600400.000,1603100.000,664.620,-33.554
600450.000,1603100.000,663.996,-30.221
600500.000,1603100.000,663.153,-45.801
600550.000,1603100.000,662.110,-52.495
600600.000,1603100.000,660.913,-57.349
600650.000,1603100.000,659.586,-42.218
600700.000,1603100.000,658.168,-37.743
600750.000,1603100.000,656.710,-42.172
600800.000,1603100.000,655.249,-55.871
600850.000,1603100.000,653.827,-38.978
600900.000,1603100.000,652.488,-27.760
600950.000,1603100.000,651.278,-46.337
601000.000,1603100.000,650.232,-31.499
601050.000,1603100.000,649.385,-34.533
601100.000,1603100.000,648.795,-27.721
601150.000,1603100.000,648.504,-21.384
601200.000,1603100.000,648.567,-19.899
601250.000,1603100.000,649.045,-35.537
601300.000,1603100.000,649.997,-24.173
601350.000,1603100.000,651.475,-29.353
601400.000,1603100.000,653.508,-44.801
601450.000,1603100.000,656.132,-48.024
601500.000,1603100.000,659.319,-75.681
601550.000,1603100.000,663.056,-79.768
601600.000,1603100.000,667.247,-88.635
601650.000,1603100.000,671.769,-113.102
601700.000,1603100.000,676.458,-128.252
601750.000,1603100.000,681.125,-142.190
601800.000,1603100.000,685.527,-144.251
601850.000,1603100.000,689.438,-148.366
601900.000,1603100.000,692.615,-163.105
601950.000,1603100.000,694.877,-182.276
602000.000,1603100.000,696.021,-199.917
602050.000,1603100.000,695.954,-203.010
602100.000,1603100.000,694.643,-235.612
602150.000,1603100.000,692.128,-253.549
602200.000,1603100.000,688.512,-263.537
602250.000,1603100.000,684.013,-302.588
602300.000,1603100.000,678.894,-319.414
602350.000,1603100.000,673.478,-344.331
602400.000,1603100.000,668.123,-399.653
602450.000,1603100.000,663.210,-432.297
602500.000,1603100.000,659.103,-477.956
602550.000,1603100.000,656.120,-560.097
602600.000,1603100.000,654.537,-655.448
602650.000,1603100.000,654.561,-794.244
602700.000,1603100.000,656.311,-966.318
602750.000,1603100.000,659.786,-1205.030
602800.000,1603100.000,664.958,-1384.039
602850.000,1603100.000,671.646,-1640.114
602900.000,1603100.000,679.621,-1928.277
602950.000,1603100.000,688.580,-2120.087
603000.000,1603100.000,698.176,-2223.056
603050.000,1603100.000,708.022,-2372.815
603100.000,1603100.000,717.728,-2327.635
603150.000,1603100.000,726.908,-2202.126
603200.000,1603100.000,735.209,-2119.802
603250.000,1603100.000,742.299,-1923.054
603300.000,1603100.000,747.913,-1836.244
603350.000,1603100.000,751.852,-1613.274
603400.000,1603100.000,753.990,-1417.077
603450.000,1603100.000,754.276,-1305.665
603500.000,1603100.000,752.745,-1226.174
603550.000,1603100.000,749.482,-1124.737
603600.000,1603100.000,744.662,-985.733
603650.000,1603100.000,738.522,-919.206
603700.000,1603100.000,731.324,-836.024
603750.000,1603100.000,723.358,-703.512
603800.000,1603100.000,714.941,-660.113
603850.000,1603100.000,706.367,-598.415
603900.000,1603100.000,697.917,-568.057
603950.000,1603100.000,689.843,-507.691
604000.000,1603100.000,682.320,-484.974
604050.000,1603100.000,675.488,-397.634
604100.000,1603100.000,669.417,-380.340
604150.000,1603100.000,664.126,-368.427
604200.000,1603100.000,659.579,-313.891
604250.000,1603100.000,655.739,-298.651
604300.000,1603100.000,652.511,-266.198
604350.000,1603100.000,649.794,-234.945
604400.000,1603100.000,647.510,-227.861
604450.000,1603100.000,645.586,-203.377
604500.000,1603100.000,643.961,-189.848
604550.000,1603100.000,642.598,-171.022
604600.000,1603100.000,641.476,-169.446
604650.000,1603100.000,640.589,-149.162
604700.000,1603100.000,639.925,-137.473
604750.000,1603100.000,639.464,-130.023
604800.000,1603100.000,639.164,-116.092
604850.000,1603100.000,638.987,-114.173
604900.000,1603100.000,638.867,-112.898
604950.000,1603100.000,638.720,-91.898
605000.000,1603100.000,638.482,-94.655
600000.000,1603150.000,661.613,-26.202
600050.000,1603150.000,663.287,-28.773
600100.000,1603150.000,664.630,-25.488
600150.000,1603150.000,665.658,-43.527
600200.000,1603150.000,666.385,-36.159
600250.000,1603150.000,666.817,-25.843
600300.000,1603150.000,666.972,-29.125
600350.000,1603150.000,666.870,-31.572
600400.000,1603150.000,666.514,-38.433
600450.000,1603150.000,665.938,-41.190
600500.000,1603150.000,665.162,-43.043
600550.000,1603150.000,664.215,-43.082
600600.000,1603150.000,663.147,-39.548
600650.000,1603150.000,661.980,-39.704
600700.000,1603150.000,660.756,-40.738
600750.000,1603150.000,659.516,-31.735
600800.000,1603150.000,658.290,-32.928
600850.000,1603150.000,657.105,-49.940
600900.000,1603150.000,655.992,-32.213
600950.000,1603150.000,654.981,-28.763
601000.000,1603150.000,654.093,-19.525
601050.000,1603150.000,653.352,-28.223
601100.000,1603150.000,652.804,-18.149
601150.000,1603150.000,652.489,-16.861
601200.000,1603150.000,652.459,-10.469
601250.000,1603150.000,652.781,-19.406
601300.000,1603150.000,653.522,-23.401
601350.000,1603150.000,654.747,-30.943
601400.000,1603150.000,656.502,-33.950
601450.000,1603150.000,658.838,-41.258
601500.000,1603150.000,661.745,-56.853
601550.000,1603150.000,665.225,-63.946
601600.000,1603150.000,669.194,-86.414
601650.000,1603150.000,673.541,-98.971
601700.000,1603150.000,678.108,-99.335
601750.000,1603150.000,682.706,-109.739
601800.000,1603150.000,687.089,-135.864
601850.000,1603150.000,691.026,-131.536
601900.000,1603150.000,694.267,-155.123
601950.000,1603150.000,696.617,-160.402
602000.000,1603150.000,697.864,-170.292
602050.000,1603150.000,697.903,-184.292
602100.000,1603150.000,696.692,-205.514
602150.000,1603150.000,694.263,-210.461
602200.000,1603150.000,690.711,-239.874
602250.000,1603150.000,686.253,-256.114
602300.000,1603150.000,681.149,-249.247
602350.000,1603150.000,675.719,-304.475
602400.000,1603150.000,670.324,-349.794
602450.000,1603150.000,665.345,-376.128
602500.000,1603150.000,661.145,-419.447
602550.000,1603150.000,658.048,-468.767
602600.000,1603150.000,656.326,-556.112
602650.000,1603150.000,656.189,-623.560
602700.000,1603150.000,657.755,-742.101
602750.000,1603150.000,661.024,-827.809
602800.000,1603150.000,665.968,-1048.488
602850.000,1603150.000,672.411,-1210.262
602900.000,1603150.000,680.122,-1444.567
602950.000,1603150.000,688.804,-1573.164
603000.000,1603150.000,698.113,-1660.176
603050.000,1603150.000,707.668,-1665.919
603100.000,1603150.000,717.082,-1752.341
603150.000,1603150.000,725.976,-1702.449
603200.000,1603150.000,734.001,-1664.746
603250.000,1603150.000,740.830,-1520.511
603300.000,1603150.000,746.198,-1462.004
603350.000,1603150.000,749.909,-1344.717
603400.000,1603150.000,751.838,-1268.022
603450.000,1603150.000,751.931,-1127.977
603500.000,1603150.000,750.218,-1037.236
603550.000,1603150.000,746.784,-962.232
603600.000,1603150.000,741.796,-903.705
603650.000,1603150.000,735.487,-777.033
603700.000,1603150.000,728.115,-708.046
603750.000,1603150.000,719.964,-697.648
603800.000,1603150.000,711.350,-613.242
603850.000,1603150.000,702.562,-536.396
603900.000,1603150.000,693.886,-518.673
603950.000,1603150.000,685.571,-454.583
604000.000,1603150.000,677.801,-402.050
604050.000,1603150.000,670.721,-359.468
604100.000,1603150.000,664.408,-341.411
604150.000,1603150.000,658.888,-302.925
604200.000,1603150.000,654.136,-292.286
604250.000,1603150.000,650.125,-249.752
604300.000,1603150.000,646.766,-241.056
604350.000,1603150.000,643.968,-216.050
604400.000,1603150.000,641.661,-202.198
604450.000,1603150.000,639.778,-173.629
604500.000,1603150.000,638.262,-163.699
604550.000,1603150.000,637.083,-161.761
604600.000,1603150.000,636.222,-149.037
604650.000,1603150.000,635.675,-131.615
604700.000,1603150.000,635.429,-117.417
604750.000,1603150.000,635.464,-105.677
604800.000,1603150.000,635.735,-125.595
604850.000,1603150.000,636.200,-108.339
604900.000,1603150.000,636.787,-83.657
604950.000,1603150.000,637.403,-89.207
605000.000,1603150.000,637.969,-78.936
600000.000,1603200.000,661.936,-31.254
600050.000,1603200.000,663.700,-20.860
600100.000,1603200.000,665.127,-30.125
600150.000,1603200.000,666.232,-27.608
600200.000,1603200.000,667.032,-33.158
600250.000,1603200.000,667.533,-29.503
600300.000,1603200.000,667.760,-29.133
600350.000,1603200.000,667.739,-33.647
600400.000,1603200.000,667.479,-40.253
600450.000,1603200.000,667.022,-34.922
600500.000,1603200.000,666.394,-33.595
600550.000,1603200.000,665.628,-28.475
600600.000,1603200.000,664.776,-26.399
600650.000,1603200.000,663.860,-34.293
600700.000,1603200.000,662.915,-35.084
600750.000,1603200.000,661.973,-38.314
600800.000,1603200.000,661.055,-29.439
600850.000,1603200.000,660.174,-21.003
600900.000,1603200.000,659.342,-29.547
600950.000,1603200.000,658.576,-18.528
601000.000,1603200.000,657.883,-8.751
601050.000,1603200.000,657.272,-17.132
601100.000,1603200.000,656.784,-11.922
601150.000,1603200.000,656.452,-18.308
601200.000,1603200.000,656.330,-14.515
601250.000,1603200.000,656.492,-18.381
601300.000,1603200.000,657.012,-13.716
601350.000,1603200.000,657.970,-19.204
601400.000,1603200.000,659.427,-26.292
601450.000,1603200.000,661.454,-36.195
601500.000,1603200.000,664.058,-46.301
601550.000,1603200.000,667.254,-53.939
601600.000,1603200.000,670.975,-57.664
601650.000,1603200.000,675.117,-71.278
601700.000,1603200.000,679.528,-77.743
601750.000,1603200.000,684.024,-106.808
601800.000,1603200.000,688.355,-113.536
601850.000,1603200.000,692.284,-128.624
601900.000,1603200.000,695.555,-131.642
601950.000,1603200.000,697.963,-161.330
602000.000,1603200.000,699.286,-160.371
602050.000,1603200.000,699.407,-163.746
602100.000,1603200.000,698.278,-181.722
602150.000,1603200.000,695.924,-191.611
602200.000,1603200.000,692.435,-196.771
602250.000,1603200.000,688.022,-205.339
602300.000,1603200.000,682.945,-254.981
602350.000,1603200.000,677.521,-263.458
602400.000,1603200.000,672.112,-286.780
602450.000,1603200.000,667.097,-298.066
602500.000,1603200.000,662.839,-323.672
602550.000,1603200.000,659.660,-364.142
602600.000,1603200.000,657.833,-401.558
602650.000,1603200.000,657.564,-484.280
602700.000,1603200.000,658.970,-505.478
602750.000,1603200.000,662.049,-621.475
602800.000,1603200.000,666.774,-678.763
602850.000,1603200.000,672.968,-769.163
602900.000,1603200.000,680.405,-891.515
602950.000,1603200.000,688.791,-961.744
603000.000,1603200.000,697.786,-1093.698
603050.000,1603200.000,707.017,-1121.384
603100.000,1603200.000,716.103,-1197.071
603150.000,1603200.000,724.673,-1248.417
603200.000,1603200.000,732.385,-1180.159
603250.000,1603200.000,738.917,-1135.272
603300.000,1603200.000,744.009,-1058.490
603350.000,1603200.000,747.467,-997.874
603400.000,1603200.000,749.166,-961.324
603450.000,1603200.000,749.050,-933.569
603500.000,1603200.000,747.148,-870.916
603550.000,1603200.000,743.537,-779.773
603600.000,1603200.000,738.381,-720.105
603650.000,1603200.000,731.902,-639.860
603700.000,1603200.000,724.357,-590.279
603750.000,1603200.000,716.019,-570.255
603800.000,1603200.000,707.204,-524.726
603850.000,1603200.000,698.196,-483.053
603900.000,1603200.000,689.284,-420.612
603950.000,1603200.000,680.719,-389.433
604000.000,1603200.000,672.688,-358.890
604050.000,1603200.000,665.347,-351.377
604100.000,1603200.000,658.781,-304.075
604150.000,1603200.000,653.026,-270.054
604200.000,1603200.000,648.068,-268.465
604250.000,1603200.000,643.891,-246.437
604300.000,1603200.000,640.416,-221.666
604350.000,1603200.000,637.561,-203.617
604400.000,1603200.000,635.265,-197.931
604450.000,1603200.000,633.465,-173.112
604500.000,1603200.000,632.111,-158.261
604550.000,1603200.000,631.172,-142.011
604600.000,1603200.000,630.633,-136.752
604650.000,1603200.000,630.488,-112.331
604700.000,1603200.000,630.723,-114.844
604750.000,1603200.000,631.316,-96.907
604800.000,1603200.000,632.216,-102.849
604850.000,1603200.000,633.376,-100.063
604900.000,1603200.000,634.718,-90.846
604950.000,1603200.000,636.141,-83.431
605000.000,1603200.000,637.555,-92.078
600000.000,1603250.000,661.440,-27.075
600050.000,1603250.000,663.243,-14.680
600100.000,1603250.000,664.714,-27.626
600150.000,1603250.000,665.871,-23.584
600200.000,1603250.000,666.734,-27.540
600250.000,1603250.000,667.310,-20.701
600300.000,1603250.000,667.631,-33.744
600350.000,1603250.000,667.727,-21.621
600400.000,1603250.000,667.614,-25.420
600450.000,1603250.000,667.336,-38.709
600500.000,1603250.000,666.926,-20.406
600550.000,1603250.000,666.416,-36.667
600600.000,1603250.000,665.859,-33.769
600650.000,1603250.000,665.272,-33.109
600700.000,1603250.000,664.681,-29.294
600750.000,1603250.000,664.110,-31.684
600800.000,1603250.000,663.567,-29.432
600850.000,1603250.000,663.045,-25.584
600900.000,1603250.000,662.543,-25.199
600950.000,1603250.000,662.061,-22.347
601000.000,1603250.000,661.593,-18.732
601050.000,1603250.000,661.136,-7.460
601100.000,1603250.000,660.722,-18.261
601150.000,1603250.000,660.383,-8.672
601200.000,1603250.000,660.174,-8.625
601250.000,1603250.000,660.173,-17.244
601300.000,1603250.000,660.467,-14.116
601350.000,1603250.000,661.150,-14.902
601400.000,1603250.000,662.299,-20.632
601450.000,1603250.000,664.004,-43.387
601500.000,1603250.000,666.287,-40.493
601550.000,1603250.000,669.181,-38.669
601600.000,1603250.000,672.631,-61.333
601650.000,1603250.000,676.545,-61.906
601700.000,1603250.000,680.774,-83.117
601750.000,1603250.000,685.138,-83.912
601800.000,1603250.000,689.384,-84.199
601850.000,1603250.000,693.272,-105.409
601900.000,1603250.000,696.539,-124.640
601950.000,1603250.000,698.971,-130.717
602000.000,1603250.000,700.338,-137.836
602050.000,1603250.000,700.514,-143.569
602100.000,1603250.000,699.446,-167.027
602150.000,1603250.000,697.150,-161.646
602200.000,1603250.000,693.713,-175.120
602250.000,1603250.000,689.343,-184.438
602300.000,1603250.000,684.297,-200.053
602350.000,1603250.000,678.890,-206.662
602400.000,1603250.000,673.483,-210.449
602450.000,1603250.000,668.454,-225.507
602500.000,1603250.000,664.162,-274.903
602550.000,1603250.000,660.927,-282.101
602600.000,1603250.000,659.018,-278.360
602650.000,1603250.000,658.638,-310.093
602700.000,1603250.000,659.900,-321.325
602750.000,1603250.000,662.798,-336.521
602800.000,1603250.000,667.306,-369.640
602850.000,1603250.000,673.247,-426.626
602900.000,1603250.000,680.396,-434.656
602950.000,1603250.000,688.467,-517.364
603000.000,1603250.000,697.124,-576.330
603050.000,1603250.000,706.002,-596.583
603100.000,1603250.000,714.731,-700.025
603150.000,1603250.000,722.947,-723.866
603200.000,1603250.000,730.317,-761.346
603250.000,1603250.000,736.528,-784.981
603300.000,1603250.000,741.323,-786.410
603350.000,1603250.000,744.514,-730.381
603400.000,1603250.000,745.977,-730.330
603450.000,1603250.000,745.653,-670.425
603500.000,1603250.000,743.566,-648.755
603550.000,1603250.000,739.788,-600.351
603600.000,1603250.000,734.474,-554.513
603650.000,1603250.000,727.841,-523.853
603700.000,1603250.000,720.135,-493.709
603750.000,1603250.000,711.625,-479.606
603800.000,1603250.000,702.619,-432.305
603850.000,1603250.000,693.401,-387.025
603900.000,1603250.000,684.259,-380.658
603950.000,1603250.000,675.447,-348.383
604000.000,1603250.000,667.160,-297.119
604050.000,1603250.000,659.560,-289.899
604100.000,1603250.000,652.746,-263.154
604150.000,1603250.000,646.763,-236.812
604200.000,1603250.000,641.613,-222.316
604250.000,1603250.000,637.288,-205.068
604300.000,1603250.000,633.722,-194.713
604350.000,1603250.000,630.843,-183.818
604400.000,1603250.000,628.598,-155.424
604450.000,1603250.000,626.927,-169.323
604500.000,1603250.000,625.785,-148.528
604550.000,1603250.000,625.142,-132.753
604600.000,1603250.000,624.980,-132.406
604650.000,1603250.000,625.292,-114.159
604700.000,1603250.000,626.060,-118.309
604750.000,1603250.000,627.256,-113.069
604800.000,1603250.000,628.825,-83.812
604850.000,1603250.000,630.712,-87.406
604900.000,1603250.000,632.836,-87.457
604950.000,1603250.000,635.084,-84.716
605000.000,1603250.000,637.357,-75.100
600000.000,1603300.000,660.404,-13.448
600050.000,1603300.000,662.189,-21.356
600100.000,1603300.000,663.660,-20.402
600150.000,1603300.000,664.836,-22.381
600200.000,1603300.000,665.742,-21.690
600250.000,1603300.000,666.390,-22.573
600300.000,1603300.000,666.816,-32.190
600350.000,1603300.000,667.054,-14.755
600400.000,1603300.000,667.125,-24.430
600450.000,1603300.000,667.075,-31.376
600500.000,1603300.000,666.937,-23.951
600550.000,1603300.000,666.745,-15.350
600600.000,1603300.000,666.547,-33.222
600650.000,1603300.000,666.351,-28.391
600700.000,1603300.000,666.177,-23.583
600750.000,1603300.000,666.033,-24.507
600800.000,1603300.000,665.914,-20.489
600850.000,1603300.000,665.796,-13.609
600900.000,1603300.000,665.663,-23.526
600950.000,1603300.000,665.495,-15.160
601000.000,1603300.000,665.276,-4.090
601050.000,1603300.000,664.990,-10.781
601100.000,1603300.000,664.663,-19.305
601150.000,1603300.000,664.324,-1.500
601200.000,1603300.000,664.032,-15.883
601250.000,1603300.000,663.871,-19.664
601300.000,1603300.000,663.939,-20.205
601350.000,1603300.000,664.345,-21.276
601400.000,1603300.000,665.183,-16.023
601450.000,1603300.000,666.558,-38.283
601500.000,1603300.000,668.512,-30.547
601550.000,1603300.000,671.092,-45.660
601600.000,1603300.000,674.256,-46.428
601650.000,1603300.000,677.920,-54.611
601700.000,1603300.000,681.942,-70.099
601750.000,1603300.000,686.146,-81.350
601800.000,1603300.000,690.275,-85.404
601850.000,1603300.000,694.087,-87.413
601900.000,1603300.000,697.312,-113.912
601950.000,1603300.000,699.732,-101.974
602000.000,1603300.000,701.107,-116.762
602050.000,1603300.000,701.303,-132.301
602100.000,1603300.000,700.265,-140.015
602150.000,1603300.000,698.002,-141.930
602200.000,1603300.000,694.599,-142.621
602250.000,1603300.000,690.258,-158.869
602300.000,1603300.000,685.238,-158.638
602350.000,1603300.000,679.848,-162.372
602400.000,1603300.000,674.450,-182.117
602450.000,1603300.000,669.415,-186.416
602500.000,1603300.000,665.101,-186.188
602550.000,1603300.000,661.823,-195.908
602600.000,1603300.000,659.844,-189.854
602650.000,1603300.000,659.361,-178.227
602700.000,1603300.000,660.484,-163.084
602750.000,1603300.000,663.203,-168.125
602800.000,1603300.000,667.488,-144.065
602850.000,1603300.000,673.166,-137.456
602900.000,1603300.000,680.012,-158.341
602950.000,1603300.000,687.747,-181.853
603000.000,1603300.000,696.042,-204.386
603050.000,1603300.000,704.544,-252.267
603100.000,1603300.000,712.891,-288.776
603150.000,1603300.000,720.731,-360.726
603200.000,1603300.000,727.742,-391.790
603250.000,1603300.000,733.622,-442.142
603300.000,1603300.000,738.116,-479.744
603350.000,1603300.000,741.043,-500.733
603400.000,1603300.000,742.279,-453.854
603450.000,1603300.000,741.763,-459.862
603500.000,1603300.000,739.514,-478.477
603550.000,1603300.000,735.597,-454.266
603600.000,1603300.000,730.157,-434.128
603650.000,1603300.000,723.402,-410.464
603700.000,1603300.000,715.570,-372.844
603750.000,1603300.000,706.919,-357.352
603800.000,1603300.000,697.754,-343.392
603850.000,1603300.000,688.352,-297.637
603900.000,1603300.000,679.006,-286.414
603950.000,1603300.000,669.969,-278.860
604000.000,1603300.000,661.445,-260.968
604050.000,1603300.000,653.607,-235.873
604100.000,1603300.000,646.565,-225.571
604150.000,1603300.000,640.376,-194.287
604200.000,1603300.000,635.057,-192.115
604250.000,1603300.000,630.615,-169.445
604300.000,1603300.000,626.992,-183.552
604350.000,1603300.000,624.128,-163.053
604400.000,1603300.000,621.978,-144.471
604450.000,1603300.000,620.485,-137.405
604500.000,1603300.000,619.605,-128.300
604550.000,1603300.000,619.310,-130.085
604600.000,1603300.000,619.574,-115.893
604650.000,1603300.000,620.390,-95.743
604700.000,1603300.000,621.731,-100.891
604750.000,1603300.000,623.563,-110.207
604800.000,1603300.000,625.823,-91.894
604850.000,1603300.000,628.451,-76.820
604900.000,1603300.000,631.357,-80.765
604950.000,1603300.000,634.423,-81.359
605000.000,1603300.000,637.541,-78.765
600000.000,1603350.000,659.134,-17.109
600050.000,1603350.000,660.848,-15.144
600100.000,1603350.000,662.275,-32.401
600150.000,1603350.000,663.438,-27.127
600200.000,1603350.000,664.368,-26.588
600250.000,1603350.000,665.080,-18.882
600300.000,1603350.000,665.617,-17.313
600350.000,1603350.000,666.013,-32.804
600400.000,1603350.000,666.296,-26.296
600450.000,1603350.000,666.510,-17.257
600500.000,1603350.000,666.687,-25.197
600550.000,1603350.000,666.859,-30.114
600600.000,1603350.000,667.066,-17.701
600650.000,1603350.000,667.309,-24.965
600700.000,1603350.000,667.594,-17.094
600750.000,1603350.000,667.916,-16.213
600800.000,1603350.000,668.255,-19.962
600850.000,1603350.000,668.568,-19.695
600900.000,1603350.000,668.824,-20.041
600950.000,1603350.000,668.987,-7.903
601000.000,1603350.000,669.029,-15.598
601050.000,1603350.000,668.922,-8.328
601100.000,1603350.000,668.688,-11.708
601150.000,1603350.000,668.354,-3.248
601200.000,1603350.000,667.981,-2.963
601250.000,1603350.000,667.664,-19.690
601300.000,1603350.000,667.508,-14.207
601350.000,1603350.000,667.638,-21.546
601400.000,1603350.000,668.165,-24.917
601450.000,1603350.000,669.209,-27.368
601500.000,1603350.000,670.830,-26.181
601550.000,1603350.000,673.088,-44.994
601600.000,1603350.000,675.953,-43.962
601650.000,1603350.000,679.350,-53.763
601700.000,1603350.000,683.142,-54.651
601750.000,1603350.000,687.155,-69.797
601800.000,1603350.000,691.132,-59.576
601850.000,1603350.000,694.828,-74.504
601900.000,1603350.000,697.971,-82.197
601950.000,1603350.000,700.333,-92.538
602000.000,1603350.000,701.671,-87.215
602050.000,1603350.000,701.846,-105.265
602100.000,1603350.000,700.799,-109.452
602150.000,1603350.000,698.534,-113.143
602200.000,1603350.000,695.134,-112.809
602250.000,1603350.000,690.801,-127.933
602300.000,1603350.000,685.790,-124.131
602350.000,1603350.000,680.406,-130.607
602400.000,1603350.000,675.010,-124.134
602450.000,1603350.000,669.968,-135.830
602500.000,1603350.000,665.632,-132.572
602550.000,1603350.000,662.312,-106.887
602600.000,1603350.000,660.263,-95.626
602650.000,1603350.000,659.677,-78.614
602700.000,1603350.000,660.656,-61.095
602750.000,1603350.000,663.186,-27.213
602800.000,1603350.000,667.236,7.189
602850.000,1603350.000,672.633,33.033
602900.000,1603350.000,679.157,39.601
602950.000,1603350.000,686.535,44.779
603000.000,1603350.000,694.446,18.247
603050.000,1603350.000,702.551,-5.876
603100.000,1603350.000,710.498,-52.811
603150.000,1603350.000,717.949,-100.965
603200.000,1603350.000,724.595,-144.906
603250.000,1603350.000,730.142,-201.554
603300.000,1603350.000,734.345,-254.050
603350.000,1603350.000,737.025,-271.612
603400.000,1603350.000,738.061,-273.311
603450.000,1603350.000,737.387,-293.231
603500.000,1603350.000,735.017,-287.128
603550.000,1603350.000,731.008,-292.933
603600.000,1603350.000,725.494,-288.507
603650.000,1603350.000,718.670,-299.828
603700.000,1603350.000,710.764,-257.251
603750.000,1603350.000,702.027,-265.160
603800.000,1603350.000,692.754,-237.821
603850.000,1603350.000,683.218,-235.439
603900.000,1603350.000,673.712,-224.672
603950.000,1603350.000,664.493,-228.107
604000.000,1603350.000,655.772,-196.582
604050.000,1603350.000,647.732,-185.353
604100.000,1603350.000,640.498,-184.996
604150.000,1603350.000,634.139,-160.537
604200.000,1603350.000,628.689,-165.906
604250.000,1603350.000,624.167,-166.919
604300.000,1603350.000,620.527,-124.261
604350.000,1603350.000,617.723,-144.727
604400.000,1603350.000,615.712,-130.619
604450.000,1603350.000,614.443,-125.894
604500.000,1603350.000,613.872,-108.580
604550.000,1603350.000,613.968,-107.187
604600.000,1603350.000,614.700,-93.987
604650.000,1603350.000,616.052,-95.392
604700.000,1603350.000,617.992,-93.088
604750.000,1603350.000,620.474,-81.632
604800.000,1603350.000,623.430,-92.189
604850.000,1603350.000,626.789,-74.048
604900.000,1603350.000,630.457,-75.732
604950.000,1603350.000,634.309,-67.251
605000.000,1603350.000,638.227,-58.339
600000.000,1603400.000,657.975,-16.906
600050.000,1603400.000,659.572,-25.409
600100.000,1603400.000,660.915,-24.229
600150.000,1603400.000,662.033,-14.118
600200.000,1603400.000,662.964,-16.233
600250.000,1603400.000,663.728,-29.712
600300.000,1603400.000,664.372,-18.140
600350.000,1603400.000,664.935,-16.965
600400.000,1603400.000,665.444,-22.188
600450.000,1603400.000,665.943,-19.644
600500.000,1603400.000,666.462,-23.825
600550.000,1603400.000,667.024,-14.731
600600.000,1603400.000,667.664,-17.517
600650.000,1603400.000,668.372,-17.016
600700.000,1603400.000,669.138,-14.380
600750.000,1603400.000,669.945,-18.925
600800.000,1603400.000,670.755,-28.605
600850.000,1603400.000,671.510,-20.549
600900.000,1603400.000,672.160,-10.701
600950.000,1603400.000,672.657,-13.741
601000.000,1603400.000,672.960,-8.390
601050.000,1603400.000,673.032,-6.333
601100.000,1603400.000,672.890,-8.620
601150.000,1603400.000,672.561,-10.167
601200.000,1603400.000,672.111,-6.130
601250.000,1603400.000,671.639,-12.628
601300.000,1603400.000,671.263,-8.250
601350.000,1603400.000,671.123,-15.824
601400.000,1603400.000,671.342,-28.211
601450.000,1603400.000,672.058,-21.547
601500.000,1603400.000,673.346,-29.594
601550.000,1603400.000,675.275,-20.931
601600.000,1603400.000,677.830,-34.074
601650.000,1603400.000,680.942,-40.863
601700.000,1603400.000,684.478,-50.215
601750.000,1603400.000,688.269,-55.035
601800.000,1603400.000,692.055,-66.905
601850.000,1603400.000,695.591,-75.183
601900.000,1603400.000,698.600,-59.272
601950.000,1603400.000,700.853,-70.107
602000.000,1603400.000,702.102,-88.871
602050.000,1603400.000,702.203,-90.896
602100.000,1603400.000,701.096,-98.864
602150.000,1603400.000,698.784,-99.793
602200.000,1603400.000,695.349,-91.768
602250.000,1603400.000,690.988,-94.371
602300.000,1603400.000,685.957,-92.339
602350.000,1603400.000,680.556,-93.573
602400.000,1603400.000,675.144,-80.673
602450.000,1603400.000,670.080,-76.160
602500.000,1603400.000,665.711,-66.726
602550.000,1603400.000,662.338,-52.924
602600.000,1603400.000,660.208,-21.482
602650.000,1603400.000,659.506,-0.522
602700.000,1603400.000,660.328,36.135
602750.000,1603400.000,662.654,62.015
602800.000,1603400.000,666.449,99.842
602850.000,1603400.000,671.546,130.404
602900.000,1603400.000,677.726,161.225
602950.000,1603400.000,684.726,157.372
603000.000,1603400.000,692.235,166.272
603050.000,1603400.000,699.928,150.756
603100.000,1603400.000,707.465,119.750
603150.000,1603400.000,714.525,75.294
603200.000,1603400.000,720.809,38.836
603250.000,1603400.000,726.039,-18.523
603300.000,1603400.000,729.973,-46.203
603350.000,1603400.000,732.441,-98.863
603400.000,1603400.000,733.320,-118.222
603450.000,1603400.000,732.540,-133.412
603500.000,1603400.000,730.109,-157.509
603550.000,1603400.000,726.073,-169.804
603600.000,1603400.000,720.555,-161.173
603650.000,1603400.000,713.736,-172.704
603700.000,1603400.000,705.832,-173.498
603750.000,1603400.000,697.082,-180.247
603800.000,1603400.000,687.772,-178.631
603850.000,1603400.000,678.171,-176.253
603900.000,1603400.000,668.572,-152.496
603950.000,1603400.000,659.232,-153.585
604000.000,1603400.000,650.372,-139.046
604050.000,1603400.000,642.185,-151.741
604100.000,1603400.000,634.809,-148.285
604150.000,1603400.000,628.328,-145.352
604200.000,1603400.000,622.793,-127.403
604250.000,1603400.000,618.238,-116.185
604300.000,1603400.000,614.627,-121.312
604350.000,1603400.000,611.925,-111.257
604400.000,1603400.000,610.098,-104.699
604450.000,1603400.000,609.095,-121.583
604500.000,1603400.000,608.872,-101.568
604550.000,1603400.000,609.392,-100.684
604600.000,1603400.000,610.619,-88.838
604650.000,1603400.000,612.528,-85.358
604700.000,1603400.000,615.074,-86.419
604750.000,1603400.000,618.204,-77.239
604800.000,1603400.000,621.838,-73.449
604850.000,1603400.000,625.898,-67.476
604900.000,1603400.000,630.285,-68.306
604950.000,1603400.000,634.864,-57.767
605000.000,1603400.000,639.514,-61.400
600000.000,1603450.000,657.248,-14.584
600050.000,1603450.000,658.696,-18.585
600100.000,1603450.000,659.926,-20.178
600150.000,1603450.000,660.976,-12.637
600200.000,1603450.000,661.893,-12.036
600250.000,1603450.000,662.699,-17.241
600300.000,1603450.000,663.449,-24.224
600350.000,1603450.000,664.181,-9.802
600400.000,1603450.000,664.924,-19.936
600450.000,1603450.000,665.720,-12.319
600500.000,1603450.000,666.591,-18.347
600550.000,1603450.000,667.557,-8.428
600600.000,1603450.000,668.640,-15.729
600650.000,1603450.000,669.819,-19.900
600700.000,1603450.000,671.070,-11.811
600750.000,1603450.000,672.359,-10.807
600800.000,1603450.000,673.634,-13.351
600850.000,1603450.000,674.820,-23.191
600900.000,1603450.000,675.853,-2.307
600950.000,1603450.000,676.670,-19.869
601000.000,1603450.000,677.219,-2.005
601050.000,1603450.000,677.458,-13.624
601100.000,1603450.000,677.398,-7.366
601150.000,1603450.000,677.067,-10.009
601200.000,1603450.000,676.535,-12.246
601250.000,1603450.000,675.909,-13.877
601300.000,1603450.000,675.316,-7.302
601350.000,1603450.000,674.910,-8.132
601400.000,1603450.000,674.827,-16.470
601450.000,1603450.000,675.218,-17.282
601500.000,1603450.000,676.171,-23.793
601550.000,1603450.000,677.768,-21.405
601600.000,1603450.000,680.002,-35.157
601650.000,1603450.000,682.810,-38.905
601700.000,1603450.000,686.065,-46.378
601750.000,1603450.000,689.598,-52.182
601800.000,1603450.000,693.151,-58.883
601850.000,1603450.000,696.477,-49.156
601900.000,1603450.000,699.299,-58.987
601950.000,1603450.000,701.384,-65.290
602000.000,1603450.000,702.484,-68.105
602050.000,1603450.000,702.451,-79.615
602100.000,1603450.000,701.228,-70.859
602150.000,1603450.000,698.815,-68.798
602200.000,1603450.000,695.294,-78.747
602250.000,1603450.000,690.863,-57.713
602300.000,1603450.000,685.775,-69.582
602350.000,1603450.000,680.323,-67.852
602400.000,1603450.000,674.868,-53.247
602450.000,1603450.000,669.759,-36.245
602500.000,1603450.000,665.334,-22.075
602550.000,1603450.000,661.888,-7.577
602600.000,1603450.000,659.659,21.285
602650.000,1603450.000,658.820,45.943
602700.000,1603450.000,659.464,92.753
602750.000,1603450.000,661.563,140.666
602800.000,1603450.000,665.081,181.561
602850.000,1603450.000,669.854,212.205
602900.000,1603450.000,675.667,238.830
602950.000,1603450.000,682.269,266.329
603000.000,1603450.000,689.358,263.611
603050.000,1603450.000,696.625,238.609
603100.000,1603450.000,703.747,217.725
603150.000,1603450.000,710.418,202.627
603200.000,1603450.000,716.355,162.618
603250.000,1603450.000,721.289,117.496
603300.000,1603450.000,724.989,71.318
603350.000,1603450.000,727.289,35.367
603400.000,1603450.000,728.067,7.117
603450.000,1603450.000,727.247,-21.826
603500.000,1603450.000,724.829,-43.088
603550.000,1603450.000,720.848,-72.767
603600.000,1603450.000,715.414,-86.251
603650.000,1603450.000,708.690,-99.304
603700.000,1603450.000,700.881,-97.028
603750.000,1603450.000,692.211,-108.248
603800.000,1603450.000,682.957,-103.450
603850.000,1603450.000,673.380,-103.308
603900.000,1603450.000,663.771,-120.078
603950.000,1603450.000,654.391,-106.514
604000.000,1603450.000,645.465,-98.602
604050.000,1603450.000,637.199,-116.422
604100.000,1603450.000,629.746,-109.299
604150.000,1603450.000,623.201,-92.949
604200.000,1603450.000,617.636,-102.641
604250.000,1603450.000,613.096,-99.279
604300.000,1603450.000,609.560,-94.432
604350.000,1603450.000,607.003,-96.017
604400.000,1603450.000,605.396,-106.779
604450.000,1603450.000,604.692,-90.649
604500.000,1603450.000,604.845,-89.603
604550.000,1603450.000,605.811,-78.181
604600.000,1603450.000,607.545,-88.127
604650.000,1603450.000,610.012,-79.284
604700.000,1603450.000,613.156,-75.516
604750.000,1603450.000,616.912,-77.827
604800.000,1603450.000,621.189,-70.735
604850.000,1603450.000,625.901,-60.198
604900.000,1603450.000,630.941,-58.880
604950.000,1603450.000,636.171,-57.920
605000.000,1603450.000,641.463,-49.943
600000.000,1603500.000,657.270,-19.613
600050.000,1603500.000,658.554,-12.884
600100.000,1603500.000,659.658,-23.579
600150.000,1603500.000,660.629,-18.090
600200.000,1603500.000,661.522,-17.357
600250.000,1603500.000,662.367,-13.135
600300.000,1603500.000,663.220,-19.603
600350.000,1603500.000,664.123,-21.855
600400.000,1603500.000,665.102,-21.234
600450.000,1603500.000,666.196,-14.307
600500.000,1603500.000,667.420,-24.916
600550.000,1603500.000,668.785,-10.725
600600.000,1603500.000,670.304,-10.001
600650.000,1603500.000,671.940,-19.487
600700.000,1603500.000,673.657,-1.238
600750.000,1603500.000,675.404,-15.158
600800.000,1603500.000,677.118,-3.590
600850.000,1603500.000,678.704,-0.569
600900.000,1603500.000,680.089,-7.654
600950.000,1603500.000,681.193,-9.599
601000.000,1603500.000,681.961,-6.906
601050.000,1603500.000,682.341,2.657
601100.000,1603500.000,682.343,-13.313
601150.000,1603500.000,681.996,-9.504
601200.000,1603500.000,681.373,-16.035
601250.000,1603500.000,680.589,-2.162
601300.000,1603500.000,679.780,6.548
601350.000,1603500.000,679.110,-10.247
601400.000,1603500.000,678.729,-21.790
601450.000,1603500.000,678.798,-16.613
601500.000,1603500.000,679.417,-29.107
601550.000,1603500.000,680.675,-26.649
601600.000,1603500.000,682.575,-27.714
601650.000,1603500.000,685.058,-30.641
601700.000,1603500.000,688.000,-33.271
601750.000,1603500.000,691.236,-38.197
601800.000,1603500.000,694.506,-49.224
601850.000,1603500.000,697.566,-48.543
601900.000,1603500.000,700.138,-58.366
601950.000,1603500.000,701.988,-47.315
602000.000,1603500.000,702.870,-53.427
602050.000,1603500.000,702.635,-60.616
602100.000,1603500.000,701.228,-57.283
602150.000,1603500.000,698.651,-59.443
602200.000,1603500.000,694.987,-60.789
602250.000,1603500.000,690.432,-50.062
602300.000,1603500.000,685.239,-45.501
602350.000,1603500.000,679.697,-32.228
602400.000,1603500.000,674.161,-21.982
602450.000,1603500.000,668.974,-11.686
602500.000,1603500.000,664.463,22.886
602550.000,1603500.000,660.916,27.500
602600.000,1603500.000,658.558,60.205
602650.000,1603500.000,657.557,116.139
602700.000,1603500.000,657.995,131.638
602750.000,1603500.000,659.841,177.325
602800.000,1603500.000,663.056,219.153
602850.000,1603500.000,667.480,262.454
602900.000,1603500.000,672.904,280.082
602950.000,1603500.000,679.089,321.945
603000.000,1603500.000,685.747,324.011
603050.000,1603500.000,692.584,298.881
603100.000,1603500.000,699.294,281.957
603150.000,1603500.000,705.590,260.646
603200.000,1603500.000,711.203,228.943
603250.000,1603500.000,715.878,209.782
603300.000,1603500.000,719.393,165.288
603350.000,1603500.000,721.585,121.317
603400.000,1603500.000,722.332,104.730
603450.000,1603500.000,721.554,63.667
603500.000,1603500.000,719.241,42.144
603550.000,1603500.000,715.414,26.123
603600.000,1603500.000,710.168,2.366
603650.000,1603500.000,703.648,-8.387
603700.000,1603500.000,696.044,-28.745
603750.000,1603500.000,687.565,-47.855
603800.000,1603500.000,678.475,-46.746
603850.000,1603500.000,669.026,-56.821
603900.000,1603500.000,659.507,-65.310
603950.000,1603500.000,650.178,-64.536
604000.000,1603500.000,641.273,-76.335
604050.000,1603500.000,633.008,-75.136
604100.000,1603500.000,625.546,-75.161
604150.000,1603500.000,619.000,-84.048
604200.000,1603500.000,613.459,-73.272
604250.000,1603500.000,608.982,-82.840
604300.000,1603500.000,605.561,-67.339
604350.000,1603500.000,603.183,-78.636
604400.000,1603500.000,601.825,-74.745
604450.000,1603500.000,601.440,-69.014
604500.000,1603500.000,601.980,-72.355
604550.000,1603500.000,603.396,-64.787
604600.000,1603500.000,605.632,-55.012
604650.000,1603500.000,608.643,-64.898
604700.000,1603500.000,612.359,-59.915
604750.000,1603500.000,616.701,-58.955
604800.000,1603500.000,621.569,-55.427
604850.000,1603500.000,626.867,-44.224
604900.000,1603500.000,632.483,-55.676
604950.000,1603500.000,638.272,-50.288
605000.000,1603500.000,644.102,-54.838
600000.000,1603550.000,658.276,-11.388
600050.000,1603550.000,659.403,-11.080
600100.000,1603550.000,660.386,-14.978
600150.000,1603550.000,661.282,-21.203
600200.000,1603550.000,662.156,-15.690
600250.000,1603550.000,663.041,-14.553
600300.000,1603550.000,664.001,-14.935
600350.000,1603550.000,665.073,-13.176
600400.000,1603550.000,666.287,-23.796
600450.000,1603550.000,667.671,-12.537
600500.000,1603550.000,669.236,-16.167
600550.000,1603550.000,670.983,-8.233
600600.000,1603550.000,672.912,-19.528
600650.000,1603550.000,674.975,-22.460
600700.000,1603550.000,677.121,-10.515
600750.000,1603550.000,679.286,-18.077
600800.000,1603550.000,681.390,-8.868
600850.000,1603550.000,683.329,-11.023
600900.000,1603550.000,685.017,-8.544
600950.000,1603550.000,686.365,-15.219
601000.000,1603550.000,687.310,-20.514
601050.000,1603550.000,687.795,-2.300
601100.000,1603550.000,687.831,3.643
601150.000,1603550.000,687.445,-4.380
601200.000,1603550.000,686.718,-5.234
601250.000,1603550.000,685.769,-5.430
601300.000,1603550.000,684.742,-4.755
601350.000,1603550.000,683.812,-14.348
601400.000,1603550.000,683.136,-8.842
601450.000,1603550.000,682.885,-22.835
601500.000,1603550.000,683.169,-13.653
601550.000,1603550.000,684.082,-17.855
601600.000,1603550.000,685.633,-17.689
601650.000,1603550.000,687.767,-23.582
601700.000,1603550.000,690.363,-23.397
601750.000,1603550.000,693.257,-25.793
601800.000,1603550.000,696.193,-35.138
601850.000,1603550.000,698.926,-29.823
601900.000,1603550.000,701.180,-41.176
601950.000,1603550.000,702.723,-38.088
602000.000,1603550.000,703.313,-52.431
602050.000,1603550.000,702.802,-39.304
602100.000,1603550.000,701.140,-38.405
602150.000,1603550.000,698.330,-34.801
602200.000,1603550.000,694.460,-39.465
602250.000,1603550.000,689.723,-22.184
602300.000,1603550.000,684.374,-21.603
602350.000,1603550.000,678.693,-15.756
602400.000,1603550.000,673.035,-7.214
602450.000,1603550.000,667.733,12.873
602500.000,1603550.000,663.103,40.445
602550.000,1603550.000,659.422,51.721
602600.000,1603550.000,656.907,101.342
602650.000,1603550.000,655.714,123.443
602700.000,1603550.000,655.917,165.585
602750.000,1603550.000,657.483,194.705
602800.000,1603550.000,660.369,240.748
602850.000,1603550.000,664.421,265.888
602900.000,1603550.000,669.437,281.903
602950.000,1603550.000,675.191,328.193
603000.000,1603550.000,681.409,321.767
603050.000,1603550.000,687.816,324.988
603100.000,1603550.000,694.125,327.656
603150.000,1603550.000,700.066,303.374
603200.000,1603550.000,705.385,287.066
603250.000,1603550.000,709.845,258.573
603300.000,1603550.000,713.229,224.467
603350.000,1603550.000,715.380,187.037
603400.000,1603550.000,716.176,165.410
603450.000,1603550.000,715.530,134.169
603500.000,1603550.000,713.421,87.639
603550.000,1603550.000,709.855,75.072
603600.000,1603550.000,704.910,53.608
603650.000,1603550.000,698.713,39.466
603700.000,1603550.000,691.434,23.575
603750.000,1603550.000,683.266,3.569
603800.000,1603550.000,674.458,2.457
603850.000,1603550.000,665.252,-18.015
603900.000,1603550.000,655.931,-22.955
603950.000,1603550.000,646.755,-34.228
604000.000,1603550.000,637.963,-24.557
604050.000,1603550.000,629.779,-34.059
604100.000,1603550.000,622.382,-53.362
604150.000,1603550.000,615.896,-52.160
604200.000,1603550.000,610.431,-62.205
604250.000,1603550.000,606.057,-54.816
604300.000,1603550.000,602.782,-54.158
604350.000,1603550.000,600.604,-60.768
604400.000,1603550.000,599.506,-63.711
604450.000,1603550.000,599.444,-50.816
604500.000,1603550.000,600.366,-66.166
604550.000,1603550.000,602.218,-46.938
604600.000,1603550.000,604.933,-59.073
604650.000,1603550.000,608.453,-59.198
604700.000,1603550.000,612.697,-61.874
604750.000,1603550.000,617.570,-51.491
604800.000,1603550.000,622.963,-51.687
604850.000,1603550.000,628.769,-52.392
604900.000,1603550.000,634.869,-46.560
604950.000,1603550.000,641.115,-40.214
605000.000,1603550.000,647.372,-48.051
600000.000,1603600.000,660.468,-22.959
600050.000,1603600.000,661.464,-18.983
600100.000,1603600.000,662.349,-15.031
600150.000,1603600.000,663.191,-10.725
600200.000,1603600.000,664.062,-14.975
600250.000,1603600.000,665.001,-4.613
600300.000,1603600.000,666.074,-12.818
600350.000,1603600.000,667.319,-22.843
600400.000,1603600.000,668.762,-10.060
600450.000,1603600.000,670.426,-13.898
600500.000,1603600.000,672.314,-13.640
600550.000,1603600.000,674.415,-11.990
600600.000,1603600.000,676.717,-7.577
600650.000,1603600.000,679.163,-21.790
600700.000,1603600.000,681.686,-13.851
600750.000,1603600.000,684.208,-16.995
600800.000,1603600.000,686.643,-10.733
600850.000,1603600.000,688.871,-4.448
600900.000,1603600.000,690.799,-18.904
600950.000,1603600.000,692.329,-2.661
601000.000,1603600.000,693.396,-6.159
601050.000,1603600.000,693.939,-8.462
601100.000,1603600.000,693.968,-8.576
601150.000,1603600.000,693.514,-7.868
601200.000,1603600.000,692.661,-15.627
601250.000,1603600.000,691.534,-2.690
601300.000,1603600.000,690.281,-7.865
601350.000,1603600.000,689.087,-3.736
601400.000,1603600.000,688.115,-13.268
601450.000,1603600.000,687.542,-14.242
601500.000,1603600.000,687.484,-11.244
601550.000,1603600.000,688.040,-12.715
601600.000,1603600.000,689.223,-19.816
601650.000,1603600.000,690.978,-25.594
601700.000,1603600.000,693.190,-20.460
601750.000,1603600.000,695.695,-19.642
601800.000,1603600.000,698.237,-21.101
601850.000,1603600.000,700.578,-27.699
601900.000,1603600.000,702.443,-32.740
601950.000,1603600.000,703.604,-25.871
602000.000,1603600.000,703.824,-34.913
602050.000,1603600.000,702.961,-21.912
602100.000,1603600.000,700.969,-26.714
602150.000,1603600.000,697.856,-21.974
602200.000,1603600.000,693.714,-12.672
602250.000,1603600.000,688.736,-11.929
602300.000,1603600.000,683.176,-5.392
602350.000,1603600.000,677.311,17.616
602400.000,1603600.000,671.489,22.636
602450.000,1603600.000,666.033,36.141
602500.000,1603600.000,661.249,53.240
602550.000,1603600.000,657.404,90.967
602600.000,1603600.000,654.701,123.703
602650.000,1603600.000,653.287,148.478
602700.000,1603600.000,653.230,162.278
602750.000,1603600.000,654.491,213.586
602800.000,1603600.000,657.025,262.791
602850.000,1603600.000,660.686,285.797
602900.000,1603600.000,665.281,291.740
602950.000,1603600.000,670.595,324.048
603000.000,1603600.000,676.371,350.497
603050.000,1603600.000,682.355,341.667
603100.000,1603600.000,688.277,347.362
603150.000,1603600.000,693.888,335.037
603200.000,1603600.000,698.952,301.171
603250.000,1603600.000,703.244,284.452
603300.000,1603600.000,706.558,254.292
603350.000,1603600.000,708.742,227.289
603400.000,1603600.000,709.671,197.155
603450.000,1603600.000,709.250,179.507
603500.000,1603600.000,707.450,140.747
603550.000,1603600.000,704.258,129.353
603600.000,1603600.000,699.733,91.887
603650.000,1603600.000,693.982,77.255
603700.000,1603600.000,687.154,66.555
603750.000,1603600.000,679.423,58.722
603800.000,1603600.000,671.022,33.936
603850.000,1603600.000,662.179,18.925
603900.000,1603600.000,653.171,11.653
603950.000,1603600.000,644.253,11.452
604000.000,1603600.000,635.670,-6.251
604050.000,1603600.000,627.652,-20.781
604100.000,1603600.000,620.391,-21.149
604150.000,1603600.000,614.024,-30.195
604200.000,1603600.000,608.680,-34.900
604250.000,1603600.000,604.442,-48.841
604300.000,1603600.000,601.334,-40.258
604350.000,1603600.000,599.365,-34.068
604400.000,1603600.000,598.524,-46.923
604450.000,1603600.000,598.771,-51.912
604500.000,1603600.000,600.052,-50.981
604550.000,1603600.000,602.308,-42.260
604600.000,1603600.000,605.458,-50.251
604650.000,1603600.000,609.437,-41.535
604700.000,1603600.000,614.148,-60.850
604750.000,1603600.000,619.483,-58.290
604800.000,1603600.000,625.321,-48.517
604850.000,1603600.000,631.547,-46.336
604900.000,1603600.000,638.033,-39.008
604950.000,1603600.000,644.629,-42.524
605000.000,1603600.000,651.196,-36.511
600000.000,1603650.000,663.950,-11.076
600050.000,1603650.000,664.862,-19.034
600100.000,1603650.000,665.691,-20.689
600150.000,1603650.000,666.514,-11.268
600200.000,1603650.000,667.412,-8.865
600250.000,1603650.000,668.428,-19.163
600300.000,1603650.000,669.629,-4.785
600350.000,1603650.000,671.054,-15.977
600400.000,1603650.000,672.724,-16.258
600450.000,1603650.000,674.655,-9.795
600500.000,1603650.000,676.841,-10.926
600550.000,1603650.000,679.262,-13.644
600600.000,1603650.000,681.894,-11.453
600650.000,1603650.000,684.668,-11.017
600700.000,1603650.000,687.506,-6.226
600750.000,1603650.000,690.319,-10.131
600800.000,1603650.000,693.010,-0.482
600850.000,1603650.000,695.453,-7.049
600900.000,1603650.000,697.549,-8.589
600950.000,1603650.000,699.193,-2.989
601000.000,1603650.000,700.318,-16.747
601050.000,1603650.000,700.864,-7.935
601100.000,1603650.000,700.841,-3.543
601150.000,1603650.000,700.283,-5.306
601200.000,1603650.000,699.276,-10.118
601250.000,1603650.000,697.951,0.671
601300.000,1603650.000,696.461,-6.888
601350.000,1603650.000,694.994,-19.974
601400.000,1603650.000,693.720,-3.469
601450.000,1603650.000,692.817,-10.919
601500.000,1603650.000,692.406,-8.048
601550.000,1603650.000,692.587,-16.168
601600.000,1603650.000,693.376,-0.521
601650.000,1603650.000,694.719,-14.025
601700.000,1603650.000,696.502,-19.051
601750.000,1603650.000,698.563,-17.394
601800.000,1603650.000,700.651,-19.210
601850.000,1603650.000,702.529,-20.354
601900.000,1603650.000,703.931,-20.321
601950.000,1603650.000,704.632,-18.808
602000.000,1603650.000,704.404,-11.571
602050.000,1603650.000,703.111,-18.254
602100.000,1603650.000,700.715,-19.835
602150.000,1603650.000,697.231,-10.773
602200.000,1603650.000,692.755,-2.744
602250.000,1603650.000,687.480,-1.857
602300.000,1603650.000,681.660,7.487
602350.000,1603650.000,675.566,18.722
602400.000,1603650.000,669.541,33.831
602450.000,1603650.000,663.899,57.836
602500.000,1603650.000,658.932,78.279
602550.000,1603650.000,654.896,99.633
602600.000,1603650.000,651.982,142.386
602650.000,1603650.000,650.325,160.883
602700.000,1603650.000,649.988,178.229
602750.000,1603650.000,650.926,220.081
602800.000,1603650.000,653.094,253.732
602850.000,1603650.000,656.352,281.054
602900.000,1603650.000,660.517,307.773
602950.000,1603650.000,665.389,327.223
603000.000,1603650.000,670.729,337.527
603050.000,1603650.000,676.301,362.637
603100.000,1603650.000,681.857,362.447
603150.000,1603650.000,687.170,350.635
603200.000,1603650.000,692.019,302.651
603250.000,1603650.000,696.193,306.607
603300.000,1603650.000,699.500,275.891
603350.000,1603650.000,701.787,247.102
603400.000,1603650.000,702.932,213.410
603450.000,1603650.000,702.830,214.155
603500.000,1603650.000,701.439,195.009
603550.000,1603650.000,698.730,163.854
603600.000,1603650.000,694.742,130.816
603650.000,1603650.000,689.557,111.468
603700.000,1603650.000,683.303,110.868
603750.000,1603650.000,676.133,73.719
603800.000,1603650.000,668.260,63.631
603850.000,1603650.000,659.897,60.525
603900.000,1603650.000,651.312,40.289
603950.000,1603650.000,642.755,27.522
604000.000,1603650.000,634.470,8.611
604050.000,1603650.000,626.696,5.808
604100.000,1603650.000,619.635,-3.306
604150.000,1603650.000,613.437,-18.211
604200.000,1603650.000,608.248,-11.478
604250.000,1603650.000,604.166,-8.826
604300.000,1603650.000,601.230,-23.602
604350.000,1603650.000,599.460,-34.510
604400.000,1603650.000,598.856,-31.298
604450.000,1603650.000,599.379,-37.369
604500.000,1603650.000,600.977,-37.341
604550.000,1603650.000,603.583,-40.197
604600.000,1603650.000,607.110,-36.706
604650.000,1603650.000,611.480,-48.382
604700.000,1603650.000,616.584,-42.883
604750.000,1603650.000,622.299,-43.792
604800.000,1603650.000,628.496,-51.553
604850.000,1603650.000,635.047,-41.316
604900.000,1603650.000,641.820,-46.093
604950.000,1603650.000,648.660,-30.654
605000.000,1603650.000,655.426,-54.939
600000.000,1603700.000,668.712,-10.138
600050.000,1603700.000,669.605,-13.170
600100.000,1603700.000,670.436,-12.479
600150.000,1603700.000,671.292,-6.691
600200.000,1603700.000,672.259,-5.067
600250.000,1603700.000,673.384,-10.513
600300.000,1603700.000,674.738,-8.871
600350.000,1603700.000,676.354,-6.230
600400.000,1603700.000,678.251,-20.549
600450.000,1603700.000,680.437,-14.049
600500.000,1603700.000,682.897,-5.486
600550.000,1603700.000,685.601,-11.596
600600.000,1603700.000,688.513,-6.462
600650.000,1603700.000,691.556,3.968
600700.000,1603700.000,694.639,-7.775
600750.000,1603700.000,697.667,-10.551
600800.000,1603700.000,700.534,-6.371
600850.000,1603700.000,703.110,-12.498
600900.000,1603700.000,705.293,-7.158
600950.000,1603700.000,706.975,-12.122
601000.000,1603700.000,708.089,-13.279
601050.000,1603700.000,708.576,-2.925
601100.000,1603700.000,708.450,-9.423
601150.000,1603700.000,707.744,-2.831
601200.000,1603700.000,706.551,6.048
601250.000,1603700.000,705.005,2.403
601300.000,1603700.000,703.260,-13.971
601350.000,1603700.000,701.509,-12.472
601400.000,1603700.000,699.921,-6.939
601450.000,1603700.000,698.676,-7.385
601500.000,1603700.000,697.898,0.938
601550.000,1603700.000,697.683,-15.254
601600.000,1603700.000,698.050,-16.059
601650.000,1603700.000,698.944,-20.429
601700.000,1603700.000,700.252,-10.354
601750.000,1603700.000,701.814,-19.436
601800.000,1603700.000,703.385,-4.206
601850.000,1603700.000,704.733,-17.584
601900.000,1603700.000,705.598,-12.153
601950.000,1603700.000,705.764,-3.018
602000.000,1603700.000,705.013,-4.318
602050.000,1603700.000,703.218,0.408
602100.000,1603700.000,700.350,-1.727
602150.000,1603700.000,696.431,-1.942
602200.000,1603700.000,691.563,8.706
602250.000,1603700.000,685.941,10.729
602300.000,1603700.000,679.817,26.135
602350.000,1603700.000,673.457,42.571
602400.000,1603700.000,667.199,48.001
602450.000,1603700.000,661.343,74.207
602500.000,1603700.000,656.171,97.949
602550.000,1603700.000,651.925,110.790
602600.000,1603700.000,648.783,149.343
602650.000,1603700.000,646.871,177.539
602700.000,1603700.000,646.242,205.724
602750.000,1603700.000,646.848,227.829
602800.000,1603700.000,648.645,241.710
602850.000,1603700.000,651.498,296.926
602900.000,1603700.000,655.235,317.754
602950.000,1603700.000,659.673,326.046
603000.000,1603700.000,664.588,353.209
603050.000,1603700.000,669.768,353.801
603100.000,1603700.000,674.985,330.037
603150.000,1603700.000,680.032,341.235
603200.000,1603700.000,684.709,308.998
603250.000,1603700.000,688.818,305.232
603300.000,1603700.000,692.176,283.055
603350.000,1603700.000,694.637,265.913
603400.000,1603700.000,696.074,235.769
603450.000,1603700.000,696.378,237.427
603500.000,1603700.000,695.492,201.552
603550.000,1603700.000,693.368,182.613
603600.000,1603700.000,690.024,158.516
603650.000,1603700.000,685.518,138.769
603700.000,1603700.000,679.954,108.839
603750.000,1603700.000,673.461,110.939
603800.000,1603700.000,666.230,89.571
603850.000,1603700.000,658.459,69.460
603900.000,1603700.000,650.400,49.998
603950.000,1603700.000,642.299,44.984
604000.000,1603700.000,634.397,22.909
604050.000,1603700.000,626.938,18.346
604100.000,1603700.000,620.132,9.515
604150.000,1603700.000,614.142,5.927
604200.000,1603700.000,609.132,4.922
604250.000,1603700.000,605.211,-8.748
604300.000,1603700.000,602.436,-17.901
604350.000,1603700.000,600.841,-17.003
604400.000,1603700.000,600.434,-24.026
604450.000,1603700.000,601.183,-24.589
604500.000,1603700.000,603.034,-33.894
604550.000,1603700.000,605.920,-26.295
604600.000,1603700.000,609.744,-37.463
604650.000,1603700.000,614.421,-35.990
604700.000,1603700.000,619.829,-43.329
604750.000,1603700.000,625.832,-27.181
604800.000,1603700.000,632.292,-46.267
604850.000,1603700.000,639.070,-46.925
604900.000,1603700.000,646.030,-42.879
604950.000,1603700.000,653.010,-28.184
605000.000,1603700.000,659.867,-35.123
600000.000,1603750.000,674.659,-12.221
600050.000,1603750.000,675.609,-2.660
600100.000,1603750.000,676.510,-15.242
600150.000,1603750.000,677.459,-14.810
600200.000,1603750.000,678.547,-18.850
600250.000,1603750.000,679.824,-10.048
600300.000,1603750.000,681.361,-6.632
600350.000,1603750.000,683.186,-15.288
600400.000,1603750.000,685.315,-16.352
600450.000,1603750.000,687.747,-5.328
600500.000,1603750.000,690.459,-8.821
600550.000,1603750.000,693.411,-11.515
600600.000,1603750.000,696.555,-12.320
600650.000,1603750.000,699.807,-6.897
600700.000,1603750.000,703.069,-10.970
600750.000,1603750.000,706.235,-7.802
600800.000,1603750.000,709.200,-10.408
600850.000,1603750.000,711.828,-7.610
600900.000,1603750.000,714.018,-7.328
600950.000,1603750.000,715.660,-2.876
601000.000,1603750.000,716.693,0.157
601050.000,1603750.000,717.059,-9.592
601100.000,1603750.000,716.775,-8.834
601150.000,1603750.000,715.878,-1.449
601200.000,1603750.000,714.465,-8.225
601250.000,1603750.000,712.671,-13.670
601300.000,1603750.000,710.650,0.468
601350.000,1603750.000,708.598,-5.433
601400.000,1603750.000,706.681,-0.824
601450.000,1603750.000,705.079,-4.097
601500.000,1603750.000,703.913,-4.293
601550.000,1603750.000,703.277,-15.286
601600.000,1603750.000,703.190,-10.114
601650.000,1603750.000,703.594,-5.870
601700.000,1603750.000,704.379,-2.054
601750.000,1603750.000,705.387,-6.124
601800.000,1603750.000,706.378,-11.833
601850.000,1603750.000,707.129,-9.771
601900.000,1603750.000,707.388,-11.764
601950.000,1603750.000,706.949,-0.012
602000.000,1603750.000,705.606,-5.666
602050.000,1603750.000,703.244,6.555
602100.000,1603750.000,699.843,8.637
602150.000,1603750.000,695.434,14.263
602200.000,1603750.000,690.128,25.316
602250.000,1603750.000,684.117,26.759
602300.000,1603750.000,677.657,38.682
602350.000,1603750.000,671.005,59.062
602400.000,1603750.000,664.492,71.434
602450.000,1603750.000,658.409,82.437
602500.000,1603750.000,653.020,105.598
602550.000,1603750.000,648.556,125.040
602600.000,1603750.000,645.183,152.992
602650.000,1603750.000,643.012,164.512
602700.000,1603750.000,642.092,209.083
602750.000,1603750.000,642.371,223.570
602800.000,1603750.000,643.802,242.414
602850.000,1603750.000,646.259,275.398
602900.000,1603750.000,649.581,290.929
602950.000,1603750.000,653.601,305.782
603000.000,1603750.000,658.114,317.642
603050.000,1603750.000,662.927,338.381
603100.000,1603750.000,667.836,311.295
603150.000,1603750.000,672.656,317.773
603200.000,1603750.000,677.203,345.633
603250.000,1603750.000,681.295,299.492
603300.000,1603750.000,684.761,284.622
603350.000,1603750.000,687.457,275.482
603400.000,1603750.000,689.257,259.322
603450.000,1603750.000,690.042,241.319
603500.000,1603750.000,689.741,221.469
603550.000,1603750.000,688.290,192.879
603600.000,1603750.000,685.684,160.418
603650.000,1603750.000,681.954,147.837
603700.000,1603750.000,677.181,129.858
603750.000,1603750.000,671.466,117.341
603800.000,1603750.000,664.979,98.449
603850.000,1603750.000,657.896,91.096
603900.000,1603750.000,650.455,74.760
603950.000,1603750.000,642.891,53.587
604000.000,1603750.000,635.444,50.345
604050.000,1603750.000,628.358,31.666
604100.000,1603750.000,621.850,21.769
604150.000,1603750.000,616.095,23.540
604200.000,1603750.000,611.272,12.516
604250.000,1603750.000,607.504,-0.047
604300.000,1603750.000,604.866,-10.544
604350.000,1603750.000,603.404,-4.652
604400.000,1603750.000,603.138,-6.625
604450.000,1603750.000,604.043,-13.554
604500.000,1603750.000,606.069,-20.852
604550.000,1603750.000,609.148,-23.996
604600.000,1603750.000,613.177,-21.382
604650.000,1603750.000,618.063,-24.852
604700.000,1603750.000,623.676,-38.179
604750.000,1603750.000,629.868,-25.029
604800.000,1603750.000,636.491,-31.150
604850.000,1603750.000,643.399,-32.411
604900.000,1603750.000,650.447,-27.805
604950.000,1603750.000,657.471,-36.606
605000.000,1603750.000,664.324,-30.851
600000.000,1603800.000,681.596,-11.421
600050.000,1603800.000,682.685,-8.786
600100.000,1603800.000,683.733,-11.999
600150.000,1603800.000,684.843,-11.370
600200.000,1603800.000,686.110,-14.687
600250.000,1603800.000,687.586,-3.685
600300.000,1603800.000,689.340,-12.602
600350.000,1603800.000,691.397,-9.850
600400.000,1603800.000,693.767,-16.383
600450.000,1603800.000,696.441,-3.412
600500.000,1603800.000,699.388,-14.059
600550.000,1603800.000,702.556,-0.976
600600.000,1603800.000,705.891,-7.419
600650.000,1603800.000,709.300,-5.799
600700.000,1603800.000,712.678,-4.567
600750.000,1603800.000,715.915,-3.264
600800.000,1603800.000,718.904,-6.202
600850.000,1603800.000,721.510,-9.808
600900.000,1603800.000,723.634,-8.799
600950.000,1603800.000,725.168,0.309
601000.000,1603800.000,726.057,-8.811
601050.000,1603800.000,726.245,-10.204
601100.000,1603800.000,725.756,-1.822
601150.000,1603800.000,724.629,5.683
601200.000,1603800.000,722.963,1.092
601250.000,1603800.000,720.896,-4.555
601300.000,1603800.000,718.580,-9.624
601350.000,1603800.000,716.209,-12.569
601400.000,1603800.000,713.947,-4.933
601450.000,1603800.000,711.969,4.141
601500.000,1603800.000,710.393,-8.070
601550.000,1603800.000,709.308,-4.010
601600.000,1603800.000,708.732,4.513
601650.000,1603800.000,708.604,-1.017
601700.000,1603800.000,708.818,-4.294
601750.000,1603800.000,709.216,-3.561
601800.000,1603800.000,709.569,-10.484
601850.000,1603800.000,709.659,-2.444
601900.000,1603800.000,709.247,3.828
601950.000,1603800.000,708.139,4.258
602000.000,1603800.000,706.144,-2.083
602050.000,1603800.000,703.159,12.965
602100.000,1603800.000,699.175,8.814
602150.000,1603800.000,694.235,22.581
602200.000,1603800.000,688.453,38.886
602250.000,1603800.000,682.027,40.997
602300.000,1603800.000,675.209,53.240
602350.000,1603800.000,668.250,55.618
602400.000,1603800.000,661.476,59.283
602450.000,1603800.000,655.161,86.124
602500.000,1603800.000,649.557,114.443
602550.000,1603800.000,644.881,132.389
602600.000,1603800.000,641.283,155.383
602650.000,1603800.000,638.866,171.583
602700.000,1603800.000,637.668,195.376
602750.000,1603800.000,637.635,226.403
602800.000,1603800.000,638.718,236.751
602850.000,1603800.000,640.800,274.396
602900.000,1603800.000,643.731,281.879
602950.000,1603800.000,647.359,279.646
603000.000,1603800.000,651.497,305.568
603050.000,1603800.000,655.975,308.868
603100.000,1603800.000,660.610,331.551
603150.000,1603800.000,665.239,337.363
603200.000,1603800.000,669.696,304.379
603250.000,1603800.000,673.813,301.863
603300.000,1603800.000,677.433,292.887
603350.000,1603800.000,680.414,282.275
603400.000,1603800.000,682.630,254.839
603450.000,1603800.000,683.954,253.989
603500.000,1603800.000,684.303,215.584
603550.000,1603800.000,683.593,204.829
603600.000,1603800.000,681.798,183.298
603650.000,1603800.000,678.921,144.998
603700.000,1603800.000,675.018,142.868
603750.000,1603800.000,670.164,124.446
603800.000,1603800.000,664.503,100.517
603850.000,1603800.000,658.189,87.435
603900.000,1603800.000,651.441,85.329
603950.000,1603800.000,644.484,66.480
604000.000,1603800.000,637.550,50.615
604050.000,1603800.000,630.882,33.770
604100.000,1603800.000,624.704,26.600
604150.000,1603800.000,619.199,27.421
604200.000,1603800.000,614.562,26.819
604250.000,1603800.000,610.927,16.825
604300.000,1603800.000,608.388,3.454
604350.000,1603800.000,607.005,-1.617
604400.000,1603800.000,606.811,-3.272
604450.000,1603800.000,607.791,-6.477
604500.000,1603800.000,609.900,-13.671
604550.000,1603800.000,613.071,-21.967
604600.000,1603800.000,617.200,-14.015
604650.000,1603800.000,622.188,-20.418
604700.000,1603800.000,627.899,-20.482
604750.000,1603800.000,634.174,-33.546
604800.000,1603800.000,640.859,-22.139
604850.000,1603800.000,647.800,-32.956
604900.000,1603800.000,654.845,-35.353
604950.000,1603800.000,661.826,-31.823
605000.000,1603800.000,668.592,-27.573
600000.000,1603850.000,689.272,-6.155
600050.000,1603850.000,690.582,-8.388
600100.000,1603850.000,691.851,-6.501
600150.000,1603850.000,693.189,-9.869
600200.000,1603850.000,694.694,-4.956
600250.000,1603850.000,696.417,-9.052
600300.000,1603850.000,698.426,-3.578
600350.000,1603850.000,700.739,-13.559
600400.000,1603850.000,703.361,-2.372
600450.000,1603850.000,706.277,-9.607
600500.000,1603850.000,709.444,-9.549
600550.000,1603850.000,712.805,5.967
600600.000,1603850.000,716.293,-10.037
600650.000,1603850.000,719.814,-10.863
600700.000,1603850.000,723.254,-9.950
600750.000,1603850.000,726.503,-8.911
600800.000,1603850.000,729.453,-7.795
600850.000,1603850.000,731.972,1.088
600900.000,1603850.000,733.968,-4.101
600950.000,1603850.000,735.333,-9.150
601000.000,1603850.000,736.023,-7.165
601050.000,1603850.000,735.984,-2.033
601100.000,1603850.000,735.247,-10.657
601150.000,1603850.000,733.856,-5.380
601200.000,1603850.000,731.910,0.954
601250.000,1603850.000,729.548,-1.338
601300.000,1603850.000,726.918,-11.139
601350.000,1603850.000,724.213,2.966
601400.000,1603850.000,721.590,2.128
601450.000,1603850.000,719.218,-2.047
601500.000,1603850.000,717.211,-5.073
601550.000,1603850.000,715.651,10.563
601600.000,1603850.000,714.553,-3.418
601650.000,1603850.000,713.854,-8.512
601700.000,1603850.000,713.451,-1.816
601750.000,1603850.000,713.191,1.635
601800.000,1603850.000,712.851,-2.529
601850.000,1603850.000,712.226,-2.819
601900.000,1603850.000,711.090,3.494
601950.000,1603850.000,709.261,9.382
602000.000,1603850.000,706.564,15.586
602050.000,1603850.000,702.913,21.550
602100.000,1603850.000,698.311,9.288
602150.000,1603850.000,692.808,30.285
602200.000,1603850.000,686.529,41.200
602250.000,1603850.000,679.672,44.014
602300.000,1603850.000,672.488,53.075
602350.000,1603850.000,665.221,62.794
602400.000,1603850.000,658.189,90.522
602450.000,1603850.000,651.651,99.351
602500.000,1603850.000,645.847,99.555
602550.000,1603850.000,640.974,125.704
602600.000,1603850.000,637.174,154.123
602650.000,1603850.000,634.534,170.708
602700.000,1603850.000,633.085,196.643
602750.000,1603850.000,632.768,224.453
602800.000,1603850.000,633.535,234.252
602850.000,1603850.000,635.275,240.515
602900.000,1603850.000,637.849,283.329
602950.000,1603850.000,641.121,287.970
603000.000,1603850.000,644.921,306.034
603050.000,1603850.000,649.101,315.699
603100.000,1603850.000,653.498,298.154
603150.000,1603850.000,657.973,309.452
603200.000,1603850.000,662.375,304.837
603250.000,1603850.000,666.553,278.067
603300.000,1603850.000,670.361,290.015
603350.000,1603850.000,673.663,265.646
603400.000,1603850.000,676.330,238.665
603450.000,1603850.000,678.232,221.615
603500.000,1603850.000,679.272,209.984
603550.000,1603850.000,679.347,190.611
603600.000,1603850.000,678.411,176.502
603650.000,1603850.000,676.441,157.795
603700.000,1603850.000,673.464,130.729
603750.000,1603850.000,669.530,132.227
603800.000,1603850.000,664.756,115.674
603850.000,1603850.000,659.272,89.411
603900.000,1603850.000,653.276,76.728
603950.000,1603850.000,646.979,78.592
604000.000,1603850.000,640.605,56.485
604050.000,1603850.000,634.392,54.100
604100.000,1603850.000,628.566,39.549
604150.000,1603850.000,623.319,23.410
604200.000,1603850.000,618.858,27.943
604250.000,1603850.000,615.330,17.282
604300.000,1603850.000,612.847,10.503
604350.000,1603850.000,611.483,6.525
604400.000,1603850.000,611.285,-3.688
604450.000,1603850.000,612.251,2.198
604500.000,1603850.000,614.343,-16.702
604550.000,1603850.000,617.499,-14.572
604600.000,1603850.000,621.615,-17.393
604650.000,1603850.000,626.593,-21.957
604700.000,1603850.000,632.289,-23.864
604750.000,1603850.000,638.540,-16.738
604800.000,1603850.000,645.185,-10.492
604850.000,1603850.000,652.064,-23.297
604900.000,1603850.000,659.020,-30.049
604950.000,1603850.000,665.880,-29.143
605000.000,1603850.000,672.488,-19.024
600000.000,1603900.000,697.321,-7.909
600050.000,1603900.000,698.926,-10.279
600100.000,1603900.000,700.487,-8.413
600150.000,1603900.000,702.119,-23.126
600200.000,1603900.000,703.918,-6.098
600250.000,1603900.000,705.936,-9.430
600300.000,1603900.000,708.238,-4.787
600350.000,1603900.000,710.835,-3.105
600400.000,1603900.000,713.727,-15.288
600450.000,1603900.000,716.891,3.165
600500.000,1603900.000,720.275,-6.284
600550.000,1603900.000,723.813,-4.612
600600.000,1603900.000,727.432,-0.306
600650.000,1603900.000,731.032,-6.994
600700.000,1603900.000,734.497,6.347
600750.000,1603900.000,737.715,-1.396
600800.000,1603900.000,740.580,-6.004
600850.000,1603900.000,742.966,-6.167
600900.000,1603900.000,744.786,-0.861
600950.000,1603900.000,745.939,-3.404
601000.000,1603900.000,746.388,-3.596
601050.000,1603900.000,746.088,-4.728
601100.000,1603900.000,745.074,0.464
601150.000,1603900.000,743.393,-2.272
601200.000,1603900.000,741.146,-1.429
601250.000,1603900.000,738.472,-0.658
601300.000,1603900.000,735.514,-4.973
601350.000,1603900.000,732.461,-7.394
601400.000,1603900.000,729.462,-9.160
601450.000,1603900.000,726.679,-1.384
601500.000,1603900.000,724.219,-2.980
601550.000,1603900.000,722.157,0.381
601600.000,1603900.000,720.507,-3.480
601650.000,1603900.000,719.202,-0.162
601700.000,1603900.000,718.143,0.160
601750.000,1603900.000,717.182,-1.325
601800.000,1603900.000,716.106,18.352
601850.000,1603900.000,714.723,12.118
601900.000,1603900.000,712.821,9.213
601950.000,1603900.000,710.234,15.159
602000.000,1603900.000,706.804,18.412
602050.000,1603900.000,702.461,25.715
602100.000,1603900.000,697.220,21.694
602150.000,1603900.000,691.144,24.586
602200.000,1603900.000,684.364,45.324
602250.000,1603900.000,677.078,53.752
602300.000,1603900.000,669.537,55.513
602350.000,1603900.000,661.977,63.116
602400.000,1603900.000,654.705,73.914
602450.000,1603900.000,647.970,89.514
602500.000,1603900.000,641.991,125.777
602550.000,1603900.000,636.954,141.490
602600.000,1603900.000,632.984,146.601
602650.000,1603900.000,630.157,179.046
602700.000,1603900.000,628.495,178.384
602750.000,1603900.000,627.936,204.757
602800.000,1603900.000,628.429,235.667
602850.000,1603900.000,629.869,247.785
602900.000,1603900.000,632.130,263.993
602950.000,1603900.000,635.088,283.593
603000.000,1603900.000,638.593,279.564
603050.000,1603900.000,642.514,290.659
603100.000,1603900.000,646.711,283.976
603150.000,1603900.000,651.065,297.987
603200.000,1603900.000,655.443,288.685
603250.000,1603900.000,659.708,267.941
603300.000,1603900.000,663.727,263.097
603350.000,1603900.000,667.370,266.301
603400.000,1603900.000,670.508,253.253
603450.000,1603900.000,673.004,219.547
603500.000,1603900.000,674.752,195.668
603550.000,1603900.000,675.633,188.869
603600.000,1603900.000,675.579,178.637
603650.000,1603900.000,674.542,164.425
603700.000,1603900.000,672.523,145.120
603750.000,1603900.000,669.544,132.476
603800.000,1603900.000,665.695,114.810
603850.000,1603900.000,661.082,95.154
603900.000,1603900.000,655.878,84.332
603950.000,1603900.000,650.280,79.174
604000.000,1603900.000,644.499,77.463
604050.000,1603900.000,638.765,65.163
604100.000,1603900.000,633.306,62.144
604150.000,1603900.000,628.319,43.869
604200.000,1603900.000,624.021,32.766
604250.000,1603900.000,620.570,23.100
604300.000,1603900.000,618.096,18.937
604350.000,1603900.000,616.688,12.632
604400.000,1603900.000,616.408,8.721
604450.000,1603900.000,617.268,5.087
604500.000,1603900.000,619.238,3.622
604550.000,1603900.000,622.268,-5.714
604600.000,1603900.000,626.256,-2.699
604650.000,1603900.000,631.105,-14.587
604700.000,1603900.000,636.672,-5.233
604750.000,1603900.000,642.789,-13.424
604800.000,1603900.000,649.292,-12.667
604850.000,1603900.000,656.018,-23.322
604900.000,1603900.000,662.802,-14.801
604950.000,1603900.000,669.470,-22.873
605000.000,1603900.000,675.860,-21.560
600000.000,1603950.000,705.378,-15.669
600050.000,1603950.000,707.341,-9.401
600100.000,1603950.000,709.252,-5.949
600150.000,1603950.000,711.232,-19.665
600200.000,1603950.000,713.374,-6.798
600250.000,1603950.000,715.728,-8.035
600300.000,1603950.000,718.356,-13.345
600350.000,1603950.000,721.262,-6.460
600400.000,1603950.000,724.442,-5.339
600450.000,1603950.000,727.861,-6.290
600500.000,1603950.000,731.463,-5.100
600550.000,1603950.000,735.173,-7.503
600600.000,1603950.000,738.910,-4.496
600650.000,1603950.000,742.572,-7.719
600700.000,1603950.000,746.040,-5.062
600750.000,1603950.000,749.201,-2.509
600800.000,1603950.000,751.954,-9.692
600850.000,1603950.000,754.180,-10.287
600900.000,1603950.000,755.798,-6.415
600950.000,1603950.000,756.715,0.251
601000.000,1603950.000,756.903,0.975
601050.000,1603950.000,756.324,8.090
601100.000,1603950.000,755.019,6.498
601150.000,1603950.000,753.039,-2.512
601200.000,1603950.000,750.485,-1.541
601250.000,1603950.000,747.494,-4.333
601300.000,1603950.000,744.205,0.922
601350.000,1603950.000,740.798,-5.604
601400.000,1603950.000,737.417,-2.193
601450.000,1603950.000,734.213,-2.632
601500.000,1603950.000,731.286,3.474
601550.000,1603950.000,728.705,8.988
601600.000,1603950.000,726.479,6.148
601650.000,1603950.000,724.542,0.720
601700.000,1603950.000,722.798,7.861
601750.000,1603950.000,721.105,12.395
601800.000,1603950.000,719.263,15.389
601850.000,1603950.000,717.093,14.127
601900.000,1603950.000,714.399,21.254
601950.000,1603950.000,711.032,13.955
602000.000,1603950.000,706.854,31.630
602050.000,1603950.000,701.811,25.065
602100.000,1603950.000,695.929,36.326
602150.000,1603950.000,689.283,45.515
602200.000,1603950.000,682.011,43.254
602250.000,1603950.000,674.313,59.948
602300.000,1603950.000,666.436,66.872
602350.000,1603950.000,658.609,68.427
602400.000,1603950.000,651.128,87.561
602450.000,1603950.000,644.227,108.714
602500.000,1603950.000,638.111,117.714
602550.000,1603950.000,632.948,136.486
602600.000,1603950.000,628.850,143.973
602650.000,1603950.000,625.879,151.835
602700.000,1603950.000,624.050,170.150
602750.000,1603950.000,623.296,204.562
602800.000,1603950.000,623.565,216.840
602850.000,1603950.000,624.755,229.292
602900.000,1603950.000,626.753,247.730
602950.000,1603950.000,629.446,261.173
603000.000,1603950.000,632.701,252.221
603050.000,1603950.000,636.405,268.795
603100.000,1603950.000,640.438,277.113
603150.000,1603950.000,644.701,286.071
603200.000,1603950.000,649.078,266.788
603250.000,1603950.000,653.446,245.097
603300.000,1603950.000,657.685,250.615
603350.000,1603950.000,661.672,239.214
603400.000,1603950.000,665.277,235.165
603450.000,1603950.000,668.362,212.049
603500.000,1603950.000,670.811,194.029
603550.000,1603950.000,672.489,198.593
603600.000,1603950.000,673.311,163.704
603650.000,1603950.000,673.205,149.699
603700.000,1603950.000,672.147,144.787
603750.000,1603950.000,670.131,124.454
603800.000,1603950.000,667.220,114.822
603850.000,1603950.000,663.496,114.965
603900.000,1603950.000,659.106,87.445
603950.000,1603950.000,654.229,85.959
604000.000,1603950.000,649.061,70.235
604050.000,1603950.000,643.823,60.426
604100.000,1603950.000,638.740,50.920
604150.000,1603950.000,634.011,33.319
604200.000,1603950.000,629.862,34.797
604250.000,1603950.000,626.459,24.675
604300.000,1603950.000,623.951,14.665
604350.000,1603950.000,622.438,20.829
604400.000,1603950.000,622.001,14.233
604450.000,1603950.000,622.666,5.432
604500.000,1603950.000,624.414,9.194
604550.000,1603950.000,627.209,-10.222
604600.000,1603950.000,630.955,8.547
604650.000,1603950.000,635.561,-2.018
604700.000,1603950.000,640.885,-4.569
604750.000,1603950.000,646.760,-12.448
604800.000,1603950.000,653.023,-9.898
604850.000,1603950.000,659.506,-15.274
604900.000,1603950.000,666.042,-19.154
604950.000,1603950.000,672.454,-24.130
605000.000,1603950.000,678.576,-24.032
600000.000,1604000.000,713.048,-5.661
600050.000,1604000.000,715.411,-7.653
600100.000,1604000.000,717.714,-2.842
600150.000,1604000.000,720.080,-6.100
600200.000,1604000.000,722.600,-5.076
600250.000,1604000.000,725.321,-8.760
600300.000,1604000.000,728.300,-7.547
600350.000,1604000.000,731.537,-10.124
600400.000,1604000.000,735.019,-1.506
600450.000,1604000.000,738.706,-11.375
600500.000,1604000.000,742.533,-4.559
600550.000,1604000.000,746.418,-4.388
600600.000,1604000.000,750.273,-1.726
600650.000,1604000.000,753.996,-10.846
600700.000,1604000.000,757.462,-3.549
600750.000,1604000.000,760.562,-7.240
600800.000,1604000.000,763.199,-5.571
600850.000,1604000.000,765.260,-2.610
600900.000,1604000.000,766.673,-6.290
600950.000,1604000.000,767.353,8.202
601000.000,1604000.000,767.281,-5.890
601050.000,1604000.000,766.426,1.888
601100.000,1604000.000,764.835,6.374
601150.000,1604000.000,762.562,1.678
601200.000,1604000.000,759.708,5.974
601250.000,1604000.000,756.408,-6.255
601300.000,1604000.000,752.792,2.947
601350.000,1604000.000,749.037,3.203
601400.000,1604000.000,745.274,5.340
601450.000,1604000.000,741.645,6.500
601500.000,1604000.000,738.246,4.616
601550.000,1604000.000,735.133,3.583
601600.000,1604000.000,732.318,0.741
601650.000,1604000.000,729.731,3.667
601700.000,1604000.000,727.284,13.373
601750.000,1604000.000,724.840,11.378
601800.000,1604000.000,722.216,11.340
601850.000,1604000.000,719.245,13.739
601900.000,1604000.000,715.751,7.604
601950.000,1604000.000,711.601,14.417
602000.000,1604000.000,706.676,25.694
602050.000,1604000.000,700.941,25.067
602100.000,1604000.000,694.433,41.369
602150.000,1604000.000,687.238,54.538
602200.000,1604000.000,679.501,50.218
602250.000,1604000.000,671.422,58.480
602300.000,1604000.000,663.242,63.040
602350.000,1604000.000,655.186,73.589
602400.000,1604000.000,647.535,93.715
602450.000,1604000.000,640.511,115.512
602500.000,1604000.000,634.302,111.984
602550.000,1604000.000,629.059,136.783
602600.000,1604000.000,624.881,148.809
602650.000,1604000.000,621.817,157.404
602700.000,1604000.000,619.874,164.137
602750.000,1604000.000,618.979,196.199
602800.000,1604000.000,619.078,199.679
602850.000,1604000.000,620.074,224.288
602900.000,1604000.000,621.863,210.539
602950.000,1604000.000,624.343,230.367
603000.000,1604000.000,627.396,247.117
603050.000,1604000.000,630.926,264.874
603100.000,1604000.000,634.829,260.993
603150.000,1604000.000,639.027,257.309
603200.000,1604000.000,643.419,251.665
603250.000,1604000.000,647.897,266.286
603300.000,1604000.000,652.352,234.730
603350.000,1604000.000,656.668,232.957
603400.000,1604000.000,660.720,218.623
603450.000,1604000.000,664.367,210.513
603500.000,1604000.000,667.485,211.312
603550.000,1604000.000,669.929,190.216
603600.000,1604000.000,671.597,163.954
603650.000,1604000.000,672.395,157.877
603700.000,1604000.000,672.276,138.845
603750.000,1604000.000,671.209,126.535
603800.000,1604000.000,669.231,136.406
603850.000,1604000.000,666.396,105.472
603900.000,1604000.000,662.828,94.987
603950.000,1604000.000,658.686,93.639
604000.000,1604000.000,654.147,75.113
604050.000,1604000.000,649.420,74.597
604100.000,1604000.000,644.724,56.505
604150.000,1604000.000,640.259,45.966
604200.000,1604000.000,636.253,46.098
604250.000,1604000.000,632.881,40.176
604300.000,1604000.000,630.306,29.285
604350.000,1604000.000,628.641,12.451
604400.000,1604000.000,627.984,12.733
604450.000,1604000.000,628.375,11.585
604500.000,1604000.000,629.812,13.523
604550.000,1604000.000,632.271,5.888
604600.000,1604000.000,635.668,1.027
604650.000,1604000.000,639.921,4.514
604700.000,1604000.000,644.894,2.548
604750.000,1604000.000,650.422,-3.151
604800.000,1604000.000,656.347,-9.689
604850.000,1604000.000,662.502,-15.218
604900.000,1604000.000,668.717,-3.692
604950.000,1604000.000,674.815,-19.767
605000.000,1604000.000,680.623,-11.709
600000.000,1604050.000,719.945,-4.343
600050.000,1604050.000,722.729,-5.122
600100.000,1604050.000,725.446,4.220
600150.000,1604050.000,728.219,-12.795
600200.000,1604050.000,731.136,-2.891
600250.000,1604050.000,734.242,-9.767
600300.000,1604050.000,737.589,-4.414
600350.000,1604050.000,741.170,-3.501
600400.000,1604050.000,744.967,-10.384
600450.000,1604050.000,748.933,-10.838
600500.000,1604050.000,752.995,-4.154
600550.000,1604050.000,757.066,-5.251
600600.000,1604050.000,761.051,-11.416
600650.000,1604050.000,764.846,0.204
600700.000,1604050.000,768.324,-5.387
600750.000,1604050.000,771.378,-6.552
600800.000,1604050.000,773.915,-1.104
600850.000,1604050.000,775.831,-0.391
600900.000,1604050.000,777.059,4.998
600950.000,1604050.000,777.525,0.228
601000.000,1604050.000,777.217,2.767
601050.000,1604050.000,776.111,-2.518
601100.000,1604050.000,774.260,-5.626
601150.000,1604050.000,771.720,-0.756
601200.000,1604050.000,768.590,0.682
601250.000,1604050.000,765.004,4.730
601300.000,1604050.000,761.084,-10.970
601350.000,1604050.000,756.996,7.639
601400.000,1604050.000,752.864,-5.127
601450.000,1604050.000,748.821,-1.112
601500.000,1604050.000,744.952,3.603
601550.000,1604050.000,741.310,9.367
601600.000,1604050.000,737.903,9.440
601650.000,1604050.000,734.664,5.247
601700.000,1604050.000,731.510,16.270
601750.000,1604050.000,728.314,18.601
601800.000,1604050.000,724.908,10.025
601850.000,1604050.000,721.140,17.351
601900.000,1604050.000,716.855,20.776
601950.000,1604050.000,711.937,21.742
602000.000,1604050.000,706.286,25.308
602050.000,1604050.000,699.885,31.207
602100.000,1604050.000,692.782,43.488
602150.000,1604050.000,685.074,50.580
602200.000,1604050.000,676.910,49.430
602250.000,1604050.000,668.490,58.071
602300.000,1604050.000,660.052,66.723
602350.000,1604050.000,651.810,85.014
602400.000,1604050.000,644.036,83.284
602450.000,1604050.000,636.934,101.556
602500.000,1604050.000,630.679,116.844
602550.000,1604050.000,625.405,134.505
602600.000,1604050.000,621.196,139.350
602650.000,1604050.000,618.092,152.939
602700.000,1604050.000,616.088,176.755
602750.000,1604050.000,615.109,176.436
602800.000,1604050.000,615.096,201.577
602850.000,1604050.000,615.956,214.955
602900.000,1604050.000,617.592,214.529
602950.000,1604050.000,619.913,219.354
603000.000,1604050.000,622.813,215.621
603050.000,1604050.000,626.210,230.538
603100.000,1604050.000,630.017,241.995
603150.000,1604050.000,634.173,233.723
603200.000,1604050.000,638.590,232.637
603250.000,1604050.000,643.174,240.094
603300.000,1604050.000,647.829,227.000
603350.000,1604050.000,652.448,228.276
603400.000,1604050.000,656.907,212.390
603450.000,1604050.000,661.068,184.417
603500.000,1604050.000,664.802,193.910
603550.000,1604050.000,667.954,177.576
603600.000,1604050.000,670.411,159.347
603650.000,1604050.000,672.060,140.800
603700.000,1604050.000,672.833,149.132
603750.000,1604050.000,672.677,116.040
603800.000,1604050.000,671.602,101.984
603850.000,1604050.000,669.639,95.534
603900.000,1604050.000,666.885,91.561
603950.000,1604050.000,663.477,72.986
604000.000,1604050.000,659.575,66.640
604050.000,1604050.000,655.372,71.039
604100.000,1604050.000,651.076,61.869
604150.000,1604050.000,646.884,43.483
604200.000,1604050.000,643.026,49.064
604250.000,1604050.000,639.679,42.179
604300.000,1604050.000,637.019,19.912
604350.000,1604050.000,635.171,24.521
604400.000,1604050.000,634.249,21.927
604450.000,1604050.000,634.307,11.459
604500.000,1604050.000,635.359,11.999
604550.000,1604050.000,637.397,9.354
604600.000,1604050.000,640.352,-2.942
604650.000,1604050.000,644.153,-0.744
604700.000,1604050.000,648.676,-8.912
604750.000,1604050.000,653.762,-4.430
604800.000,1604050.000,659.260,-3.208
604850.000,1604050.000,665.007,-1.478
604900.000,1604050.000,670.833,-6.111
604950.000,1604050.000,676.561,-15.399
605000.000,1604050.000,682.018,-7.795
600000.000,1604100.000,725.746,-8.764
600050.000,1604100.000,728.949,-4.002
600100.000,1604100.000,732.077,-3.313
600150.000,1604100.000,735.258,-6.570
600200.000,1604100.000,738.573,-11.052
600250.000,1604100.000,742.064,-4.331
600300.000,1604100.000,745.781,-9.261
600350.000,1604100.000,749.708,4.381
600400.000,1604100.000,753.825,-9.454
600450.000,1604100.000,758.077,-3.314
600500.000,1604100.000,762.384,-8.746
600550.000,1604100.000,766.653,-12.564
600600.000,1604100.000,770.785,-1.654
600650.000,1604100.000,774.673,-0.689
600700.000,1604100.000,778.189,-1.823
600750.000,1604100.000,781.227,-2.318
600800.000,1604100.000,783.697,-2.567
600850.000,1604100.000,785.505,-4.292
600900.000,1604100.000,786.590,-3.703
600950.000,1604100.000,786.884,4.619
601000.000,1604100.000,786.384,-2.920
601050.000,1604100.000,785.072,-4.540
601100.000,1604100.000,783.006,-2.077
601150.000,1604100.000,780.242,3.989
601200.000,1604100.000,776.878,5.371
601250.000,1604100.000,773.043,-3.427
601300.000,1604100.000,768.851,6.994
601350.000,1604100.000,764.461,0.571
601400.000,1604100.000,759.985,5.058
601450.000,1604100.000,755.548,3.709
601500.000,1604100.000,751.228,5.940
601550.000,1604100.000,747.070,9.068
601600.000,1604100.000,743.085,5.855
601650.000,1604100.000,739.206,9.958
601700.000,1604100.000,735.359,8.691
601750.000,1604100.000,731.427,18.464
601800.000,1604100.000,727.259,10.649
601850.000,1604100.000,722.719,9.353
601900.000,1604100.000,717.671,23.404
601950.000,1604100.000,712.020,29.794
602000.000,1604100.000,705.682,35.262
602050.000,1604100.000,698.658,37.258
602100.000,1604100.000,691.008,35.064
602150.000,1604100.000,682.836,35.385
602200.000,1604100.000,674.296,65.698
602250.000,1604100.000,665.587,62.842
602300.000,1604100.000,656.940,73.966
602350.000,1604100.000,648.563,83.857
602400.000,1604100.000,640.713,105.337
602450.000,1604100.000,633.581,95.004
602500.000,1604100.000,627.327,116.480
602550.000,1604100.000,622.069,116.993
602600.000,1604100.000,617.878,132.734
602650.000,1604100.000,614.781,151.071
602700.000,1604100.000,612.768,160.685
602750.000,1604100.000,611.756,174.638
602800.000,1604100.000,611.685,180.113
602850.000,1604100.000,612.463,167.521
602900.000,1604100.000,614.001,188.694
602950.000,1604100.000,616.214,201.854
603000.000,1604100.000,619.007,197.038
603050.000,1604100.000,622.309,213.901
603100.000,1604100.000,626.048,220.501
603150.000,1604100.000,630.179,221.528
603200.000,1604100.000,634.626,208.097
603250.000,1604100.000,639.306,211.462
603300.000,1604100.000,644.135,230.045
603350.000,1604100.000,649.018,201.128
603400.000,1604100.000,653.832,186.103
603450.000,1604100.000,658.445,195.484
603500.000,1604100.000,662.725,185.350
603550.000,1604100.000,666.511,161.039
603600.000,1604100.000,669.682,148.028
603650.000,1604100.000,672.110,136.526
603700.000,1604100.000,673.710,139.098
603750.000,1604100.000,674.409,111.675
603800.000,1604100.000,674.193,121.390
603850.000,1604100.000,673.070,101.983
603900.000,1604100.000,671.112,98.759
603950.000,1604100.000,668.435,84.367
604000.000,1604100.000,665.176,77.135
604050.000,1604100.000,661.510,66.379
604100.000,1604100.000,657.634,56.209
604150.000,1604100.000,653.735,53.126
604200.000,1604100.000,650.041,47.212
604250.000,1604100.000,646.731,49.593
604300.000,1604100.000,643.989,30.541
604350.000,1604100.000,641.947,19.772
604400.000,1604100.000,640.734,20.254
604450.000,1604100.000,640.419,15.794
604500.000,1604100.000,641.033,18.524
604550.000,1604100.000,642.584,14.111
604600.000,1604100.000,645.021,2.337
604650.000,1604100.000,648.288,6.692
604700.000,1604100.000,652.272,-1.596
604750.000,1604100.000,656.830,2.437
604800.000,1604100.000,661.819,-9.651
604850.000,1604100.000,667.083,-10.926
604900.000,1604100.000,672.455,-8.199
604950.000,1604100.000,677.763,-4.963
605000.000,1604100.000,682.830,-14.057
600000.000,1604150.000,730.187,-11.454
600050.000,1604150.000,733.779,-2.133
600100.000,1604150.000,737.294,-4.458
600150.000,1604150.000,740.859,-4.757
600200.000,1604150.000,744.551,-11.318
600250.000,1604150.000,748.411,-6.932
600300.000,1604150.000,752.483,-3.386
600350.000,1604150.000,756.748,-2.585
600400.000,1604150.000,761.180,1.823
600450.000,1604150.000,765.720,-1.835
600500.000,1604150.000,770.281,-12.504
600550.000,1604150.000,774.766,4.800
600600.000,1604150.000,779.069,-2.017
600650.000,1604150.000,783.083,-13.558
600700.000,1604150.000,786.676,-10.368
600750.000,1604150.000,789.745,-5.783
600800.000,1604150.000,792.203,-1.364
600850.000,1604150.000,793.960,-5.186
600900.000,1604150.000,794.961,-4.313
600950.000,1604150.000,795.148,-3.292
601000.000,1604150.000,794.521,-7.884
601050.000,1604150.000,793.067,4.863
601100.000,1604150.000,790.848,5.288
601150.000,1604150.000,787.919,-2.422
601200.000,1604150.000,784.376,4.375
601250.000,1604150.000,780.342,3.383
601300.000,1604150.000,775.924,7.079
601350.000,1604150.000,771.271,3.244
601400.000,1604150.000,766.487,11.544
601450.000,1604150.000,761.687,9.308
601500.000,1604150.000,756.943,7.558
601550.000,1604150.000,752.296,0.238
601600.000,1604150.000,747.757,7.589
601650.000,1604150.000,743.264,16.485
601700.000,1604150.000,738.752,13.499
601750.000,1604150.000,734.115,10.401
601800.000,1604150.000,729.221,22.734
601850.000,1604150.000,723.951,21.844
601900.000,1604150.000,718.188,17.197
601950.000,1604150.000,711.855,24.459
602000.000,1604150.000,704.886,26.588
602050.000,1604150.000,697.300,36.685
602100.000,1604150.000,689.163,46.719
602150.000,1604150.000,680.588,51.932
602200.000,1604150.000,671.732,59.572
602250.000,1604150.000,662.792,59.771
602300.000,1604150.000,653.992,74.286
602350.000,1604150.000,645.530,67.461
602400.000,1604150.000,637.653,94.027
602450.000,1604150.000,630.537,94.548
602500.000,1604150.000,624.326,103.518
602550.000,1604150.000,619.126,131.478
602600.000,1604150.000,614.994,138.564
602650.000,1604150.000,611.949,150.477
602700.000,1604150.000,609.971,153.169
602750.000,1604150.000,608.975,153.894
602800.000,1604150.000,608.895,176.741
602850.000,1604150.000,609.642,184.774
602900.000,1604150.000,611.131,186.750
602950.000,1604150.000,613.285,187.735
603000.000,1604150.000,616.014,196.485
603050.000,1604150.000,619.260,195.216
603100.000,1604150.000,622.958,198.043
603150.000,1604150.000,627.080,213.163
603200.000,1604150.000,631.557,200.637
603250.000,1604150.000,636.319,205.182
603300.000,1604150.000,641.293,181.337
603350.000,1604150.000,646.393,187.514
603400.000,1604150.000,651.502,172.379
603450.000,1604150.000,656.493,171.267
603500.000,1604150.000,661.236,166.165
603550.000,1604150.000,665.568,159.823
603600.000,1604150.000,669.362,151.158
603650.000,1604150.000,672.481,146.002
603700.000,1604150.000,674.825,119.533
603750.000,1604150.000,676.306,110.173
603800.000,1604150.000,676.890,109.296
603850.000,1604150.000,676.563,94.259
603900.000,1604150.000,675.373,97.634
603950.000,1604150.000,673.414,85.884
604000.000,1604150.000,670.800,65.559
604050.000,1604150.000,667.688,62.016
604100.000,1604150.000,664.255,54.411
604150.000,1604150.000,660.682,52.153
604200.000,1604150.000,657.185,47.238
604250.000,1604150.000,653.940,32.146
604300.000,1604150.000,651.138,29.520
604350.000,1604150.000,648.916,28.247
604400.000,1604150.000,647.412,30.685
604450.000,1604150.000,646.712,12.667
604500.000,1604150.000,646.858,19.000
604550.000,1604150.000,647.882,12.462
604600.000,1604150.000,649.745,12.441
604650.000,1604150.000,652.414,3.519
604700.000,1604150.000,655.792,7.550
604750.000,1604150.000,659.748,2.762
604800.000,1604150.000,664.156,-4.719
604850.000,1604150.000,668.871,-5.666
604900.000,1604150.000,673.731,-6.509
604950.000,1604150.000,678.570,0.872
605000.000,1604150.000,683.212,-4.700
600000.000,1604200.000,733.116,-7.591
600050.000,1604200.000,737.045,-3.847
600100.000,1604200.000,740.898,-8.985
600150.000,1604200.000,744.802,-5.476
600200.000,1604200.000,748.830,-2.781
600250.000,1604200.000,753.021,-5.718
600300.000,1604200.000,757.417,12.513
600350.000,1604200.000,761.995,4.556
600400.000,1604200.000,766.725,-3.834
600450.000,1604200.000,771.544,4.775
600500.000,1604200.000,776.361,-3.604
600550.000,1604200.000,781.074,0.828
600600.000,1604200.000,785.570,4.473
600650.000,1604200.000,789.743,-14.857
600700.000,1604200.000,793.458,3.657
600750.000,1604200.000,796.611,-2.683
600800.000,1604200.000,799.117,-3.730
600850.000,1604200.000,800.892,2.632
600900.000,1604200.000,801.884,-2.840
600950.000,1604200.000,802.040,-3.120
601000.000,1604200.000,801.364,3.780
601050.000,1604200.000,799.847,5.371
601100.000,1604200.000,797.551,-0.221
601150.000,1604200.000,794.530,8.843
601200.000,1604200.000,790.875,-1.253
601250.000,1604200.000,786.706,9.890
601300.000,1604200.000,782.120,3.895
601350.000,1604200.000,777.257,-3.271
601400.000,1604200.000,772.212,11.585
601450.000,1604200.000,767.092,-4.622
601500.000,1604200.000,761.966,11.616
601550.000,1604200.000,756.870,16.063
601600.000,1604200.000,751.818,19.528
601650.000,1604200.000,746.753,6.503
601700.000,1604200.000,741.623,8.733
601750.000,1604200.000,736.332,31.966
601800.000,1604200.000,730.767,25.488
601850.000,1604200.000,724.826,28.066
601900.000,1604200.000,718.413,18.650
601950.000,1604200.000,711.466,30.297
602000.000,1604200.000,703.938,25.706
602050.000,1604200.000,695.861,34.021
602100.000,1604200.000,687.310,41.831
602150.000,1604200.000,678.402,60.595
602200.000,1604200.000,669.296,59.524
602250.000,1604200.000,660.186,63.861
602300.000,1604200.000,651.288,70.544
602350.000,1604200.000,642.792,83.887
602400.000,1604200.000,634.932,90.458
602450.000,1604200.000,627.871,102.152
602500.000,1604200.000,621.739,119.074
602550.000,1604200.000,616.630,119.635
602600.000,1604200.000,612.591,125.066
602650.000,1604200.000,609.630,136.044
602700.000,1604200.000,607.722,139.215
602750.000,1604200.000,606.779,160.583
602800.000,1604200.000,606.731,157.745
602850.000,1604200.000,607.489,170.433
602900.000,1604200.000,608.972,175.999
602950.000,1604200.000,611.108,170.077
603000.000,1604200.000,613.812,193.014
603050.000,1604200.000,617.033,188.484
603100.000,1604200.000,620.715,194.604
603150.000,1604200.000,624.838,183.360
603200.000,1604200.000,629.344,181.636
603250.000,1604200.000,634.170,181.999
603300.000,1604200.000,639.255,181.052
603350.000,1604200.000,644.521,163.539
603400.000,1604200.000,649.859,176.179
603450.000,1604200.000,655.149,158.849
603500.000,1604200.000,660.264,158.750
603550.000,1604200.000,665.044,151.878
603600.000,1604200.000,669.359,127.772
603650.000,1604200.000,673.069,122.969
603700.000,1604200.000,676.064,121.330
603750.000,1604200.000,678.243,123.873
603800.000,1604200.000,679.557,94.836
603850.000,1604200.000,679.974,94.188
603900.000,1604200.000,679.517,93.571
603950.000,1604200.000,678.260,80.358
604000.000,1604200.000,676.295,82.293
604050.000,1604200.000,673.755,72.801
604100.000,1604200.000,670.801,47.337
604150.000,1604200.000,667.595,57.319
604200.000,1604200.000,664.344,46.326
604250.000,1604200.000,661.216,37.362
604300.000,1604200.000,658.400,45.350
604350.000,1604200.000,656.036,25.434
604400.000,1604200.000,654.270,13.920
604450.000,1604200.000,653.198,24.155
604500.000,1604200.000,652.878,13.213
604550.000,1604200.000,653.358,10.971
604600.000,1604200.000,654.620,3.762
604650.000,1604200.000,656.650,11.454
604700.000,1604200.000,659.370,3.588
604750.000,1604200.000,662.670,6.410
604800.000,1604200.000,666.437,-6.621
604850.000,1604200.000,670.544,-3.232
604900.000,1604200.000,674.838,-7.795
604950.000,1604200.000,679.162,-6.461
605000.000,1604200.000,683.342,-6.644
600000.000,1604250.000,734.452,-4.532
600050.000,1604250.000,738.647,-10.039
600100.000,1604250.000,742.768,-3.067
600150.000,1604250.000,746.947,-2.048
600200.000,1604250.000,751.251,0.461
600250.000,1604250.000,755.720,3.313
600300.000,1604250.000,760.393,-6.796
600350.000,1604250.000,765.244,-9.565
600400.000,1604250.000,770.244,-6.808
600450.000,1604250.000,775.324,-2.214
600500.000,1604250.000,780.391,4.099
600550.000,1604250.000,785.338,3.423
600600.000,1604250.000,790.048,-6.894
600650.000,1604250.000,794.413,-0.290
600700.000,1604250.000,798.295,2.886
600750.000,1604250.000,801.590,-3.678
600800.000,1604250.000,804.212,-3.271
600850.000,1604250.000,806.080,0.870
600900.000,1604250.000,807.145,0.528
600950.000,1604250.000,807.356,2.836
601000.000,1604250.000,806.718,1.867
601050.000,1604250.000,805.226,3.840
601100.000,1604250.000,802.937,10.666
601150.000,1604250.000,799.906,5.519
601200.000,1604250.000,796.217,10.555
601250.000,1604250.000,791.984,4.954
601300.000,1604250.000,787.297,11.389
601350.000,1604250.000,782.285,2.045
601400.000,1604250.000,777.037,-4.604
601450.000,1604250.000,771.653,2.665
601500.000,1604250.000,766.197,6.187
601550.000,1604250.000,760.705,7.142
601600.000,1604250.000,755.194,9.709
601650.000,1604250.000,749.616,16.229
601700.000,1604250.000,743.928,14.785
601750.000,1604250.000,738.051,29.555
601800.000,1604250.000,731.887,19.292
601850.000,1604250.000,725.352,16.511
601900.000,1604250.000,718.370,27.011
601950.000,1604250.000,710.893,42.170
602000.000,1604250.000,702.891,45.378
602050.000,1604250.000,694.408,49.337
602100.000,1604250.000,685.523,37.709
602150.000,1604250.000,676.360,46.354
602200.000,1604250.000,667.074,61.107
602250.000,1604250.000,657.858,66.633
602300.000,1604250.000,648.917,67.898
602350.000,1604250.000,640.434,90.269
602400.000,1604250.000,632.629,87.967
602450.000,1604250.000,625.653,94.862
602500.000,1604250.000,619.627,100.891
602550.000,1604250.000,614.631,103.788
602600.000,1604250.000,610.705,124.600
602650.000,1604250.000,607.849,116.054
602700.000,1604250.000,606.033,141.131
602750.000,1604250.000,605.167,140.833
602800.000,1604250.000,605.178,149.517
602850.000,1604250.000,605.977,163.157
602900.000,1604250.000,607.488,159.668
602950.000,1604250.000,609.638,170.487
603000.000,1604250.000,612.348,159.355
603050.000,1604250.000,615.570,171.500
603100.000,1604250.000,619.253,187.098
603150.000,1604250.000,623.387,183.845
603200.000,1604250.000,627.916,171.019
603250.000,1604250.000,632.788,168.927
603300.000,1604250.000,637.948,180.015
603350.000,1604250.000,643.329,183.846
603400.000,1604250.000,648.827,169.578
603450.000,1604250.000,654.334,151.675
603500.000,1604250.000,659.727,151.293
603550.000,1604250.000,664.852,137.669
603600.000,1604250.000,669.583,135.875
603650.000,1604250.000,673.777,114.632
603700.000,1604250.000,677.322,115.980
603750.000,1604250.000,680.108,108.747
603800.000,1604250.000,682.075,107.759
603850.000,1604250.000,683.174,94.168
603900.000,1604250.000,683.410,66.988
603950.000,1604250.000,682.837,79.381
604000.000,1604250.000,681.523,67.496
604050.000,1604250.000,679.578,62.719
604100.000,1604250.000,677.140,60.065
604150.000,1604250.000,674.356,55.013
604200.000,1604250.000,671.412,57.316
604250.000,1604250.000,668.468,46.259
604300.000,1604250.000,665.706,44.772
604350.000,1604250.000,663.263,25.993
604400.000,1604250.000,661.290,29.201
604450.000,1604250.000,659.889,27.580
604500.000,1604250.000,659.130,29.687
604550.000,1604250.000,659.081,17.612
604600.000,1604250.000,659.742,14.000
604650.000,1604250.000,661.118,9.379
604700.000,1604250.000,663.152,12.007
604750.000,1604250.000,665.759,14.372
604800.000,1604250.000,668.843,10.185
604850.000,1604250.000,672.297,5.762
604900.000,1604250.000,675.979,-3.109
604950.000,1604250.000,679.745,-4.012
605000.000,1604250.000,683.429,-5.084
600000.000,1604300.000,734.259,-1.426
600050.000,1604300.000,738.631,-4.276
600100.000,1604300.000,742.936,6.074
600150.000,1604300.000,747.308,-2.841
600200.000,1604300.000,751.810,-7.090
600250.000,1604300.000,756.484,-6.010
600300.000,1604300.000,761.371,-8.798
600350.000,1604300.000,766.440,1.690
600400.000,1604300.000,771.663,0.526
600450.000,1604300.000,776.973,-4.964
600500.000,1604300.000,782.269,-3.227
600550.000,1604300.000,787.446,-0.310
600600.000,1604300.000,792.380,1.050
600650.000,1604300.000,796.962,-2.355
600700.000,1604300.000,801.050,-4.954
600750.000,1604300.000,804.539,0.061
600800.000,1604300.000,807.340,3.855
600850.000,1604300.000,809.375,-4.858
600900.000,1604300.000,810.593,6.454
600950.000,1604300.000,810.945,2.623
601000.000,1604300.000,810.433,4.544
601050.000,1604300.000,809.053,0.543
601100.000,1604300.000,806.859,4.551
601150.000,1604300.000,803.901,4.821
601200.000,1604300.000,800.257,18.453
601250.000,1604300.000,796.035,9.343
601300.000,1604300.000,791.315,11.925
601350.000,1604300.000,786.220,12.451
601400.000,1604300.000,780.831,12.348
601450.000,1604300.000,775.243,10.379
601500.000,1604300.000,769.518,8.481
601550.000,1604300.000,763.692,6.595
601600.000,1604300.000,757.788,13.156
601650.000,1604300.000,751.767,17.055
601700.000,1604300.000,745.597,16.610
601750.000,1604300.000,739.213,29.134
601800.000,1604300.000,732.537,27.035
601850.000,1604300.000,725.498,29.004
601900.000,1604300.000,718.040,32.119
601950.000,1604300.000,710.129,26.158
602000.000,1604300.000,701.748,33.524
602050.000,1604300.000,692.951,39.935
602100.000,1604300.000,683.821,49.555
602150.000,1604300.000,674.483,43.925
602200.000,1604300.000,665.090,57.328
602250.000,1604300.000,655.829,62.896
602300.000,1604300.000,646.898,79.454
602350.000,1604300.000,638.469,57.389
602400.000,1604300.000,630.750,77.656
602450.000,1604300.000,623.884,89.832
602500.000,1604300.000,617.979,96.503
602550.000,1604300.000,613.109,114.669
602600.000,1604300.000,609.304,114.496
602650.000,1604300.000,606.561,126.556
602700.000,1604300.000,604.849,124.027
602750.000,1604300.000,604.072,131.588
602800.000,1604300.000,604.160,155.579
602850.000,1604300.000,605.021,143.920
602900.000,1604300.000,606.583,155.366
602950.000,1604300.000,608.772,165.733
603000.000,1604300.000,611.514,157.688
603050.000,1604300.000,614.759,156.541
603100.000,1604300.000,618.461,160.175
603150.000,1604300.000,622.612,173.415
603200.000,1604300.000,627.162,154.560
603250.000,1604300.000,632.062,152.359
603300.000,1604300.000,637.266,145.366
603350.000,1604300.000,642.713,159.966
603400.000,1604300.000,648.307,152.982
603450.000,1604300.000,653.952,131.335
603500.000,1604300.000,659.532,140.331
603550.000,1604300.000,664.900,123.470
603600.000,1604300.000,669.939,131.694
603650.000,1604300.000,674.510,120.740
603700.000,1604300.000,678.500,113.348
603750.000,1604300.000,681.798,106.960
603800.000,1604300.000,684.334,91.797
603850.000,1604300.000,686.051,84.345
603900.000,1604300.000,686.935,84.810
603950.000,1604300.000,687.023,83.786
604000.000,1604300.000,686.359,70.063
604050.000,1604300.000,685.031,64.099
604100.000,1604300.000,683.153,49.347
604150.000,1604300.000,680.850,52.599
604200.000,1604300.000,678.289,42.008
604250.000,1604300.000,675.611,41.332
604300.000,1604300.000,672.989,32.482
604350.000,1604300.000,670.552,33.217
604400.000,1604300.000,668.451,30.752
604450.000,1604300.000,666.790,27.988
604500.000,1604300.000,665.651,23.879
604550.000,1604300.000,665.115,24.443
604600.000,1604300.000,665.201,15.192
604650.000,1604300.000,665.935,9.572
604700.000,1604300.000,667.282,9.122
604750.000,1604300.000,669.179,10.152
604800.000,1604300.000,671.556,5.013
604850.000,1604300.000,674.324,2.152
604900.000,1604300.000,677.358,12.497
604950.000,1604300.000,680.529,0.309
605000.000,1604300.000,683.680,-4.937
600000.000,1604350.000,732.705,-4.379
600050.000,1604350.000,737.154,-0.388
600100.000,1604350.000,741.545,-3.572
600150.000,1604350.000,746.013,-13.834
600200.000,1604350.000,750.622,-6.381
600250.000,1604350.000,755.415,3.285
600300.000,1604350.000,760.434,-13.083
600350.000,1604350.000,765.651,-0.970
600400.000,1604350.000,771.039,-3.642
600450.000,1604350.000,776.529,5.851
600500.000,1604350.000,782.022,-6.670
600550.000,1604350.000,787.409,-0.723
600600.000,1604350.000,792.563,-5.325
600650.000,1604350.000,797.375,-4.793
600700.000,1604350.000,801.696,2.664
600750.000,1604350.000,805.421,3.683
600800.000,1604350.000,808.456,3.448
600850.000,1604350.000,810.724,-1.991
600900.000,1604350.000,812.168,-1.419
600950.000,1604350.000,812.740,2.770
601000.000,1604350.000,812.437,2.800
601050.000,1604350.000,811.254,6.370
601100.000,1604350.000,809.238,1.127
601150.000,1604350.000,806.432,0.228
601200.000,1604350.000,802.910,7.309
601250.000,1604350.000,798.772,3.206
601300.000,1604350.000,794.090,12.279
601350.000,1604350.000,788.979,11.364
601400.000,1604350.000,783.514,7.887
601450.000,1604350.000,777.788,7.656
601500.000,1604350.000,771.861,3.892
601550.000,1604350.000,765.772,14.255
601600.000,1604350.000,759.549,19.865
601650.000,1604350.000,753.164,21.763
601700.000,1604350.000,746.599,24.860
601750.000,1604350.000,739.800,27.755
601800.000,1604350.000,732.709,32.933
601850.000,1604350.000,725.269,29.876
601900.000,1604350.000,717.438,31.605
601950.000,1604350.000,709.198,30.923
602000.000,1604350.000,700.540,36.666
602050.000,1604350.000,691.528,29.733
602100.000,1604350.000,682.243,45.071
602150.000,1604350.000,672.812,48.970
602200.000,1604350.000,663.382,53.202
602250.000,1604350.000,654.137,49.355
602300.000,1604350.000,645.261,66.926
602350.000,1604350.000,636.920,59.994
602400.000,1604350.000,629.311,87.357
602450.000,1604350.000,622.566,91.212
602500.000,1604350.000,616.787,96.661
602550.000,1604350.000,612.040,97.149
602600.000,1604350.000,608.352,106.997
602650.000,1604350.000,605.717,117.047
602700.000,1604350.000,604.102,130.329
602750.000,1604350.000,603.415,122.476
602800.000,1604350.000,603.581,131.472
602850.000,1604350.000,604.512,141.821
602900.000,1604350.000,606.137,140.940
602950.000,1604350.000,608.382,156.814
603000.000,1604350.000,611.172,157.150
603050.000,1604350.000,614.458,152.391
603100.000,1604350.000,618.192,163.222
603150.000,1604350.000,622.369,141.398
603200.000,1604350.000,626.938,168.716
603250.000,1604350.000,631.854,158.174
603300.000,1604350.000,637.073,163.801
603350.000,1604350.000,642.545,146.554
603400.000,1604350.000,648.179,140.330
603450.000,1604350.000,653.890,138.872
603500.000,1604350.000,659.570,129.750
603550.000,1604350.000,665.086,130.421
603600.000,1604350.000,670.331,111.037
603650.000,1604350.000,675.173,110.912
603700.000,1604350.000,679.503,107.441
603750.000,1604350.000,683.215,93.125
603800.000,1604350.000,686.235,76.573
603850.000,1604350.000,688.498,91.404
603900.000,1604350.000,689.980,75.824
603950.000,1604350.000,690.699,81.012
604000.000,1604350.000,690.681,62.575
604050.000,1604350.000,689.988,71.495
604100.000,1604350.000,688.711,53.730
604150.000,1604350.000,686.950,51.061
604200.000,1604350.000,684.847,40.375
604250.000,1604350.000,682.525,42.344
604300.000,1604350.000,680.141,44.755
604350.000,1604350.000,677.810,30.898
604400.000,1604350.000,675.679,40.033
604450.000,1604350.000,673.851,29.857
604500.000,1604350.000,672.414,23.627
604550.000,1604350.000,671.460,25.537
604600.000,1604350.000,671.027,12.842
604650.000,1604350.000,671.159,19.396
604700.000,1604350.000,671.843,7.386
604750.000,1604350.000,673.043,20.363
604800.000,1604350.000,674.708,5.385
604850.000,1604350.000,676.777,8.798
604900.000,1604350.000,679.141,3.426
604950.000,1604350.000,681.690,6.498
605000.000,1604350.000,684.281,-4.719
600000.000,1604400.000,730.051,-7.418
600050.000,1604400.000,734.473,-4.249
600100.000,1604400.000,738.844,3.107
600150.000,1604400.000,743.305,-1.267
600200.000,1604400.000,747.919,2.318
600250.000,1604400.000,752.733,6.152
600300.000,1604400.000,757.793,1.267
600350.000,1604400.000,763.074,0.480
600400.000,1604400.000,768.552,-7.135
600450.000,1604400.000,774.161,-2.524
600500.000,1604400.000,779.801,-1.956
600550.000,1604400.000,785.363,1.442
600600.000,1604400.000,790.719,-2.286
600650.000,1604400.000,795.757,3.562
600700.000,1604400.000,800.324,3.566
600750.000,1604400.000,804.312,7.149
600800.000,1604400.000,807.622,-2.092
600850.000,1604400.000,810.173,10.594
600900.000,1604400.000,811.903,-1.496
600950.000,1604400.000,812.763,4.673
601000.000,1604400.000,812.740,-1.678
601050.000,1604400.000,811.826,0.627
601100.000,1604400.000,810.060,4.869
601150.000,1604400.000,807.479,11.721
601200.000,1604400.000,804.147,5.503
601250.000,1604400.000,800.159,11.462
601300.000,1604400.000,795.579,8.838
601350.000,1604400.000,790.514,5.379
601400.000,1604400.000,785.037,10.475
601450.000,1604400.000,779.236,2.257
601500.000,1604400.000,773.174,8.428
601550.000,1604400.000,766.894,20.264
601600.000,1604400.000,760.430,24.209
601650.000,1604400.000,753.767,23.853
601700.000,1604400.000,746.896,14.724
601750.000,1604400.000,739.781,18.608
601800.000,1604400.000,732.378,22.590
601850.000,1604400.000,724.642,21.640
601900.000,1604400.000,716.549,24.596
601950.000,1604400.000,708.088,31.543
602000.000,1604400.000,699.258,33.693
602050.000,1604400.000,690.128,41.285
602100.000,1604400.000,680.780,45.046
602150.000,1604400.000,671.336,52.674
602200.000,1604400.000,661.938,52.897
602250.000,1604400.000,652.764,61.738
602300.000,1604400.000,643.986,65.452
602350.000,1604400.000,635.762,67.412
602400.000,1604400.000,628.278,78.229
602450.000,1604400.000,621.660,99.800
602500.000,1604400.000,616.003,91.859
602550.000,1604400.000,611.369,102.552
602600.000,1604400.000,607.784,105.545
602650.000,1604400.000,605.241,103.152
602700.000,1604400.000,603.709,128.069
602750.000,1604400.000,603.098,119.316
602800.000,1604400.000,603.338,131.839
602850.000,1604400.000,604.337,134.068
602900.000,1604400.000,606.029,128.814
602950.000,1604400.000,608.339,138.333
603000.000,1604400.000,611.189,160.120
603050.000,1604400.000,614.529,135.138
603100.000,1604400.000,618.308,141.325
603150.000,1604400.000,622.519,159.042
603200.000,1604400.000,627.108,134.324
603250.000,1604400.000,632.032,145.717
603300.000,1604400.000,637.248,126.438
603350.000,1604400.000,642.711,140.690
603400.000,1604400.000,648.336,138.548
603450.000,1604400.000,654.049,139.206
603500.000,1604400.000,659.754,122.565
603550.000,1604400.000,665.330,110.826
603600.000,1604400.000,670.683,102.875
603650.000,1604400.000,675.694,102.631
603700.000,1604400.000,680.263,94.640
603750.000,1604400.000,684.291,87.610
603800.000,1604400.000,687.706,78.703
603850.000,1604400.000,690.442,78.112
603900.000,1604400.000,692.464,82.313
603950.000,1604400.000,693.779,80.302
604000.000,1604400.000,694.393,61.222
604050.000,1604400.000,694.347,59.814
604100.000,1604400.000,693.706,53.557
604150.000,1604400.000,692.545,41.378
604200.000,1604400.000,690.979,47.881
604250.000,1604400.000,689.106,38.533
604300.000,1604400.000,687.064,37.831
604350.000,1604400.000,684.952,29.811
604400.000,1604400.000,682.904,22.851
604450.000,1604400.000,681.020,21.717
604500.000,1604400.000,679.389,22.887
604550.000,1604400.000,678.114,24.958
604600.000,1604400.000,677.242,22.024
604650.000,1604400.000,676.838,0.106
604700.000,1604400.000,676.910,2.771
604750.000,1604400.000,677.446,9.211
604800.000,1604400.000,678.420,8.585
604850.000,1604400.000,679.794,9.183
604900.000,1604400.000,681.481,10.865
604950.000,1604400.000,683.390,-1.443
605000.000,1604400.000,685.396,18.461
600000.000,1604450.000,726.658,1.433
600050.000,1604450.000,730.947,-1.123
600100.000,1604450.000,735.193,-6.743
600150.000,1604450.000,739.538,-8.898
600200.000,1604450.000,744.050,-3.126
600250.000,1604450.000,748.780,0.018
600300.000,1604450.000,753.780,-3.618
600350.000,1604450.000,759.030,-9.296
600400.000,1604450.000,764.510,-5.974
600450.000,1604450.000,770.161,-1.574
600500.000,1604450.000,775.881,-4.560
600550.000,1604450.000,781.566,-2.068
600600.000,1604450.000,787.085,-8.683
600650.000,1604450.000,792.324,6.308
600700.000,1604450.000,797.128,-4.486
600750.000,1604450.000,801.383,1.332
600800.000,1604450.000,804.985,-1.297
600850.000,1604450.000,807.849,-7.733
600900.000,1604450.000,809.904,6.994
600950.000,1604450.000,811.096,4.847
601000.000,1604450.000,811.403,2.416
601050.000,1604450.000,810.812,11.386
601100.000,1604450.000,809.350,3.741
601150.000,1604450.000,807.049,1.208
601200.000,1604450.000,803.962,11.782
601250.000,1604450.000,800.178,2.494
601300.000,1604450.000,795.753,2.750
601350.000,1604450.000,790.789,13.838
601400.000,1604450.000,785.356,15.608
601450.000,1604450.000,779.542,13.425
601500.000,1604450.000,773.412,6.813
601550.000,1604450.000,767.015,15.199
601600.000,1604450.000,760.391,22.594
601650.000,1604450.000,753.539,15.580
601700.000,1604450.000,746.460,15.419
601750.000,1604450.000,739.132,23.229
601800.000,1604450.000,731.527,25.130
601850.000,1604450.000,723.609,27.904
601900.000,1604450.000,715.367,28.025
601950.000,1604450.000,706.796,28.094
602000.000,1604450.000,697.902,33.153
602050.000,1604450.000,688.756,34.434
602100.000,1604450.000,679.436,45.755
602150.000,1604450.000,670.059,49.597
602200.000,1604450.000,660.759,56.304
602250.000,1604450.000,651.707,56.146
602300.000,1604450.000,643.064,74.884
602350.000,1604450.000,634.978,68.024
602400.000,1604450.000,627.629,84.671
602450.000,1604450.000,621.135,63.370
602500.000,1604450.000,615.587,83.914
602550.000,1604450.000,611.046,100.549
602600.000,1604450.000,607.538,104.292
602650.000,1604450.000,605.060,87.040
602700.000,1604450.000,603.585,100.651
602750.000,1604450.000,603.028,115.831
602800.000,1604450.000,603.320,116.590
602850.000,1604450.000,604.375,123.662
602900.000,1604450.000,606.126,120.732
602950.000,1604450.000,608.499,125.261
603000.000,1604450.000,611.413,126.394
603050.000,1604450.000,614.813,128.512
603100.000,1604450.000,618.643,126.679
603150.000,1604450.000,622.894,143.765
603200.000,1604450.000,627.504,135.106
603250.000,1604450.000,632.430,129.613
603300.000,1604450.000,637.626,117.786
603350.000,1604450.000,643.053,136.154
603400.000,1604450.000,648.629,119.183
603450.000,1604450.000,654.291,120.658
603500.000,1604450.000,659.954,113.934
603550.000,1604450.000,665.511,103.795
603600.000,1604450.000,670.884,102.970
603650.000,1604450.000,675.969,109.931
603700.000,1604450.000,680.680,99.424
603750.000,1604450.000,684.929,90.791
603800.000,1604450.000,688.651,73.754
603850.000,1604450.000,691.782,65.730
603900.000,1604450.000,694.282,70.322
603950.000,1604450.000,696.151,68.614
604000.000,1604450.000,697.377,59.386
604050.000,1604450.000,697.981,57.439
604100.000,1604450.000,698.003,54.402
604150.000,1604450.000,697.492,51.362
604200.000,1604450.000,696.534,36.323
604250.000,1604450.000,695.201,48.642
604300.000,1604450.000,693.606,39.941
604350.000,1604450.000,691.828,28.385
604400.000,1604450.000,689.987,25.353
604450.000,1604450.000,688.171,26.710
604500.000,1604450.000,686.467,22.896
604550.000,1604450.000,684.983,29.237
604600.000,1604450.000,683.777,23.179
604650.000,1604450.000,682.928,21.684
604700.000,1604450.000,682.463,15.137
604750.000,1604450.000,682.393,6.916
604800.000,1604450.000,682.716,19.951
604850.000,1604450.000,683.421,12.786
604900.000,1604450.000,684.440,2.969
604950.000,1604450.000,685.706,3.775
605000.000,1604450.000,687.111,5.944
600000.000,1604500.000,722.910,-0.290
600050.000,1604500.000,726.970,-11.342
600100.000,1604500.000,730.989,-6.584
600150.000,1604500.000,735.116,-6.906
600200.000,1604500.000,739.419,-0.457
600250.000,1604500.000,743.959,4.104
600300.000,1604500.000,748.794,-0.045
600350.000,1604500.000,753.911,-2.486
600400.000,1604500.000,759.298,-4.150
600450.000,1604500.000,764.902,2.333
600500.000,1604500.000,770.624,3.006
600550.000,1604500.000,776.363,-0.786
600600.000,1604500.000,781.988,-7.570
600650.000,1604500.000,787.386,6.736
600700.000,1604500.000,792.395,0.522
600750.000,1604500.000,796.900,9.219
600800.000,1604500.000,800.790,-4.618
600850.000,1604500.000,803.971,-4.334
600900.000,1604500.000,806.365,0.962
600950.000,1604500.000,807.911,2.055
601000.000,1604500.000,808.575,2.804
601050.000,1604500.000,808.338,7.091
601100.000,1604500.000,807.214,-1.783
601150.000,1604500.000,805.225,6.749
601200.000,1604500.000,802.418,8.206
601250.000,1604500.000,798.874,5.090
601300.000,1604500.000,794.641,8.916
601350.000,1604500.000,789.820,13.270
601400.000,1604500.000,784.476,4.695
601450.000,1604500.000,778.701,4.709
601500.000,1604500.000,772.561,12.037
601550.000,1604500.000,766.112,13.286
601600.000,1604500.000,759.404,15.608
601650.000,1604500.000,752.447,17.571
601700.000,1604500.000,745.254,26.529
601750.000,1604500.000,737.814,16.619
601800.000,1604500.000,730.113,23.202
601850.000,1604500.000,722.123,14.319
601900.000,1604500.000,713.841,34.511
601950.000,1604500.000,705.270,37.478
602000.000,1604500.000,696.416,36.119
602050.000,1604500.000,687.350,45.700
602100.000,1604500.000,678.144,47.957
602150.000,1604500.000,668.908,42.781
602200.000,1604500.000,659.768,54.960
602250.000,1604500.000,650.886,61.144
602300.000,1604500.000,642.411,59.879
602350.000,1604500.000,634.483,69.654
602400.000,1604500.000,627.273,83.940
602450.000,1604500.000,620.897,82.571
602500.000,1604500.000,615.442,88.471
602550.000,1604500.000,610.971,86.449
602600.000,1604500.000,607.512,104.776
602650.000,1604500.000,605.068,104.753
602700.000,1604500.000,603.618,111.329
602750.000,1604500.000,603.086,97.619
602800.000,1604500.000,603.406,98.949
602850.000,1604500.000,604.496,102.996
602900.000,1604500.000,606.293,117.062
602950.000,1604500.000,608.722,112.870
603000.000,1604500.000,611.697,126.361
603050.000,1604500.000,615.160,132.007
603100.000,1604500.000,619.046,125.886
603150.000,1604500.000,623.342,127.280
603200.000,1604500.000,627.975,115.802
603250.000,1604500.000,632.899,119.228
603300.000,1604500.000,638.067,130.736
603350.000,1604500.000,643.436,107.672
603400.000,1604500.000,648.931,109.371
603450.000,1604500.000,654.498,111.108
603500.000,1604500.000,660.062,101.885
603550.000,1604500.000,665.531,95.574
603600.000,1604500.000,670.844,103.272
603650.000,1604500.000,675.916,90.230
603700.000,1604500.000,680.676,82.260
603750.000,1604500.000,685.053,76.375
603800.000,1604500.000,688.992,85.207
603850.000,1604500.000,692.437,77.527
603900.000,1604500.000,695.347,63.416
603950.000,1604500.000,697.718,54.560
604000.000,1604500.000,699.523,46.978
604050.000,1604500.000,700.766,57.940
604100.000,1604500.000,701.464,57.478
604150.000,1604500.000,701.641,43.289
604200.000,1604500.000,701.352,43.330
604250.000,1604500.000,700.641,43.694
604300.000,1604500.000,699.592,41.371
604350.000,1604500.000,698.264,20.036
604400.000,1604500.000,696.754,37.571
604450.000,1604500.000,695.136,32.795
604500.000,1604500.000,693.493,20.279
604550.000,1604500.000,691.929,15.463
604600.000,1604500.000,690.512,17.811
604650.000,1604500.000,689.330,14.419
604700.000,1604500.000,688.426,13.361
604750.000,1604500.000,687.834,16.519
604800.000,1604500.000,687.572,16.748
604850.000,1604500.000,687.654,-1.254
604900.000,1604500.000,688.034,3.050
604950.000,1604500.000,688.668,14.558
605000.000,1604500.000,689.469,11.699
600000.000,1604550.000,719.241,0.076
600050.000,1604550.000,722.986,-4.062
600100.000,1604550.000,726.688,-7.885
600150.000,1604550.000,730.501,-0.538
600200.000,1604550.000,734.496,-3.304
600250.000,1604550.000,738.744,-1.413
600300.000,1604550.000,743.310,-0.347
600350.000,1604550.000,748.192,0.499
600400.000,1604550.000,753.386,-0.015
600450.000,1604550.000,758.845,-5.638
600500.000,1604550.000,764.478,-2.090
600550.000,1604550.000,770.189,-2.147
600600.000,1604550.000,775.846,0.346
600650.000,1604550.000,781.338,7.272
600700.000,1604550.000,786.500,8.066
600750.000,1604550.000,791.213,2.628
600800.000,1604550.000,795.358,9.290
600850.000,1604550.000,798.835,2.311
600900.000,1604550.000,801.554,4.732
600950.000,1604550.000,803.448,1.253
601000.000,1604550.000,804.468,5.068
601050.000,1604550.000,804.587,14.963
601100.000,1604550.000,803.806,9.540
601150.000,1604550.000,802.140,3.890
601200.000,1604550.000,799.626,13.108
601250.000,1604550.000,796.336,6.923
601300.000,1604550.000,792.316,12.420
601350.000,1604550.000,787.662,7.616
601400.000,1604550.000,782.439,22.382
601450.000,1604550.000,776.741,15.005
601500.000,1604550.000,770.640,20.513
601550.000,1604550.000,764.200,25.006
601600.000,1604550.000,757.478,19.410
601650.000,1604550.000,750.496,27.352
601700.000,1604550.000,743.279,11.933
601750.000,1604550.000,735.824,31.322
601800.000,1604550.000,728.129,24.766
601850.000,1604550.000,720.174,30.079
601900.000,1604550.000,711.961,34.992
601950.000,1604550.000,703.493,29.601
602000.000,1604550.000,694.779,35.397
602050.000,1604550.000,685.886,37.836
602100.000,1604550.000,676.878,47.658
602150.000,1604550.000,667.854,41.501
602200.000,1604550.000,658.931,46.095
602250.000,1604550.000,650.262,61.826
602300.000,1604550.000,641.985,60.603
602350.000,1604550.000,634.230,58.996
602400.000,1604550.000,627.163,70.187
602450.000,1604550.000,620.895,78.301
602500.000,1604550.000,615.514,80.373
602550.000,1604550.000,611.087,85.293
602600.000,1604550.000,607.644,87.306
602650.000,1604550.000,605.198,96.547
602700.000,1604550.000,603.737,97.170
602750.000,1604550.000,603.193,105.835
602800.000,1604550.000,603.509,101.235
602850.000,1604550.000,604.607,105.325
602900.000,1604550.000,606.427,113.034
602950.000,1604550.000,608.894,110.920
603000.000,1604550.000,611.920,114.716
603050.000,1604550.000,615.440,115.813
603100.000,1604550.000,619.380,122.542
603150.000,1604550.000,623.720,111.828
603200.000,1604550.000,628.375,127.627
603250.000,1604550.000,633.295,107.740
603300.000,1604550.000,638.424,120.230
603350.000,1604550.000,643.721,109.252
603400.000,1604550.000,649.109,106.828
603450.000,1604550.000,654.544,102.530
603500.000,1604550.000,659.959,94.846
603550.000,1604550.000,665.280,99.212
603600.000,1604550.000,670.462,94.735
603650.000,1604550.000,675.440,97.034
603700.000,1604550.000,680.162,83.129
603750.000,1604550.000,684.577,82.407
603800.000,1604550.000,688.645,71.326
603850.000,1604550.000,692.318,72.915
603900.000,1604550.000,695.563,68.500
603950.000,1604550.000,698.372,67.988
604000.000,1604550.000,700.712,67.838
604050.000,1604550.000,702.569,60.764
604100.000,1604550.000,703.941,56.646
604150.000,1604550.000,704.826,52.630
604200.000,1604550.000,705.249,42.896
604250.000,1604550.000,705.226,42.494
604300.000,1604550.000,704.812,46.496
604350.000,1604550.000,704.038,37.601
604400.000,1604550.000,702.980,35.267
604450.000,1604550.000,701.692,19.054
604500.000,1604550.000,700.247,29.175
604550.000,1604550.000,698.744,18.247
604600.000,1604550.000,697.252,20.492
604650.000,1604550.000,695.866,20.696
604700.000,1604550.000,694.643,16.543
604750.000,1604550.000,693.632,5.926
604800.000,1604550.000,692.873,20.235
604850.000,1604550.000,692.403,14.962
604900.000,1604550.000,692.193,12.423
604950.000,1604550.000,692.226,7.697
605000.000,1604550.000,692.437,4.189
600000.000,1604600.000,716.076,-15.687
600050.000,1604600.000,719.435,-4.966
600100.000,1604600.000,722.743,4.324
600150.000,1604600.000,726.155,1.485
600200.000,1604600.000,729.751,-5.456
600250.000,1604600.000,733.610,-12.316
600300.000,1604600.000,737.807,6.532
600350.000,1604600.000,742.351,-1.085
600400.000,1604600.000,747.247,4.272
600450.000,1604600.000,752.460,-0.057
600500.000,1604600.000,757.905,2.974
600550.000,1604600.000,763.491,4.127
600600.000,1604600.000,769.091,-0.748
600650.000,1604600.000,774.596,6.234
600700.000,1604600.000,779.836,4.518
600750.000,1604600.000,784.692,2.326
600800.000,1604600.000,789.037,-6.084
600850.000,1604600.000,792.760,1.939
600900.000,1604600.000,795.765,4.520
600950.000,1604600.000,797.972,-3.939
601000.000,1604600.000,799.320,9.250
601050.000,1604600.000,799.773,1.480
601100.000,1604600.000,799.317,4.251
601150.000,1604600.000,797.958,6.270
601200.000,1604600.000,795.725,6.892
601250.000,1604600.000,792.684,3.869
601300.000,1604600.000,788.877,13.405
601350.000,1604600.000,784.395,12.020
601400.000,1604600.000,779.309,7.992
601450.000,1604600.000,773.713,11.553
601500.000,1604600.000,767.687,19.285
601550.000,1604600.000,761.304,17.649
601600.000,1604600.000,754.626,25.149
601650.000,1604600.000,747.690,24.953
601700.000,1604600.000,740.528,20.643
601750.000,1604600.000,733.147,22.529
601800.000,1604600.000,725.555,24.150
601850.000,1604600.000,717.732,43.962
601900.000,1604600.000,709.686,29.587
601950.000,1604600.000,701.421,37.054
602000.000,1604600.000,692.939,35.821
602050.000,1604600.000,684.304,42.618
602100.000,1604600.000,675.569,43.277
602150.000,1604600.000,666.824,55.373
602200.000,1604600.000,658.172,43.610
602250.000,1604600.000,649.758,44.394
602300.000,1604600.000,641.705,64.359
602350.000,1604600.000,634.140,64.568
602400.000,1604600.000,627.219,59.679
602450.000,1604600.000,621.052,66.476
602500.000,1604600.000,615.728,72.459
602550.000,1604600.000,611.318,72.809
602600.000,1604600.000,607.861,80.292
602650.000,1604600.000,605.379,98.636
602700.000,1604600.000,603.870,82.709
602750.000,1604600.000,603.278,94.805
602800.000,1604600.000,603.554,94.831
602850.000,1604600.000,604.628,103.332
602900.000,1604600.000,606.444,105.604
602950.000,1604600.000,608.928,103.855
603000.000,1604600.000,611.988,117.994
603050.000,1604600.000,615.552,99.699
603100.000,1604600.000,619.540,111.867
603150.000,1604600.000,623.918,121.116
603200.000,1604600.000,628.592,102.080
603250.000,1604600.000,633.503,102.150
603300.000,1604600.000,638.585,105.962
603350.000,1604600.000,643.795,105.159
603400.000,1604600.000,649.055,103.837
603450.000,1604600.000,654.327,108.345
603500.000,1604600.000,659.553,98.950
603550.000,1604600.000,664.672,85.339
603600.000,1604600.000,669.660,83.047
603650.000,1604600.000,674.471,88.545
603700.000,1604600.000,679.074,74.219
603750.000,1604600.000,683.441,77.929
603800.000,1604600.000,687.547,63.039
603850.000,1604600.000,691.361,67.946
603900.000,1604600.000,694.859,70.165
603950.000,1604600.000,698.035,51.591
604000.000,1604600.000,700.849,58.724
604050.000,1604600.000,703.279,49.697
604100.000,1604600.000,705.302,54.407
604150.000,1604600.000,706.895,49.682
604200.000,1604600.000,708.055,48.729
604250.000,1604600.000,708.768,35.508
604300.000,1604600.000,709.059,50.108
604350.000,1604600.000,708.932,31.887
604400.000,1604600.000,708.436,31.699
604450.000,1604600.000,707.603,22.471
604500.000,1604600.000,706.492,15.381
604550.000,1604600.000,705.194,23.403
604600.000,1604600.000,703.772,23.970
604650.000,1604600.000,702.325,17.212
604700.000,1604600.000,700.916,17.703
604750.000,1604600.000,699.610,17.251
604800.000,1604600.000,698.460,11.191
604850.000,1604600.000,697.526,10.004
604900.000,1604600.000,696.796,1.223
604950.000,1604600.000,696.277,4.838
605000.000,1604600.000,695.924,2.210
600000.000,1604650.000,713.799,-4.910
600050.000,1604650.000,716.721,-5.382
600100.000,1604650.000,719.573,1.628
600150.000,1604650.000,722.516,12.168
600200.000,1604650.000,725.635,-0.644
600250.000,1604650.000,729.020,10.459
600300.000,1604650.000,732.758,3.972
600350.000,1604650.000,736.866,-0.412
600400.000,1604650.000,741.364,-4.806
600450.000,1604650.000,746.227,3.672
600500.000,1604650.000,751.377,1.396
600550.000,1604650.000,756.735,4.424
600600.000,1604650.000,762.176,-0.470
600650.000,1604650.000,767.595,-0.359
600700.000,1604650.000,772.823,-4.671
600750.000,1604650.000,777.735,-10.693
600800.000,1604650.000,782.199,4.527
600850.000,1604650.000,786.097,5.033
600900.000,1604650.000,789.321,4.234
600950.000,1604650.000,791.781,-0.410
601000.000,1604650.000,793.403,6.391
601050.000,1604650.000,794.139,4.822
601100.000,1604650.000,793.964,5.279
601150.000,1604650.000,792.873,8.344
601200.000,1604650.000,790.888,12.489
601250.000,1604650.000,788.068,12.519
601300.000,1604650.000,784.453,12.308
601350.000,1604650.000,780.134,9.053
601400.000,1604650.000,775.183,14.735
601450.000,1604650.000,769.699,11.056
601500.000,1604650.000,763.771,14.884
601550.000,1604650.000,757.478,23.215
601600.000,1604650.000,750.893,13.494
601650.000,1604650.000,744.061,18.458
601700.000,1604650.000,737.024,24.434
601750.000,1604650.000,729.795,28.506
601800.000,1604650.000,722.389,27.014
601850.000,1604650.000,714.786,21.394
601900.000,1604650.000,706.998,42.411
601950.000,1604650.000,699.021,32.099
602000.000,1604650.000,690.857,41.345
602050.000,1604650.000,682.557,37.038
602100.000,1604650.000,674.166,43.339
602150.000,1604650.000,665.758,46.911
602200.000,1604650.000,657.426,52.945
602250.000,1604650.000,649.305,49.915
602300.000,1604650.000,641.506,61.171
602350.000,1604650.000,634.145,57.041
602400.000,1604650.000,627.376,68.117
602450.000,1604650.000,621.305,63.234
602500.000,1604650.000,616.024,63.128
602550.000,1604650.000,611.612,76.289
602600.000,1604650.000,608.114,75.414
602650.000,1604650.000,605.563,81.730
602700.000,1604650.000,603.971,90.100
602750.000,1604650.000,603.295,87.672
602800.000,1604650.000,603.495,82.926
602850.000,1604650.000,604.511,104.837
602900.000,1604650.000,606.292,93.940
602950.000,1604650.000,608.765,101.249
603000.000,1604650.000,611.835,112.611
603050.000,1604650.000,615.425,95.629
603100.000,1604650.000,619.444,106.905
603150.000,1604650.000,623.848,113.830
603200.000,1604650.000,628.529,93.961
603250.000,1604650.000,633.420,109.068
603300.000,1604650.000,638.444,95.214
603350.000,1604650.000,643.550,103.536
603400.000,1604650.000,648.660,87.729
603450.000,1604650.000,653.740,77.541
603500.000,1604650.000,658.739,95.735
603550.000,1604650.000,663.610,80.685
603600.000,1604650.000,668.346,75.039
603650.000,1604650.000,672.921,73.483
603700.000,1604650.000,677.328,74.612
603750.000,1604650.000,681.562,84.677
603800.000,1604650.000,685.619,77.101
603850.000,1604650.000,689.484,71.801
603900.000,1604650.000,693.147,65.213
603950.000,1604650.000,696.607,61.263
604000.000,1604650.000,699.825,63.297
604050.000,1604650.000,702.768,55.575
604100.000,1604650.000,705.403,47.335
604150.000,1604650.000,707.684,43.465
604200.000,1604650.000,709.582,38.019
604250.000,1604650.000,711.058,35.715
604300.000,1604650.000,712.104,30.279
604350.000,1604650.000,712.697,34.388
604400.000,1604650.000,712.858,31.109
604450.000,1604650.000,712.594,24.690
604500.000,1604650.000,711.948,31.679
604550.000,1604650.000,710.993,27.810
604600.000,1604650.000,709.788,17.645
604650.000,1604650.000,708.428,11.970
604700.000,1604650.000,706.979,26.914
604750.000,1604650.000,705.514,13.327
604800.000,1604650.000,704.097,2.892
604850.000,1604650.000,702.805,7.049
604900.000,1604650.000,701.644,19.085
604950.000,1604650.000,700.640,10.861
605000.000,1604650.000,699.772,11.009
600000.000,1604700.000,712.729,-4.495
600050.000,1604700.000,715.182,0.686
600100.000,1604700.000,717.537,0.946
600150.000,1604700.000,719.960,-10.867
600200.000,1604700.000,722.543,-5.425
600250.000,1604700.000,725.385,-4.190
600300.000,1604700.000,728.584,8.287
600350.000,1604700.000,732.173,2.667
600400.000,1604700.000,736.180,-2.396
600450.000,1604700.000,740.594,5.140
600500.000,1604700.000,745.348,-1.302
600550.000,1604700.000,750.371,2.875
600600.000,1604700.000,755.548,4.751
600650.000,1604700.000,760.776,6.996
600700.000,1604700.000,765.886,3.043
600750.000,1604700.000,770.754,10.729
600800.000,1604700.000,775.241,9.072
600850.000,1604700.000,779.223,2.798
600900.000,1604700.000,782.578,15.190
600950.000,1604700.000,785.209,14.282
601000.000,1604700.000,787.026,3.989
601050.000,1604700.000,787.974,9.032
601100.000,1604700.000,788.012,11.993
601150.000,1604700.000,787.127,14.645
601200.000,1604700.000,785.333,4.095
601250.000,1604700.000,782.686,10.848
601300.000,1604700.000,779.223,20.729
601350.000,1604700.000,775.035,19.057
601400.000,1604700.000,770.199,11.530
601450.000,1604700.000,764.821,12.997
601500.000,1604700.000,758.995,19.248
601550.000,1604700.000,752.812,26.605
601600.000,1604700.000,746.351,22.323
601650.000,1604700.000,739.669,26.345
601700.000,1604700.000,732.812,25.423
601750.000,1604700.000,725.800,16.744
601800.000,1604700.000,718.652,25.004
601850.000,1604700.000,711.347,36.864
601900.000,1604700.000,703.893,30.641
601950.000,1604700.000,696.284,42.509
602000.000,1604700.000,688.511,33.232
602050.000,1604700.000,680.617,33.915
602100.000,1604700.000,672.633,41.190
602150.000,1604700.000,664.620,46.655
602200.000,1604700.000,656.655,45.951
602250.000,1604700.000,648.866,60.998
602300.000,1604700.000,641.347,62.706
602350.000,1604700.000,634.210,52.899
602400.000,1604700.000,627.601,59.504
602450.000,1604700.000,621.627,64.538
602500.000,1604700.000,616.382,68.019
602550.000,1604700.000,611.952,78.155
602600.000,1604700.000,608.390,76.551
602650.000,1604700.000,605.743,65.542
602700.000,1604700.000,604.036,90.845
602750.000,1604700.000,603.240,79.923
602800.000,1604700.000,603.328,98.047
602850.000,1604700.000,604.248,82.176
602900.000,1604700.000,605.957,101.492
602950.000,1604700.000,608.383,89.641
603000.000,1604700.000,611.430,105.083
603050.000,1604700.000,615.015,89.706
603100.000,1604700.000,619.039,90.901
603150.000,1604700.000,623.445,107.912
603200.000,1604700.000,628.113,93.737
603250.000,1604700.000,632.964,92.044
603300.000,1604700.000,637.909,95.273
603350.000,1604700.000,642.890,93.216
603400.000,1604700.000,647.826,81.058
603450.000,1604700.000,652.685,89.519
603500.000,1604700.000,657.420,80.484
603550.000,1604700.000,661.999,81.127
603600.000,1604700.000,666.429,76.032
603650.000,1604700.000,670.707,85.036
603700.000,1604700.000,674.846,66.528
603750.000,1604700.000,678.868,75.906
603800.000,1604700.000,682.788,65.902
603850.000,1604700.000,686.615,66.659
603900.000,1604700.000,690.350,55.569
603950.000,1604700.000,694.006,62.289
604000.000,1604700.000,697.545,52.503
604050.000,1604700.000,700.930,59.072
604100.000,1604700.000,704.118,50.768
604150.000,1604700.000,707.048,46.647
604200.000,1604700.000,709.665,31.178
604250.000,1604700.000,711.907,25.537
604300.000,1604700.000,713.736,35.026
604350.000,1604700.000,715.101,29.357
604400.000,1604700.000,715.994,28.999
604450.000,1604700.000,716.398,31.321
604500.000,1604700.000,716.333,21.644
604550.000,1604700.000,715.855,21.956
604600.000,1604700.000,715.010,7.906
604650.000,1604700.000,713.886,12.974
604700.000,1604700.000,712.545,14.446
604750.000,1604700.000,711.065,17.160
604800.000,1604700.000,709.516,12.458
604850.000,1604700.000,707.988,16.536
604900.000,1604700.000,706.499,8.617
604950.000,1604700.000,705.095,17.149
605000.000,1604700.000,703.774,5.176
600000.000,1604750.000,713.092,4.671
600050.000,1604750.000,715.061,-7.571
600100.000,1604750.000,716.896,5.665
600150.000,1604750.000,718.765,-0.945
600200.000,1604750.000,720.768,1.664
600250.000,1604750.000,723.014,-2.791
600300.000,1604750.000,725.611,-6.845
600350.000,1604750.000,728.605,0.695
600400.000,1604750.000,732.039,-6.055
600450.000,1604750.000,735.913,-3.714
600500.000,1604750.000,740.172,2.643
600550.000,1604750.000,744.758,4.071
600600.000,1604750.000,749.562,9.824
600650.000,1604750.000,754.490,0.597
600700.000,1604750.000,759.372,7.506
600750.000,1604750.000,764.087,-5.369
600800.000,1604750.000,768.490,14.747
600850.000,1604750.000,772.448,10.274
600900.000,1604750.000,775.834,3.373
600950.000,1604750.000,778.537,-0.901
601000.000,1604750.000,780.456,5.377
601050.000,1604750.000,781.526,8.886
601100.000,1604750.000,781.691,10.803
601150.000,1604750.000,780.933,17.491
601200.000,1604750.000,779.259,8.234
601250.000,1604750.000,776.719,14.603
601300.000,1604750.000,773.353,15.216
601350.000,1604750.000,769.251,26.781
601400.000,1604750.000,764.497,22.365
601450.000,1604750.000,759.204,19.207
601500.000,1604750.000,753.475,12.581
601550.000,1604750.000,747.409,22.494
601600.000,1604750.000,741.093,7.790
601650.000,1604750.000,734.593,22.748
601700.000,1604750.000,727.960,19.827
601750.000,1604750.000,721.219,28.988
601800.000,1604750.000,714.389,22.573
601850.000,1604750.000,707.446,33.762
601900.000,1604750.000,700.396,32.040
601950.000,1604750.000,693.221,31.864
602000.000,1604750.000,685.906,47.455
602050.000,1604750.000,678.479,33.964
602100.000,1604750.000,670.959,39.656
602150.000,1604750.000,663.391,46.287
602200.000,1604750.000,655.838,40.126
602250.000,1604750.000,648.415,43.159
602300.000,1604750.000,641.207,49.189
602350.000,1604750.000,634.314,59.957
602400.000,1604750.000,627.879,58.601
602450.000,1604750.000,622.008,67.158
602500.000,1604750.000,616.796,59.562
602550.000,1604750.000,612.339,71.767
602600.000,1604750.000,608.699,79.355
602650.000,1604750.000,605.936,74.006
602700.000,1604750.000,604.088,69.100
602750.000,1604750.000,603.141,83.102
602800.000,1604750.000,603.082,76.227
602850.000,1604750.000,603.869,83.675
602900.000,1604750.000,605.467,82.480
602950.000,1604750.000,607.806,84.914
603000.000,1604750.000,610.791,88.336
603050.000,1604750.000,614.334,83.511
603100.000,1604750.000,618.327,85.680
603150.000,1604750.000,622.702,83.959
603200.000,1604750.000,627.324,103.550
603250.000,1604750.000,632.105,90.971
603300.000,1604750.000,636.943,96.509
603350.000,1604750.000,641.771,87.887
603400.000,1604750.000,646.501,81.014
603450.000,1604750.000,651.105,68.699
603500.000,1604750.000,655.539,88.796
603550.000,1604750.000,659.780,73.908
603600.000,1604750.000,663.852,85.972
603650.000,1604750.000,667.772,77.013
603700.000,1604750.000,671.574,61.044
603750.000,1604750.000,675.305,54.698
603800.000,1604750.000,679.004,56.469
603850.000,1604750.000,682.700,55.100
603900.000,1604750.000,686.413,59.391
603950.000,1604750.000,690.168,48.344
604000.000,1604750.000,693.935,56.107
604050.000,1604750.000,697.677,40.240
604100.000,1604750.000,701.343,54.043
604150.000,1604750.000,704.861,46.358
604200.000,1604750.000,708.157,38.850
604250.000,1604750.000,711.145,40.435
604300.000,1604750.000,713.761,43.469
604350.000,1604750.000,715.929,34.631
604400.000,1604750.000,717.610,24.685
604450.000,1604750.000,718.760,27.732
604500.000,1604750.000,719.378,28.310
604550.000,1604750.000,719.498,29.603
604600.000,1604750.000,719.150,15.356
604650.000,1604750.000,718.406,18.347
604700.000,1604750.000,717.324,18.870
604750.000,1604750.000,715.979,12.552
604800.000,1604750.000,714.443,11.409
604850.000,1604750.000,712.812,8.838
604900.000,1604750.000,711.114,5.327
604950.000,1604750.000,709.411,11.800
605000.000,1604750.000,707.721,6.936
600000.000,1604800.000,715.013,-3.742
600050.000,1604800.000,716.500,5.484
600100.000,1604800.000,717.811,-8.218
600150.000,1604800.000,719.112,-7.420
600200.000,1604800.000,720.511,-8.156
600250.000,1604800.000,722.126,1.426
600300.000,1604800.000,724.077,1.567
600350.000,1604800.000,726.421,0.934
600400.000,1604800.000,729.214,1.727
600450.000,1604800.000,732.471,-2.049
600500.000,1604800.000,736.149,-0.706
600550.000,1604800.000,740.202,1.739
600600.000,1604800.000,744.532,4.511
600650.000,1604800.000,749.052,0.543
600700.000,1604800.000,753.596,5.689
600750.000,1604800.000,758.045,7.130
600800.000,1604800.000,762.252,6.442
600850.000,1604800.000,766.077,8.025
600900.000,1604800.000,769.383,-1.127
600950.000,1604800.000,772.051,5.820
601000.000,1604800.000,773.967,7.046
601050.000,1604800.000,775.058,11.529
601100.000,1604800.000,775.255,5.678
601150.000,1604800.000,774.533,14.901
601200.000,1604800.000,772.894,12.616
601250.000,1604800.000,770.385,10.433
601300.000,1604800.000,767.047,15.096
601350.000,1604800.000,762.975,17.484
601400.000,1604800.000,758.257,21.989
601450.000,1604800.000,753.015,8.878
601500.000,1604800.000,747.362,15.870
601550.000,1604800.000,741.405,23.168
601600.000,1604800.000,735.241,17.304
601650.000,1604800.000,728.940,17.594
601700.000,1604800.000,722.560,24.680
601750.000,1604800.000,716.126,25.276
601800.000,1604800.000,709.659,30.234
601850.000,1604800.000,703.128,24.545
601900.000,1604800.000,696.533,26.276
601950.000,1604800.000,689.847,38.621
602000.000,1604800.000,683.043,30.036
602050.000,1604800.000,676.136,28.936
602100.000,1604800.000,669.129,46.689
602150.000,1604800.000,662.051,36.769
602200.000,1604800.000,654.951,44.619
602250.000,1604800.000,647.931,52.202
602300.000,1604800.000,641.064,47.899
602350.000,1604800.000,634.440,54.713
602400.000,1604800.000,628.199,55.776
602450.000,1604800.000,622.444,62.799
602500.000,1604800.000,617.273,60.910
602550.000,1604800.000,612.790,66.618
602600.000,1604800.000,609.066,68.145
602650.000,1604800.000,606.174,71.232
602700.000,1604800.000,604.167,79.659
602750.000,1604800.000,603.045,69.263
602800.000,1604800.000,602.808,73.799
602850.000,1604800.000,603.428,87.899
602900.000,1604800.000,604.876,80.583
602950.000,1604800.000,607.087,87.974
603000.000,1604800.000,609.966,92.347
603050.000,1604800.000,613.421,91.996
603100.000,1604800.000,617.339,85.421
603150.000,1604800.000,621.638,86.409
603200.000,1604800.000,626.172,79.697
603250.000,1604800.000,630.842,87.467
603300.000,1604800.000,635.533,93.547
603350.000,1604800.000,640.168,89.438
603400.000,1604800.000,644.656,77.700
603450.000,1604800.000,648.965,84.106
603500.000,1604800.000,653.056,67.018
603550.000,1604800.000,656.914,78.971
603600.000,1604800.000,660.578,58.941
603650.000,1604800.000,664.081,71.806
603700.000,1604800.000,667.481,62.728
603750.000,1604800.000,670.846,66.225
603800.000,1604800.000,674.240,60.076
603850.000,1604800.000,677.715,60.598
603900.000,1604800.000,681.311,55.385
603950.000,1604800.000,685.067,50.244
604000.000,1604800.000,688.962,52.583
604050.000,1604800.000,692.963,59.270
604100.000,1604800.000,697.019,39.399
604150.000,1604800.000,701.049,41.370
604200.000,1604800.000,704.962,40.845
604250.000,1604800.000,708.656,38.933
604300.000,1604800.000,712.041,32.474
604350.000,1604800.000,715.016,26.932
604400.000,1604800.000,717.516,24.570
604450.000,1604800.000,719.470,25.830
604500.000,1604800.000,720.852,26.798
604550.000,1604800.000,721.672,11.376
604600.000,1604800.000,721.939,14.991
604650.000,1604800.000,721.710,22.837
604700.000,1604800.000,721.029,9.535
604750.000,1604800.000,719.964,10.951
604800.000,1604800.000,718.584,11.476
604850.000,1604800.000,716.987,14.649
604900.000,1604800.000,715.207,15.143
604950.000,1604800.000,713.317,15.329
605000.000,1604800.000,711.353,6.651
600000.000,1604850.000,718.500,1.060
600050.000,1604850.000,719.524,0.652
600100.000,1604850.000,720.319,-2.714
600150.000,1604850.000,721.055,-7.560
600200.000,1604850.000,721.843,-1.832
600250.000,1604850.000,722.812,1.399
600300.000,1604850.000,724.089,-3.453
600350.000,1604850.000,725.745,6.130
600400.000,1604850.000,727.848,0.046
600450.000,1604850.000,730.428,10.976
600500.000,1604850.000,733.453,2.586
600550.000,1604850.000,736.894,4.946
600600.000,1604850.000,740.662,2.365
600650.000,1604850.000,744.680,12.736
600700.000,1604850.000,748.787,5.197
600750.000,1604850.000,752.867,7.297
600800.000,1604850.000,756.771,4.276
600850.000,1604850.000,760.356,1.056
600900.000,1604850.000,763.475,-0.562
600950.000,1604850.000,766.002,4.915
601000.000,1604850.000,767.811,13.273
601050.000,1604850.000,768.820,8.869
601100.000,1604850.000,768.950,20.318
601150.000,1604850.000,768.169,8.791
601200.000,1604850.000,766.476,12.487
601250.000,1604850.000,763.916,19.838
601300.000,1604850.000,760.533,8.945
601350.000,1604850.000,756.425,24.023
601400.000,1604850.000,751.690,11.832
601450.000,1604850.000,746.457,18.495
601500.000,1604850.000,740.849,10.038
601550.000,1604850.000,734.984,20.619
601600.000,1604850.000,728.965,26.654
601650.000,1604850.000,722.870,21.797
601700.000,1604850.000,716.758,28.835
601750.000,1604850.000,710.657,20.243
601800.000,1604850.000,704.585,27.445
601850.000,1604850.000,698.504,29.481
601900.000,1604850.000,692.405,32.846
601950.000,1604850.000,686.252,28.450
602000.000,1604850.000,680.003,36.836
602050.000,1604850.000,673.660,45.338
602100.000,1604850.000,667.207,46.010
602150.000,1604850.000,660.660,45.564
602200.000,1604850.000,654.048,30.133
602250.000,1604850.000,647.466,37.873
602300.000,1604850.000,640.969,45.012
602350.000,1604850.000,634.641,46.120
602400.000,1604850.000,628.615,49.658
602450.000,1604850.000,622.993,51.960
602500.000,1604850.000,617.875,61.948
602550.000,1604850.000,613.373,69.585
602600.000,1604850.000,609.565,65.513
602650.000,1604850.000,606.538,72.304
602700.000,1604850.000,604.356,78.912
602750.000,1604850.000,603.039,61.961
602800.000,1604850.000,602.598,73.194
602850.000,1604850.000,603.015,72.472
602900.000,1604850.000,604.273,82.227
602950.000,1604850.000,606.310,67.275
603000.000,1604850.000,609.032,80.644
603050.000,1604850.000,612.347,72.569
603100.000,1604850.000,616.135,85.430
603150.000,1604850.000,620.303,81.801
603200.000,1604850.000,624.695,95.194
603250.000,1604850.000,629.202,75.702
603300.000,1604850.000,633.697,74.804
603350.000,1604850.000,638.091,69.499
603400.000,1604850.000,642.289,83.871
603450.000,1604850.000,646.259,78.058
603500.000,1604850.000,649.962,82.449
603550.000,1604850.000,653.390,65.314
603600.000,1604850.000,656.595,76.482
603650.000,1604850.000,659.626,65.822
603700.000,1604850.000,662.560,68.560
603750.000,1604850.000,665.490,56.033
603800.000,1604850.000,668.501,63.288
603850.000,1604850.000,671.668,50.419
603900.000,1604850.000,675.051,60.013
603950.000,1604850.000,678.707,54.658
604000.000,1604850.000,682.628,50.844
604050.000,1604850.000,686.787,44.311
604100.000,1604850.000,691.135,53.196
604150.000,1604850.000,695.586,40.200
604200.000,1604850.000,700.041,38.580
604250.000,1604850.000,704.380,52.422
604300.000,1604850.000,708.494,30.417
604350.000,1604850.000,712.261,32.877
604400.000,1604850.000,715.589,22.306
604450.000,1604850.000,718.380,22.490
604500.000,1604850.000,720.585,28.121
604550.000,1604850.000,722.187,23.056
604600.000,1604850.000,723.172,21.900
604650.000,1604850.000,723.578,19.415
604700.000,1604850.000,723.429,14.857
604750.000,1604850.000,722.781,12.374
604800.000,1604850.000,721.698,11.107
604850.000,1604850.000,720.272,8.152
604900.000,1604850.000,718.541,9.577
604950.000,1604850.000,716.584,7.882
605000.000,1604850.000,714.453,0.252
600000.000,1604900.000,723.451,-6.438
600050.000,1604900.000,724.038,2.560
600100.000,1604900.000,724.340,8.845
600150.000,1604900.000,724.528,-10.785
600200.000,1604900.000,724.714,4.164
600250.000,1604900.000,725.038,-6.267
600300.000,1604900.000,725.632,8.251
600350.000,1604900.000,726.582,6.317
600400.000,1604900.000,727.964,5.431
600450.000,1604900.000,729.825,8.355
600500.000,1604900.000,732.146,-2.617
600550.000,1604900.000,734.910,1.417
600600.000,1604900.000,738.045,1.792
600650.000,1604900.000,741.480,3.864
600700.000,1604900.000,745.063,6.560
600750.000,1604900.000,748.682,0.034
600800.000,1604900.000,752.188,14.283
600850.000,1604900.000,755.434,-0.885
600900.000,1604900.000,758.267,12.979
600950.000,1604900.000,760.552,6.708
601000.000,1604900.000,762.153,5.776
601050.000,1604900.000,762.982,12.158
601100.000,1604900.000,762.948,1.635
601150.000,1604900.000,762.017,13.720
601200.000,1604900.000,760.183,7.347
601250.000,1604900.000,757.490,8.586
601300.000,1604900.000,753.987,13.890
601350.000,1604900.000,749.778,19.561
601400.000,1604900.000,744.969,26.159
601450.000,1604900.000,739.699,10.590
601500.000,1604900.000,734.101,3.390
601550.000,1604900.000,728.305,22.952
601600.000,1604900.000,722.418,16.966
601650.000,1604900.000,716.525,26.888
601700.000,1604900.000,710.688,30.791
601750.000,1604900.000,704.933,30.939
601800.000,1604900.000,699.277,17.273
601850.000,1604900.000,693.672,23.146
601900.000,1604900.000,688.101,33.905
601950.000,1604900.000,682.512,24.692
602000.000,1604900.000,676.853,36.852
602050.000,1604900.000,671.108,30.128
602100.000,1604900.000,665.244,46.609
602150.000,1604900.000,659.262,42.645
602200.000,1604900.000,653.173,41.968
602250.000,1604900.000,647.059,47.824
602300.000,1604900.000,640.963,34.511
602350.000,1604900.000,634.958,47.758
602400.000,1604900.000,629.172,46.687
602450.000,1604900.000,623.705,61.775
602500.000,1604900.000,618.658,46.673
602550.000,1604900.000,614.150,53.985
602600.000,1604900.000,610.266,63.796
602650.000,1604900.000,607.106,77.513
602700.000,1604900.000,604.745,66.167
602750.000,1604900.000,603.218,69.533
602800.000,1604900.000,602.550,79.650
602850.000,1604900.000,602.735,77.261
602900.000,1604900.000,603.764,72.084
602950.000,1604900.000,605.581,79.276
603000.000,1604900.000,608.094,64.094
603050.000,1604900.000,611.213,71.351
603100.000,1604900.000,614.809,69.939
603150.000,1604900.000,618.784,71.270
603200.000,1604900.000,622.970,72.959
603250.000,1604900.000,627.251,81.639
603300.000,1604900.000,631.490,81.997
603350.000,1604900.000,635.586,75.904
603400.000,1604900.000,639.441,74.582
603450.000,1604900.000,643.021,75.464
603500.000,1604900.000,646.285,72.089
603550.000,1604900.000,649.235,73.514
603600.000,1604900.000,651.931,70.098
603650.000,1604900.000,654.437,67.465
603700.000,1604900.000,656.848,65.341
603750.000,1604900.000,659.279,49.742
603800.000,1604900.000,661.833,56.584
603850.000,1604900.000,664.612,56.887
603900.000,1604900.000,667.693,55.548
603950.000,1604900.000,671.153,44.223
604000.000,1604900.000,674.998,49.724
604050.000,1604900.000,679.210,44.859
604100.000,1604900.000,683.745,47.196
604150.000,1604900.000,688.520,40.475
604200.000,1604900.000,693.425,40.844
604250.000,1604900.000,698.334,25.671
604300.000,1604900.000,703.119,29.894
604350.000,1604900.000,707.638,30.445
604400.000,1604900.000,711.779,27.296
604450.000,1604900.000,715.418,16.514
604500.000,1604900.000,718.480,30.437
604550.000,1604900.000,720.922,36.123
604600.000,1604900.000,722.705,24.355
604650.000,1604900.000,723.843,21.583
604700.000,1604900.000,724.339,25.699
604750.000,1604900.000,724.234,13.271
604800.000,1604900.000,723.577,22.869
604850.000,1604900.000,722.455,10.037
604900.000,1604900.000,720.902,20.812
604950.000,1604900.000,719.002,17.712
605000.000,1604900.000,716.818,14.754
600000.000,1604950.000,729.650,-7.448
600050.000,1604950.000,729.834,12.673
600100.000,1604950.000,729.675,3.693
600150.000,1604950.000,729.340,8.894
600200.000,1604950.000,728.948,-1.693
600250.000,1604950.000,728.643,-0.393
600300.000,1604950.000,728.564,-3.627
600350.000,1604950.000,728.806,9.301
600400.000,1604950.000,729.459,4.707
600450.000,1604950.000,730.581,4.997
600500.000,1604950.000,732.167,-5.407
600550.000,1604950.000,734.217,7.796
600600.000,1604950.000,736.669,6.760
600650.000,1604950.000,739.465,0.347
600700.000,1604950.000,742.461,6.110
600750.000,1604950.000,745.549,11.292
600800.000,1604950.000,748.583,8.791
600850.000,1604950.000,751.412,1.923
600900.000,1604950.000,753.878,6.981
600950.000,1604950.000,755.839,12.551
601000.000,1604950.000,757.149,0.188
601050.000,1604950.000,757.714,18.307
601100.000,1604950.000,757.434,11.976
601150.000,1604950.000,756.271,17.792
601200.000,1604950.000,754.217,13.206
601250.000,1604950.000,751.316,21.432
601300.000,1604950.000,747.624,15.941
601350.000,1604950.000,743.251,26.947
601400.000,1604950.000,738.312,19.524
601450.000,1604950.000,732.957,22.045
601500.000,1604950.000,727.331,20.334
601550.000,1604950.000,721.573,20.946
601600.000,1604950.000,715.797,17.623
601650.000,1604950.000,710.094,22.700
601700.000,1604950.000,704.527,31.846
601750.000,1604950.000,699.122,28.270
601800.000,1604950.000,693.891,29.826
601850.000,1604950.000,688.776,18.716
601900.000,1604950.000,683.751,39.524
601950.000,1604950.000,678.750,29.076
602000.000,1604950.000,673.704,18.243
602050.000,1604950.000,668.584,20.851
602100.000,1604950.000,663.337,35.480
602150.000,1604950.000,657.946,42.616
602200.000,1604950.000,652.408,42.844
602250.000,1604950.000,646.790,53.086
602300.000,1604950.000,641.121,40.259
602350.000,1604950.000,635.467,52.343
602400.000,1604950.000,629.945,39.936
602450.000,1604950.000,624.657,66.235
602500.000,1604950.000,619.701,57.830
602550.000,1604950.000,615.204,60.583
602600.000,1604950.000,611.257,66.076
602650.000,1604950.000,607.969,47.466
602700.000,1604950.000,605.429,68.368
602750.000,1604950.000,603.685,61.026
602800.000,1604950.000,602.773,68.307
602850.000,1604950.000,602.701,63.823
602900.000,1604950.000,603.467,74.784
602950.000,1604950.000,605.021,66.565
603000.000,1604950.000,607.276,72.545
603050.000,1604950.000,610.141,73.982
603100.000,1604950.000,613.485,60.677
603150.000,1604950.000,617.202,63.571
603200.000,1604950.000,621.116,59.460
603250.000,1604950.000,625.105,56.338
603300.000,1604950.000,629.023,71.070
603350.000,1604950.000,632.760,70.240
603400.000,1604950.000,636.215,60.269
603450.000,1604950.000,639.349,59.949
603500.000,1604950.000,642.125,65.469
603550.000,1604950.000,644.547,66.191
603600.000,1604950.000,646.685,58.003
603650.000,1604950.000,648.616,58.045
603700.000,1604950.000,650.450,53.984
603750.000,1604950.000,652.321,57.947
603800.000,1604950.000,654.352,56.333
603850.000,1604950.000,656.666,55.423
603900.000,1604950.000,659.361,46.443
603950.000,1604950.000,662.531,42.175
604000.000,1604950.000,666.197,39.342
604050.000,1604950.000,670.356,43.541
604100.000,1604950.000,674.972,40.999
604150.000,1604950.000,679.963,42.196
604200.000,1604950.000,685.220,31.525
604250.000,1604950.000,690.608,29.284
604300.000,1604950.000,695.988,41.487
604350.000,1604950.000,701.204,26.722
604400.000,1604950.000,706.120,24.766
604450.000,1604950.000,710.592,31.247
604500.000,1604950.000,714.522,31.958
604550.000,1604950.000,717.838,7.483
604600.000,1604950.000,720.475,15.406
604650.000,1604950.000,722.421,27.790
604700.000,1604950.000,723.655,14.636
604750.000,1604950.000,724.199,15.299
604800.000,1604950.000,724.083,20.269
604850.000,1604950.000,723.385,22.220
604900.000,1604950.000,722.133,12.596
604950.000,1604950.000,720.412,13.231
605000.000,1604950.000,718.291,17.544
600000.000,1605000.000,736.786,-6.954
600050.000,1605000.000,736.599,5.824
600100.000,1605000.000,736.013,-0.569
600150.000,1605000.000,735.191,6.817
600200.000,1605000.000,734.253,-1.373
600250.000,1605000.000,733.348,5.266
600300.000,1605000.000,732.620,3.712
600350.000,1605000.000,732.174,-2.588
600400.000,1605000.000,732.108,-0.615
600450.000,1605000.000,732.494,7.914
600500.000,1605000.000,733.340,-0.656
600550.000,1605000.000,734.660,3.280
600600.000,1605000.000,736.407,2.411
600650.000,1605000.000,738.534,9.896
600700.000,1605000.000,740.904,-5.619
600750.000,1605000.000,743.418,-2.291
600800.000,1605000.000,745.930,18.420
600850.000,1605000.000,748.288,12.385
600900.000,1605000.000,750.329,2.586
600950.000,1605000.000,751.905,8.212
601000.000,1605000.000,752.862,6.987
601050.000,1605000.000,753.099,5.244
601100.000,1605000.000,752.507,6.529
601150.000,1605000.000,751.048,9.797
601200.000,1605000.000,748.710,13.841
601250.000,1605000.000,745.542,6.623
601300.000,1605000.000,741.604,16.794
601350.000,1605000.000,737.014,18.722
601400.000,1605000.000,731.899,14.454
601450.000,1605000.000,726.417,22.597
601500.000,1605000.000,720.728,17.682
601550.000,1605000.000,714.979,25.929
601600.000,1605000.000,709.293,25.542
601650.000,1605000.000,703.764,20.743
601700.000,1605000.000,698.459,24.126
601750.000,1605000.000,693.399,20.519
601800.000,1605000.000,688.595,33.876
601850.000,1605000.000,683.975,37.288
601900.000,1605000.000,679.504,29.866
601950.000,1605000.000,675.102,37.934
602000.000,1605000.000,670.685,30.142
602050.000,1605000.000,666.205,33.850
602100.000,1605000.000,661.592,36.237
602150.000,1605000.000,656.814,34.591
602200.000,1605000.000,651.847,37.070
602250.000,1605000.000,646.746,37.545
602300.000,1605000.000,641.528,36.876
602350.000,1605000.000,636.246,52.591
602400.000,1605000.000,631.014,40.385
602450.000,1605000.000,625.926,44.044
602500.000,1605000.000,621.083,58.000
602550.000,1605000.000,616.616,51.552
602600.000,1605000.000,612.621,49.029
602650.000,1605000.000,609.217,53.020
602700.000,1605000.000,606.502,63.583
602750.000,1605000.000,604.538,59.538
602800.000,1605000.000,603.373,70.713
602850.000,1605000.000,603.024,67.134
602900.000,1605000.000,603.498,78.404
602950.000,1605000.000,604.751,75.001
603000.000,1605000.000,606.700,69.513
603050.000,1605000.000,609.256,65.894
603100.000,1605000.000,612.286,69.083
603150.000,1605000.000,615.679,67.093
603200.000,1605000.000,619.254,72.421
603250.000,1605000.000,622.883,65.794
603300.000,1605000.000,626.414,69.082
603350.000,1605000.000,629.728,65.835
603400.000,1605000.000,632.722,60.511
603450.000,1605000.000,635.357,52.381
603500.000,1605000.000,637.594,54.981
603550.000,1605000.000,639.442,66.533
603600.000,1605000.000,640.978,69.969
603650.000,1605000.000,642.289,51.955
603700.000,1605000.000,643.500,55.153
603750.000,1605000.000,644.760,65.323
603800.000,1605000.000,646.211,43.177
603850.000,1605000.000,647.994,55.017
603900.000,1605000.000,650.227,51.810
603950.000,1605000.000,653.021,39.095
604000.000,1605000.000,656.416,46.933
604050.000,1605000.000,660.420,45.256
604100.000,1605000.000,665.008,45.978
604150.000,1605000.000,670.109,37.564
604200.000,1605000.000,675.611,29.296
604250.000,1605000.000,681.380,34.348
604300.000,1605000.000,687.267,31.525
604350.000,1605000.000,693.104,27.219
604400.000,1605000.000,698.740,32.624
604450.000,1605000.000,704.010,26.018
604500.000,1605000.000,708.793,36.743
604550.000,1605000.000,712.990,14.535
604600.000,1605000.000,716.511,21.902
604650.000,1605000.000,719.314,7.928
604700.000,1605000.000,721.355,19.952
604750.000,1605000.000,722.630,13.380
604800.000,1605000.000,723.152,15.642
604850.000,1605000.000,722.983,15.177
604900.000,1605000.000,722.144,19.003
604950.000,1605000.000,720.714,16.702
605000.000,1605000.000,718.769,9.958
