x,y,z,tmi
641000.0,1634000.0,80.0,-0.6199
642000.0,1634000.0,80.0,0.4583
643000.0,1634000.0,80.0,-1.6439
644000.0,1634000.0,80.0,1.7182
645000.0,1634000.0,80.0,1.0145
646000.0,1634000.0,80.0,0.1418
647000.0,1634000.0,80.0,0.1943
648000.0,1634000.0,80.0,0.8993
649000.0,1634000.0,80.0,0.4132
650000.0,1634000.0,80.0,0.5595
651000.0,1634000.0,80.0,1.6397
652000.0,1634000.0,80.0,1.5640
653000.0,1634000.0,80.0,1.1211
654000.0,1634000.0,80.0,1.2647
655000.0,1634000.0,80.0,1.7031
656000.0,1634000.0,80.0,1.1070
657000.0,1634000.0,80.0,1.5493
658000.0,1634000.0,80.0,2.7900
659000.0,1634000.0,80.0,2.3508
660000.0,1634000.0,80.0,1.3282
661000.0,1634000.0,80.0,2.5825
662000.0,1634000.0,80.0,4.1170
663000.0,1634000.0,80.0,3.5037
664000.0,1634000.0,80.0,3.9367
665000.0,1634000.0,80.0,5.1408
666000.0,1634000.0,80.0,6.7790
667000.0,1634000.0,80.0,4.3200
668000.0,1634000.0,80.0,6.9101
669000.0,1634000.0,80.0,4.3382
670000.0,1634000.0,80.0,6.1833
671000.0,1634000.0,80.0,4.9447
672000.0,1634000.0,80.0,8.0718
673000.0,1634000.0,80.0,7.8063
674000.0,1634000.0,80.0,8.5357
675000.0,1634000.0,80.0,6.6840
676000.0,1634000.0,80.0,9.1170
677000.0,1634000.0,80.0,8.5047
678000.0,1634000.0,80.0,9.6047
679000.0,1634000.0,80.0,12.0983
680000.0,1634000.0,80.0,14.2253
681000.0,1634000.0,80.0,15.3716
682000.0,1634000.0,80.0,16.5819
683000.0,1634000.0,80.0,18.8870
684000.0,1634000.0,80.0,24.9662
685000.0,1634000.0,80.0,26.6515
686000.0,1634000.0,80.0,29.6872
687000.0,1634000.0,80.0,34.6517
688000.0,1634000.0,80.0,31.9005
689000.0,1634000.0,80.0,39.2257
690000.0,1634000.0,80.0,41.2989
691000.0,1634000.0,80.0,39.0133
692000.0,1634000.0,80.0,37.2870
693000.0,1634000.0,80.0,33.7009
694000.0,1634000.0,80.0,34.7980
695000.0,1634000.0,80.0,30.1776
696000.0,1634000.0,80.0,28.1550
697000.0,1634000.0,80.0,24.7378
698000.0,1634000.0,80.0,22.4227
699000.0,1634000.0,80.0,20.6421
700000.0,1634000.0,80.0,15.1417
701000.0,1634000.0,80.0,11.8866
702000.0,1634000.0,80.0,9.4796
703000.0,1634000.0,80.0,7.4589
704000.0,1634000.0,80.0,5.1867
705000.0,1634000.0,80.0,4.3195
706000.0,1634000.0,80.0,5.5102
707000.0,1634000.0,80.0,2.4881
708000.0,1634000.0,80.0,2.5865
709000.0,1634000.0,80.0,0.4175
710000.0,1634000.0,80.0,1.3366
711000.0,1634000.0,80.0,-1.0104
641000.0,1635000.0,80.0,-0.5560
642000.0,1635000.0,80.0,2.4474
643000.0,1635000.0,80.0,-0.3563
644000.0,1635000.0,80.0,1.4063
645000.0,1635000.0,80.0,0.7955
646000.0,1635000.0,80.0,0.2480
647000.0,1635000.0,80.0,-0.1825
648000.0,1635000.0,80.0,1.8605
649000.0,1635000.0,80.0,0.4742
650000.0,1635000.0,80.0,2.3120
651000.0,1635000.0,80.0,0.1513
652000.0,1635000.0,80.0,1.0797
653000.0,1635000.0,80.0,1.6540
654000.0,1635000.0,80.0,1.7373
655000.0,1635000.0,80.0,0.2807
656000.0,1635000.0,80.0,1.0880
657000.0,1635000.0,80.0,1.8203
658000.0,1635000.0,80.0,1.4066
659000.0,1635000.0,80.0,3.3147
660000.0,1635000.0,80.0,3.5537
661000.0,1635000.0,80.0,1.1990
662000.0,1635000.0,80.0,1.7216
663000.0,1635000.0,80.0,2.6632
664000.0,1635000.0,80.0,4.5736
665000.0,1635000.0,80.0,7.0723
666000.0,1635000.0,80.0,4.8055
667000.0,1635000.0,80.0,5.8717
668000.0,1635000.0,80.0,4.7407
669000.0,1635000.0,80.0,5.0569
670000.0,1635000.0,80.0,4.2948
671000.0,1635000.0,80.0,6.7233
672000.0,1635000.0,80.0,8.0766
673000.0,1635000.0,80.0,6.8482
674000.0,1635000.0,80.0,9.1787
675000.0,1635000.0,80.0,8.2142
676000.0,1635000.0,80.0,8.5107
677000.0,1635000.0,80.0,9.9534
678000.0,1635000.0,80.0,11.0006
679000.0,1635000.0,80.0,13.2590
680000.0,1635000.0,80.0,12.6635
681000.0,1635000.0,80.0,12.9722
682000.0,1635000.0,80.0,18.9268
683000.0,1635000.0,80.0,21.0905
684000.0,1635000.0,80.0,25.4467
685000.0,1635000.0,80.0,31.7789
686000.0,1635000.0,80.0,30.8972
687000.0,1635000.0,80.0,37.3042
688000.0,1635000.0,80.0,40.4183
689000.0,1635000.0,80.0,41.6510
690000.0,1635000.0,80.0,44.1661
691000.0,1635000.0,80.0,41.7042
692000.0,1635000.0,80.0,40.8745
693000.0,1635000.0,80.0,42.7338
694000.0,1635000.0,80.0,40.0226
695000.0,1635000.0,80.0,38.3038
696000.0,1635000.0,80.0,32.8525
697000.0,1635000.0,80.0,31.2580
698000.0,1635000.0,80.0,24.3203
699000.0,1635000.0,80.0,19.3413
700000.0,1635000.0,80.0,14.4550
701000.0,1635000.0,80.0,12.5059
702000.0,1635000.0,80.0,12.0687
703000.0,1635000.0,80.0,6.9486
704000.0,1635000.0,80.0,6.1700
705000.0,1635000.0,80.0,7.3894
706000.0,1635000.0,80.0,4.6842
707000.0,1635000.0,80.0,4.6324
708000.0,1635000.0,80.0,0.9003
709000.0,1635000.0,80.0,-1.2308
710000.0,1635000.0,80.0,2.3368
711000.0,1635000.0,80.0,-1.0168
641000.0,1636000.0,80.0,0.2018
642000.0,1636000.0,80.0,0.3669
643000.0,1636000.0,80.0,-0.7597
644000.0,1636000.0,80.0,1.8026
645000.0,1636000.0,80.0,1.8574
646000.0,1636000.0,80.0,0.9186
647000.0,1636000.0,80.0,0.4068
648000.0,1636000.0,80.0,0.7138
649000.0,1636000.0,80.0,-0.4931
650000.0,1636000.0,80.0,0.4835
651000.0,1636000.0,80.0,0.7449
652000.0,1636000.0,80.0,0.1261
653000.0,1636000.0,80.0,2.0285
654000.0,1636000.0,80.0,-0.1179
655000.0,1636000.0,80.0,1.0928
656000.0,1636000.0,80.0,-0.5319
657000.0,1636000.0,80.0,2.5925
658000.0,1636000.0,80.0,3.1590
659000.0,1636000.0,80.0,3.3762
660000.0,1636000.0,80.0,6.1939
661000.0,1636000.0,80.0,4.5072
662000.0,1636000.0,80.0,2.9198
663000.0,1636000.0,80.0,7.2891
664000.0,1636000.0,80.0,3.8489
665000.0,1636000.0,80.0,6.1975
666000.0,1636000.0,80.0,6.6043
667000.0,1636000.0,80.0,5.2066
668000.0,1636000.0,80.0,8.1497
669000.0,1636000.0,80.0,7.2961
670000.0,1636000.0,80.0,7.8098
671000.0,1636000.0,80.0,6.5953
672000.0,1636000.0,80.0,9.0498
673000.0,1636000.0,80.0,6.7324
674000.0,1636000.0,80.0,5.8797
675000.0,1636000.0,80.0,9.9121
676000.0,1636000.0,80.0,8.2252
677000.0,1636000.0,80.0,9.4983
678000.0,1636000.0,80.0,12.8308
679000.0,1636000.0,80.0,13.4056
680000.0,1636000.0,80.0,14.8296
681000.0,1636000.0,80.0,18.0776
682000.0,1636000.0,80.0,18.9113
683000.0,1636000.0,80.0,24.9282
684000.0,1636000.0,80.0,29.9171
685000.0,1636000.0,80.0,34.0401
686000.0,1636000.0,80.0,36.9750
687000.0,1636000.0,80.0,34.6286
688000.0,1636000.0,80.0,46.0306
689000.0,1636000.0,80.0,47.8158
690000.0,1636000.0,80.0,48.4890
691000.0,1636000.0,80.0,51.3552
692000.0,1636000.0,80.0,49.8335
693000.0,1636000.0,80.0,48.1363
694000.0,1636000.0,80.0,42.3152
695000.0,1636000.0,80.0,38.9326
696000.0,1636000.0,80.0,37.9679
697000.0,1636000.0,80.0,32.6698
698000.0,1636000.0,80.0,27.8086
699000.0,1636000.0,80.0,23.0229
700000.0,1636000.0,80.0,18.9195
701000.0,1636000.0,80.0,14.5215
702000.0,1636000.0,80.0,11.3860
703000.0,1636000.0,80.0,8.7957
704000.0,1636000.0,80.0,7.3740
705000.0,1636000.0,80.0,4.0480
706000.0,1636000.0,80.0,4.1051
707000.0,1636000.0,80.0,2.8916
708000.0,1636000.0,80.0,1.5353
709000.0,1636000.0,80.0,0.3334
710000.0,1636000.0,80.0,0.7253
711000.0,1636000.0,80.0,0.8698
641000.0,1637000.0,80.0,-1.0027
642000.0,1637000.0,80.0,0.1730
643000.0,1637000.0,80.0,0.2176
644000.0,1637000.0,80.0,-0.4632
645000.0,1637000.0,80.0,-0.3668
646000.0,1637000.0,80.0,-1.2423
647000.0,1637000.0,80.0,-0.7205
648000.0,1637000.0,80.0,-1.0773
649000.0,1637000.0,80.0,-0.0526
650000.0,1637000.0,80.0,0.1146
651000.0,1637000.0,80.0,0.2607
652000.0,1637000.0,80.0,1.3382
653000.0,1637000.0,80.0,0.9390
654000.0,1637000.0,80.0,0.5805
655000.0,1637000.0,80.0,0.8125
656000.0,1637000.0,80.0,0.6460
657000.0,1637000.0,80.0,1.9136
658000.0,1637000.0,80.0,2.2336
659000.0,1637000.0,80.0,4.5567
660000.0,1637000.0,80.0,4.9037
661000.0,1637000.0,80.0,5.3285
662000.0,1637000.0,80.0,6.5058
663000.0,1637000.0,80.0,3.4570
664000.0,1637000.0,80.0,6.0948
665000.0,1637000.0,80.0,6.7615
666000.0,1637000.0,80.0,6.9891
667000.0,1637000.0,80.0,9.3721
668000.0,1637000.0,80.0,10.2956
669000.0,1637000.0,80.0,8.8639
670000.0,1637000.0,80.0,8.7478
671000.0,1637000.0,80.0,6.8516
672000.0,1637000.0,80.0,6.9457
673000.0,1637000.0,80.0,9.1223
674000.0,1637000.0,80.0,8.2844
675000.0,1637000.0,80.0,6.9628
676000.0,1637000.0,80.0,8.6870
677000.0,1637000.0,80.0,9.8406
678000.0,1637000.0,80.0,11.5079
679000.0,1637000.0,80.0,11.7261
680000.0,1637000.0,80.0,13.6515
681000.0,1637000.0,80.0,16.9240
682000.0,1637000.0,80.0,20.9465
683000.0,1637000.0,80.0,23.5934
684000.0,1637000.0,80.0,32.0426
685000.0,1637000.0,80.0,40.2295
686000.0,1637000.0,80.0,43.6480
687000.0,1637000.0,80.0,44.5379
688000.0,1637000.0,80.0,51.8937
689000.0,1637000.0,80.0,51.2327
690000.0,1637000.0,80.0,53.0333
691000.0,1637000.0,80.0,59.0936
692000.0,1637000.0,80.0,57.2700
693000.0,1637000.0,80.0,53.7841
694000.0,1637000.0,80.0,47.8154
695000.0,1637000.0,80.0,45.2561
696000.0,1637000.0,80.0,42.7179
697000.0,1637000.0,80.0,36.5244
698000.0,1637000.0,80.0,31.4421
699000.0,1637000.0,80.0,26.7221
700000.0,1637000.0,80.0,18.6950
701000.0,1637000.0,80.0,15.2529
702000.0,1637000.0,80.0,10.7706
703000.0,1637000.0,80.0,7.4078
704000.0,1637000.0,80.0,5.4057
705000.0,1637000.0,80.0,4.9433
706000.0,1637000.0,80.0,1.4817
707000.0,1637000.0,80.0,2.7279
708000.0,1637000.0,80.0,2.2981
709000.0,1637000.0,80.0,0.2758
710000.0,1637000.0,80.0,0.0881
711000.0,1637000.0,80.0,-1.8866
641000.0,1638000.0,80.0,2.3965
642000.0,1638000.0,80.0,1.0493
643000.0,1638000.0,80.0,0.2815
644000.0,1638000.0,80.0,0.2123
645000.0,1638000.0,80.0,0.6604
646000.0,1638000.0,80.0,-0.3861
647000.0,1638000.0,80.0,0.6246
648000.0,1638000.0,80.0,-0.5097
649000.0,1638000.0,80.0,1.0197
650000.0,1638000.0,80.0,-0.0580
651000.0,1638000.0,80.0,1.6680
652000.0,1638000.0,80.0,0.7884
653000.0,1638000.0,80.0,1.3634
654000.0,1638000.0,80.0,4.3341
655000.0,1638000.0,80.0,2.3678
656000.0,1638000.0,80.0,2.0986
657000.0,1638000.0,80.0,2.1947
658000.0,1638000.0,80.0,1.4345
659000.0,1638000.0,80.0,4.1071
660000.0,1638000.0,80.0,5.1622
661000.0,1638000.0,80.0,4.0678
662000.0,1638000.0,80.0,6.4336
663000.0,1638000.0,80.0,5.1290
664000.0,1638000.0,80.0,3.9512
665000.0,1638000.0,80.0,5.8849
666000.0,1638000.0,80.0,6.0819
667000.0,1638000.0,80.0,7.5875
668000.0,1638000.0,80.0,9.1588
669000.0,1638000.0,80.0,7.7312
670000.0,1638000.0,80.0,8.9843
671000.0,1638000.0,80.0,9.4233
672000.0,1638000.0,80.0,8.2979
673000.0,1638000.0,80.0,7.9778
674000.0,1638000.0,80.0,9.0106
675000.0,1638000.0,80.0,9.8421
676000.0,1638000.0,80.0,8.1678
677000.0,1638000.0,80.0,8.3279
678000.0,1638000.0,80.0,9.8105
679000.0,1638000.0,80.0,11.6883
680000.0,1638000.0,80.0,12.7744
681000.0,1638000.0,80.0,16.1191
682000.0,1638000.0,80.0,20.4603
683000.0,1638000.0,80.0,24.5257
684000.0,1638000.0,80.0,32.2931
685000.0,1638000.0,80.0,38.5946
686000.0,1638000.0,80.0,49.6685
687000.0,1638000.0,80.0,51.9195
688000.0,1638000.0,80.0,59.2302
689000.0,1638000.0,80.0,62.9583
690000.0,1638000.0,80.0,61.9272
691000.0,1638000.0,80.0,62.4827
692000.0,1638000.0,80.0,63.7118
693000.0,1638000.0,80.0,64.0674
694000.0,1638000.0,80.0,57.6258
695000.0,1638000.0,80.0,52.3267
696000.0,1638000.0,80.0,41.5995
697000.0,1638000.0,80.0,39.2643
698000.0,1638000.0,80.0,33.0363
699000.0,1638000.0,80.0,26.1560
700000.0,1638000.0,80.0,19.9083
701000.0,1638000.0,80.0,13.7823
702000.0,1638000.0,80.0,9.8746
703000.0,1638000.0,80.0,7.9739
704000.0,1638000.0,80.0,4.5211
705000.0,1638000.0,80.0,0.4826
706000.0,1638000.0,80.0,2.6897
707000.0,1638000.0,80.0,-0.3885
708000.0,1638000.0,80.0,1.4118
709000.0,1638000.0,80.0,1.2713
710000.0,1638000.0,80.0,0.0079
711000.0,1638000.0,80.0,-0.0662
641000.0,1639000.0,80.0,1.8502
642000.0,1639000.0,80.0,-1.0784
643000.0,1639000.0,80.0,0.3156
644000.0,1639000.0,80.0,0.3440
645000.0,1639000.0,80.0,-0.8156
646000.0,1639000.0,80.0,2.2331
647000.0,1639000.0,80.0,-0.3032
648000.0,1639000.0,80.0,-0.3760
649000.0,1639000.0,80.0,0.7243
650000.0,1639000.0,80.0,1.6073
651000.0,1639000.0,80.0,0.0853
652000.0,1639000.0,80.0,0.2389
653000.0,1639000.0,80.0,1.5453
654000.0,1639000.0,80.0,-0.2146
655000.0,1639000.0,80.0,0.7062
656000.0,1639000.0,80.0,0.9355
657000.0,1639000.0,80.0,1.7068
658000.0,1639000.0,80.0,2.4282
659000.0,1639000.0,80.0,5.0225
660000.0,1639000.0,80.0,4.6017
661000.0,1639000.0,80.0,4.2957
662000.0,1639000.0,80.0,4.7458
663000.0,1639000.0,80.0,6.7605
664000.0,1639000.0,80.0,7.1149
665000.0,1639000.0,80.0,8.5226
666000.0,1639000.0,80.0,9.9591
667000.0,1639000.0,80.0,7.9354
668000.0,1639000.0,80.0,7.0890
669000.0,1639000.0,80.0,10.2349
670000.0,1639000.0,80.0,10.6223
671000.0,1639000.0,80.0,10.9109
672000.0,1639000.0,80.0,9.6651
673000.0,1639000.0,80.0,9.7668
674000.0,1639000.0,80.0,10.2773
675000.0,1639000.0,80.0,9.9080
676000.0,1639000.0,80.0,10.4507
677000.0,1639000.0,80.0,6.3062
678000.0,1639000.0,80.0,7.3169
679000.0,1639000.0,80.0,12.0932
680000.0,1639000.0,80.0,13.0230
681000.0,1639000.0,80.0,16.3770
682000.0,1639000.0,80.0,19.3986
683000.0,1639000.0,80.0,25.0458
684000.0,1639000.0,80.0,33.4476
685000.0,1639000.0,80.0,39.6268
686000.0,1639000.0,80.0,46.5780
687000.0,1639000.0,80.0,54.7269
688000.0,1639000.0,80.0,63.4383
689000.0,1639000.0,80.0,69.0629
690000.0,1639000.0,80.0,74.2094
691000.0,1639000.0,80.0,72.1404
692000.0,1639000.0,80.0,71.7239
693000.0,1639000.0,80.0,72.2236
694000.0,1639000.0,80.0,62.3318
695000.0,1639000.0,80.0,56.1130
696000.0,1639000.0,80.0,49.6067
697000.0,1639000.0,80.0,41.9773
698000.0,1639000.0,80.0,36.7904
699000.0,1639000.0,80.0,24.7868
700000.0,1639000.0,80.0,20.1928
701000.0,1639000.0,80.0,12.2850
702000.0,1639000.0,80.0,9.2309
703000.0,1639000.0,80.0,6.2773
704000.0,1639000.0,80.0,3.8132
705000.0,1639000.0,80.0,2.3957
706000.0,1639000.0,80.0,-0.2196
707000.0,1639000.0,80.0,1.1483
708000.0,1639000.0,80.0,0.1420
709000.0,1639000.0,80.0,-1.9303
710000.0,1639000.0,80.0,-0.9158
711000.0,1639000.0,80.0,-2.6741
641000.0,1640000.0,80.0,0.0422
642000.0,1640000.0,80.0,-1.1952
643000.0,1640000.0,80.0,0.7289
644000.0,1640000.0,80.0,3.0173
645000.0,1640000.0,80.0,1.5700
646000.0,1640000.0,80.0,0.8838
647000.0,1640000.0,80.0,-0.6918
648000.0,1640000.0,80.0,0.6734
649000.0,1640000.0,80.0,1.5747
650000.0,1640000.0,80.0,0.3992
651000.0,1640000.0,80.0,0.7475
652000.0,1640000.0,80.0,-0.9503
653000.0,1640000.0,80.0,0.0825
654000.0,1640000.0,80.0,-0.7164
655000.0,1640000.0,80.0,3.4110
656000.0,1640000.0,80.0,2.2503
657000.0,1640000.0,80.0,2.9004
658000.0,1640000.0,80.0,2.3904
659000.0,1640000.0,80.0,1.5974
660000.0,1640000.0,80.0,3.9849
661000.0,1640000.0,80.0,3.8547
662000.0,1640000.0,80.0,4.3402
663000.0,1640000.0,80.0,6.4509
664000.0,1640000.0,80.0,7.5768
665000.0,1640000.0,80.0,8.3538
666000.0,1640000.0,80.0,8.7510
667000.0,1640000.0,80.0,9.5076
668000.0,1640000.0,80.0,11.5749
669000.0,1640000.0,80.0,13.6995
670000.0,1640000.0,80.0,10.4724
671000.0,1640000.0,80.0,11.6101
672000.0,1640000.0,80.0,11.8520
673000.0,1640000.0,80.0,11.2076
674000.0,1640000.0,80.0,9.8543
675000.0,1640000.0,80.0,11.9886
676000.0,1640000.0,80.0,9.3601
677000.0,1640000.0,80.0,7.1946
678000.0,1640000.0,80.0,6.0470
679000.0,1640000.0,80.0,8.5929
680000.0,1640000.0,80.0,12.0641
681000.0,1640000.0,80.0,13.2534
682000.0,1640000.0,80.0,14.1973
683000.0,1640000.0,80.0,21.4071
684000.0,1640000.0,80.0,31.4860
685000.0,1640000.0,80.0,42.2385
686000.0,1640000.0,80.0,49.7425
687000.0,1640000.0,80.0,57.9726
688000.0,1640000.0,80.0,66.6265
689000.0,1640000.0,80.0,71.7933
690000.0,1640000.0,80.0,69.9535
691000.0,1640000.0,80.0,73.7369
692000.0,1640000.0,80.0,69.7077
693000.0,1640000.0,80.0,67.1021
694000.0,1640000.0,80.0,66.7737
695000.0,1640000.0,80.0,56.0342
696000.0,1640000.0,80.0,51.3402
697000.0,1640000.0,80.0,42.1724
698000.0,1640000.0,80.0,33.3999
699000.0,1640000.0,80.0,21.5539
700000.0,1640000.0,80.0,16.5058
701000.0,1640000.0,80.0,10.2733
702000.0,1640000.0,80.0,7.9993
703000.0,1640000.0,80.0,2.6149
704000.0,1640000.0,80.0,0.2412
705000.0,1640000.0,80.0,0.5039
706000.0,1640000.0,80.0,-1.7837
707000.0,1640000.0,80.0,-2.8355
708000.0,1640000.0,80.0,-0.9208
709000.0,1640000.0,80.0,-1.6214
710000.0,1640000.0,80.0,-5.4124
711000.0,1640000.0,80.0,-3.1506
641000.0,1641000.0,80.0,-1.2102
642000.0,1641000.0,80.0,0.5711
643000.0,1641000.0,80.0,1.4298
644000.0,1641000.0,80.0,2.0499
645000.0,1641000.0,80.0,0.7399
646000.0,1641000.0,80.0,-1.0149
647000.0,1641000.0,80.0,-0.9925
648000.0,1641000.0,80.0,-0.7441
649000.0,1641000.0,80.0,0.7898
650000.0,1641000.0,80.0,1.6752
651000.0,1641000.0,80.0,-1.4145
652000.0,1641000.0,80.0,1.2908
653000.0,1641000.0,80.0,1.7998
654000.0,1641000.0,80.0,1.4017
655000.0,1641000.0,80.0,4.6751
656000.0,1641000.0,80.0,2.2381
657000.0,1641000.0,80.0,2.1267
658000.0,1641000.0,80.0,3.2336
659000.0,1641000.0,80.0,2.6196
660000.0,1641000.0,80.0,2.7477
661000.0,1641000.0,80.0,5.2771
662000.0,1641000.0,80.0,7.1434
663000.0,1641000.0,80.0,6.7900
664000.0,1641000.0,80.0,9.4910
665000.0,1641000.0,80.0,9.4166
666000.0,1641000.0,80.0,13.3544
667000.0,1641000.0,80.0,13.0257
668000.0,1641000.0,80.0,14.6251
669000.0,1641000.0,80.0,15.7657
670000.0,1641000.0,80.0,13.3805
671000.0,1641000.0,80.0,14.7581
672000.0,1641000.0,80.0,16.7144
673000.0,1641000.0,80.0,13.3207
674000.0,1641000.0,80.0,13.6471
675000.0,1641000.0,80.0,11.4816
676000.0,1641000.0,80.0,6.8025
677000.0,1641000.0,80.0,8.5420
678000.0,1641000.0,80.0,5.6727
679000.0,1641000.0,80.0,7.0348
680000.0,1641000.0,80.0,7.0001
681000.0,1641000.0,80.0,9.4900
682000.0,1641000.0,80.0,12.9858
683000.0,1641000.0,80.0,18.9607
684000.0,1641000.0,80.0,25.4531
685000.0,1641000.0,80.0,32.7234
686000.0,1641000.0,80.0,42.2161
687000.0,1641000.0,80.0,54.0689
688000.0,1641000.0,80.0,62.2693
689000.0,1641000.0,80.0,63.4700
690000.0,1641000.0,80.0,67.5336
691000.0,1641000.0,80.0,68.9011
692000.0,1641000.0,80.0,62.9483
693000.0,1641000.0,80.0,59.7274
694000.0,1641000.0,80.0,59.9342
695000.0,1641000.0,80.0,50.1259
696000.0,1641000.0,80.0,45.5751
697000.0,1641000.0,80.0,34.1941
698000.0,1641000.0,80.0,26.2491
699000.0,1641000.0,80.0,17.6355
700000.0,1641000.0,80.0,12.4478
701000.0,1641000.0,80.0,5.9749
702000.0,1641000.0,80.0,1.9019
703000.0,1641000.0,80.0,0.7412
704000.0,1641000.0,80.0,2.1217
705000.0,1641000.0,80.0,-1.3897
706000.0,1641000.0,80.0,-4.5419
707000.0,1641000.0,80.0,-2.7287
708000.0,1641000.0,80.0,-0.2447
709000.0,1641000.0,80.0,-2.8131
710000.0,1641000.0,80.0,-1.5839
711000.0,1641000.0,80.0,-1.6670
641000.0,1642000.0,80.0,1.0426
642000.0,1642000.0,80.0,0.9260
643000.0,1642000.0,80.0,0.1816
644000.0,1642000.0,80.0,-0.2556
645000.0,1642000.0,80.0,-0.3132
646000.0,1642000.0,80.0,0.1296
647000.0,1642000.0,80.0,0.4895
648000.0,1642000.0,80.0,-1.1532
649000.0,1642000.0,80.0,-0.0785
650000.0,1642000.0,80.0,0.2569
651000.0,1642000.0,80.0,0.5226
652000.0,1642000.0,80.0,0.2437
653000.0,1642000.0,80.0,1.5519
654000.0,1642000.0,80.0,0.8472
655000.0,1642000.0,80.0,0.8418
656000.0,1642000.0,80.0,0.2917
657000.0,1642000.0,80.0,1.1849
658000.0,1642000.0,80.0,2.7671
659000.0,1642000.0,80.0,3.3177
660000.0,1642000.0,80.0,1.8154
661000.0,1642000.0,80.0,6.0566
662000.0,1642000.0,80.0,5.4939
663000.0,1642000.0,80.0,6.7331
664000.0,1642000.0,80.0,10.8352
665000.0,1642000.0,80.0,12.8718
666000.0,1642000.0,80.0,12.5740
667000.0,1642000.0,80.0,14.9837
668000.0,1642000.0,80.0,15.4992
669000.0,1642000.0,80.0,19.4437
670000.0,1642000.0,80.0,20.0761
671000.0,1642000.0,80.0,17.9507
672000.0,1642000.0,80.0,19.4002
673000.0,1642000.0,80.0,17.0725
674000.0,1642000.0,80.0,13.6129
675000.0,1642000.0,80.0,12.3520
676000.0,1642000.0,80.0,7.2041
677000.0,1642000.0,80.0,6.7623
678000.0,1642000.0,80.0,5.6345
679000.0,1642000.0,80.0,4.2320
680000.0,1642000.0,80.0,6.1756
681000.0,1642000.0,80.0,5.1580
682000.0,1642000.0,80.0,7.5868
683000.0,1642000.0,80.0,9.7183
684000.0,1642000.0,80.0,17.1785
685000.0,1642000.0,80.0,23.7440
686000.0,1642000.0,80.0,36.5868
687000.0,1642000.0,80.0,38.8574
688000.0,1642000.0,80.0,45.1754
689000.0,1642000.0,80.0,51.0380
690000.0,1642000.0,80.0,52.1697
691000.0,1642000.0,80.0,48.8827
692000.0,1642000.0,80.0,52.7371
693000.0,1642000.0,80.0,51.2400
694000.0,1642000.0,80.0,46.3236
695000.0,1642000.0,80.0,42.6016
696000.0,1642000.0,80.0,35.1942
697000.0,1642000.0,80.0,24.8575
698000.0,1642000.0,80.0,17.9994
699000.0,1642000.0,80.0,11.5500
700000.0,1642000.0,80.0,5.2117
701000.0,1642000.0,80.0,2.3942
702000.0,1642000.0,80.0,0.1701
703000.0,1642000.0,80.0,-2.2449
704000.0,1642000.0,80.0,-3.9146
705000.0,1642000.0,80.0,-2.5559
706000.0,1642000.0,80.0,-4.0845
707000.0,1642000.0,80.0,-3.8598
708000.0,1642000.0,80.0,-4.9594
709000.0,1642000.0,80.0,-4.1874
710000.0,1642000.0,80.0,-2.6627
711000.0,1642000.0,80.0,-2.7065
641000.0,1643000.0,80.0,-0.3884
642000.0,1643000.0,80.0,-0.1747
643000.0,1643000.0,80.0,0.0377
644000.0,1643000.0,80.0,-1.0806
645000.0,1643000.0,80.0,-0.2922
646000.0,1643000.0,80.0,-0.5820
647000.0,1643000.0,80.0,-1.4113
648000.0,1643000.0,80.0,0.1825
649000.0,1643000.0,80.0,-0.0459
650000.0,1643000.0,80.0,-1.2867
651000.0,1643000.0,80.0,-0.5120
652000.0,1643000.0,80.0,0.3314
653000.0,1643000.0,80.0,-2.3398
654000.0,1643000.0,80.0,0.9817
655000.0,1643000.0,80.0,1.3333
656000.0,1643000.0,80.0,2.0672
657000.0,1643000.0,80.0,1.2166
658000.0,1643000.0,80.0,0.8986
659000.0,1643000.0,80.0,3.7694
660000.0,1643000.0,80.0,2.5304
661000.0,1643000.0,80.0,5.7794
662000.0,1643000.0,80.0,5.8930
663000.0,1643000.0,80.0,7.3132
664000.0,1643000.0,80.0,11.0855
665000.0,1643000.0,80.0,14.7466
666000.0,1643000.0,80.0,15.9625
667000.0,1643000.0,80.0,18.6821
668000.0,1643000.0,80.0,19.1109
669000.0,1643000.0,80.0,24.5130
670000.0,1643000.0,80.0,24.1183
671000.0,1643000.0,80.0,23.1330
672000.0,1643000.0,80.0,23.8067
673000.0,1643000.0,80.0,17.2377
674000.0,1643000.0,80.0,15.6422
675000.0,1643000.0,80.0,12.9428
676000.0,1643000.0,80.0,9.2144
677000.0,1643000.0,80.0,3.6695
678000.0,1643000.0,80.0,4.0400
679000.0,1643000.0,80.0,1.4271
680000.0,1643000.0,80.0,0.9839
681000.0,1643000.0,80.0,1.4978
682000.0,1643000.0,80.0,-0.0526
683000.0,1643000.0,80.0,2.7696
684000.0,1643000.0,80.0,6.5140
685000.0,1643000.0,80.0,11.5629
686000.0,1643000.0,80.0,16.6680
687000.0,1643000.0,80.0,22.3121
688000.0,1643000.0,80.0,27.2347
689000.0,1643000.0,80.0,26.7861
690000.0,1643000.0,80.0,32.6992
691000.0,1643000.0,80.0,31.1890
692000.0,1643000.0,80.0,30.7809
693000.0,1643000.0,80.0,25.7842
694000.0,1643000.0,80.0,27.3335
695000.0,1643000.0,80.0,22.5892
696000.0,1643000.0,80.0,20.1162
697000.0,1643000.0,80.0,14.7882
698000.0,1643000.0,80.0,8.9957
699000.0,1643000.0,80.0,2.3759
700000.0,1643000.0,80.0,-1.3587
701000.0,1643000.0,80.0,-3.3539
702000.0,1643000.0,80.0,-7.6463
703000.0,1643000.0,80.0,-6.5649
704000.0,1643000.0,80.0,-6.9468
705000.0,1643000.0,80.0,-5.6939
706000.0,1643000.0,80.0,-6.5533
707000.0,1643000.0,80.0,-4.8724
708000.0,1643000.0,80.0,-5.5288
709000.0,1643000.0,80.0,-3.9780
710000.0,1643000.0,80.0,-2.1079
711000.0,1643000.0,80.0,-2.4682
641000.0,1644000.0,80.0,0.6988
642000.0,1644000.0,80.0,0.9101
643000.0,1644000.0,80.0,-0.5921
644000.0,1644000.0,80.0,-0.9793
645000.0,1644000.0,80.0,-1.0312
646000.0,1644000.0,80.0,0.0430
647000.0,1644000.0,80.0,1.3592
648000.0,1644000.0,80.0,-0.8035
649000.0,1644000.0,80.0,0.4519
650000.0,1644000.0,80.0,-1.1944
651000.0,1644000.0,80.0,-1.0753
652000.0,1644000.0,80.0,1.1223
653000.0,1644000.0,80.0,-0.2834
654000.0,1644000.0,80.0,-0.1230
655000.0,1644000.0,80.0,2.8594
656000.0,1644000.0,80.0,1.2461
657000.0,1644000.0,80.0,1.5557
658000.0,1644000.0,80.0,1.9229
659000.0,1644000.0,80.0,3.3429
660000.0,1644000.0,80.0,3.1222
661000.0,1644000.0,80.0,5.2489
662000.0,1644000.0,80.0,8.1389
663000.0,1644000.0,80.0,8.7639
664000.0,1644000.0,80.0,9.0552
665000.0,1644000.0,80.0,14.6630
666000.0,1644000.0,80.0,20.6450
667000.0,1644000.0,80.0,25.4752
668000.0,1644000.0,80.0,28.2201
669000.0,1644000.0,80.0,32.6679
670000.0,1644000.0,80.0,29.7176
671000.0,1644000.0,80.0,32.6206
672000.0,1644000.0,80.0,28.3348
673000.0,1644000.0,80.0,25.2021
674000.0,1644000.0,80.0,15.6780
675000.0,1644000.0,80.0,16.0328
676000.0,1644000.0,80.0,10.4676
677000.0,1644000.0,80.0,7.9567
678000.0,1644000.0,80.0,2.1156
679000.0,1644000.0,80.0,-2.4510
680000.0,1644000.0,80.0,-5.0684
681000.0,1644000.0,80.0,-5.7356
682000.0,1644000.0,80.0,-6.8749
683000.0,1644000.0,80.0,-7.7927
684000.0,1644000.0,80.0,-6.7833
685000.0,1644000.0,80.0,-1.4310
686000.0,1644000.0,80.0,-0.2872
687000.0,1644000.0,80.0,2.5830
688000.0,1644000.0,80.0,4.1045
689000.0,1644000.0,80.0,7.6077
690000.0,1644000.0,80.0,8.1412
691000.0,1644000.0,80.0,6.1640
692000.0,1644000.0,80.0,7.4001
693000.0,1644000.0,80.0,6.2098
694000.0,1644000.0,80.0,8.5812
695000.0,1644000.0,80.0,5.3934
696000.0,1644000.0,80.0,2.0935
697000.0,1644000.0,80.0,-1.2080
698000.0,1644000.0,80.0,-3.6342
699000.0,1644000.0,80.0,-7.2764
700000.0,1644000.0,80.0,-7.0103
701000.0,1644000.0,80.0,-10.8472
702000.0,1644000.0,80.0,-11.4370
703000.0,1644000.0,80.0,-8.0255
704000.0,1644000.0,80.0,-9.6962
705000.0,1644000.0,80.0,-6.8758
706000.0,1644000.0,80.0,-6.8170
707000.0,1644000.0,80.0,-8.6867
708000.0,1644000.0,80.0,-7.1567
709000.0,1644000.0,80.0,-5.7953
710000.0,1644000.0,80.0,-5.5307
711000.0,1644000.0,80.0,-4.4469
641000.0,1645000.0,80.0,-0.9228
642000.0,1645000.0,80.0,-0.3840
643000.0,1645000.0,80.0,0.7186
644000.0,1645000.0,80.0,1.0640
645000.0,1645000.0,80.0,-1.0548
646000.0,1645000.0,80.0,-0.4740
647000.0,1645000.0,80.0,-0.3430
648000.0,1645000.0,80.0,-1.5379
649000.0,1645000.0,80.0,0.7997
650000.0,1645000.0,80.0,0.4796
651000.0,1645000.0,80.0,0.5074
652000.0,1645000.0,80.0,-0.0301
653000.0,1645000.0,80.0,1.0792
654000.0,1645000.0,80.0,1.3416
655000.0,1645000.0,80.0,1.7658
656000.0,1645000.0,80.0,0.7149
657000.0,1645000.0,80.0,1.6451
658000.0,1645000.0,80.0,1.4242
659000.0,1645000.0,80.0,2.2250
660000.0,1645000.0,80.0,4.6283
661000.0,1645000.0,80.0,5.0324
662000.0,1645000.0,80.0,6.7309
663000.0,1645000.0,80.0,10.2897
664000.0,1645000.0,80.0,14.0362
665000.0,1645000.0,80.0,16.9373
666000.0,1645000.0,80.0,22.8925
667000.0,1645000.0,80.0,31.5218
668000.0,1645000.0,80.0,37.3904
669000.0,1645000.0,80.0,40.3959
670000.0,1645000.0,80.0,44.4088
671000.0,1645000.0,80.0,40.3463
672000.0,1645000.0,80.0,32.9585
673000.0,1645000.0,80.0,29.1451
674000.0,1645000.0,80.0,21.6543
675000.0,1645000.0,80.0,18.7349
676000.0,1645000.0,80.0,11.5483
677000.0,1645000.0,80.0,5.3675
678000.0,1645000.0,80.0,-2.1744
679000.0,1645000.0,80.0,-5.9566
680000.0,1645000.0,80.0,-8.4635
681000.0,1645000.0,80.0,-13.8178
682000.0,1645000.0,80.0,-13.0206
683000.0,1645000.0,80.0,-16.0442
684000.0,1645000.0,80.0,-16.7009
685000.0,1645000.0,80.0,-16.2428
686000.0,1645000.0,80.0,-16.5684
687000.0,1645000.0,80.0,-15.8986
688000.0,1645000.0,80.0,-16.5165
689000.0,1645000.0,80.0,-13.8343
690000.0,1645000.0,80.0,-13.2008
691000.0,1645000.0,80.0,-13.7980
692000.0,1645000.0,80.0,-13.4987
693000.0,1645000.0,80.0,-13.8953
694000.0,1645000.0,80.0,-12.0852
695000.0,1645000.0,80.0,-15.5065
696000.0,1645000.0,80.0,-14.4514
697000.0,1645000.0,80.0,-15.0061
698000.0,1645000.0,80.0,-15.9793
699000.0,1645000.0,80.0,-15.7218
700000.0,1645000.0,80.0,-16.2699
701000.0,1645000.0,80.0,-15.2081
702000.0,1645000.0,80.0,-12.7982
703000.0,1645000.0,80.0,-11.4559
704000.0,1645000.0,80.0,-11.1171
705000.0,1645000.0,80.0,-9.1661
706000.0,1645000.0,80.0,-7.4679
707000.0,1645000.0,80.0,-8.0454
708000.0,1645000.0,80.0,-9.1513
709000.0,1645000.0,80.0,-5.5738
710000.0,1645000.0,80.0,-7.1006
711000.0,1645000.0,80.0,-3.2885
641000.0,1646000.0,80.0,1.3772
642000.0,1646000.0,80.0,-0.8794
643000.0,1646000.0,80.0,-1.4611
644000.0,1646000.0,80.0,-1.0417
645000.0,1646000.0,80.0,-0.4065
646000.0,1646000.0,80.0,0.9587
647000.0,1646000.0,80.0,-1.5606
648000.0,1646000.0,80.0,0.5887
649000.0,1646000.0,80.0,-2.3533
650000.0,1646000.0,80.0,0.9830
651000.0,1646000.0,80.0,-0.2490
652000.0,1646000.0,80.0,0.0818
653000.0,1646000.0,80.0,-0.1303
654000.0,1646000.0,80.0,1.0437
655000.0,1646000.0,80.0,0.6593
656000.0,1646000.0,80.0,2.2412
657000.0,1646000.0,80.0,-0.9249
658000.0,1646000.0,80.0,0.4400
659000.0,1646000.0,80.0,0.6569
660000.0,1646000.0,80.0,3.8021
661000.0,1646000.0,80.0,2.6195
662000.0,1646000.0,80.0,9.2709
663000.0,1646000.0,80.0,9.6650
664000.0,1646000.0,80.0,15.5700
665000.0,1646000.0,80.0,19.0431
666000.0,1646000.0,80.0,29.3954
667000.0,1646000.0,80.0,40.6550
668000.0,1646000.0,80.0,48.3420
669000.0,1646000.0,80.0,56.2359
670000.0,1646000.0,80.0,61.6932
671000.0,1646000.0,80.0,57.2362
672000.0,1646000.0,80.0,48.2931
673000.0,1646000.0,80.0,41.4557
674000.0,1646000.0,80.0,25.4426
675000.0,1646000.0,80.0,19.9593
676000.0,1646000.0,80.0,11.0622
677000.0,1646000.0,80.0,6.0384
678000.0,1646000.0,80.0,-0.5478
679000.0,1646000.0,80.0,-5.8500
680000.0,1646000.0,80.0,-12.8762
681000.0,1646000.0,80.0,-15.8436
682000.0,1646000.0,80.0,-18.9663
683000.0,1646000.0,80.0,-21.7354
684000.0,1646000.0,80.0,-27.2916
685000.0,1646000.0,80.0,-28.3078
686000.0,1646000.0,80.0,-27.7245
687000.0,1646000.0,80.0,-26.6674
688000.0,1646000.0,80.0,-28.6904
689000.0,1646000.0,80.0,-28.2032
690000.0,1646000.0,80.0,-34.0232
691000.0,1646000.0,80.0,-31.3027
692000.0,1646000.0,80.0,-29.5484
693000.0,1646000.0,80.0,-28.9601
694000.0,1646000.0,80.0,-31.1249
695000.0,1646000.0,80.0,-25.2829
696000.0,1646000.0,80.0,-25.5549
697000.0,1646000.0,80.0,-26.1994
698000.0,1646000.0,80.0,-23.1097
699000.0,1646000.0,80.0,-26.4745
700000.0,1646000.0,80.0,-23.1440
701000.0,1646000.0,80.0,-19.2455
702000.0,1646000.0,80.0,-17.8886
703000.0,1646000.0,80.0,-16.6210
704000.0,1646000.0,80.0,-14.5671
705000.0,1646000.0,80.0,-12.8928
706000.0,1646000.0,80.0,-9.9769
707000.0,1646000.0,80.0,-10.0339
708000.0,1646000.0,80.0,-7.6971
709000.0,1646000.0,80.0,-9.8724
710000.0,1646000.0,80.0,-5.2076
711000.0,1646000.0,80.0,-3.1206
641000.0,1647000.0,80.0,0.0901
642000.0,1647000.0,80.0,-0.5033
643000.0,1647000.0,80.0,-0.9579
644000.0,1647000.0,80.0,0.2853
645000.0,1647000.0,80.0,-1.0775
646000.0,1647000.0,80.0,-1.2480
647000.0,1647000.0,80.0,-2.5680
648000.0,1647000.0,80.0,-0.1725
649000.0,1647000.0,80.0,-0.7022
650000.0,1647000.0,80.0,-0.6322
651000.0,1647000.0,80.0,-0.3728
652000.0,1647000.0,80.0,-1.0458
653000.0,1647000.0,80.0,-0.0874
654000.0,1647000.0,80.0,-1.2744
655000.0,1647000.0,80.0,-0.1799
656000.0,1647000.0,80.0,-0.1619
657000.0,1647000.0,80.0,-1.3315
658000.0,1647000.0,80.0,-0.4453
659000.0,1647000.0,80.0,0.7605
660000.0,1647000.0,80.0,1.6516
661000.0,1647000.0,80.0,3.8331
662000.0,1647000.0,80.0,5.1346
663000.0,1647000.0,80.0,8.7204
664000.0,1647000.0,80.0,13.3887
665000.0,1647000.0,80.0,18.4528
666000.0,1647000.0,80.0,34.8652
667000.0,1647000.0,80.0,50.9778
668000.0,1647000.0,80.0,70.6957
669000.0,1647000.0,80.0,80.6061
670000.0,1647000.0,80.0,84.5643
671000.0,1647000.0,80.0,73.5951
672000.0,1647000.0,80.0,61.7341
673000.0,1647000.0,80.0,47.3869
674000.0,1647000.0,80.0,31.7417
675000.0,1647000.0,80.0,22.3567
676000.0,1647000.0,80.0,11.7652
677000.0,1647000.0,80.0,2.1660
678000.0,1647000.0,80.0,-3.8616
679000.0,1647000.0,80.0,-9.8523
680000.0,1647000.0,80.0,-13.9979
681000.0,1647000.0,80.0,-21.4754
682000.0,1647000.0,80.0,-23.5034
683000.0,1647000.0,80.0,-28.9797
684000.0,1647000.0,80.0,-37.2980
685000.0,1647000.0,80.0,-38.2868
686000.0,1647000.0,80.0,-37.6681
687000.0,1647000.0,80.0,-43.3604
688000.0,1647000.0,80.0,-41.7091
689000.0,1647000.0,80.0,-41.5299
690000.0,1647000.0,80.0,-45.6033
691000.0,1647000.0,80.0,-42.6062
692000.0,1647000.0,80.0,-42.1472
693000.0,1647000.0,80.0,-43.3574
694000.0,1647000.0,80.0,-41.3505
695000.0,1647000.0,80.0,-38.7617
696000.0,1647000.0,80.0,-36.1808
697000.0,1647000.0,80.0,-37.6420
698000.0,1647000.0,80.0,-33.2178
699000.0,1647000.0,80.0,-33.3020
700000.0,1647000.0,80.0,-28.3562
701000.0,1647000.0,80.0,-25.1296
702000.0,1647000.0,80.0,-24.4002
703000.0,1647000.0,80.0,-20.7101
704000.0,1647000.0,80.0,-16.9568
705000.0,1647000.0,80.0,-11.4308
706000.0,1647000.0,80.0,-14.0183
707000.0,1647000.0,80.0,-10.5069
708000.0,1647000.0,80.0,-10.3315
709000.0,1647000.0,80.0,-8.5335
710000.0,1647000.0,80.0,-5.9766
711000.0,1647000.0,80.0,-5.9061
641000.0,1648000.0,80.0,-0.0363
642000.0,1648000.0,80.0,0.0199
643000.0,1648000.0,80.0,0.0991
644000.0,1648000.0,80.0,-2.6742
645000.0,1648000.0,80.0,-0.1120
646000.0,1648000.0,80.0,-0.5991
647000.0,1648000.0,80.0,-0.1234
648000.0,1648000.0,80.0,0.3085
649000.0,1648000.0,80.0,-0.1277
650000.0,1648000.0,80.0,0.1414
651000.0,1648000.0,80.0,-1.7458
652000.0,1648000.0,80.0,-0.1056
653000.0,1648000.0,80.0,-0.6544
654000.0,1648000.0,80.0,-0.5987
655000.0,1648000.0,80.0,0.8610
656000.0,1648000.0,80.0,-0.8403
657000.0,1648000.0,80.0,-0.8504
658000.0,1648000.0,80.0,-1.2319
659000.0,1648000.0,80.0,0.2033
660000.0,1648000.0,80.0,2.2582
661000.0,1648000.0,80.0,0.4790
662000.0,1648000.0,80.0,4.2260
663000.0,1648000.0,80.0,4.0126
664000.0,1648000.0,80.0,11.2517
665000.0,1648000.0,80.0,22.4672
666000.0,1648000.0,80.0,39.4393
667000.0,1648000.0,80.0,69.2421
668000.0,1648000.0,80.0,107.8636
669000.0,1648000.0,80.0,131.3523
670000.0,1648000.0,80.0,124.1723
671000.0,1648000.0,80.0,100.6088
672000.0,1648000.0,80.0,73.7381
673000.0,1648000.0,80.0,52.0382
674000.0,1648000.0,80.0,36.0906
675000.0,1648000.0,80.0,19.2869
676000.0,1648000.0,80.0,8.9592
677000.0,1648000.0,80.0,2.6509
678000.0,1648000.0,80.0,-5.1463
679000.0,1648000.0,80.0,-11.6047
680000.0,1648000.0,80.0,-18.5394
681000.0,1648000.0,80.0,-25.9803
682000.0,1648000.0,80.0,-32.1624
683000.0,1648000.0,80.0,-34.1062
684000.0,1648000.0,80.0,-38.4224
685000.0,1648000.0,80.0,-46.4531
686000.0,1648000.0,80.0,-49.2232
687000.0,1648000.0,80.0,-51.1266
688000.0,1648000.0,80.0,-51.9290
689000.0,1648000.0,80.0,-56.7281
690000.0,1648000.0,80.0,-59.2548
691000.0,1648000.0,80.0,-55.6705
692000.0,1648000.0,80.0,-55.7898
693000.0,1648000.0,80.0,-56.7518
694000.0,1648000.0,80.0,-54.0278
695000.0,1648000.0,80.0,-47.3496
696000.0,1648000.0,80.0,-48.7766
697000.0,1648000.0,80.0,-43.6366
698000.0,1648000.0,80.0,-38.9650
699000.0,1648000.0,80.0,-35.8635
700000.0,1648000.0,80.0,-30.7056
701000.0,1648000.0,80.0,-30.9351
702000.0,1648000.0,80.0,-24.4387
703000.0,1648000.0,80.0,-20.5975
704000.0,1648000.0,80.0,-17.5569
705000.0,1648000.0,80.0,-14.6709
706000.0,1648000.0,80.0,-14.7138
707000.0,1648000.0,80.0,-9.6241
708000.0,1648000.0,80.0,-9.3128
709000.0,1648000.0,80.0,-7.9061
710000.0,1648000.0,80.0,-8.1387
711000.0,1648000.0,80.0,-6.3545
641000.0,1649000.0,80.0,0.8276
642000.0,1649000.0,80.0,-0.5443
643000.0,1649000.0,80.0,-0.3459
644000.0,1649000.0,80.0,-0.2398
645000.0,1649000.0,80.0,-2.2314
646000.0,1649000.0,80.0,-0.7762
647000.0,1649000.0,80.0,0.0750
648000.0,1649000.0,80.0,-1.1498
649000.0,1649000.0,80.0,-0.7285
650000.0,1649000.0,80.0,-0.7523
651000.0,1649000.0,80.0,-2.3577
652000.0,1649000.0,80.0,0.0282
653000.0,1649000.0,80.0,-2.1975
654000.0,1649000.0,80.0,-0.4176
655000.0,1649000.0,80.0,-0.9974
656000.0,1649000.0,80.0,-1.2013
657000.0,1649000.0,80.0,-0.7437
658000.0,1649000.0,80.0,0.0543
659000.0,1649000.0,80.0,0.3100
660000.0,1649000.0,80.0,-0.5837
661000.0,1649000.0,80.0,0.3191
662000.0,1649000.0,80.0,0.7327
663000.0,1649000.0,80.0,2.1368
664000.0,1649000.0,80.0,8.8910
665000.0,1649000.0,80.0,15.2232
666000.0,1649000.0,80.0,38.0602
667000.0,1649000.0,80.0,100.7595
668000.0,1649000.0,80.0,177.1443
669000.0,1649000.0,80.0,208.4020
670000.0,1649000.0,80.0,155.7680
671000.0,1649000.0,80.0,105.7418
672000.0,1649000.0,80.0,72.6676
673000.0,1649000.0,80.0,47.6601
674000.0,1649000.0,80.0,31.6153
675000.0,1649000.0,80.0,19.4549
676000.0,1649000.0,80.0,7.6823
677000.0,1649000.0,80.0,-1.1416
678000.0,1649000.0,80.0,-9.5691
679000.0,1649000.0,80.0,-15.6760
680000.0,1649000.0,80.0,-21.4717
681000.0,1649000.0,80.0,-27.9435
682000.0,1649000.0,80.0,-33.8633
683000.0,1649000.0,80.0,-42.3959
684000.0,1649000.0,80.0,-42.5826
685000.0,1649000.0,80.0,-53.8618
686000.0,1649000.0,80.0,-56.1564
687000.0,1649000.0,80.0,-58.3083
688000.0,1649000.0,80.0,-65.5885
689000.0,1649000.0,80.0,-64.3903
690000.0,1649000.0,80.0,-72.0367
691000.0,1649000.0,80.0,-71.0141
692000.0,1649000.0,80.0,-73.9961
693000.0,1649000.0,80.0,-63.9131
694000.0,1649000.0,80.0,-65.7855
695000.0,1649000.0,80.0,-60.5971
696000.0,1649000.0,80.0,-53.1092
697000.0,1649000.0,80.0,-49.5188
698000.0,1649000.0,80.0,-43.5323
699000.0,1649000.0,80.0,-39.5282
700000.0,1649000.0,80.0,-34.1985
701000.0,1649000.0,80.0,-31.6678
702000.0,1649000.0,80.0,-26.5731
703000.0,1649000.0,80.0,-21.4437
704000.0,1649000.0,80.0,-18.1021
705000.0,1649000.0,80.0,-15.0438
706000.0,1649000.0,80.0,-14.8967
707000.0,1649000.0,80.0,-13.2971
708000.0,1649000.0,80.0,-11.8074
709000.0,1649000.0,80.0,-9.4831
710000.0,1649000.0,80.0,-7.8978
711000.0,1649000.0,80.0,-8.1745
641000.0,1650000.0,80.0,-0.8143
642000.0,1650000.0,80.0,-0.0065
643000.0,1650000.0,80.0,0.3355
644000.0,1650000.0,80.0,-1.2836
645000.0,1650000.0,80.0,-0.1416
646000.0,1650000.0,80.0,-2.0435
647000.0,1650000.0,80.0,-1.4575
648000.0,1650000.0,80.0,-0.7241
649000.0,1650000.0,80.0,-1.5396
650000.0,1650000.0,80.0,-1.7341
651000.0,1650000.0,80.0,-0.7345
652000.0,1650000.0,80.0,-2.0930
653000.0,1650000.0,80.0,-1.0501
654000.0,1650000.0,80.0,-1.3618
655000.0,1650000.0,80.0,-0.8247
656000.0,1650000.0,80.0,-0.6678
657000.0,1650000.0,80.0,-1.4008
658000.0,1650000.0,80.0,-2.1340
659000.0,1650000.0,80.0,-0.6389
660000.0,1650000.0,80.0,-1.4805
661000.0,1650000.0,80.0,-2.4918
662000.0,1650000.0,80.0,-1.1099
663000.0,1650000.0,80.0,-1.2020
664000.0,1650000.0,80.0,-1.5655
665000.0,1650000.0,80.0,3.8913
666000.0,1650000.0,80.0,16.9295
667000.0,1650000.0,80.0,81.0929
668000.0,1650000.0,80.0,188.4031
669000.0,1650000.0,80.0,207.5831
670000.0,1650000.0,80.0,134.9795
671000.0,1650000.0,80.0,81.9902
672000.0,1650000.0,80.0,56.7702
673000.0,1650000.0,80.0,32.9980
674000.0,1650000.0,80.0,22.6639
675000.0,1650000.0,80.0,10.0332
676000.0,1650000.0,80.0,0.4515
677000.0,1650000.0,80.0,-4.2533
678000.0,1650000.0,80.0,-11.3081
679000.0,1650000.0,80.0,-16.6011
680000.0,1650000.0,80.0,-23.4454
681000.0,1650000.0,80.0,-29.6283
682000.0,1650000.0,80.0,-37.4716
683000.0,1650000.0,80.0,-42.8534
684000.0,1650000.0,80.0,-50.5744
685000.0,1650000.0,80.0,-58.1946
686000.0,1650000.0,80.0,-63.2341
687000.0,1650000.0,80.0,-71.2588
688000.0,1650000.0,80.0,-72.9956
689000.0,1650000.0,80.0,-75.4147
690000.0,1650000.0,80.0,-78.4347
691000.0,1650000.0,80.0,-77.9980
692000.0,1650000.0,80.0,-79.3828
693000.0,1650000.0,80.0,-76.0913
694000.0,1650000.0,80.0,-72.3107
695000.0,1650000.0,80.0,-63.0002
696000.0,1650000.0,80.0,-64.8666
697000.0,1650000.0,80.0,-51.8501
698000.0,1650000.0,80.0,-51.5273
699000.0,1650000.0,80.0,-44.5973
700000.0,1650000.0,80.0,-37.5101
701000.0,1650000.0,80.0,-31.4805
702000.0,1650000.0,80.0,-27.5158
703000.0,1650000.0,80.0,-22.8874
704000.0,1650000.0,80.0,-17.6955
705000.0,1650000.0,80.0,-13.1959
706000.0,1650000.0,80.0,-13.6400
707000.0,1650000.0,80.0,-11.2644
708000.0,1650000.0,80.0,-10.5548
709000.0,1650000.0,80.0,-7.0961
710000.0,1650000.0,80.0,-8.0022
711000.0,1650000.0,80.0,-6.3232
641000.0,1651000.0,80.0,-1.7242
642000.0,1651000.0,80.0,-3.3657
643000.0,1651000.0,80.0,1.5578
644000.0,1651000.0,80.0,0.3218
645000.0,1651000.0,80.0,0.1362
646000.0,1651000.0,80.0,-1.7639
647000.0,1651000.0,80.0,-2.5178
648000.0,1651000.0,80.0,-1.1766
649000.0,1651000.0,80.0,-0.8888
650000.0,1651000.0,80.0,-0.3610
651000.0,1651000.0,80.0,-1.1748
652000.0,1651000.0,80.0,0.0004
653000.0,1651000.0,80.0,-1.0756
654000.0,1651000.0,80.0,-1.2638
655000.0,1651000.0,80.0,-0.5647
656000.0,1651000.0,80.0,-2.6415
657000.0,1651000.0,80.0,-1.7927
658000.0,1651000.0,80.0,-3.0383
659000.0,1651000.0,80.0,-3.4876
660000.0,1651000.0,80.0,-1.5771
661000.0,1651000.0,80.0,-2.4762
662000.0,1651000.0,80.0,-3.6563
663000.0,1651000.0,80.0,-3.6196
664000.0,1651000.0,80.0,-5.8663
665000.0,1651000.0,80.0,-6.9730
666000.0,1651000.0,80.0,-14.3614
667000.0,1651000.0,80.0,-10.2763
668000.0,1651000.0,80.0,22.3882
669000.0,1651000.0,80.0,43.5037
670000.0,1651000.0,80.0,39.7044
671000.0,1651000.0,80.0,32.3188
672000.0,1651000.0,80.0,27.0462
673000.0,1651000.0,80.0,16.7144
674000.0,1651000.0,80.0,9.5759
675000.0,1651000.0,80.0,2.6832
676000.0,1651000.0,80.0,-4.2169
677000.0,1651000.0,80.0,-9.5161
678000.0,1651000.0,80.0,-14.5076
679000.0,1651000.0,80.0,-19.2442
680000.0,1651000.0,80.0,-23.3129
681000.0,1651000.0,80.0,-33.1159
682000.0,1651000.0,80.0,-37.9208
683000.0,1651000.0,80.0,-47.6562
684000.0,1651000.0,80.0,-50.1044
685000.0,1651000.0,80.0,-64.6294
686000.0,1651000.0,80.0,-67.4606
687000.0,1651000.0,80.0,-75.3853
688000.0,1651000.0,80.0,-81.3082
689000.0,1651000.0,80.0,-82.0606
690000.0,1651000.0,80.0,-85.0379
691000.0,1651000.0,80.0,-89.8820
692000.0,1651000.0,80.0,-85.1534
693000.0,1651000.0,80.0,-83.0309
694000.0,1651000.0,80.0,-81.4680
695000.0,1651000.0,80.0,-77.5195
696000.0,1651000.0,80.0,-65.5344
697000.0,1651000.0,80.0,-58.6993
698000.0,1651000.0,80.0,-51.8116
699000.0,1651000.0,80.0,-46.6225
700000.0,1651000.0,80.0,-36.7207
701000.0,1651000.0,80.0,-27.1519
702000.0,1651000.0,80.0,-27.2701
703000.0,1651000.0,80.0,-22.3472
704000.0,1651000.0,80.0,-20.5850
705000.0,1651000.0,80.0,-17.5296
706000.0,1651000.0,80.0,-11.8014
707000.0,1651000.0,80.0,-9.2226
708000.0,1651000.0,80.0,-10.6313
709000.0,1651000.0,80.0,-9.7226
710000.0,1651000.0,80.0,-8.8651
711000.0,1651000.0,80.0,-7.5390
641000.0,1652000.0,80.0,-0.6670
642000.0,1652000.0,80.0,-1.9952
643000.0,1652000.0,80.0,-1.4870
644000.0,1652000.0,80.0,0.1385
645000.0,1652000.0,80.0,-1.0251
646000.0,1652000.0,80.0,-1.6967
647000.0,1652000.0,80.0,-2.1572
648000.0,1652000.0,80.0,0.0319
649000.0,1652000.0,80.0,-2.1989
650000.0,1652000.0,80.0,-1.3899
651000.0,1652000.0,80.0,-0.3533
652000.0,1652000.0,80.0,-0.9702
653000.0,1652000.0,80.0,-1.3995
654000.0,1652000.0,80.0,-1.5990
655000.0,1652000.0,80.0,-3.1395
656000.0,1652000.0,80.0,-3.2105
657000.0,1652000.0,80.0,-3.3141
658000.0,1652000.0,80.0,-6.3102
659000.0,1652000.0,80.0,-4.2861
660000.0,1652000.0,80.0,-4.6757
661000.0,1652000.0,80.0,-5.6275
662000.0,1652000.0,80.0,-7.0274
663000.0,1652000.0,80.0,-8.6564
664000.0,1652000.0,80.0,-11.7710
665000.0,1652000.0,80.0,-15.4550
666000.0,1652000.0,80.0,-26.9352
667000.0,1652000.0,80.0,-25.7891
668000.0,1652000.0,80.0,0.1083
669000.0,1652000.0,80.0,13.8370
670000.0,1652000.0,80.0,3.4188
671000.0,1652000.0,80.0,1.9973
672000.0,1652000.0,80.0,0.4704
673000.0,1652000.0,80.0,-0.8440
674000.0,1652000.0,80.0,-2.0002
675000.0,1652000.0,80.0,-6.0178
676000.0,1652000.0,80.0,-9.8544
677000.0,1652000.0,80.0,-14.0424
678000.0,1652000.0,80.0,-16.8373
679000.0,1652000.0,80.0,-20.2654
680000.0,1652000.0,80.0,-22.9750
681000.0,1652000.0,80.0,-31.3063
682000.0,1652000.0,80.0,-38.0453
683000.0,1652000.0,80.0,-44.6220
684000.0,1652000.0,80.0,-50.8471
685000.0,1652000.0,80.0,-56.4717
686000.0,1652000.0,80.0,-68.3176
687000.0,1652000.0,80.0,-80.4971
688000.0,1652000.0,80.0,-82.7178
689000.0,1652000.0,80.0,-90.2268
690000.0,1652000.0,80.0,-92.4407
691000.0,1652000.0,80.0,-85.5749
692000.0,1652000.0,80.0,-90.7421
693000.0,1652000.0,80.0,-89.0898
694000.0,1652000.0,80.0,-79.1299
695000.0,1652000.0,80.0,-76.5694
696000.0,1652000.0,80.0,-72.1848
697000.0,1652000.0,80.0,-61.2884
698000.0,1652000.0,80.0,-56.0167
699000.0,1652000.0,80.0,-46.8282
700000.0,1652000.0,80.0,-37.6612
701000.0,1652000.0,80.0,-35.9052
702000.0,1652000.0,80.0,-25.4271
703000.0,1652000.0,80.0,-21.8437
704000.0,1652000.0,80.0,-17.5390
705000.0,1652000.0,80.0,-16.3360
706000.0,1652000.0,80.0,-12.9459
707000.0,1652000.0,80.0,-12.7722
708000.0,1652000.0,80.0,-11.0804
709000.0,1652000.0,80.0,-8.5420
710000.0,1652000.0,80.0,-7.5359
711000.0,1652000.0,80.0,-6.6581
641000.0,1653000.0,80.0,0.6606
642000.0,1653000.0,80.0,-1.0092
643000.0,1653000.0,80.0,-0.3081
644000.0,1653000.0,80.0,-0.4532
645000.0,1653000.0,80.0,-0.6890
646000.0,1653000.0,80.0,-0.4886
647000.0,1653000.0,80.0,-2.7417
648000.0,1653000.0,80.0,-1.6297
649000.0,1653000.0,80.0,-0.0421
650000.0,1653000.0,80.0,-1.5950
651000.0,1653000.0,80.0,-0.7288
652000.0,1653000.0,80.0,-1.1414
653000.0,1653000.0,80.0,-4.9976
654000.0,1653000.0,80.0,-3.4738
655000.0,1653000.0,80.0,-3.1266
656000.0,1653000.0,80.0,-3.5377
657000.0,1653000.0,80.0,-3.7775
658000.0,1653000.0,80.0,-4.3647
659000.0,1653000.0,80.0,-5.5533
660000.0,1653000.0,80.0,-6.4004
661000.0,1653000.0,80.0,-9.2204
662000.0,1653000.0,80.0,-6.5762
663000.0,1653000.0,80.0,-9.8387
664000.0,1653000.0,80.0,-14.4614
665000.0,1653000.0,80.0,-22.0310
666000.0,1653000.0,80.0,-32.5677
667000.0,1653000.0,80.0,-24.4273
668000.0,1653000.0,80.0,1.3006
669000.0,1653000.0,80.0,14.1546
670000.0,1653000.0,80.0,-3.9919
671000.0,1653000.0,80.0,-10.2897
672000.0,1653000.0,80.0,-10.4761
673000.0,1653000.0,80.0,-10.0945
674000.0,1653000.0,80.0,-11.1271
675000.0,1653000.0,80.0,-13.5134
676000.0,1653000.0,80.0,-13.0373
677000.0,1653000.0,80.0,-16.9279
678000.0,1653000.0,80.0,-17.2159
679000.0,1653000.0,80.0,-21.5718
680000.0,1653000.0,80.0,-24.8683
681000.0,1653000.0,80.0,-29.5554
682000.0,1653000.0,80.0,-36.1151
683000.0,1653000.0,80.0,-42.4544
684000.0,1653000.0,80.0,-49.6907
685000.0,1653000.0,80.0,-53.2750
686000.0,1653000.0,80.0,-69.2910
687000.0,1653000.0,80.0,-75.1700
688000.0,1653000.0,80.0,-80.1942
689000.0,1653000.0,80.0,-86.7049
690000.0,1653000.0,80.0,-89.4752
691000.0,1653000.0,80.0,-90.9668
692000.0,1653000.0,80.0,-86.1408
693000.0,1653000.0,80.0,-84.9991
694000.0,1653000.0,80.0,-79.0338
695000.0,1653000.0,80.0,-77.2490
696000.0,1653000.0,80.0,-68.6257
697000.0,1653000.0,80.0,-56.4866
698000.0,1653000.0,80.0,-48.6494
699000.0,1653000.0,80.0,-45.1716
700000.0,1653000.0,80.0,-33.9356
701000.0,1653000.0,80.0,-30.3334
702000.0,1653000.0,80.0,-26.2664
703000.0,1653000.0,80.0,-19.6416
704000.0,1653000.0,80.0,-16.2529
705000.0,1653000.0,80.0,-18.0854
706000.0,1653000.0,80.0,-11.6474
707000.0,1653000.0,80.0,-11.5888
708000.0,1653000.0,80.0,-10.1571
709000.0,1653000.0,80.0,-8.7634
710000.0,1653000.0,80.0,-6.0946
711000.0,1653000.0,80.0,-5.0513
641000.0,1654000.0,80.0,-0.4694
642000.0,1654000.0,80.0,-0.0513
643000.0,1654000.0,80.0,1.2803
644000.0,1654000.0,80.0,-0.9456
645000.0,1654000.0,80.0,-2.0092
646000.0,1654000.0,80.0,-0.5100
647000.0,1654000.0,80.0,-0.4045
648000.0,1654000.0,80.0,-1.3779
649000.0,1654000.0,80.0,-1.5298
650000.0,1654000.0,80.0,0.7262
651000.0,1654000.0,80.0,-1.9135
652000.0,1654000.0,80.0,-2.7810
653000.0,1654000.0,80.0,-4.8997
654000.0,1654000.0,80.0,-1.5653
655000.0,1654000.0,80.0,-1.4577
656000.0,1654000.0,80.0,-4.5009
657000.0,1654000.0,80.0,-3.2055
658000.0,1654000.0,80.0,-4.9141
659000.0,1654000.0,80.0,-5.3829
660000.0,1654000.0,80.0,-7.2997
661000.0,1654000.0,80.0,-8.2112
662000.0,1654000.0,80.0,-9.2797
663000.0,1654000.0,80.0,-13.9160
664000.0,1654000.0,80.0,-18.3864
665000.0,1654000.0,80.0,-24.9771
666000.0,1654000.0,80.0,-29.6796
667000.0,1654000.0,80.0,-27.7019
668000.0,1654000.0,80.0,6.7932
669000.0,1654000.0,80.0,14.2691
670000.0,1654000.0,80.0,-5.6429
671000.0,1654000.0,80.0,-11.9612
672000.0,1654000.0,80.0,-13.1470
673000.0,1654000.0,80.0,-12.6929
674000.0,1654000.0,80.0,-13.4867
675000.0,1654000.0,80.0,-14.6950
676000.0,1654000.0,80.0,-19.2412
677000.0,1654000.0,80.0,-16.4833
678000.0,1654000.0,80.0,-20.7074
679000.0,1654000.0,80.0,-21.7479
680000.0,1654000.0,80.0,-20.8898
681000.0,1654000.0,80.0,-25.5243
682000.0,1654000.0,80.0,-33.3234
683000.0,1654000.0,80.0,-37.6974
684000.0,1654000.0,80.0,-42.0601
685000.0,1654000.0,80.0,-50.7593
686000.0,1654000.0,80.0,-57.7416
687000.0,1654000.0,80.0,-65.8616
688000.0,1654000.0,80.0,-66.9166
689000.0,1654000.0,80.0,-70.0416
690000.0,1654000.0,80.0,-75.7289
691000.0,1654000.0,80.0,-79.5343
692000.0,1654000.0,80.0,-69.4436
693000.0,1654000.0,80.0,-73.6340
694000.0,1654000.0,80.0,-67.5564
695000.0,1654000.0,80.0,-65.6678
696000.0,1654000.0,80.0,-59.2522
697000.0,1654000.0,80.0,-48.8057
698000.0,1654000.0,80.0,-44.1688
699000.0,1654000.0,80.0,-35.5099
700000.0,1654000.0,80.0,-29.6408
701000.0,1654000.0,80.0,-26.7118
702000.0,1654000.0,80.0,-21.4094
703000.0,1654000.0,80.0,-17.4236
704000.0,1654000.0,80.0,-14.1190
705000.0,1654000.0,80.0,-13.8443
706000.0,1654000.0,80.0,-11.6491
707000.0,1654000.0,80.0,-11.2556
708000.0,1654000.0,80.0,-7.9361
709000.0,1654000.0,80.0,-7.6625
710000.0,1654000.0,80.0,-8.3804
711000.0,1654000.0,80.0,-6.4885
641000.0,1655000.0,80.0,-0.9108
642000.0,1655000.0,80.0,-1.4164
643000.0,1655000.0,80.0,-1.5816
644000.0,1655000.0,80.0,-2.5504
645000.0,1655000.0,80.0,-0.8466
646000.0,1655000.0,80.0,-1.4426
647000.0,1655000.0,80.0,-0.1613
648000.0,1655000.0,80.0,-1.3017
649000.0,1655000.0,80.0,-0.4657
650000.0,1655000.0,80.0,-2.7007
651000.0,1655000.0,80.0,-1.2793
652000.0,1655000.0,80.0,-1.1484
653000.0,1655000.0,80.0,-1.4109
654000.0,1655000.0,80.0,-2.8146
655000.0,1655000.0,80.0,-3.8807
656000.0,1655000.0,80.0,-1.6869
657000.0,1655000.0,80.0,-4.3089
658000.0,1655000.0,80.0,-6.1978
659000.0,1655000.0,80.0,-6.1312
660000.0,1655000.0,80.0,-6.8038
661000.0,1655000.0,80.0,-9.6772
662000.0,1655000.0,80.0,-10.5407
663000.0,1655000.0,80.0,-12.8436
664000.0,1655000.0,80.0,-18.0464
665000.0,1655000.0,80.0,-21.9732
666000.0,1655000.0,80.0,-30.5764
667000.0,1655000.0,80.0,-24.5527
668000.0,1655000.0,80.0,11.7754
669000.0,1655000.0,80.0,20.8443
670000.0,1655000.0,80.0,-0.1717
671000.0,1655000.0,80.0,-11.8890
672000.0,1655000.0,80.0,-15.1093
673000.0,1655000.0,80.0,-17.0759
674000.0,1655000.0,80.0,-15.7553
675000.0,1655000.0,80.0,-16.2416
676000.0,1655000.0,80.0,-16.1099
677000.0,1655000.0,80.0,-15.8458
678000.0,1655000.0,80.0,-20.1269
679000.0,1655000.0,80.0,-21.1341
680000.0,1655000.0,80.0,-22.2962
681000.0,1655000.0,80.0,-22.6676
682000.0,1655000.0,80.0,-25.9199
683000.0,1655000.0,80.0,-31.7664
684000.0,1655000.0,80.0,-35.6796
685000.0,1655000.0,80.0,-38.5833
686000.0,1655000.0,80.0,-43.8390
687000.0,1655000.0,80.0,-46.1976
688000.0,1655000.0,80.0,-53.2453
689000.0,1655000.0,80.0,-54.3694
690000.0,1655000.0,80.0,-57.6834
691000.0,1655000.0,80.0,-53.7255
692000.0,1655000.0,80.0,-53.5973
693000.0,1655000.0,80.0,-53.3707
694000.0,1655000.0,80.0,-50.0299
695000.0,1655000.0,80.0,-45.9326
696000.0,1655000.0,80.0,-41.6433
697000.0,1655000.0,80.0,-36.4733
698000.0,1655000.0,80.0,-35.6250
699000.0,1655000.0,80.0,-30.8397
700000.0,1655000.0,80.0,-23.3188
701000.0,1655000.0,80.0,-22.1327
702000.0,1655000.0,80.0,-20.8167
703000.0,1655000.0,80.0,-16.4129
704000.0,1655000.0,80.0,-12.3670
705000.0,1655000.0,80.0,-12.4365
706000.0,1655000.0,80.0,-9.4383
707000.0,1655000.0,80.0,-8.7280
708000.0,1655000.0,80.0,-9.5663
709000.0,1655000.0,80.0,-6.5818
710000.0,1655000.0,80.0,-6.2997
711000.0,1655000.0,80.0,-6.2449
641000.0,1656000.0,80.0,-2.2055
642000.0,1656000.0,80.0,0.8391
643000.0,1656000.0,80.0,-1.7373
644000.0,1656000.0,80.0,-2.9212
645000.0,1656000.0,80.0,-0.0585
646000.0,1656000.0,80.0,-1.4258
647000.0,1656000.0,80.0,0.1515
648000.0,1656000.0,80.0,-1.2690
649000.0,1656000.0,80.0,-1.3098
650000.0,1656000.0,80.0,-0.8564
651000.0,1656000.0,80.0,-1.5409
652000.0,1656000.0,80.0,-1.7931
653000.0,1656000.0,80.0,-1.0855
654000.0,1656000.0,80.0,-3.5328
655000.0,1656000.0,80.0,-2.4488
656000.0,1656000.0,80.0,-3.2843
657000.0,1656000.0,80.0,-6.0116
658000.0,1656000.0,80.0,-3.8958
659000.0,1656000.0,80.0,-5.3042
660000.0,1656000.0,80.0,-5.7232
661000.0,1656000.0,80.0,-9.6843
662000.0,1656000.0,80.0,-12.6774
663000.0,1656000.0,80.0,-10.2114
664000.0,1656000.0,80.0,-19.2221
665000.0,1656000.0,80.0,-23.9175
666000.0,1656000.0,80.0,-28.0187
667000.0,1656000.0,80.0,-22.0292
668000.0,1656000.0,80.0,13.6582
669000.0,1656000.0,80.0,21.5948
670000.0,1656000.0,80.0,1.1786
671000.0,1656000.0,80.0,-7.8807
672000.0,1656000.0,80.0,-10.9324
673000.0,1656000.0,80.0,-14.1008
674000.0,1656000.0,80.0,-13.7343
675000.0,1656000.0,80.0,-16.2952
676000.0,1656000.0,80.0,-16.0426
677000.0,1656000.0,80.0,-17.7357
678000.0,1656000.0,80.0,-18.7854
679000.0,1656000.0,80.0,-18.9778
680000.0,1656000.0,80.0,-19.2390
681000.0,1656000.0,80.0,-16.6113
682000.0,1656000.0,80.0,-22.7243
683000.0,1656000.0,80.0,-24.1479
684000.0,1656000.0,80.0,-23.1001
685000.0,1656000.0,80.0,-28.6791
686000.0,1656000.0,80.0,-29.1931
687000.0,1656000.0,80.0,-36.1659
688000.0,1656000.0,80.0,-35.9520
689000.0,1656000.0,80.0,-34.8600
690000.0,1656000.0,80.0,-39.5692
691000.0,1656000.0,80.0,-36.6636
692000.0,1656000.0,80.0,-36.7048
693000.0,1656000.0,80.0,-36.9586
694000.0,1656000.0,80.0,-35.1198
695000.0,1656000.0,80.0,-31.6073
696000.0,1656000.0,80.0,-30.4940
697000.0,1656000.0,80.0,-26.1700
698000.0,1656000.0,80.0,-23.6562
699000.0,1656000.0,80.0,-19.7741
700000.0,1656000.0,80.0,-19.9271
701000.0,1656000.0,80.0,-16.7378
702000.0,1656000.0,80.0,-16.2482
703000.0,1656000.0,80.0,-12.2958
704000.0,1656000.0,80.0,-12.3953
705000.0,1656000.0,80.0,-9.4409
706000.0,1656000.0,80.0,-9.3566
707000.0,1656000.0,80.0,-8.2295
708000.0,1656000.0,80.0,-6.9056
709000.0,1656000.0,80.0,-7.2538
710000.0,1656000.0,80.0,-6.5090
711000.0,1656000.0,80.0,-5.8796
641000.0,1657000.0,80.0,-1.3203
642000.0,1657000.0,80.0,-0.1617
643000.0,1657000.0,80.0,-1.2151
644000.0,1657000.0,80.0,-1.4411
645000.0,1657000.0,80.0,-0.0725
646000.0,1657000.0,80.0,-0.2681
647000.0,1657000.0,80.0,-1.2146
648000.0,1657000.0,80.0,1.3560
649000.0,1657000.0,80.0,-2.3664
650000.0,1657000.0,80.0,0.1896
651000.0,1657000.0,80.0,-1.4044
652000.0,1657000.0,80.0,-0.8874
653000.0,1657000.0,80.0,-2.5606
654000.0,1657000.0,80.0,-1.4070
655000.0,1657000.0,80.0,-4.1529
656000.0,1657000.0,80.0,-2.8289
657000.0,1657000.0,80.0,-4.1068
658000.0,1657000.0,80.0,-4.2577
659000.0,1657000.0,80.0,-6.8598
660000.0,1657000.0,80.0,-7.1465
661000.0,1657000.0,80.0,-10.2044
662000.0,1657000.0,80.0,-11.7858
663000.0,1657000.0,80.0,-14.2952
664000.0,1657000.0,80.0,-18.1894
665000.0,1657000.0,80.0,-22.5450
666000.0,1657000.0,80.0,-29.2659
667000.0,1657000.0,80.0,-19.4176
668000.0,1657000.0,80.0,17.7624
669000.0,1657000.0,80.0,30.8820
670000.0,1657000.0,80.0,4.9812
671000.0,1657000.0,80.0,-5.4982
672000.0,1657000.0,80.0,-9.2908
673000.0,1657000.0,80.0,-11.8611
674000.0,1657000.0,80.0,-15.7509
675000.0,1657000.0,80.0,-17.9380
676000.0,1657000.0,80.0,-14.9558
677000.0,1657000.0,80.0,-13.6011
678000.0,1657000.0,80.0,-13.4305
679000.0,1657000.0,80.0,-15.2591
680000.0,1657000.0,80.0,-13.5092
681000.0,1657000.0,80.0,-15.7701
682000.0,1657000.0,80.0,-17.7682
683000.0,1657000.0,80.0,-16.6275
684000.0,1657000.0,80.0,-15.6970
685000.0,1657000.0,80.0,-17.6190
686000.0,1657000.0,80.0,-19.3186
687000.0,1657000.0,80.0,-19.2019
688000.0,1657000.0,80.0,-19.4666
689000.0,1657000.0,80.0,-20.2714
690000.0,1657000.0,80.0,-20.3933
691000.0,1657000.0,80.0,-20.4389
692000.0,1657000.0,80.0,-19.3951
693000.0,1657000.0,80.0,-20.4345
694000.0,1657000.0,80.0,-20.3335
695000.0,1657000.0,80.0,-18.9244
696000.0,1657000.0,80.0,-17.7370
697000.0,1657000.0,80.0,-19.8712
698000.0,1657000.0,80.0,-14.8560
699000.0,1657000.0,80.0,-12.9467
700000.0,1657000.0,80.0,-13.8739
701000.0,1657000.0,80.0,-11.9089
702000.0,1657000.0,80.0,-12.4145
703000.0,1657000.0,80.0,-9.6025
704000.0,1657000.0,80.0,-10.4237
705000.0,1657000.0,80.0,-8.2944
706000.0,1657000.0,80.0,-7.0233
707000.0,1657000.0,80.0,-7.8480
708000.0,1657000.0,80.0,-7.5421
709000.0,1657000.0,80.0,-6.0936
710000.0,1657000.0,80.0,-5.8078
711000.0,1657000.0,80.0,-5.0720
641000.0,1658000.0,80.0,-1.8882
642000.0,1658000.0,80.0,0.3130
643000.0,1658000.0,80.0,-1.0820
644000.0,1658000.0,80.0,-0.3883
645000.0,1658000.0,80.0,-2.5321
646000.0,1658000.0,80.0,-1.5325
647000.0,1658000.0,80.0,0.6164
648000.0,1658000.0,80.0,-2.0069
649000.0,1658000.0,80.0,-0.9489
650000.0,1658000.0,80.0,0.7415
651000.0,1658000.0,80.0,-1.6169
652000.0,1658000.0,80.0,-0.3145
653000.0,1658000.0,80.0,-3.1319
654000.0,1658000.0,80.0,-3.0944
655000.0,1658000.0,80.0,-3.1368
656000.0,1658000.0,80.0,-4.2387
657000.0,1658000.0,80.0,-3.9976
658000.0,1658000.0,80.0,-7.1949
659000.0,1658000.0,80.0,-7.4797
660000.0,1658000.0,80.0,-6.0655
661000.0,1658000.0,80.0,-9.0093
662000.0,1658000.0,80.0,-10.5105
663000.0,1658000.0,80.0,-11.4169
664000.0,1658000.0,80.0,-19.0066
665000.0,1658000.0,80.0,-25.0089
666000.0,1658000.0,80.0,-23.1995
667000.0,1658000.0,80.0,-19.1495
668000.0,1658000.0,80.0,18.2826
669000.0,1658000.0,80.0,26.5113
670000.0,1658000.0,80.0,5.4972
671000.0,1658000.0,80.0,-2.3403
672000.0,1658000.0,80.0,-7.0250
673000.0,1658000.0,80.0,-11.6710
674000.0,1658000.0,80.0,-15.7280
675000.0,1658000.0,80.0,-13.1845
676000.0,1658000.0,80.0,-11.5319
677000.0,1658000.0,80.0,-16.1195
678000.0,1658000.0,80.0,-12.6348
679000.0,1658000.0,80.0,-12.8350
680000.0,1658000.0,80.0,-15.0467
681000.0,1658000.0,80.0,-11.0094
682000.0,1658000.0,80.0,-11.5809
683000.0,1658000.0,80.0,-11.5224
684000.0,1658000.0,80.0,-9.3379
685000.0,1658000.0,80.0,-10.4211
686000.0,1658000.0,80.0,-8.5530
687000.0,1658000.0,80.0,-6.6774
688000.0,1658000.0,80.0,-9.3704
689000.0,1658000.0,80.0,-9.0058
690000.0,1658000.0,80.0,-10.1717
691000.0,1658000.0,80.0,-7.6638
692000.0,1658000.0,80.0,-10.9709
693000.0,1658000.0,80.0,-10.1559
694000.0,1658000.0,80.0,-9.6699
695000.0,1658000.0,80.0,-9.8892
696000.0,1658000.0,80.0,-10.6030
697000.0,1658000.0,80.0,-8.7493
698000.0,1658000.0,80.0,-10.1402
699000.0,1658000.0,80.0,-12.1912
700000.0,1658000.0,80.0,-7.9764
701000.0,1658000.0,80.0,-6.9294
702000.0,1658000.0,80.0,-9.1577
703000.0,1658000.0,80.0,-6.4139
704000.0,1658000.0,80.0,-8.0644
705000.0,1658000.0,80.0,-8.0460
706000.0,1658000.0,80.0,-7.4331
707000.0,1658000.0,80.0,-4.0664
708000.0,1658000.0,80.0,-3.9145
709000.0,1658000.0,80.0,-4.2326
710000.0,1658000.0,80.0,-5.7023
711000.0,1658000.0,80.0,-3.3634
641000.0,1659000.0,80.0,-1.8650
642000.0,1659000.0,80.0,-0.1329
643000.0,1659000.0,80.0,-1.3329
644000.0,1659000.0,80.0,-1.3767
645000.0,1659000.0,80.0,-1.3600
646000.0,1659000.0,80.0,-2.9833
647000.0,1659000.0,80.0,-2.7277
648000.0,1659000.0,80.0,-1.1821
649000.0,1659000.0,80.0,-2.2487
650000.0,1659000.0,80.0,-0.4634
651000.0,1659000.0,80.0,-0.2994
652000.0,1659000.0,80.0,-3.3804
653000.0,1659000.0,80.0,-3.6551
654000.0,1659000.0,80.0,-2.6565
655000.0,1659000.0,80.0,-0.8995
656000.0,1659000.0,80.0,-4.3885
657000.0,1659000.0,80.0,-3.7127
658000.0,1659000.0,80.0,-6.9275
659000.0,1659000.0,80.0,-7.1558
660000.0,1659000.0,80.0,-6.8241
661000.0,1659000.0,80.0,-9.1713
662000.0,1659000.0,80.0,-10.1207
663000.0,1659000.0,80.0,-12.8545
664000.0,1659000.0,80.0,-15.9327
665000.0,1659000.0,80.0,-19.7900
666000.0,1659000.0,80.0,-22.4830
667000.0,1659000.0,80.0,-15.7099
668000.0,1659000.0,80.0,21.3346
669000.0,1659000.0,80.0,30.7823
670000.0,1659000.0,80.0,10.7913
671000.0,1659000.0,80.0,-1.2001
672000.0,1659000.0,80.0,-7.9075
673000.0,1659000.0,80.0,-9.3768
674000.0,1659000.0,80.0,-10.8194
675000.0,1659000.0,80.0,-12.6790
676000.0,1659000.0,80.0,-11.8399
677000.0,1659000.0,80.0,-13.4176
678000.0,1659000.0,80.0,-13.6947
679000.0,1659000.0,80.0,-13.1059
680000.0,1659000.0,80.0,-9.7061
681000.0,1659000.0,80.0,-10.5906
682000.0,1659000.0,80.0,-8.6280
683000.0,1659000.0,80.0,-9.2319
684000.0,1659000.0,80.0,-7.5192
685000.0,1659000.0,80.0,-5.5108
686000.0,1659000.0,80.0,-3.3354
687000.0,1659000.0,80.0,-4.8162
688000.0,1659000.0,80.0,-4.5475
689000.0,1659000.0,80.0,-2.5562
690000.0,1659000.0,80.0,-2.1031
691000.0,1659000.0,80.0,-2.6121
692000.0,1659000.0,80.0,-0.9510
693000.0,1659000.0,80.0,-4.2423
694000.0,1659000.0,80.0,-3.6802
695000.0,1659000.0,80.0,-3.3107
696000.0,1659000.0,80.0,-4.8467
697000.0,1659000.0,80.0,-4.1615
698000.0,1659000.0,80.0,-5.1036
699000.0,1659000.0,80.0,-5.8591
700000.0,1659000.0,80.0,-3.2153
701000.0,1659000.0,80.0,-7.1826
702000.0,1659000.0,80.0,-6.3877
703000.0,1659000.0,80.0,-5.4507
704000.0,1659000.0,80.0,-6.6543
705000.0,1659000.0,80.0,-5.4245
706000.0,1659000.0,80.0,-4.3544
707000.0,1659000.0,80.0,-4.7652
708000.0,1659000.0,80.0,-3.8911
709000.0,1659000.0,80.0,-4.8126
710000.0,1659000.0,80.0,-4.3993
711000.0,1659000.0,80.0,-1.7740
641000.0,1660000.0,80.0,-0.3504
642000.0,1660000.0,80.0,0.1560
643000.0,1660000.0,80.0,-1.4860
644000.0,1660000.0,80.0,-1.0500
645000.0,1660000.0,80.0,0.3389
646000.0,1660000.0,80.0,-0.7792
647000.0,1660000.0,80.0,-2.1853
648000.0,1660000.0,80.0,-1.9115
649000.0,1660000.0,80.0,-1.1693
650000.0,1660000.0,80.0,0.3628
651000.0,1660000.0,80.0,-0.8846
652000.0,1660000.0,80.0,-2.4649
653000.0,1660000.0,80.0,-2.0050
654000.0,1660000.0,80.0,-2.3041
655000.0,1660000.0,80.0,-4.6109
656000.0,1660000.0,80.0,-3.4548
657000.0,1660000.0,80.0,-4.4915
658000.0,1660000.0,80.0,-5.1104
659000.0,1660000.0,80.0,-6.9408
660000.0,1660000.0,80.0,-6.7045
661000.0,1660000.0,80.0,-9.0479
662000.0,1660000.0,80.0,-11.2327
663000.0,1660000.0,80.0,-10.1329
664000.0,1660000.0,80.0,-15.6566
665000.0,1660000.0,80.0,-20.6612
666000.0,1660000.0,80.0,-21.5512
667000.0,1660000.0,80.0,-12.3875
668000.0,1660000.0,80.0,20.3562
669000.0,1660000.0,80.0,32.2403
670000.0,1660000.0,80.0,12.2796
671000.0,1660000.0,80.0,1.2744
672000.0,1660000.0,80.0,-5.3279
673000.0,1660000.0,80.0,-8.4886
674000.0,1660000.0,80.0,-6.8926
675000.0,1660000.0,80.0,-11.4101
676000.0,1660000.0,80.0,-11.7984
677000.0,1660000.0,80.0,-10.0950
678000.0,1660000.0,80.0,-11.0903
679000.0,1660000.0,80.0,-10.5014
680000.0,1660000.0,80.0,-9.9340
681000.0,1660000.0,80.0,-6.9626
682000.0,1660000.0,80.0,-6.1069
683000.0,1660000.0,80.0,-3.7883
684000.0,1660000.0,80.0,-4.1201
685000.0,1660000.0,80.0,-0.9635
686000.0,1660000.0,80.0,-0.9166
687000.0,1660000.0,80.0,-0.5043
688000.0,1660000.0,80.0,1.3858
689000.0,1660000.0,80.0,1.9369
690000.0,1660000.0,80.0,2.2804
691000.0,1660000.0,80.0,1.3774
692000.0,1660000.0,80.0,1.9980
693000.0,1660000.0,80.0,1.6119
694000.0,1660000.0,80.0,2.0728
695000.0,1660000.0,80.0,1.9503
696000.0,1660000.0,80.0,0.6777
697000.0,1660000.0,80.0,-0.2622
698000.0,1660000.0,80.0,-0.7344
699000.0,1660000.0,80.0,-1.3534
700000.0,1660000.0,80.0,-3.7004
701000.0,1660000.0,80.0,-5.0180
702000.0,1660000.0,80.0,-3.9173
703000.0,1660000.0,80.0,-2.6387
704000.0,1660000.0,80.0,-5.7045
705000.0,1660000.0,80.0,-5.3625
706000.0,1660000.0,80.0,-4.1699
707000.0,1660000.0,80.0,-4.7025
708000.0,1660000.0,80.0,-2.8709
709000.0,1660000.0,80.0,-3.6750
710000.0,1660000.0,80.0,-2.6681
711000.0,1660000.0,80.0,-3.0565
641000.0,1661000.0,80.0,-0.3920
642000.0,1661000.0,80.0,-1.9782
643000.0,1661000.0,80.0,-1.4211
644000.0,1661000.0,80.0,-2.7446
645000.0,1661000.0,80.0,-1.5304
646000.0,1661000.0,80.0,-1.3137
647000.0,1661000.0,80.0,-0.4381
648000.0,1661000.0,80.0,-2.0061
649000.0,1661000.0,80.0,0.8857
650000.0,1661000.0,80.0,0.2002
651000.0,1661000.0,80.0,-2.2540
652000.0,1661000.0,80.0,-3.3303
653000.0,1661000.0,80.0,-3.3896
654000.0,1661000.0,80.0,-1.7866
655000.0,1661000.0,80.0,-3.8650
656000.0,1661000.0,80.0,-3.4369
657000.0,1661000.0,80.0,-3.2019
658000.0,1661000.0,80.0,-4.1888
659000.0,1661000.0,80.0,-4.7638
660000.0,1661000.0,80.0,-8.1850
661000.0,1661000.0,80.0,-7.3297
662000.0,1661000.0,80.0,-8.9190
663000.0,1661000.0,80.0,-10.6023
664000.0,1661000.0,80.0,-13.2982
665000.0,1661000.0,80.0,-19.5421
666000.0,1661000.0,80.0,-25.7204
667000.0,1661000.0,80.0,-12.4342
668000.0,1661000.0,80.0,25.5281
669000.0,1661000.0,80.0,33.2069
670000.0,1661000.0,80.0,13.1029
671000.0,1661000.0,80.0,3.4809
672000.0,1661000.0,80.0,-1.1411
673000.0,1661000.0,80.0,-4.9358
674000.0,1661000.0,80.0,-9.3774
675000.0,1661000.0,80.0,-9.8296
676000.0,1661000.0,80.0,-10.5096
677000.0,1661000.0,80.0,-9.0535
678000.0,1661000.0,80.0,-8.2940
679000.0,1661000.0,80.0,-9.3514
680000.0,1661000.0,80.0,-8.1724
681000.0,1661000.0,80.0,-5.6950
682000.0,1661000.0,80.0,-4.9157
683000.0,1661000.0,80.0,-4.0835
684000.0,1661000.0,80.0,-2.2913
685000.0,1661000.0,80.0,0.1985
686000.0,1661000.0,80.0,0.5540
687000.0,1661000.0,80.0,1.9563
688000.0,1661000.0,80.0,2.2254
689000.0,1661000.0,80.0,4.4171
690000.0,1661000.0,80.0,3.6870
691000.0,1661000.0,80.0,4.7495
692000.0,1661000.0,80.0,4.6037
693000.0,1661000.0,80.0,3.7085
694000.0,1661000.0,80.0,2.7206
695000.0,1661000.0,80.0,2.8334
696000.0,1661000.0,80.0,1.7526
697000.0,1661000.0,80.0,2.1911
698000.0,1661000.0,80.0,-0.6262
699000.0,1661000.0,80.0,0.1204
700000.0,1661000.0,80.0,-0.1716
701000.0,1661000.0,80.0,-1.3595
702000.0,1661000.0,80.0,-1.7503
703000.0,1661000.0,80.0,-3.1491
704000.0,1661000.0,80.0,-2.6323
705000.0,1661000.0,80.0,-2.7533
706000.0,1661000.0,80.0,-5.0057
707000.0,1661000.0,80.0,-3.6259
708000.0,1661000.0,80.0,-4.5088
709000.0,1661000.0,80.0,-5.1134
710000.0,1661000.0,80.0,-3.0487
711000.0,1661000.0,80.0,-2.4369
641000.0,1662000.0,80.0,-1.4061
642000.0,1662000.0,80.0,-0.1697
643000.0,1662000.0,80.0,-0.0766
644000.0,1662000.0,80.0,-0.5202
645000.0,1662000.0,80.0,-1.0869
646000.0,1662000.0,80.0,0.1136
647000.0,1662000.0,80.0,1.2190
648000.0,1662000.0,80.0,-2.6564
649000.0,1662000.0,80.0,0.1020
650000.0,1662000.0,80.0,-1.9006
651000.0,1662000.0,80.0,-0.0106
652000.0,1662000.0,80.0,-0.0567
653000.0,1662000.0,80.0,-1.7583
654000.0,1662000.0,80.0,-2.1397
655000.0,1662000.0,80.0,-2.1542
656000.0,1662000.0,80.0,-2.5515
657000.0,1662000.0,80.0,-3.5521
658000.0,1662000.0,80.0,-2.8922
659000.0,1662000.0,80.0,-6.7878
660000.0,1662000.0,80.0,-6.7338
661000.0,1662000.0,80.0,-6.7372
662000.0,1662000.0,80.0,-9.4067
663000.0,1662000.0,80.0,-11.3144
664000.0,1662000.0,80.0,-13.8770
665000.0,1662000.0,80.0,-15.5597
666000.0,1662000.0,80.0,-20.1032
667000.0,1662000.0,80.0,-13.3156
668000.0,1662000.0,80.0,22.8185
669000.0,1662000.0,80.0,35.2126
670000.0,1662000.0,80.0,15.3560
671000.0,1662000.0,80.0,5.7114
672000.0,1662000.0,80.0,-0.9912
673000.0,1662000.0,80.0,-2.9588
674000.0,1662000.0,80.0,-4.5898
675000.0,1662000.0,80.0,-9.0756
676000.0,1662000.0,80.0,-8.4351
677000.0,1662000.0,80.0,-7.3610
678000.0,1662000.0,80.0,-7.7621
679000.0,1662000.0,80.0,-6.7790
680000.0,1662000.0,80.0,-6.6033
681000.0,1662000.0,80.0,-5.4620
682000.0,1662000.0,80.0,-3.3005
683000.0,1662000.0,80.0,-1.0841
684000.0,1662000.0,80.0,-1.7750
685000.0,1662000.0,80.0,0.5246
686000.0,1662000.0,80.0,3.8286
687000.0,1662000.0,80.0,2.8947
688000.0,1662000.0,80.0,4.2370
689000.0,1662000.0,80.0,5.6636
690000.0,1662000.0,80.0,5.9077
691000.0,1662000.0,80.0,5.3352
692000.0,1662000.0,80.0,5.2516
693000.0,1662000.0,80.0,6.9245
694000.0,1662000.0,80.0,3.7352
695000.0,1662000.0,80.0,2.6513
696000.0,1662000.0,80.0,4.5126
697000.0,1662000.0,80.0,3.7772
698000.0,1662000.0,80.0,0.5635
699000.0,1662000.0,80.0,1.5886
700000.0,1662000.0,80.0,0.2772
701000.0,1662000.0,80.0,-0.8770
702000.0,1662000.0,80.0,-1.2077
703000.0,1662000.0,80.0,0.1577
704000.0,1662000.0,80.0,-1.3035
705000.0,1662000.0,80.0,-1.6894
706000.0,1662000.0,80.0,-1.9036
707000.0,1662000.0,80.0,-3.1564
708000.0,1662000.0,80.0,-2.8907
709000.0,1662000.0,80.0,-2.6957
710000.0,1662000.0,80.0,-3.4252
711000.0,1662000.0,80.0,-1.8808
641000.0,1663000.0,80.0,0.5319
642000.0,1663000.0,80.0,-0.6732
643000.0,1663000.0,80.0,-1.3434
644000.0,1663000.0,80.0,-1.2497
645000.0,1663000.0,80.0,1.2183
646000.0,1663000.0,80.0,-0.9298
647000.0,1663000.0,80.0,-1.5308
648000.0,1663000.0,80.0,-1.7816
649000.0,1663000.0,80.0,-0.7753
650000.0,1663000.0,80.0,0.8705
651000.0,1663000.0,80.0,0.8020
652000.0,1663000.0,80.0,-0.0309
653000.0,1663000.0,80.0,-1.6255
654000.0,1663000.0,80.0,-0.3524
655000.0,1663000.0,80.0,-1.8192
656000.0,1663000.0,80.0,-1.5072
657000.0,1663000.0,80.0,-0.4832
658000.0,1663000.0,80.0,-3.7980
659000.0,1663000.0,80.0,-5.9569
660000.0,1663000.0,80.0,-3.4281
661000.0,1663000.0,80.0,-7.0126
662000.0,1663000.0,80.0,-8.5747
663000.0,1663000.0,80.0,-12.2238
664000.0,1663000.0,80.0,-11.7161
665000.0,1663000.0,80.0,-14.5158
666000.0,1663000.0,80.0,-19.7179
667000.0,1663000.0,80.0,-9.2697
668000.0,1663000.0,80.0,25.0902
669000.0,1663000.0,80.0,39.5210
670000.0,1663000.0,80.0,17.8176
671000.0,1663000.0,80.0,7.9287
672000.0,1663000.0,80.0,-1.3393
673000.0,1663000.0,80.0,-4.5454
674000.0,1663000.0,80.0,-4.5703
675000.0,1663000.0,80.0,-6.5380
676000.0,1663000.0,80.0,-8.6403
677000.0,1663000.0,80.0,-7.4490
678000.0,1663000.0,80.0,-5.9999
679000.0,1663000.0,80.0,-4.9549
680000.0,1663000.0,80.0,-4.9023
681000.0,1663000.0,80.0,-3.9077
682000.0,1663000.0,80.0,-2.2353
683000.0,1663000.0,80.0,-1.4578
684000.0,1663000.0,80.0,1.8369
685000.0,1663000.0,80.0,0.7728
686000.0,1663000.0,80.0,2.4310
687000.0,1663000.0,80.0,3.2817
688000.0,1663000.0,80.0,6.0696
689000.0,1663000.0,80.0,4.4957
690000.0,1663000.0,80.0,6.5377
691000.0,1663000.0,80.0,5.7383
692000.0,1663000.0,80.0,5.3104
693000.0,1663000.0,80.0,3.2932
694000.0,1663000.0,80.0,5.1407
695000.0,1663000.0,80.0,6.4672
696000.0,1663000.0,80.0,3.1871
697000.0,1663000.0,80.0,0.0486
698000.0,1663000.0,80.0,2.6449
699000.0,1663000.0,80.0,0.2988
700000.0,1663000.0,80.0,-1.0250
701000.0,1663000.0,80.0,-0.4185
702000.0,1663000.0,80.0,-1.8246
703000.0,1663000.0,80.0,0.1235
704000.0,1663000.0,80.0,-1.1080
705000.0,1663000.0,80.0,-0.9739
706000.0,1663000.0,80.0,-2.4801
707000.0,1663000.0,80.0,-2.0755
708000.0,1663000.0,80.0,-2.6421
709000.0,1663000.0,80.0,-1.8343
710000.0,1663000.0,80.0,-4.4617
711000.0,1663000.0,80.0,-2.1581
641000.0,1664000.0,80.0,0.4013
642000.0,1664000.0,80.0,1.1578
643000.0,1664000.0,80.0,0.3649
644000.0,1664000.0,80.0,-0.2329
645000.0,1664000.0,80.0,-1.9942
646000.0,1664000.0,80.0,-0.0322
647000.0,1664000.0,80.0,-2.0676
648000.0,1664000.0,80.0,-0.9337
649000.0,1664000.0,80.0,-0.2108
650000.0,1664000.0,80.0,-0.2825
651000.0,1664000.0,80.0,0.8173
652000.0,1664000.0,80.0,-0.4793
653000.0,1664000.0,80.0,-1.6752
654000.0,1664000.0,80.0,-1.1946
655000.0,1664000.0,80.0,-1.8774
656000.0,1664000.0,80.0,-0.4947
657000.0,1664000.0,80.0,-3.7843
658000.0,1664000.0,80.0,-3.5333
659000.0,1664000.0,80.0,-2.9374
660000.0,1664000.0,80.0,-5.9435
661000.0,1664000.0,80.0,-5.8386
662000.0,1664000.0,80.0,-7.7514
663000.0,1664000.0,80.0,-10.0504
664000.0,1664000.0,80.0,-14.1998
665000.0,1664000.0,80.0,-15.1964
666000.0,1664000.0,80.0,-20.0871
667000.0,1664000.0,80.0,-9.4894
668000.0,1664000.0,80.0,24.2441
669000.0,1664000.0,80.0,38.8862
670000.0,1664000.0,80.0,18.5185
671000.0,1664000.0,80.0,8.4125
672000.0,1664000.0,80.0,0.7014
673000.0,1664000.0,80.0,-3.1194
674000.0,1664000.0,80.0,-3.7910
675000.0,1664000.0,80.0,-7.4158
676000.0,1664000.0,80.0,-7.8808
677000.0,1664000.0,80.0,-7.2848
678000.0,1664000.0,80.0,-7.7745
679000.0,1664000.0,80.0,-4.1226
680000.0,1664000.0,80.0,-3.6968
681000.0,1664000.0,80.0,-5.9666
682000.0,1664000.0,80.0,-4.6911
683000.0,1664000.0,80.0,-1.8782
684000.0,1664000.0,80.0,0.5119
685000.0,1664000.0,80.0,1.8922
686000.0,1664000.0,80.0,3.7671
687000.0,1664000.0,80.0,3.5743
688000.0,1664000.0,80.0,2.9397
689000.0,1664000.0,80.0,5.2045
690000.0,1664000.0,80.0,3.9189
691000.0,1664000.0,80.0,4.5188
692000.0,1664000.0,80.0,3.7087
693000.0,1664000.0,80.0,4.3459
694000.0,1664000.0,80.0,4.3338
695000.0,1664000.0,80.0,3.9200
696000.0,1664000.0,80.0,5.8676
697000.0,1664000.0,80.0,3.3907
698000.0,1664000.0,80.0,2.9455
699000.0,1664000.0,80.0,2.0329
700000.0,1664000.0,80.0,2.8155
701000.0,1664000.0,80.0,-0.3885
702000.0,1664000.0,80.0,0.7770
703000.0,1664000.0,80.0,-1.3031
704000.0,1664000.0,80.0,-0.9673
705000.0,1664000.0,80.0,-0.6286
706000.0,1664000.0,80.0,-2.7607
707000.0,1664000.0,80.0,-1.9489
708000.0,1664000.0,80.0,-1.6692
709000.0,1664000.0,80.0,-1.2341
710000.0,1664000.0,80.0,-2.0342
711000.0,1664000.0,80.0,1.1031
641000.0,1665000.0,80.0,1.2869
642000.0,1665000.0,80.0,-2.7333
643000.0,1665000.0,80.0,-0.2646
644000.0,1665000.0,80.0,0.3116
645000.0,1665000.0,80.0,0.2450
646000.0,1665000.0,80.0,1.4447
647000.0,1665000.0,80.0,-2.6743
648000.0,1665000.0,80.0,-0.7547
649000.0,1665000.0,80.0,1.9833
650000.0,1665000.0,80.0,1.7129
651000.0,1665000.0,80.0,2.7947
652000.0,1665000.0,80.0,2.0834
653000.0,1665000.0,80.0,-1.0353
654000.0,1665000.0,80.0,1.0290
655000.0,1665000.0,80.0,-0.6648
656000.0,1665000.0,80.0,-0.6643
657000.0,1665000.0,80.0,-1.4474
658000.0,1665000.0,80.0,-2.7615
659000.0,1665000.0,80.0,-3.7277
660000.0,1665000.0,80.0,-3.4351
661000.0,1665000.0,80.0,-6.1585
662000.0,1665000.0,80.0,-6.8275
663000.0,1665000.0,80.0,-8.3573
664000.0,1665000.0,80.0,-11.9497
665000.0,1665000.0,80.0,-14.8641
666000.0,1665000.0,80.0,-17.0262
667000.0,1665000.0,80.0,-11.0554
668000.0,1665000.0,80.0,26.2359
669000.0,1665000.0,80.0,36.4047
670000.0,1665000.0,80.0,18.7406
671000.0,1665000.0,80.0,10.7429
672000.0,1665000.0,80.0,0.7102
673000.0,1665000.0,80.0,-0.3585
674000.0,1665000.0,80.0,-2.5165
675000.0,1665000.0,80.0,-7.9265
676000.0,1665000.0,80.0,-7.7759
677000.0,1665000.0,80.0,-6.3731
678000.0,1665000.0,80.0,-7.0738
679000.0,1665000.0,80.0,-4.9631
680000.0,1665000.0,80.0,-2.8825
681000.0,1665000.0,80.0,-2.5889
682000.0,1665000.0,80.0,-2.4493
683000.0,1665000.0,80.0,-0.5402
684000.0,1665000.0,80.0,0.3452
685000.0,1665000.0,80.0,-0.2314
686000.0,1665000.0,80.0,1.4288
687000.0,1665000.0,80.0,3.4365
688000.0,1665000.0,80.0,3.6194
689000.0,1665000.0,80.0,4.6396
690000.0,1665000.0,80.0,5.6904
691000.0,1665000.0,80.0,2.3070
692000.0,1665000.0,80.0,6.6708
693000.0,1665000.0,80.0,2.8480
694000.0,1665000.0,80.0,4.7079
695000.0,1665000.0,80.0,4.4801
696000.0,1665000.0,80.0,3.6700
697000.0,1665000.0,80.0,3.4674
698000.0,1665000.0,80.0,2.0728
699000.0,1665000.0,80.0,1.2923
700000.0,1665000.0,80.0,1.3495
701000.0,1665000.0,80.0,1.0754
702000.0,1665000.0,80.0,-0.2983
703000.0,1665000.0,80.0,0.2728
704000.0,1665000.0,80.0,-1.2964
705000.0,1665000.0,80.0,-1.3329
706000.0,1665000.0,80.0,-1.2343
707000.0,1665000.0,80.0,-0.7286
708000.0,1665000.0,80.0,-1.6537
709000.0,1665000.0,80.0,-1.0392
710000.0,1665000.0,80.0,0.1459
711000.0,1665000.0,80.0,-2.0501
641000.0,1666000.0,80.0,0.7142
642000.0,1666000.0,80.0,-1.7956
643000.0,1666000.0,80.0,0.3548
644000.0,1666000.0,80.0,-0.3019
645000.0,1666000.0,80.0,2.2109
646000.0,1666000.0,80.0,-0.1976
647000.0,1666000.0,80.0,-0.3075
648000.0,1666000.0,80.0,1.8133
649000.0,1666000.0,80.0,1.3475
650000.0,1666000.0,80.0,1.1474
651000.0,1666000.0,80.0,-1.3226
652000.0,1666000.0,80.0,1.5508
653000.0,1666000.0,80.0,0.9344
654000.0,1666000.0,80.0,0.9127
655000.0,1666000.0,80.0,-0.3083
656000.0,1666000.0,80.0,1.2976
657000.0,1666000.0,80.0,-0.6570
658000.0,1666000.0,80.0,-1.6829
659000.0,1666000.0,80.0,-4.0104
660000.0,1666000.0,80.0,-3.7105
661000.0,1666000.0,80.0,-6.0118
662000.0,1666000.0,80.0,-4.8281
663000.0,1666000.0,80.0,-7.9651
664000.0,1666000.0,80.0,-11.3778
665000.0,1666000.0,80.0,-14.0932
666000.0,1666000.0,80.0,-16.0090
667000.0,1666000.0,80.0,-8.2559
668000.0,1666000.0,80.0,27.8700
669000.0,1666000.0,80.0,42.7085
670000.0,1666000.0,80.0,19.5684
671000.0,1666000.0,80.0,9.2891
672000.0,1666000.0,80.0,2.2109
673000.0,1666000.0,80.0,-1.4456
674000.0,1666000.0,80.0,-2.6161
675000.0,1666000.0,80.0,-5.1114
676000.0,1666000.0,80.0,-5.4201
677000.0,1666000.0,80.0,-6.0302
678000.0,1666000.0,80.0,-5.6368
679000.0,1666000.0,80.0,-5.1533
680000.0,1666000.0,80.0,-5.6044
681000.0,1666000.0,80.0,-1.8502
682000.0,1666000.0,80.0,-2.8602
683000.0,1666000.0,80.0,-2.4363
684000.0,1666000.0,80.0,-0.1215
685000.0,1666000.0,80.0,0.0960
686000.0,1666000.0,80.0,2.9609
687000.0,1666000.0,80.0,3.1285
688000.0,1666000.0,80.0,2.5138
689000.0,1666000.0,80.0,2.7349
690000.0,1666000.0,80.0,4.7836
691000.0,1666000.0,80.0,3.5796
692000.0,1666000.0,80.0,2.9413
693000.0,1666000.0,80.0,2.5775
694000.0,1666000.0,80.0,4.9708
695000.0,1666000.0,80.0,2.2235
696000.0,1666000.0,80.0,2.2537
697000.0,1666000.0,80.0,3.7907
698000.0,1666000.0,80.0,3.4035
699000.0,1666000.0,80.0,0.8209
700000.0,1666000.0,80.0,0.8967
701000.0,1666000.0,80.0,2.0336
702000.0,1666000.0,80.0,0.8005
703000.0,1666000.0,80.0,-0.2812
704000.0,1666000.0,80.0,-0.0510
705000.0,1666000.0,80.0,-0.0478
706000.0,1666000.0,80.0,-1.8341
707000.0,1666000.0,80.0,-1.9545
708000.0,1666000.0,80.0,0.0576
709000.0,1666000.0,80.0,0.5947
710000.0,1666000.0,80.0,-0.3607
711000.0,1666000.0,80.0,-1.5431
641000.0,1667000.0,80.0,-1.2960
642000.0,1667000.0,80.0,-0.3704
643000.0,1667000.0,80.0,0.8391
644000.0,1667000.0,80.0,1.2921
645000.0,1667000.0,80.0,0.2992
646000.0,1667000.0,80.0,1.0168
647000.0,1667000.0,80.0,-0.5447
648000.0,1667000.0,80.0,1.1012
649000.0,1667000.0,80.0,3.0408
650000.0,1667000.0,80.0,1.6400
651000.0,1667000.0,80.0,2.4440
652000.0,1667000.0,80.0,2.9943
653000.0,1667000.0,80.0,2.8859
654000.0,1667000.0,80.0,1.9737
655000.0,1667000.0,80.0,0.9782
656000.0,1667000.0,80.0,-1.1319
657000.0,1667000.0,80.0,-0.7411
658000.0,1667000.0,80.0,-0.7060
659000.0,1667000.0,80.0,-0.6601
660000.0,1667000.0,80.0,-2.3626
661000.0,1667000.0,80.0,-2.7265
662000.0,1667000.0,80.0,-6.9328
663000.0,1667000.0,80.0,-9.5685
664000.0,1667000.0,80.0,-9.2496
665000.0,1667000.0,80.0,-10.9803
666000.0,1667000.0,80.0,-17.1139
667000.0,1667000.0,80.0,-8.4748
668000.0,1667000.0,80.0,29.8372
669000.0,1667000.0,80.0,42.4599
670000.0,1667000.0,80.0,17.8965
671000.0,1667000.0,80.0,8.3435
672000.0,1667000.0,80.0,4.1406
673000.0,1667000.0,80.0,-0.3420
674000.0,1667000.0,80.0,-3.9267
675000.0,1667000.0,80.0,-4.9848
676000.0,1667000.0,80.0,-6.4423
677000.0,1667000.0,80.0,-7.2726
678000.0,1667000.0,80.0,-5.0423
679000.0,1667000.0,80.0,-6.2388
680000.0,1667000.0,80.0,-4.2002
681000.0,1667000.0,80.0,-4.2022
682000.0,1667000.0,80.0,-1.8455
683000.0,1667000.0,80.0,-1.7336
684000.0,1667000.0,80.0,-0.7154
685000.0,1667000.0,80.0,-1.1356
686000.0,1667000.0,80.0,1.4587
687000.0,1667000.0,80.0,1.4865
688000.0,1667000.0,80.0,1.7220
689000.0,1667000.0,80.0,3.5037
690000.0,1667000.0,80.0,4.4035
691000.0,1667000.0,80.0,5.4868
692000.0,1667000.0,80.0,4.0088
693000.0,1667000.0,80.0,4.0444
694000.0,1667000.0,80.0,2.6708
695000.0,1667000.0,80.0,2.7352
696000.0,1667000.0,80.0,4.3825
697000.0,1667000.0,80.0,2.3138
698000.0,1667000.0,80.0,4.2692
699000.0,1667000.0,80.0,0.6725
700000.0,1667000.0,80.0,1.3656
701000.0,1667000.0,80.0,0.9154
702000.0,1667000.0,80.0,0.0393
703000.0,1667000.0,80.0,0.0526
704000.0,1667000.0,80.0,-0.1516
705000.0,1667000.0,80.0,-0.0690
706000.0,1667000.0,80.0,-0.5634
707000.0,1667000.0,80.0,0.3735
708000.0,1667000.0,80.0,1.6902
709000.0,1667000.0,80.0,-0.2036
710000.0,1667000.0,80.0,-0.6513
711000.0,1667000.0,80.0,-2.1368
641000.0,1668000.0,80.0,-1.1309
642000.0,1668000.0,80.0,-2.0663
643000.0,1668000.0,80.0,0.3905
644000.0,1668000.0,80.0,-1.2600
645000.0,1668000.0,80.0,1.2771
646000.0,1668000.0,80.0,0.2259
647000.0,1668000.0,80.0,1.8017
648000.0,1668000.0,80.0,2.4224
649000.0,1668000.0,80.0,0.3500
650000.0,1668000.0,80.0,1.8807
651000.0,1668000.0,80.0,3.4197
652000.0,1668000.0,80.0,3.7634
653000.0,1668000.0,80.0,4.1800
654000.0,1668000.0,80.0,2.8712
655000.0,1668000.0,80.0,2.8581
656000.0,1668000.0,80.0,4.3508
657000.0,1668000.0,80.0,2.0010
658000.0,1668000.0,80.0,1.7450
659000.0,1668000.0,80.0,-0.4431
660000.0,1668000.0,80.0,-3.0125
661000.0,1668000.0,80.0,-2.4613
662000.0,1668000.0,80.0,-4.0889
663000.0,1668000.0,80.0,-5.6626
664000.0,1668000.0,80.0,-10.3290
665000.0,1668000.0,80.0,-13.4791
666000.0,1668000.0,80.0,-19.6907
667000.0,1668000.0,80.0,-6.6766
668000.0,1668000.0,80.0,30.2335
669000.0,1668000.0,80.0,39.1953
670000.0,1668000.0,80.0,19.4113
671000.0,1668000.0,80.0,8.9075
672000.0,1668000.0,80.0,5.1626
673000.0,1668000.0,80.0,0.6843
674000.0,1668000.0,80.0,-1.5438
675000.0,1668000.0,80.0,-4.5163
676000.0,1668000.0,80.0,-5.6906
677000.0,1668000.0,80.0,-4.2112
678000.0,1668000.0,80.0,-7.0514
679000.0,1668000.0,80.0,-4.1530
680000.0,1668000.0,80.0,-5.4305
681000.0,1668000.0,80.0,-2.4008
682000.0,1668000.0,80.0,-1.8666
683000.0,1668000.0,80.0,-2.4661
684000.0,1668000.0,80.0,-0.4959
685000.0,1668000.0,80.0,-1.0603
686000.0,1668000.0,80.0,-0.2568
687000.0,1668000.0,80.0,1.0614
688000.0,1668000.0,80.0,1.2431
689000.0,1668000.0,80.0,3.5414
690000.0,1668000.0,80.0,5.0697
691000.0,1668000.0,80.0,3.1152
692000.0,1668000.0,80.0,3.2420
693000.0,1668000.0,80.0,4.0692
694000.0,1668000.0,80.0,2.8632
695000.0,1668000.0,80.0,3.5219
696000.0,1668000.0,80.0,0.8239
697000.0,1668000.0,80.0,1.7913
698000.0,1668000.0,80.0,0.5800
699000.0,1668000.0,80.0,-0.1461
700000.0,1668000.0,80.0,2.4525
701000.0,1668000.0,80.0,0.8078
702000.0,1668000.0,80.0,2.3690
703000.0,1668000.0,80.0,1.9780
704000.0,1668000.0,80.0,0.1074
705000.0,1668000.0,80.0,-0.5013
706000.0,1668000.0,80.0,-1.0656
707000.0,1668000.0,80.0,-2.9590
708000.0,1668000.0,80.0,-1.1937
709000.0,1668000.0,80.0,-1.0599
710000.0,1668000.0,80.0,-1.5693
711000.0,1668000.0,80.0,-1.9539
641000.0,1669000.0,80.0,-0.6932
642000.0,1669000.0,80.0,-0.7164
643000.0,1669000.0,80.0,0.1182
644000.0,1669000.0,80.0,-0.6165
645000.0,1669000.0,80.0,2.7582
646000.0,1669000.0,80.0,1.9368
647000.0,1669000.0,80.0,1.8032
648000.0,1669000.0,80.0,1.7716
649000.0,1669000.0,80.0,2.1918
650000.0,1669000.0,80.0,4.6612
651000.0,1669000.0,80.0,3.8759
652000.0,1669000.0,80.0,4.7546
653000.0,1669000.0,80.0,5.3614
654000.0,1669000.0,80.0,4.3105
655000.0,1669000.0,80.0,4.9503
656000.0,1669000.0,80.0,2.1709
657000.0,1669000.0,80.0,2.4167
658000.0,1669000.0,80.0,0.4340
659000.0,1669000.0,80.0,0.8196
660000.0,1669000.0,80.0,-0.6293
661000.0,1669000.0,80.0,-0.0459
662000.0,1669000.0,80.0,-4.6035
663000.0,1669000.0,80.0,-5.8036
664000.0,1669000.0,80.0,-8.1453
665000.0,1669000.0,80.0,-10.3503
666000.0,1669000.0,80.0,-15.7782
667000.0,1669000.0,80.0,-6.1129
668000.0,1669000.0,80.0,32.0794
669000.0,1669000.0,80.0,37.6263
670000.0,1669000.0,80.0,19.4476
671000.0,1669000.0,80.0,8.9280
672000.0,1669000.0,80.0,3.5859
673000.0,1669000.0,80.0,-0.6843
674000.0,1669000.0,80.0,-1.4785
675000.0,1669000.0,80.0,-4.9095
676000.0,1669000.0,80.0,-5.8337
677000.0,1669000.0,80.0,-4.8797
678000.0,1669000.0,80.0,-6.0383
679000.0,1669000.0,80.0,-5.9135
680000.0,1669000.0,80.0,-5.5457
681000.0,1669000.0,80.0,-3.5539
682000.0,1669000.0,80.0,-1.5729
683000.0,1669000.0,80.0,-1.0383
684000.0,1669000.0,80.0,-0.6398
685000.0,1669000.0,80.0,-0.2530
686000.0,1669000.0,80.0,-0.2584
687000.0,1669000.0,80.0,0.8084
688000.0,1669000.0,80.0,0.1729
689000.0,1669000.0,80.0,2.0312
690000.0,1669000.0,80.0,3.2558
691000.0,1669000.0,80.0,0.7593
692000.0,1669000.0,80.0,3.9989
693000.0,1669000.0,80.0,0.3980
694000.0,1669000.0,80.0,1.8276
695000.0,1669000.0,80.0,1.4082
696000.0,1669000.0,80.0,1.6183
697000.0,1669000.0,80.0,1.7775
698000.0,1669000.0,80.0,3.1879
699000.0,1669000.0,80.0,0.5657
700000.0,1669000.0,80.0,0.3586
701000.0,1669000.0,80.0,0.2511
702000.0,1669000.0,80.0,0.1584
703000.0,1669000.0,80.0,-0.2027
704000.0,1669000.0,80.0,-1.1462
705000.0,1669000.0,80.0,0.2153
706000.0,1669000.0,80.0,-0.3739
707000.0,1669000.0,80.0,0.5819
708000.0,1669000.0,80.0,0.6799
709000.0,1669000.0,80.0,-2.2665
710000.0,1669000.0,80.0,0.8024
711000.0,1669000.0,80.0,-0.3539
641000.0,1670000.0,80.0,0.5781
642000.0,1670000.0,80.0,-0.4896
643000.0,1670000.0,80.0,0.6432
644000.0,1670000.0,80.0,1.0537
645000.0,1670000.0,80.0,2.4514
646000.0,1670000.0,80.0,1.1434
647000.0,1670000.0,80.0,1.9318
648000.0,1670000.0,80.0,3.1528
649000.0,1670000.0,80.0,5.7779
650000.0,1670000.0,80.0,6.8514
651000.0,1670000.0,80.0,4.6880
652000.0,1670000.0,80.0,7.1545
653000.0,1670000.0,80.0,6.9081
654000.0,1670000.0,80.0,6.8006
655000.0,1670000.0,80.0,7.5014
656000.0,1670000.0,80.0,8.4865
657000.0,1670000.0,80.0,6.2224
658000.0,1670000.0,80.0,3.9367
659000.0,1670000.0,80.0,2.3506
660000.0,1670000.0,80.0,1.8650
661000.0,1670000.0,80.0,-0.2902
662000.0,1670000.0,80.0,-1.4941
663000.0,1670000.0,80.0,-3.5637
664000.0,1670000.0,80.0,-7.6615
665000.0,1670000.0,80.0,-10.7979
666000.0,1670000.0,80.0,-13.7559
667000.0,1670000.0,80.0,-5.1592
668000.0,1670000.0,80.0,28.0886
669000.0,1670000.0,80.0,38.3009
670000.0,1670000.0,80.0,18.5377
671000.0,1670000.0,80.0,7.4568
672000.0,1670000.0,80.0,4.2244
673000.0,1670000.0,80.0,-1.1783
674000.0,1670000.0,80.0,-1.7731
675000.0,1670000.0,80.0,-5.0394
676000.0,1670000.0,80.0,-4.0039
677000.0,1670000.0,80.0,-4.6589
678000.0,1670000.0,80.0,-5.0545
679000.0,1670000.0,80.0,-4.3205
680000.0,1670000.0,80.0,-5.6317
681000.0,1670000.0,80.0,-6.2026
682000.0,1670000.0,80.0,-3.4342
683000.0,1670000.0,80.0,-1.6713
684000.0,1670000.0,80.0,-2.7726
685000.0,1670000.0,80.0,-0.0980
686000.0,1670000.0,80.0,0.4607
687000.0,1670000.0,80.0,0.5418
688000.0,1670000.0,80.0,1.1775
689000.0,1670000.0,80.0,1.2298
690000.0,1670000.0,80.0,1.8048
691000.0,1670000.0,80.0,0.5840
692000.0,1670000.0,80.0,3.1684
693000.0,1670000.0,80.0,2.5119
694000.0,1670000.0,80.0,2.7250
695000.0,1670000.0,80.0,1.3213
696000.0,1670000.0,80.0,0.4386
697000.0,1670000.0,80.0,3.1046
698000.0,1670000.0,80.0,0.1002
699000.0,1670000.0,80.0,1.0576
700000.0,1670000.0,80.0,1.0461
701000.0,1670000.0,80.0,1.1700
702000.0,1670000.0,80.0,1.0057
703000.0,1670000.0,80.0,0.4225
704000.0,1670000.0,80.0,-1.2172
705000.0,1670000.0,80.0,-0.2529
706000.0,1670000.0,80.0,-0.2469
707000.0,1670000.0,80.0,0.2249
708000.0,1670000.0,80.0,-0.2132
709000.0,1670000.0,80.0,0.5765
710000.0,1670000.0,80.0,0.1823
711000.0,1670000.0,80.0,-2.0440
641000.0,1671000.0,80.0,-0.7232
642000.0,1671000.0,80.0,0.0031
643000.0,1671000.0,80.0,-0.4883
644000.0,1671000.0,80.0,2.1439
645000.0,1671000.0,80.0,0.7873
646000.0,1671000.0,80.0,0.8974
647000.0,1671000.0,80.0,1.3996
648000.0,1671000.0,80.0,3.9526
649000.0,1671000.0,80.0,5.1827
650000.0,1671000.0,80.0,6.5015
651000.0,1671000.0,80.0,5.4911
652000.0,1671000.0,80.0,9.0138
653000.0,1671000.0,80.0,11.0254
654000.0,1671000.0,80.0,9.1746
655000.0,1671000.0,80.0,10.5657
656000.0,1671000.0,80.0,8.5755
657000.0,1671000.0,80.0,7.3938
658000.0,1671000.0,80.0,8.5360
659000.0,1671000.0,80.0,6.0912
660000.0,1671000.0,80.0,4.2229
661000.0,1671000.0,80.0,3.4056
662000.0,1671000.0,80.0,-1.4502
663000.0,1671000.0,80.0,-4.1936
664000.0,1671000.0,80.0,-7.1182
665000.0,1671000.0,80.0,-9.3203
666000.0,1671000.0,80.0,-14.4018
667000.0,1671000.0,80.0,-7.4291
668000.0,1671000.0,80.0,28.3457
669000.0,1671000.0,80.0,41.6659
670000.0,1671000.0,80.0,21.2231
671000.0,1671000.0,80.0,10.1315
672000.0,1671000.0,80.0,4.4060
673000.0,1671000.0,80.0,-0.1200
674000.0,1671000.0,80.0,-1.8591
675000.0,1671000.0,80.0,-3.4846
676000.0,1671000.0,80.0,-6.0908
677000.0,1671000.0,80.0,-6.8240
678000.0,1671000.0,80.0,-5.0641
679000.0,1671000.0,80.0,-5.3934
680000.0,1671000.0,80.0,-5.9616
681000.0,1671000.0,80.0,-2.9260
682000.0,1671000.0,80.0,-2.6362
683000.0,1671000.0,80.0,-0.9427
684000.0,1671000.0,80.0,-1.7978
685000.0,1671000.0,80.0,-1.0365
686000.0,1671000.0,80.0,-1.9899
687000.0,1671000.0,80.0,1.4078
688000.0,1671000.0,80.0,1.0843
689000.0,1671000.0,80.0,1.7677
690000.0,1671000.0,80.0,0.9261
691000.0,1671000.0,80.0,1.3717
692000.0,1671000.0,80.0,1.9488
693000.0,1671000.0,80.0,0.9329
694000.0,1671000.0,80.0,0.9531
695000.0,1671000.0,80.0,3.8069
696000.0,1671000.0,80.0,2.0228
697000.0,1671000.0,80.0,0.8420
698000.0,1671000.0,80.0,-0.0592
699000.0,1671000.0,80.0,0.0243
700000.0,1671000.0,80.0,1.3762
701000.0,1671000.0,80.0,-0.1332
702000.0,1671000.0,80.0,-0.4565
703000.0,1671000.0,80.0,0.2339
704000.0,1671000.0,80.0,0.6210
705000.0,1671000.0,80.0,1.3730
706000.0,1671000.0,80.0,-0.8949
707000.0,1671000.0,80.0,-0.9158
708000.0,1671000.0,80.0,0.0307
709000.0,1671000.0,80.0,-0.9396
710000.0,1671000.0,80.0,0.3042
711000.0,1671000.0,80.0,-1.0935
641000.0,1672000.0,80.0,-2.2667
642000.0,1672000.0,80.0,-1.2474
643000.0,1672000.0,80.0,-1.5541
644000.0,1672000.0,80.0,0.1661
645000.0,1672000.0,80.0,2.1128
646000.0,1672000.0,80.0,2.8128
647000.0,1672000.0,80.0,4.0087
648000.0,1672000.0,80.0,4.2962
649000.0,1672000.0,80.0,6.5775
650000.0,1672000.0,80.0,8.7545
651000.0,1672000.0,80.0,11.1709
652000.0,1672000.0,80.0,15.4215
653000.0,1672000.0,80.0,12.4200
654000.0,1672000.0,80.0,15.0259
655000.0,1672000.0,80.0,12.3365
656000.0,1672000.0,80.0,11.9126
657000.0,1672000.0,80.0,9.6173
658000.0,1672000.0,80.0,9.4304
659000.0,1672000.0,80.0,9.4378
660000.0,1672000.0,80.0,5.6742
661000.0,1672000.0,80.0,4.2061
662000.0,1672000.0,80.0,-0.5573
663000.0,1672000.0,80.0,-2.0803
664000.0,1672000.0,80.0,-7.3007
665000.0,1672000.0,80.0,-9.6565
666000.0,1672000.0,80.0,-13.3518
667000.0,1672000.0,80.0,-6.6505
668000.0,1672000.0,80.0,27.4399
669000.0,1672000.0,80.0,44.2023
670000.0,1672000.0,80.0,19.1442
671000.0,1672000.0,80.0,8.7515
672000.0,1672000.0,80.0,3.3281
673000.0,1672000.0,80.0,0.8308
674000.0,1672000.0,80.0,-1.9436
675000.0,1672000.0,80.0,-3.6415
676000.0,1672000.0,80.0,-5.5876
677000.0,1672000.0,80.0,-5.8382
678000.0,1672000.0,80.0,-4.6243
679000.0,1672000.0,80.0,-3.3374
680000.0,1672000.0,80.0,-6.0145
681000.0,1672000.0,80.0,-2.6875
682000.0,1672000.0,80.0,-2.3657
683000.0,1672000.0,80.0,-2.0501
684000.0,1672000.0,80.0,-2.8422
685000.0,1672000.0,80.0,-1.4146
686000.0,1672000.0,80.0,-0.5646
687000.0,1672000.0,80.0,-1.1027
688000.0,1672000.0,80.0,1.1717
689000.0,1672000.0,80.0,-0.0970
690000.0,1672000.0,80.0,2.2588
691000.0,1672000.0,80.0,-0.5715
692000.0,1672000.0,80.0,-0.2596
693000.0,1672000.0,80.0,-0.6705
694000.0,1672000.0,80.0,2.0747
695000.0,1672000.0,80.0,0.4282
696000.0,1672000.0,80.0,0.4826
697000.0,1672000.0,80.0,2.1900
698000.0,1672000.0,80.0,2.9283
699000.0,1672000.0,80.0,0.2521
700000.0,1672000.0,80.0,2.2646
701000.0,1672000.0,80.0,1.2662
702000.0,1672000.0,80.0,0.5421
703000.0,1672000.0,80.0,-0.8132
704000.0,1672000.0,80.0,-1.1810
705000.0,1672000.0,80.0,0.1526
706000.0,1672000.0,80.0,0.0854
707000.0,1672000.0,80.0,-0.8672
708000.0,1672000.0,80.0,-1.2827
709000.0,1672000.0,80.0,-1.7112
710000.0,1672000.0,80.0,-0.1097
711000.0,1672000.0,80.0,0.1418
641000.0,1673000.0,80.0,-0.4044
642000.0,1673000.0,80.0,-0.1090
643000.0,1673000.0,80.0,-0.6912
644000.0,1673000.0,80.0,2.2932
645000.0,1673000.0,80.0,0.7267
646000.0,1673000.0,80.0,3.8171
647000.0,1673000.0,80.0,4.5754
648000.0,1673000.0,80.0,5.9016
649000.0,1673000.0,80.0,8.8424
650000.0,1673000.0,80.0,12.8381
651000.0,1673000.0,80.0,16.0002
652000.0,1673000.0,80.0,17.1179
653000.0,1673000.0,80.0,14.2334
654000.0,1673000.0,80.0,20.1345
655000.0,1673000.0,80.0,16.2955
656000.0,1673000.0,80.0,21.2243
657000.0,1673000.0,80.0,17.4261
658000.0,1673000.0,80.0,15.1474
659000.0,1673000.0,80.0,13.3960
660000.0,1673000.0,80.0,8.5312
661000.0,1673000.0,80.0,5.0139
662000.0,1673000.0,80.0,1.2137
663000.0,1673000.0,80.0,-2.0116
664000.0,1673000.0,80.0,-5.9667
665000.0,1673000.0,80.0,-10.1706
666000.0,1673000.0,80.0,-19.7768
667000.0,1673000.0,80.0,-6.5701
668000.0,1673000.0,80.0,26.9113
669000.0,1673000.0,80.0,45.6382
670000.0,1673000.0,80.0,21.2841
671000.0,1673000.0,80.0,10.3146
672000.0,1673000.0,80.0,3.9546
673000.0,1673000.0,80.0,0.3790
674000.0,1673000.0,80.0,-3.8259
675000.0,1673000.0,80.0,-3.6939
676000.0,1673000.0,80.0,-4.5333
677000.0,1673000.0,80.0,-5.6255
678000.0,1673000.0,80.0,-4.8841
679000.0,1673000.0,80.0,-4.2191
680000.0,1673000.0,80.0,-4.8735
681000.0,1673000.0,80.0,-5.5169
682000.0,1673000.0,80.0,-2.7942
683000.0,1673000.0,80.0,-1.4298
684000.0,1673000.0,80.0,-3.7030
685000.0,1673000.0,80.0,-0.6631
686000.0,1673000.0,80.0,-1.0736
687000.0,1673000.0,80.0,-0.2291
688000.0,1673000.0,80.0,0.4305
689000.0,1673000.0,80.0,-1.1127
690000.0,1673000.0,80.0,0.5636
691000.0,1673000.0,80.0,1.5627
692000.0,1673000.0,80.0,2.1777
693000.0,1673000.0,80.0,1.7651
694000.0,1673000.0,80.0,0.0159
695000.0,1673000.0,80.0,1.2218
696000.0,1673000.0,80.0,0.7611
697000.0,1673000.0,80.0,1.0443
698000.0,1673000.0,80.0,2.0478
699000.0,1673000.0,80.0,-0.5975
700000.0,1673000.0,80.0,1.2458
701000.0,1673000.0,80.0,1.0467
702000.0,1673000.0,80.0,-0.5162
703000.0,1673000.0,80.0,1.4738
704000.0,1673000.0,80.0,-0.3820
705000.0,1673000.0,80.0,0.1291
706000.0,1673000.0,80.0,-2.6343
707000.0,1673000.0,80.0,0.9863
708000.0,1673000.0,80.0,-0.5228
709000.0,1673000.0,80.0,-0.6446
710000.0,1673000.0,80.0,1.0751
711000.0,1673000.0,80.0,-2.4295
641000.0,1674000.0,80.0,-0.5598
642000.0,1674000.0,80.0,0.0331
643000.0,1674000.0,80.0,-2.4465
644000.0,1674000.0,80.0,0.7517
645000.0,1674000.0,80.0,1.3840
646000.0,1674000.0,80.0,2.4320
647000.0,1674000.0,80.0,4.4685
648000.0,1674000.0,80.0,9.7361
649000.0,1674000.0,80.0,13.8119
650000.0,1674000.0,80.0,14.5786
651000.0,1674000.0,80.0,18.3672
652000.0,1674000.0,80.0,24.0359
653000.0,1674000.0,80.0,28.8331
654000.0,1674000.0,80.0,24.1269
655000.0,1674000.0,80.0,24.5739
656000.0,1674000.0,80.0,24.3905
657000.0,1674000.0,80.0,22.5946
658000.0,1674000.0,80.0,22.9864
659000.0,1674000.0,80.0,16.0922
660000.0,1674000.0,80.0,15.9164
661000.0,1674000.0,80.0,8.8368
662000.0,1674000.0,80.0,4.6454
663000.0,1674000.0,80.0,-0.4083
664000.0,1674000.0,80.0,-6.7534
665000.0,1674000.0,80.0,-12.0828
666000.0,1674000.0,80.0,-14.2991
667000.0,1674000.0,80.0,-5.3286
668000.0,1674000.0,80.0,29.8113
669000.0,1674000.0,80.0,40.3336
670000.0,1674000.0,80.0,19.9418
671000.0,1674000.0,80.0,9.1194
672000.0,1674000.0,80.0,1.6266
673000.0,1674000.0,80.0,-0.5606
674000.0,1674000.0,80.0,-3.1817
675000.0,1674000.0,80.0,-6.8568
676000.0,1674000.0,80.0,-8.8652
677000.0,1674000.0,80.0,-6.4024
678000.0,1674000.0,80.0,-8.3845
679000.0,1674000.0,80.0,-8.3724
680000.0,1674000.0,80.0,-7.1451
681000.0,1674000.0,80.0,-4.3827
682000.0,1674000.0,80.0,-4.0395
683000.0,1674000.0,80.0,-3.2930
684000.0,1674000.0,80.0,-0.9412
685000.0,1674000.0,80.0,-1.6684
686000.0,1674000.0,80.0,-0.0637
687000.0,1674000.0,80.0,-1.0366
688000.0,1674000.0,80.0,0.3071
689000.0,1674000.0,80.0,1.1919
690000.0,1674000.0,80.0,1.9333
691000.0,1674000.0,80.0,-0.0879
692000.0,1674000.0,80.0,-0.9019
693000.0,1674000.0,80.0,0.5712
694000.0,1674000.0,80.0,2.0434
695000.0,1674000.0,80.0,2.3473
696000.0,1674000.0,80.0,0.8564
697000.0,1674000.0,80.0,1.1088
698000.0,1674000.0,80.0,2.3539
699000.0,1674000.0,80.0,0.8109
700000.0,1674000.0,80.0,1.2565
701000.0,1674000.0,80.0,1.4294
702000.0,1674000.0,80.0,0.1312
703000.0,1674000.0,80.0,-0.6269
704000.0,1674000.0,80.0,2.7217
705000.0,1674000.0,80.0,-0.5522
706000.0,1674000.0,80.0,-1.1479
707000.0,1674000.0,80.0,-0.4032
708000.0,1674000.0,80.0,-0.0557
709000.0,1674000.0,80.0,0.0080
710000.0,1674000.0,80.0,-0.7057
711000.0,1674000.0,80.0,0.0973
641000.0,1675000.0,80.0,-0.0563
642000.0,1675000.0,80.0,-1.8823
643000.0,1675000.0,80.0,-0.8676
644000.0,1675000.0,80.0,1.5045
645000.0,1675000.0,80.0,0.4473
646000.0,1675000.0,80.0,2.3452
647000.0,1675000.0,80.0,5.8914
648000.0,1675000.0,80.0,10.6212
649000.0,1675000.0,80.0,16.9997
650000.0,1675000.0,80.0,18.9389
651000.0,1675000.0,80.0,25.8009
652000.0,1675000.0,80.0,29.7152
653000.0,1675000.0,80.0,32.2766
654000.0,1675000.0,80.0,34.7914
655000.0,1675000.0,80.0,39.0489
656000.0,1675000.0,80.0,36.9435
657000.0,1675000.0,80.0,34.6019
658000.0,1675000.0,80.0,31.4014
659000.0,1675000.0,80.0,25.7134
660000.0,1675000.0,80.0,19.3273
661000.0,1675000.0,80.0,14.5291
662000.0,1675000.0,80.0,6.4735
663000.0,1675000.0,80.0,-2.9252
664000.0,1675000.0,80.0,-4.7021
665000.0,1675000.0,80.0,-9.3605
666000.0,1675000.0,80.0,-15.3457
667000.0,1675000.0,80.0,-8.0320
668000.0,1675000.0,80.0,26.8155
669000.0,1675000.0,80.0,39.8035
670000.0,1675000.0,80.0,20.1984
671000.0,1675000.0,80.0,9.3617
672000.0,1675000.0,80.0,0.5653
673000.0,1675000.0,80.0,-0.7454
674000.0,1675000.0,80.0,-2.1998
675000.0,1675000.0,80.0,-4.3834
676000.0,1675000.0,80.0,-3.1792
677000.0,1675000.0,80.0,-7.3078
678000.0,1675000.0,80.0,-7.8164
679000.0,1675000.0,80.0,-4.9955
680000.0,1675000.0,80.0,-3.7751
681000.0,1675000.0,80.0,-6.0980
682000.0,1675000.0,80.0,-4.2756
683000.0,1675000.0,80.0,-3.4554
684000.0,1675000.0,80.0,-2.6717
685000.0,1675000.0,80.0,-1.2042
686000.0,1675000.0,80.0,0.4794
687000.0,1675000.0,80.0,-2.2202
688000.0,1675000.0,80.0,-1.5157
689000.0,1675000.0,80.0,-2.4034
690000.0,1675000.0,80.0,0.3269
691000.0,1675000.0,80.0,-1.4008
692000.0,1675000.0,80.0,0.1331
693000.0,1675000.0,80.0,0.6609
694000.0,1675000.0,80.0,1.7033
695000.0,1675000.0,80.0,0.3446
696000.0,1675000.0,80.0,-0.0584
697000.0,1675000.0,80.0,-0.1973
698000.0,1675000.0,80.0,1.5002
699000.0,1675000.0,80.0,0.0772
700000.0,1675000.0,80.0,0.4504
701000.0,1675000.0,80.0,1.1259
702000.0,1675000.0,80.0,1.6132
703000.0,1675000.0,80.0,1.3850
704000.0,1675000.0,80.0,-1.3684
705000.0,1675000.0,80.0,-1.1174
706000.0,1675000.0,80.0,0.3083
707000.0,1675000.0,80.0,0.4586
708000.0,1675000.0,80.0,0.0742
709000.0,1675000.0,80.0,1.0857
710000.0,1675000.0,80.0,1.2723
711000.0,1675000.0,80.0,-0.4707
641000.0,1676000.0,80.0,-2.2742
642000.0,1676000.0,80.0,-1.0018
643000.0,1676000.0,80.0,-0.7030
644000.0,1676000.0,80.0,-1.7467
645000.0,1676000.0,80.0,-0.4997
646000.0,1676000.0,80.0,1.3930
647000.0,1676000.0,80.0,7.1343
648000.0,1676000.0,80.0,11.9109
649000.0,1676000.0,80.0,19.0709
650000.0,1676000.0,80.0,26.2109
651000.0,1676000.0,80.0,37.2545
652000.0,1676000.0,80.0,41.6239
653000.0,1676000.0,80.0,47.2778
654000.0,1676000.0,80.0,51.8441
655000.0,1676000.0,80.0,54.4607
656000.0,1676000.0,80.0,52.4369
657000.0,1676000.0,80.0,50.6021
658000.0,1676000.0,80.0,43.6182
659000.0,1676000.0,80.0,35.2646
660000.0,1676000.0,80.0,26.0976
661000.0,1676000.0,80.0,15.6010
662000.0,1676000.0,80.0,8.0112
663000.0,1676000.0,80.0,1.8022
664000.0,1676000.0,80.0,-4.7652
665000.0,1676000.0,80.0,-10.3658
666000.0,1676000.0,80.0,-16.3780
667000.0,1676000.0,80.0,-7.9415
668000.0,1676000.0,80.0,27.7761
669000.0,1676000.0,80.0,36.9254
670000.0,1676000.0,80.0,16.8758
671000.0,1676000.0,80.0,6.4757
672000.0,1676000.0,80.0,2.9188
673000.0,1676000.0,80.0,-2.3739
674000.0,1676000.0,80.0,-3.5017
675000.0,1676000.0,80.0,-7.0899
676000.0,1676000.0,80.0,-6.9738
677000.0,1676000.0,80.0,-8.0706
678000.0,1676000.0,80.0,-6.0262
679000.0,1676000.0,80.0,-4.1885
680000.0,1676000.0,80.0,-7.3178
681000.0,1676000.0,80.0,-4.9913
682000.0,1676000.0,80.0,-5.6159
683000.0,1676000.0,80.0,-3.3079
684000.0,1676000.0,80.0,-1.6807
685000.0,1676000.0,80.0,-3.5041
686000.0,1676000.0,80.0,-1.3616
687000.0,1676000.0,80.0,-2.0774
688000.0,1676000.0,80.0,-2.2906
689000.0,1676000.0,80.0,-1.5588
690000.0,1676000.0,80.0,0.3740
691000.0,1676000.0,80.0,-0.1094
692000.0,1676000.0,80.0,-0.3894
693000.0,1676000.0,80.0,-0.2922
694000.0,1676000.0,80.0,-0.6011
695000.0,1676000.0,80.0,0.8044
696000.0,1676000.0,80.0,2.4162
697000.0,1676000.0,80.0,0.0907
698000.0,1676000.0,80.0,-0.7829
699000.0,1676000.0,80.0,0.6665
700000.0,1676000.0,80.0,0.8001
701000.0,1676000.0,80.0,1.3196
702000.0,1676000.0,80.0,-1.0726
703000.0,1676000.0,80.0,0.4094
704000.0,1676000.0,80.0,-0.8209
705000.0,1676000.0,80.0,1.3898
706000.0,1676000.0,80.0,0.6928
707000.0,1676000.0,80.0,-0.3381
708000.0,1676000.0,80.0,-1.4511
709000.0,1676000.0,80.0,1.6984
710000.0,1676000.0,80.0,-0.4628
711000.0,1676000.0,80.0,0.5757
641000.0,1677000.0,80.0,-5.2403
642000.0,1677000.0,80.0,-2.8692
643000.0,1677000.0,80.0,-1.7912
644000.0,1677000.0,80.0,-4.1237
645000.0,1677000.0,80.0,-0.0675
646000.0,1677000.0,80.0,3.6356
647000.0,1677000.0,80.0,5.0667
648000.0,1677000.0,80.0,13.9595
649000.0,1677000.0,80.0,24.5931
650000.0,1677000.0,80.0,37.9487
651000.0,1677000.0,80.0,51.8319
652000.0,1677000.0,80.0,62.1904
653000.0,1677000.0,80.0,69.6324
654000.0,1677000.0,80.0,75.2597
655000.0,1677000.0,80.0,76.8059
656000.0,1677000.0,80.0,71.9476
657000.0,1677000.0,80.0,69.9172
658000.0,1677000.0,80.0,64.2677
659000.0,1677000.0,80.0,55.1073
660000.0,1677000.0,80.0,40.0274
661000.0,1677000.0,80.0,22.6354
662000.0,1677000.0,80.0,10.0970
663000.0,1677000.0,80.0,-0.9635
664000.0,1677000.0,80.0,-6.4985
665000.0,1677000.0,80.0,-14.9330
666000.0,1677000.0,80.0,-18.7209
667000.0,1677000.0,80.0,-11.0157
668000.0,1677000.0,80.0,25.3241
669000.0,1677000.0,80.0,38.1176
670000.0,1677000.0,80.0,17.8101
671000.0,1677000.0,80.0,8.2015
672000.0,1677000.0,80.0,1.4048
673000.0,1677000.0,80.0,-2.9398
674000.0,1677000.0,80.0,-4.1153
675000.0,1677000.0,80.0,-8.2686
676000.0,1677000.0,80.0,-5.2423
677000.0,1677000.0,80.0,-9.9030
678000.0,1677000.0,80.0,-6.4991
679000.0,1677000.0,80.0,-6.2284
680000.0,1677000.0,80.0,-6.9607
681000.0,1677000.0,80.0,-6.1833
682000.0,1677000.0,80.0,-6.7007
683000.0,1677000.0,80.0,-4.3038
684000.0,1677000.0,80.0,-3.2393
685000.0,1677000.0,80.0,-3.8441
686000.0,1677000.0,80.0,-2.2918
687000.0,1677000.0,80.0,-1.5511
688000.0,1677000.0,80.0,-2.6438
689000.0,1677000.0,80.0,-0.5833
690000.0,1677000.0,80.0,-0.6607
691000.0,1677000.0,80.0,-0.7691
692000.0,1677000.0,80.0,0.1804
693000.0,1677000.0,80.0,-0.0832
694000.0,1677000.0,80.0,-0.9673
695000.0,1677000.0,80.0,-0.7582
696000.0,1677000.0,80.0,0.2071
697000.0,1677000.0,80.0,1.1549
698000.0,1677000.0,80.0,0.2638
699000.0,1677000.0,80.0,-0.2954
700000.0,1677000.0,80.0,0.1385
701000.0,1677000.0,80.0,-1.1002
702000.0,1677000.0,80.0,1.1961
703000.0,1677000.0,80.0,1.4252
704000.0,1677000.0,80.0,1.6339
705000.0,1677000.0,80.0,0.8049
706000.0,1677000.0,80.0,-0.8122
707000.0,1677000.0,80.0,-0.3170
708000.0,1677000.0,80.0,-0.6342
709000.0,1677000.0,80.0,0.1485
710000.0,1677000.0,80.0,1.0252
711000.0,1677000.0,80.0,-2.8316
641000.0,1678000.0,80.0,-3.5566
642000.0,1678000.0,80.0,-3.8001
643000.0,1678000.0,80.0,-3.6486
644000.0,1678000.0,80.0,-2.7668
645000.0,1678000.0,80.0,-3.2499
646000.0,1678000.0,80.0,0.9605
647000.0,1678000.0,80.0,5.0569
648000.0,1678000.0,80.0,13.4248
649000.0,1678000.0,80.0,29.6875
650000.0,1678000.0,80.0,52.0068
651000.0,1678000.0,80.0,76.7211
652000.0,1678000.0,80.0,94.8302
653000.0,1678000.0,80.0,98.7145
654000.0,1678000.0,80.0,106.1105
655000.0,1678000.0,80.0,107.1006
656000.0,1678000.0,80.0,107.2065
657000.0,1678000.0,80.0,102.0568
658000.0,1678000.0,80.0,88.6867
659000.0,1678000.0,80.0,78.3727
660000.0,1678000.0,80.0,55.5673
661000.0,1678000.0,80.0,27.2995
662000.0,1678000.0,80.0,10.4113
663000.0,1678000.0,80.0,-1.9854
664000.0,1678000.0,80.0,-8.5873
665000.0,1678000.0,80.0,-14.9652
666000.0,1678000.0,80.0,-18.5873
667000.0,1678000.0,80.0,-11.7977
668000.0,1678000.0,80.0,25.9806
669000.0,1678000.0,80.0,35.3226
670000.0,1678000.0,80.0,15.6548
671000.0,1678000.0,80.0,5.8389
672000.0,1678000.0,80.0,-1.3913
673000.0,1678000.0,80.0,-4.1862
674000.0,1678000.0,80.0,-4.6829
675000.0,1678000.0,80.0,-7.8491
676000.0,1678000.0,80.0,-9.3675
677000.0,1678000.0,80.0,-9.6601
678000.0,1678000.0,80.0,-7.7032
679000.0,1678000.0,80.0,-7.9758
680000.0,1678000.0,80.0,-6.6921
681000.0,1678000.0,80.0,-9.2178
682000.0,1678000.0,80.0,-6.3211
683000.0,1678000.0,80.0,-5.6437
684000.0,1678000.0,80.0,-3.3685
685000.0,1678000.0,80.0,-2.6680
686000.0,1678000.0,80.0,-2.3815
687000.0,1678000.0,80.0,-4.6944
688000.0,1678000.0,80.0,-1.2845
689000.0,1678000.0,80.0,-0.5389
690000.0,1678000.0,80.0,-2.2511
691000.0,1678000.0,80.0,-0.8575
692000.0,1678000.0,80.0,-0.4578
693000.0,1678000.0,80.0,-1.0925
694000.0,1678000.0,80.0,-0.3698
695000.0,1678000.0,80.0,-1.1683
696000.0,1678000.0,80.0,-0.0936
697000.0,1678000.0,80.0,-0.2996
698000.0,1678000.0,80.0,0.1518
699000.0,1678000.0,80.0,1.8088
700000.0,1678000.0,80.0,-1.1155
701000.0,1678000.0,80.0,1.1208
702000.0,1678000.0,80.0,0.0234
703000.0,1678000.0,80.0,-0.0768
704000.0,1678000.0,80.0,-2.2320
705000.0,1678000.0,80.0,0.8210
706000.0,1678000.0,80.0,-1.3480
707000.0,1678000.0,80.0,-1.1717
708000.0,1678000.0,80.0,-0.5361
709000.0,1678000.0,80.0,-0.6278
710000.0,1678000.0,80.0,-1.2062
711000.0,1678000.0,80.0,1.0910
641000.0,1679000.0,80.0,-4.1694
642000.0,1679000.0,80.0,-2.5894
643000.0,1679000.0,80.0,-6.3235
644000.0,1679000.0,80.0,-6.4052
645000.0,1679000.0,80.0,-2.9206
646000.0,1679000.0,80.0,-4.9732
647000.0,1679000.0,80.0,0.3597
648000.0,1679000.0,80.0,8.4410
649000.0,1679000.0,80.0,28.2025
650000.0,1679000.0,80.0,62.0184
651000.0,1679000.0,80.0,100.8965
652000.0,1679000.0,80.0,131.3460
653000.0,1679000.0,80.0,135.0965
654000.0,1679000.0,80.0,144.5218
655000.0,1679000.0,80.0,137.7034
656000.0,1679000.0,80.0,139.6423
657000.0,1679000.0,80.0,137.6758
658000.0,1679000.0,80.0,128.2603
659000.0,1679000.0,80.0,104.8751
660000.0,1679000.0,80.0,68.0146
661000.0,1679000.0,80.0,30.7609
662000.0,1679000.0,80.0,6.4732
663000.0,1679000.0,80.0,-7.6577
664000.0,1679000.0,80.0,-13.2956
665000.0,1679000.0,80.0,-19.1844
666000.0,1679000.0,80.0,-24.9972
667000.0,1679000.0,80.0,-12.1109
668000.0,1679000.0,80.0,24.9055
669000.0,1679000.0,80.0,33.7983
670000.0,1679000.0,80.0,14.6688
671000.0,1679000.0,80.0,6.7314
672000.0,1679000.0,80.0,-0.9534
673000.0,1679000.0,80.0,-4.2701
674000.0,1679000.0,80.0,-6.0768
675000.0,1679000.0,80.0,-6.3099
676000.0,1679000.0,80.0,-7.8985
677000.0,1679000.0,80.0,-7.3404
678000.0,1679000.0,80.0,-9.4465
679000.0,1679000.0,80.0,-6.8056
680000.0,1679000.0,80.0,-7.2561
681000.0,1679000.0,80.0,-7.3707
682000.0,1679000.0,80.0,-5.1452
683000.0,1679000.0,80.0,-2.2846
684000.0,1679000.0,80.0,-4.2035
685000.0,1679000.0,80.0,-2.7313
686000.0,1679000.0,80.0,-3.5767
687000.0,1679000.0,80.0,-4.4363
688000.0,1679000.0,80.0,-1.7793
689000.0,1679000.0,80.0,-3.0013
690000.0,1679000.0,80.0,-1.8345
691000.0,1679000.0,80.0,0.7165
692000.0,1679000.0,80.0,-2.8726
693000.0,1679000.0,80.0,-0.4448
694000.0,1679000.0,80.0,-0.1026
695000.0,1679000.0,80.0,-0.1456
696000.0,1679000.0,80.0,-0.9382
697000.0,1679000.0,80.0,-0.0649
698000.0,1679000.0,80.0,-1.1391
699000.0,1679000.0,80.0,1.4203
700000.0,1679000.0,80.0,0.0590
701000.0,1679000.0,80.0,1.2316
702000.0,1679000.0,80.0,-0.3755
703000.0,1679000.0,80.0,0.7785
704000.0,1679000.0,80.0,0.5851
705000.0,1679000.0,80.0,-1.2749
706000.0,1679000.0,80.0,1.4373
707000.0,1679000.0,80.0,2.5338
708000.0,1679000.0,80.0,0.8613
709000.0,1679000.0,80.0,-1.5890
710000.0,1679000.0,80.0,-1.1127
711000.0,1679000.0,80.0,-2.5348
641000.0,1680000.0,80.0,-6.6635
642000.0,1680000.0,80.0,-4.4223
643000.0,1680000.0,80.0,-5.9452
644000.0,1680000.0,80.0,-8.9311
645000.0,1680000.0,80.0,-9.8309
646000.0,1680000.0,80.0,-9.1816
647000.0,1680000.0,80.0,-5.9877
648000.0,1680000.0,80.0,-2.1267
649000.0,1680000.0,80.0,13.1581
650000.0,1680000.0,80.0,44.2893
651000.0,1680000.0,80.0,82.1090
652000.0,1680000.0,80.0,96.5155
653000.0,1680000.0,80.0,104.6712
654000.0,1680000.0,80.0,106.8950
655000.0,1680000.0,80.0,107.7149
656000.0,1680000.0,80.0,110.1110
657000.0,1680000.0,80.0,104.7825
658000.0,1680000.0,80.0,100.3103
659000.0,1680000.0,80.0,83.3537
660000.0,1680000.0,80.0,52.9537
661000.0,1680000.0,80.0,15.3226
662000.0,1680000.0,80.0,-2.7943
663000.0,1680000.0,80.0,-12.0666
664000.0,1680000.0,80.0,-17.7473
665000.0,1680000.0,80.0,-22.8026
666000.0,1680000.0,80.0,-27.0357
667000.0,1680000.0,80.0,-15.5694
668000.0,1680000.0,80.0,19.6195
669000.0,1680000.0,80.0,34.7186
670000.0,1680000.0,80.0,13.9303
671000.0,1680000.0,80.0,1.8236
672000.0,1680000.0,80.0,-2.2046
673000.0,1680000.0,80.0,-4.3037
674000.0,1680000.0,80.0,-6.0589
675000.0,1680000.0,80.0,-8.4129
676000.0,1680000.0,80.0,-8.4851
677000.0,1680000.0,80.0,-8.8752
678000.0,1680000.0,80.0,-9.4296
679000.0,1680000.0,80.0,-8.1306
680000.0,1680000.0,80.0,-7.4515
681000.0,1680000.0,80.0,-7.5047
682000.0,1680000.0,80.0,-5.8187
683000.0,1680000.0,80.0,-5.4011
684000.0,1680000.0,80.0,-4.2873
685000.0,1680000.0,80.0,-4.0687
686000.0,1680000.0,80.0,-3.5248
687000.0,1680000.0,80.0,-4.9120
688000.0,1680000.0,80.0,-0.0774
689000.0,1680000.0,80.0,-1.3826
690000.0,1680000.0,80.0,-1.3202
691000.0,1680000.0,80.0,0.3526
692000.0,1680000.0,80.0,-0.1653
693000.0,1680000.0,80.0,-0.4623
694000.0,1680000.0,80.0,-0.0858
695000.0,1680000.0,80.0,1.0945
696000.0,1680000.0,80.0,-0.1884
697000.0,1680000.0,80.0,-1.6989
698000.0,1680000.0,80.0,-1.7749
699000.0,1680000.0,80.0,1.1823
700000.0,1680000.0,80.0,-0.3563
701000.0,1680000.0,80.0,0.4077
702000.0,1680000.0,80.0,-0.2012
703000.0,1680000.0,80.0,0.3361
704000.0,1680000.0,80.0,-0.9603
705000.0,1680000.0,80.0,0.3431
706000.0,1680000.0,80.0,-2.4135
707000.0,1680000.0,80.0,-0.4371
708000.0,1680000.0,80.0,-1.5397
709000.0,1680000.0,80.0,-0.2038
710000.0,1680000.0,80.0,-0.1371
711000.0,1680000.0,80.0,-0.4087
641000.0,1681000.0,80.0,-6.4487
642000.0,1681000.0,80.0,-9.6360
643000.0,1681000.0,80.0,-10.0580
644000.0,1681000.0,80.0,-10.4507
645000.0,1681000.0,80.0,-11.3523
646000.0,1681000.0,80.0,-13.3451
647000.0,1681000.0,80.0,-17.8364
648000.0,1681000.0,80.0,-15.2965
649000.0,1681000.0,80.0,-15.9531
650000.0,1681000.0,80.0,-4.2100
651000.0,1681000.0,80.0,6.7717
652000.0,1681000.0,80.0,11.8233
653000.0,1681000.0,80.0,12.1471
654000.0,1681000.0,80.0,11.0690
655000.0,1681000.0,80.0,11.3743
656000.0,1681000.0,80.0,13.0298
657000.0,1681000.0,80.0,11.9321
658000.0,1681000.0,80.0,10.0598
659000.0,1681000.0,80.0,9.9125
660000.0,1681000.0,80.0,-0.8262
661000.0,1681000.0,80.0,-13.6447
662000.0,1681000.0,80.0,-18.7795
663000.0,1681000.0,80.0,-19.1444
664000.0,1681000.0,80.0,-25.8181
665000.0,1681000.0,80.0,-23.0337
666000.0,1681000.0,80.0,-27.5488
667000.0,1681000.0,80.0,-18.0797
668000.0,1681000.0,80.0,17.3321
669000.0,1681000.0,80.0,31.6525
670000.0,1681000.0,80.0,12.6488
671000.0,1681000.0,80.0,1.6703
672000.0,1681000.0,80.0,-3.8748
673000.0,1681000.0,80.0,-7.1945
674000.0,1681000.0,80.0,-9.4695
675000.0,1681000.0,80.0,-8.9426
676000.0,1681000.0,80.0,-9.4807
677000.0,1681000.0,80.0,-8.9324
678000.0,1681000.0,80.0,-10.5489
679000.0,1681000.0,80.0,-7.3692
680000.0,1681000.0,80.0,-5.2695
681000.0,1681000.0,80.0,-7.2226
682000.0,1681000.0,80.0,-5.2358
683000.0,1681000.0,80.0,-7.2402
684000.0,1681000.0,80.0,-2.4337
685000.0,1681000.0,80.0,-3.7172
686000.0,1681000.0,80.0,-2.4817
687000.0,1681000.0,80.0,-2.9626
688000.0,1681000.0,80.0,-4.4709
689000.0,1681000.0,80.0,-1.8603
690000.0,1681000.0,80.0,-2.0130
691000.0,1681000.0,80.0,-0.7274
692000.0,1681000.0,80.0,-2.2602
693000.0,1681000.0,80.0,-4.2571
694000.0,1681000.0,80.0,-1.0265
695000.0,1681000.0,80.0,-1.1213
696000.0,1681000.0,80.0,0.1023
697000.0,1681000.0,80.0,-1.3900
698000.0,1681000.0,80.0,-0.8125
699000.0,1681000.0,80.0,-0.7298
700000.0,1681000.0,80.0,-1.0427
701000.0,1681000.0,80.0,0.3004
702000.0,1681000.0,80.0,-0.5199
703000.0,1681000.0,80.0,-0.7186
704000.0,1681000.0,80.0,-0.9055
705000.0,1681000.0,80.0,-0.5252
706000.0,1681000.0,80.0,1.3179
707000.0,1681000.0,80.0,-0.4754
708000.0,1681000.0,80.0,-0.9113
709000.0,1681000.0,80.0,-0.1589
710000.0,1681000.0,80.0,0.5222
711000.0,1681000.0,80.0,-0.2889
641000.0,1682000.0,80.0,-6.9854
642000.0,1682000.0,80.0,-8.0179
643000.0,1682000.0,80.0,-9.4734
644000.0,1682000.0,80.0,-12.1560
645000.0,1682000.0,80.0,-16.8584
646000.0,1682000.0,80.0,-18.6016
647000.0,1682000.0,80.0,-23.7694
648000.0,1682000.0,80.0,-27.1294
649000.0,1682000.0,80.0,-31.1898
650000.0,1682000.0,80.0,-32.4172
651000.0,1682000.0,80.0,-27.0872
652000.0,1682000.0,80.0,-29.6763
653000.0,1682000.0,80.0,-33.4512
654000.0,1682000.0,80.0,-32.5376
655000.0,1682000.0,80.0,-36.2796
656000.0,1682000.0,80.0,-35.9117
657000.0,1682000.0,80.0,-33.9941
658000.0,1682000.0,80.0,-27.2854
659000.0,1682000.0,80.0,-26.5639
660000.0,1682000.0,80.0,-29.4777
661000.0,1682000.0,80.0,-31.2358
662000.0,1682000.0,80.0,-31.4246
663000.0,1682000.0,80.0,-30.4006
664000.0,1682000.0,80.0,-30.6347
665000.0,1682000.0,80.0,-29.5187
666000.0,1682000.0,80.0,-33.6820
667000.0,1682000.0,80.0,-20.4805
668000.0,1682000.0,80.0,17.0759
669000.0,1682000.0,80.0,29.3499
670000.0,1682000.0,80.0,10.2558
671000.0,1682000.0,80.0,0.6014
672000.0,1682000.0,80.0,-6.9343
673000.0,1682000.0,80.0,-9.1687
674000.0,1682000.0,80.0,-8.9786
675000.0,1682000.0,80.0,-11.0523
676000.0,1682000.0,80.0,-10.1533
677000.0,1682000.0,80.0,-8.9064
678000.0,1682000.0,80.0,-8.5149
679000.0,1682000.0,80.0,-8.4148
680000.0,1682000.0,80.0,-8.5811
681000.0,1682000.0,80.0,-6.4313
682000.0,1682000.0,80.0,-7.5954
683000.0,1682000.0,80.0,-5.8736
684000.0,1682000.0,80.0,-5.6172
685000.0,1682000.0,80.0,-5.1541
686000.0,1682000.0,80.0,-4.8173
687000.0,1682000.0,80.0,-3.0181
688000.0,1682000.0,80.0,-4.5918
689000.0,1682000.0,80.0,-4.5678
690000.0,1682000.0,80.0,-1.1245
691000.0,1682000.0,80.0,-1.4082
692000.0,1682000.0,80.0,-0.6938
693000.0,1682000.0,80.0,-1.4100
694000.0,1682000.0,80.0,-0.5960
695000.0,1682000.0,80.0,-1.3925
696000.0,1682000.0,80.0,-1.2697
697000.0,1682000.0,80.0,-1.7455
698000.0,1682000.0,80.0,1.2778
699000.0,1682000.0,80.0,-1.3995
700000.0,1682000.0,80.0,1.1957
701000.0,1682000.0,80.0,-1.5378
702000.0,1682000.0,80.0,-1.1976
703000.0,1682000.0,80.0,0.9456
704000.0,1682000.0,80.0,0.3211
705000.0,1682000.0,80.0,0.1600
706000.0,1682000.0,80.0,-1.1765
707000.0,1682000.0,80.0,0.7087
708000.0,1682000.0,80.0,-1.1210
709000.0,1682000.0,80.0,0.0299
710000.0,1682000.0,80.0,-1.0035
711000.0,1682000.0,80.0,1.2490
641000.0,1683000.0,80.0,-7.6344
642000.0,1683000.0,80.0,-8.0561
643000.0,1683000.0,80.0,-11.8252
644000.0,1683000.0,80.0,-15.1225
645000.0,1683000.0,80.0,-19.4288
646000.0,1683000.0,80.0,-21.6903
647000.0,1683000.0,80.0,-26.0474
648000.0,1683000.0,80.0,-34.1978
649000.0,1683000.0,80.0,-43.1186
650000.0,1683000.0,80.0,-42.2830
651000.0,1683000.0,80.0,-39.9593
652000.0,1683000.0,80.0,-43.0335
653000.0,1683000.0,80.0,-46.1269
654000.0,1683000.0,80.0,-50.1714
655000.0,1683000.0,80.0,-50.0589
656000.0,1683000.0,80.0,-49.6467
657000.0,1683000.0,80.0,-49.4351
658000.0,1683000.0,80.0,-42.3161
659000.0,1683000.0,80.0,-39.3213
660000.0,1683000.0,80.0,-39.2471
661000.0,1683000.0,80.0,-42.1251
662000.0,1683000.0,80.0,-41.4888
663000.0,1683000.0,80.0,-38.6467
664000.0,1683000.0,80.0,-33.6913
665000.0,1683000.0,80.0,-33.8203
666000.0,1683000.0,80.0,-33.0379
667000.0,1683000.0,80.0,-24.3424
668000.0,1683000.0,80.0,16.6154
669000.0,1683000.0,80.0,28.2899
670000.0,1683000.0,80.0,6.2446
671000.0,1683000.0,80.0,-2.6225
672000.0,1683000.0,80.0,-6.7097
673000.0,1683000.0,80.0,-9.7340
674000.0,1683000.0,80.0,-12.3935
675000.0,1683000.0,80.0,-14.4093
676000.0,1683000.0,80.0,-12.6945
677000.0,1683000.0,80.0,-12.2014
678000.0,1683000.0,80.0,-10.4880
679000.0,1683000.0,80.0,-10.0284
680000.0,1683000.0,80.0,-10.5195
681000.0,1683000.0,80.0,-7.3516
682000.0,1683000.0,80.0,-7.9694
683000.0,1683000.0,80.0,-5.3338
684000.0,1683000.0,80.0,-6.1154
685000.0,1683000.0,80.0,-5.4680
686000.0,1683000.0,80.0,-4.2271
687000.0,1683000.0,80.0,-2.8213
688000.0,1683000.0,80.0,-2.8566
689000.0,1683000.0,80.0,-4.0439
690000.0,1683000.0,80.0,-1.2821
691000.0,1683000.0,80.0,-2.6409
692000.0,1683000.0,80.0,-3.1357
693000.0,1683000.0,80.0,-3.1351
694000.0,1683000.0,80.0,0.1461
695000.0,1683000.0,80.0,0.5511
696000.0,1683000.0,80.0,-1.3868
697000.0,1683000.0,80.0,-0.9994
698000.0,1683000.0,80.0,-0.6527
699000.0,1683000.0,80.0,-1.7759
700000.0,1683000.0,80.0,-0.3077
701000.0,1683000.0,80.0,0.1662
702000.0,1683000.0,80.0,-0.7701
703000.0,1683000.0,80.0,-0.0759
704000.0,1683000.0,80.0,-0.7100
705000.0,1683000.0,80.0,0.7393
706000.0,1683000.0,80.0,-1.1941
707000.0,1683000.0,80.0,-0.7419
708000.0,1683000.0,80.0,1.1571
709000.0,1683000.0,80.0,-0.0966
710000.0,1683000.0,80.0,2.1284
711000.0,1683000.0,80.0,0.4478
641000.0,1684000.0,80.0,-7.1547
642000.0,1684000.0,80.0,-9.4634
643000.0,1684000.0,80.0,-13.4322
644000.0,1684000.0,80.0,-14.2130
645000.0,1684000.0,80.0,-20.7038
646000.0,1684000.0,80.0,-26.9148
647000.0,1684000.0,80.0,-30.5103
648000.0,1684000.0,80.0,-37.3908
649000.0,1684000.0,80.0,-44.0549
650000.0,1684000.0,80.0,-45.5070
651000.0,1684000.0,80.0,-44.3908
652000.0,1684000.0,80.0,-48.9570
653000.0,1684000.0,80.0,-52.8779
654000.0,1684000.0,80.0,-55.4530
655000.0,1684000.0,80.0,-58.9201
656000.0,1684000.0,80.0,-56.5818
657000.0,1684000.0,80.0,-52.0974
658000.0,1684000.0,80.0,-46.6626
659000.0,1684000.0,80.0,-41.6167
660000.0,1684000.0,80.0,-43.9785
661000.0,1684000.0,80.0,-45.4982
662000.0,1684000.0,80.0,-47.1842
663000.0,1684000.0,80.0,-37.9015
664000.0,1684000.0,80.0,-37.6901
665000.0,1684000.0,80.0,-39.4803
666000.0,1684000.0,80.0,-37.5784
667000.0,1684000.0,80.0,-25.4691
668000.0,1684000.0,80.0,10.4317
669000.0,1684000.0,80.0,24.9463
670000.0,1684000.0,80.0,3.2410
671000.0,1684000.0,80.0,-2.3017
672000.0,1684000.0,80.0,-9.1334
673000.0,1684000.0,80.0,-11.5160
674000.0,1684000.0,80.0,-11.8232
675000.0,1684000.0,80.0,-13.6529
676000.0,1684000.0,80.0,-15.1939
677000.0,1684000.0,80.0,-15.4302
678000.0,1684000.0,80.0,-11.2471
679000.0,1684000.0,80.0,-9.9967
680000.0,1684000.0,80.0,-10.3429
681000.0,1684000.0,80.0,-11.0570
682000.0,1684000.0,80.0,-7.2794
683000.0,1684000.0,80.0,-6.7144
684000.0,1684000.0,80.0,-5.1421
685000.0,1684000.0,80.0,-5.9338
686000.0,1684000.0,80.0,-6.6538
687000.0,1684000.0,80.0,-4.3690
688000.0,1684000.0,80.0,-2.4298
689000.0,1684000.0,80.0,-1.6943
690000.0,1684000.0,80.0,-2.7558
691000.0,1684000.0,80.0,-2.6288
692000.0,1684000.0,80.0,-3.6115
693000.0,1684000.0,80.0,-0.2574
694000.0,1684000.0,80.0,-1.7242
695000.0,1684000.0,80.0,-1.8012
696000.0,1684000.0,80.0,-1.8187
697000.0,1684000.0,80.0,-1.1785
698000.0,1684000.0,80.0,-0.2412
699000.0,1684000.0,80.0,-0.9550
700000.0,1684000.0,80.0,0.8679
701000.0,1684000.0,80.0,0.2185
702000.0,1684000.0,80.0,-0.0170
703000.0,1684000.0,80.0,0.9517
704000.0,1684000.0,80.0,-1.5376
705000.0,1684000.0,80.0,-0.1653
706000.0,1684000.0,80.0,0.5013
707000.0,1684000.0,80.0,0.5354
708000.0,1684000.0,80.0,-0.7111
709000.0,1684000.0,80.0,-1.4908
710000.0,1684000.0,80.0,-2.1541
711000.0,1684000.0,80.0,0.2047
641000.0,1685000.0,80.0,-8.7822
642000.0,1685000.0,80.0,-10.7167
643000.0,1685000.0,80.0,-12.6686
644000.0,1685000.0,80.0,-16.1128
645000.0,1685000.0,80.0,-20.9635
646000.0,1685000.0,80.0,-24.7069
647000.0,1685000.0,80.0,-35.3477
648000.0,1685000.0,80.0,-43.9529
649000.0,1685000.0,80.0,-52.6223
650000.0,1685000.0,80.0,-51.4675
651000.0,1685000.0,80.0,-48.4264
652000.0,1685000.0,80.0,-56.6273
653000.0,1685000.0,80.0,-60.8001
654000.0,1685000.0,80.0,-63.1664
655000.0,1685000.0,80.0,-62.8484
656000.0,1685000.0,80.0,-63.9634
657000.0,1685000.0,80.0,-63.3238
658000.0,1685000.0,80.0,-59.3632
659000.0,1685000.0,80.0,-55.2901
660000.0,1685000.0,80.0,-52.4813
661000.0,1685000.0,80.0,-53.6093
662000.0,1685000.0,80.0,-50.4728
663000.0,1685000.0,80.0,-40.6808
664000.0,1685000.0,80.0,-43.0318
665000.0,1685000.0,80.0,-40.4754
666000.0,1685000.0,80.0,-44.3935
667000.0,1685000.0,80.0,-26.6450
668000.0,1685000.0,80.0,8.7855
669000.0,1685000.0,80.0,19.6616
670000.0,1685000.0,80.0,2.8393
671000.0,1685000.0,80.0,-5.1007
672000.0,1685000.0,80.0,-8.8949
673000.0,1685000.0,80.0,-14.1002
674000.0,1685000.0,80.0,-14.2354
675000.0,1685000.0,80.0,-15.9574
676000.0,1685000.0,80.0,-15.3355
677000.0,1685000.0,80.0,-14.8484
678000.0,1685000.0,80.0,-11.0413
679000.0,1685000.0,80.0,-12.5732
680000.0,1685000.0,80.0,-12.8332
681000.0,1685000.0,80.0,-10.4710
682000.0,1685000.0,80.0,-8.6983
683000.0,1685000.0,80.0,-6.7520
684000.0,1685000.0,80.0,-6.6565
685000.0,1685000.0,80.0,-5.0030
686000.0,1685000.0,80.0,-4.2748
687000.0,1685000.0,80.0,-4.2797
688000.0,1685000.0,80.0,-2.6261
689000.0,1685000.0,80.0,-3.8452
690000.0,1685000.0,80.0,-3.5283
691000.0,1685000.0,80.0,-1.1391
692000.0,1685000.0,80.0,-1.7421
693000.0,1685000.0,80.0,-4.5118
694000.0,1685000.0,80.0,-1.7771
695000.0,1685000.0,80.0,-0.5632
696000.0,1685000.0,80.0,0.5262
697000.0,1685000.0,80.0,-0.1398
698000.0,1685000.0,80.0,-0.3837
699000.0,1685000.0,80.0,0.4233
700000.0,1685000.0,80.0,0.4812
701000.0,1685000.0,80.0,0.6822
702000.0,1685000.0,80.0,-1.5587
703000.0,1685000.0,80.0,-0.4687
704000.0,1685000.0,80.0,-1.8601
705000.0,1685000.0,80.0,0.7352
706000.0,1685000.0,80.0,-0.9841
707000.0,1685000.0,80.0,-1.3176
708000.0,1685000.0,80.0,1.5113
709000.0,1685000.0,80.0,-1.3758
710000.0,1685000.0,80.0,-0.6985
711000.0,1685000.0,80.0,-0.3041
641000.0,1686000.0,80.0,-8.8233
642000.0,1686000.0,80.0,-9.0736
643000.0,1686000.0,80.0,-12.0832
644000.0,1686000.0,80.0,-17.3541
645000.0,1686000.0,80.0,-19.2714
646000.0,1686000.0,80.0,-26.6882
647000.0,1686000.0,80.0,-35.0687
648000.0,1686000.0,80.0,-42.9113
649000.0,1686000.0,80.0,-53.0301
650000.0,1686000.0,80.0,-56.7355
651000.0,1686000.0,80.0,-60.1447
652000.0,1686000.0,80.0,-65.4198
653000.0,1686000.0,80.0,-75.9421
654000.0,1686000.0,80.0,-75.9925
655000.0,1686000.0,80.0,-80.6280
656000.0,1686000.0,80.0,-79.0514
657000.0,1686000.0,80.0,-72.9528
658000.0,1686000.0,80.0,-68.1459
659000.0,1686000.0,80.0,-59.0678
660000.0,1686000.0,80.0,-60.4615
661000.0,1686000.0,80.0,-58.6160
662000.0,1686000.0,80.0,-51.3654
663000.0,1686000.0,80.0,-50.5053
664000.0,1686000.0,80.0,-43.7167
665000.0,1686000.0,80.0,-41.3506
666000.0,1686000.0,80.0,-42.9119
667000.0,1686000.0,80.0,-30.3100
668000.0,1686000.0,80.0,7.9048
669000.0,1686000.0,80.0,19.2502
670000.0,1686000.0,80.0,0.2225
671000.0,1686000.0,80.0,-9.5066
672000.0,1686000.0,80.0,-13.1217
673000.0,1686000.0,80.0,-15.6034
674000.0,1686000.0,80.0,-15.4962
675000.0,1686000.0,80.0,-16.0121
676000.0,1686000.0,80.0,-17.5368
677000.0,1686000.0,80.0,-15.1774
678000.0,1686000.0,80.0,-12.8170
679000.0,1686000.0,80.0,-12.3244
680000.0,1686000.0,80.0,-14.3299
681000.0,1686000.0,80.0,-7.4501
682000.0,1686000.0,80.0,-7.7917
683000.0,1686000.0,80.0,-6.8449
684000.0,1686000.0,80.0,-5.8285
685000.0,1686000.0,80.0,-6.2299
686000.0,1686000.0,80.0,-4.5679
687000.0,1686000.0,80.0,-4.3330
688000.0,1686000.0,80.0,-4.2767
689000.0,1686000.0,80.0,-2.7749
690000.0,1686000.0,80.0,-2.0917
691000.0,1686000.0,80.0,-1.0179
692000.0,1686000.0,80.0,-1.5579
693000.0,1686000.0,80.0,-1.7271
694000.0,1686000.0,80.0,-0.7643
695000.0,1686000.0,80.0,-0.0756
696000.0,1686000.0,80.0,0.0009
697000.0,1686000.0,80.0,-1.0829
698000.0,1686000.0,80.0,-0.6423
699000.0,1686000.0,80.0,-0.9235
700000.0,1686000.0,80.0,1.5999
701000.0,1686000.0,80.0,0.5081
702000.0,1686000.0,80.0,0.7977
703000.0,1686000.0,80.0,-1.3729
704000.0,1686000.0,80.0,0.0210
705000.0,1686000.0,80.0,1.0822
706000.0,1686000.0,80.0,-1.5613
707000.0,1686000.0,80.0,-0.3855
708000.0,1686000.0,80.0,-2.2001
709000.0,1686000.0,80.0,2.7439
710000.0,1686000.0,80.0,-0.0322
711000.0,1686000.0,80.0,-0.7733
641000.0,1687000.0,80.0,-7.1770
642000.0,1687000.0,80.0,-10.4184
643000.0,1687000.0,80.0,-11.4267
644000.0,1687000.0,80.0,-15.9191
645000.0,1687000.0,80.0,-17.9658
646000.0,1687000.0,80.0,-26.4770
647000.0,1687000.0,80.0,-33.6012
648000.0,1687000.0,80.0,-47.1670
649000.0,1687000.0,80.0,-57.9669
650000.0,1687000.0,80.0,-66.4866
651000.0,1687000.0,80.0,-75.5039
652000.0,1687000.0,80.0,-78.4055
653000.0,1687000.0,80.0,-92.9939
654000.0,1687000.0,80.0,-98.2028
655000.0,1687000.0,80.0,-97.6467
656000.0,1687000.0,80.0,-102.2056
657000.0,1687000.0,80.0,-97.8233
658000.0,1687000.0,80.0,-88.0056
659000.0,1687000.0,80.0,-72.8346
660000.0,1687000.0,80.0,-71.9728
661000.0,1687000.0,80.0,-59.2247
662000.0,1687000.0,80.0,-55.5349
663000.0,1687000.0,80.0,-47.5513
664000.0,1687000.0,80.0,-43.0022
665000.0,1687000.0,80.0,-43.9928
666000.0,1687000.0,80.0,-44.5203
667000.0,1687000.0,80.0,-34.5976
668000.0,1687000.0,80.0,3.3173
669000.0,1687000.0,80.0,15.1643
670000.0,1687000.0,80.0,-2.6331
671000.0,1687000.0,80.0,-13.6683
672000.0,1687000.0,80.0,-18.0607
673000.0,1687000.0,80.0,-20.1179
674000.0,1687000.0,80.0,-21.3417
675000.0,1687000.0,80.0,-21.0241
676000.0,1687000.0,80.0,-18.7841
677000.0,1687000.0,80.0,-15.1737
678000.0,1687000.0,80.0,-14.3436
679000.0,1687000.0,80.0,-13.9083
680000.0,1687000.0,80.0,-12.3476
681000.0,1687000.0,80.0,-10.1864
682000.0,1687000.0,80.0,-7.2447
683000.0,1687000.0,80.0,-6.0913
684000.0,1687000.0,80.0,-6.6402
685000.0,1687000.0,80.0,-5.9848
686000.0,1687000.0,80.0,-4.0261
687000.0,1687000.0,80.0,-4.7223
688000.0,1687000.0,80.0,-3.6111
689000.0,1687000.0,80.0,-1.1870
690000.0,1687000.0,80.0,-3.1236
691000.0,1687000.0,80.0,-1.9894
692000.0,1687000.0,80.0,-1.8256
693000.0,1687000.0,80.0,-0.6183
694000.0,1687000.0,80.0,-1.0775
695000.0,1687000.0,80.0,-2.5715
696000.0,1687000.0,80.0,-2.0384
697000.0,1687000.0,80.0,-0.2787
698000.0,1687000.0,80.0,-0.7852
699000.0,1687000.0,80.0,-1.1167
700000.0,1687000.0,80.0,-1.9027
701000.0,1687000.0,80.0,-0.2203
702000.0,1687000.0,80.0,-0.8859
703000.0,1687000.0,80.0,0.3114
704000.0,1687000.0,80.0,-0.0304
705000.0,1687000.0,80.0,-1.2230
706000.0,1687000.0,80.0,-1.5576
707000.0,1687000.0,80.0,-0.8421
708000.0,1687000.0,80.0,0.0866
709000.0,1687000.0,80.0,0.4253
710000.0,1687000.0,80.0,-2.1863
711000.0,1687000.0,80.0,1.0934
641000.0,1688000.0,80.0,-7.3409
642000.0,1688000.0,80.0,-9.5745
643000.0,1688000.0,80.0,-13.6248
644000.0,1688000.0,80.0,-15.3322
645000.0,1688000.0,80.0,-16.3353
646000.0,1688000.0,80.0,-23.4135
647000.0,1688000.0,80.0,-31.7796
648000.0,1688000.0,80.0,-45.3963
649000.0,1688000.0,80.0,-63.6702
650000.0,1688000.0,80.0,-80.2969
651000.0,1688000.0,80.0,-92.3631
652000.0,1688000.0,80.0,-108.2454
653000.0,1688000.0,80.0,-120.0489
654000.0,1688000.0,80.0,-129.4103
655000.0,1688000.0,80.0,-129.6081
656000.0,1688000.0,80.0,-124.4690
657000.0,1688000.0,80.0,-122.0533
658000.0,1688000.0,80.0,-110.6046
659000.0,1688000.0,80.0,-103.7086
660000.0,1688000.0,80.0,-90.0817
661000.0,1688000.0,80.0,-69.4010
662000.0,1688000.0,80.0,-57.5609
663000.0,1688000.0,80.0,-55.1034
664000.0,1688000.0,80.0,-42.4552
665000.0,1688000.0,80.0,-41.5906
666000.0,1688000.0,80.0,-45.7643
667000.0,1688000.0,80.0,-36.4364
668000.0,1688000.0,80.0,-2.2720
669000.0,1688000.0,80.0,11.8391
670000.0,1688000.0,80.0,-6.5110
671000.0,1688000.0,80.0,-15.6603
672000.0,1688000.0,80.0,-22.9710
673000.0,1688000.0,80.0,-23.9710
674000.0,1688000.0,80.0,-22.6805
675000.0,1688000.0,80.0,-24.1751
676000.0,1688000.0,80.0,-21.3191
677000.0,1688000.0,80.0,-17.3399
678000.0,1688000.0,80.0,-15.6191
679000.0,1688000.0,80.0,-14.4797
680000.0,1688000.0,80.0,-11.9234
681000.0,1688000.0,80.0,-11.5232
682000.0,1688000.0,80.0,-9.0198
683000.0,1688000.0,80.0,-5.9903
684000.0,1688000.0,80.0,-6.9066
685000.0,1688000.0,80.0,-6.0886
686000.0,1688000.0,80.0,-4.9744
687000.0,1688000.0,80.0,-5.1413
688000.0,1688000.0,80.0,-2.5793
689000.0,1688000.0,80.0,-4.4538
690000.0,1688000.0,80.0,-3.4043
691000.0,1688000.0,80.0,-1.8118
692000.0,1688000.0,80.0,-3.8619
693000.0,1688000.0,80.0,0.0477
694000.0,1688000.0,80.0,0.0644
695000.0,1688000.0,80.0,-1.0722
696000.0,1688000.0,80.0,0.3136
697000.0,1688000.0,80.0,-0.5155
698000.0,1688000.0,80.0,-0.0582
699000.0,1688000.0,80.0,0.5672
700000.0,1688000.0,80.0,1.7323
701000.0,1688000.0,80.0,-0.1948
702000.0,1688000.0,80.0,2.0322
703000.0,1688000.0,80.0,0.8058
704000.0,1688000.0,80.0,1.3506
705000.0,1688000.0,80.0,-0.2040
706000.0,1688000.0,80.0,0.1711
707000.0,1688000.0,80.0,2.0733
708000.0,1688000.0,80.0,-0.8093
709000.0,1688000.0,80.0,-1.3974
710000.0,1688000.0,80.0,2.1542
711000.0,1688000.0,80.0,-2.2416
641000.0,1689000.0,80.0,-5.6724
642000.0,1689000.0,80.0,-8.8824
643000.0,1689000.0,80.0,-10.0174
644000.0,1689000.0,80.0,-14.3368
645000.0,1689000.0,80.0,-15.5248
646000.0,1689000.0,80.0,-21.8745
647000.0,1689000.0,80.0,-27.4301
648000.0,1689000.0,80.0,-38.9952
649000.0,1689000.0,80.0,-64.5668
650000.0,1689000.0,80.0,-88.6697
651000.0,1689000.0,80.0,-117.7135
652000.0,1689000.0,80.0,-149.9092
653000.0,1689000.0,80.0,-155.4447
654000.0,1689000.0,80.0,-162.7367
655000.0,1689000.0,80.0,-146.5552
656000.0,1689000.0,80.0,-161.0851
657000.0,1689000.0,80.0,-162.7402
658000.0,1689000.0,80.0,-146.2215
659000.0,1689000.0,80.0,-132.3900
660000.0,1689000.0,80.0,-101.9672
661000.0,1689000.0,80.0,-69.1600
662000.0,1689000.0,80.0,-54.0535
663000.0,1689000.0,80.0,-44.8751
664000.0,1689000.0,80.0,-40.2490
665000.0,1689000.0,80.0,-40.0195
666000.0,1689000.0,80.0,-47.7155
667000.0,1689000.0,80.0,-42.5751
668000.0,1689000.0,80.0,-6.3541
669000.0,1689000.0,80.0,4.0732
670000.0,1689000.0,80.0,-17.0672
671000.0,1689000.0,80.0,-25.4092
672000.0,1689000.0,80.0,-30.7048
673000.0,1689000.0,80.0,-26.5927
674000.0,1689000.0,80.0,-27.2673
675000.0,1689000.0,80.0,-28.1410
676000.0,1689000.0,80.0,-22.7247
677000.0,1689000.0,80.0,-18.7164
678000.0,1689000.0,80.0,-16.3110
679000.0,1689000.0,80.0,-12.2656
680000.0,1689000.0,80.0,-13.3926
681000.0,1689000.0,80.0,-12.0935
682000.0,1689000.0,80.0,-7.5352
683000.0,1689000.0,80.0,-7.7321
684000.0,1689000.0,80.0,-6.5411
685000.0,1689000.0,80.0,-4.2246
686000.0,1689000.0,80.0,-5.5026
687000.0,1689000.0,80.0,-5.2462
688000.0,1689000.0,80.0,-4.4683
689000.0,1689000.0,80.0,-1.9885
690000.0,1689000.0,80.0,-2.5302
691000.0,1689000.0,80.0,-2.8270
692000.0,1689000.0,80.0,-3.9578
693000.0,1689000.0,80.0,-0.7813
694000.0,1689000.0,80.0,-2.4279
695000.0,1689000.0,80.0,-0.4370
696000.0,1689000.0,80.0,-1.4125
697000.0,1689000.0,80.0,-0.5379
698000.0,1689000.0,80.0,-1.4731
699000.0,1689000.0,80.0,-0.2883
700000.0,1689000.0,80.0,-2.7320
701000.0,1689000.0,80.0,-1.3005
702000.0,1689000.0,80.0,0.1060
703000.0,1689000.0,80.0,1.1455
704000.0,1689000.0,80.0,0.1328
705000.0,1689000.0,80.0,-1.0451
706000.0,1689000.0,80.0,-0.9581
707000.0,1689000.0,80.0,-0.1908
708000.0,1689000.0,80.0,-1.5104
709000.0,1689000.0,80.0,0.8067
710000.0,1689000.0,80.0,1.8234
711000.0,1689000.0,80.0,-0.7783
641000.0,1690000.0,80.0,-8.4998
642000.0,1690000.0,80.0,-7.8642
643000.0,1690000.0,80.0,-8.4558
644000.0,1690000.0,80.0,-10.5557
645000.0,1690000.0,80.0,-10.5197
646000.0,1690000.0,80.0,-13.9183
647000.0,1690000.0,80.0,-21.3596
648000.0,1690000.0,80.0,-26.6113
649000.0,1690000.0,80.0,-40.9848
650000.0,1690000.0,80.0,-76.0919
651000.0,1690000.0,80.0,-100.6379
652000.0,1690000.0,80.0,-115.6175
653000.0,1690000.0,80.0,-119.3221
654000.0,1690000.0,80.0,-134.4848
655000.0,1690000.0,80.0,-131.8721
656000.0,1690000.0,80.0,-133.1766
657000.0,1690000.0,80.0,-131.4166
658000.0,1690000.0,80.0,-122.7600
659000.0,1690000.0,80.0,-105.9898
660000.0,1690000.0,80.0,-81.1375
661000.0,1690000.0,80.0,-54.3003
662000.0,1690000.0,80.0,-44.8608
663000.0,1690000.0,80.0,-38.7898
664000.0,1690000.0,80.0,-38.3638
665000.0,1690000.0,80.0,-40.7078
666000.0,1690000.0,80.0,-52.6861
667000.0,1690000.0,80.0,-45.8517
668000.0,1690000.0,80.0,-15.6074
669000.0,1690000.0,80.0,-5.7738
670000.0,1690000.0,80.0,-29.9399
671000.0,1690000.0,80.0,-38.5819
672000.0,1690000.0,80.0,-38.0449
673000.0,1690000.0,80.0,-38.3204
674000.0,1690000.0,80.0,-32.4978
675000.0,1690000.0,80.0,-30.3955
676000.0,1690000.0,80.0,-28.4805
677000.0,1690000.0,80.0,-22.1271
678000.0,1690000.0,80.0,-16.1484
679000.0,1690000.0,80.0,-14.1455
680000.0,1690000.0,80.0,-11.4720
681000.0,1690000.0,80.0,-13.5124
682000.0,1690000.0,80.0,-9.0736
683000.0,1690000.0,80.0,-6.3951
684000.0,1690000.0,80.0,-6.2579
685000.0,1690000.0,80.0,-4.1282
686000.0,1690000.0,80.0,-3.7234
687000.0,1690000.0,80.0,-4.2405
688000.0,1690000.0,80.0,-2.0670
689000.0,1690000.0,80.0,-1.0534
690000.0,1690000.0,80.0,-1.4728
691000.0,1690000.0,80.0,-1.2773
692000.0,1690000.0,80.0,-2.9480
693000.0,1690000.0,80.0,-1.2960
694000.0,1690000.0,80.0,-0.9749
695000.0,1690000.0,80.0,-2.1105
696000.0,1690000.0,80.0,-1.2917
697000.0,1690000.0,80.0,-1.4977
698000.0,1690000.0,80.0,0.5296
699000.0,1690000.0,80.0,-1.6684
700000.0,1690000.0,80.0,-0.3400
701000.0,1690000.0,80.0,-0.5368
702000.0,1690000.0,80.0,0.1074
703000.0,1690000.0,80.0,-0.4443
704000.0,1690000.0,80.0,-1.2642
705000.0,1690000.0,80.0,-0.0782
706000.0,1690000.0,80.0,1.6710
707000.0,1690000.0,80.0,0.1895
708000.0,1690000.0,80.0,0.7900
709000.0,1690000.0,80.0,-1.8830
710000.0,1690000.0,80.0,1.5802
711000.0,1690000.0,80.0,0.9769
641000.0,1691000.0,80.0,-5.0861
642000.0,1691000.0,80.0,-4.8591
643000.0,1691000.0,80.0,-4.4986
644000.0,1691000.0,80.0,-7.5228
645000.0,1691000.0,80.0,-9.9483
646000.0,1691000.0,80.0,-9.1440
647000.0,1691000.0,80.0,-12.3540
648000.0,1691000.0,80.0,-13.8805
649000.0,1691000.0,80.0,-18.1303
650000.0,1691000.0,80.0,-23.4041
651000.0,1691000.0,80.0,-25.8948
652000.0,1691000.0,80.0,-28.2089
653000.0,1691000.0,80.0,-33.8458
654000.0,1691000.0,80.0,-31.2236
655000.0,1691000.0,80.0,-38.7036
656000.0,1691000.0,80.0,-37.3191
657000.0,1691000.0,80.0,-35.2613
658000.0,1691000.0,80.0,-34.6755
659000.0,1691000.0,80.0,-32.3325
660000.0,1691000.0,80.0,-31.9263
661000.0,1691000.0,80.0,-28.0262
662000.0,1691000.0,80.0,-30.6872
663000.0,1691000.0,80.0,-30.2668
664000.0,1691000.0,80.0,-36.4560
665000.0,1691000.0,80.0,-40.6223
666000.0,1691000.0,80.0,-54.3649
667000.0,1691000.0,80.0,-54.2393
668000.0,1691000.0,80.0,-26.6375
669000.0,1691000.0,80.0,-22.8616
670000.0,1691000.0,80.0,-43.9711
671000.0,1691000.0,80.0,-53.6766
672000.0,1691000.0,80.0,-49.6881
673000.0,1691000.0,80.0,-44.3895
674000.0,1691000.0,80.0,-37.1197
675000.0,1691000.0,80.0,-32.9427
676000.0,1691000.0,80.0,-28.7115
677000.0,1691000.0,80.0,-21.9786
678000.0,1691000.0,80.0,-18.7087
679000.0,1691000.0,80.0,-15.7876
680000.0,1691000.0,80.0,-9.7799
681000.0,1691000.0,80.0,-10.0999
682000.0,1691000.0,80.0,-4.7327
683000.0,1691000.0,80.0,-7.1613
684000.0,1691000.0,80.0,-6.8363
685000.0,1691000.0,80.0,-5.0291
686000.0,1691000.0,80.0,-4.9217
687000.0,1691000.0,80.0,-2.6116
688000.0,1691000.0,80.0,-3.4585
689000.0,1691000.0,80.0,-2.4647
690000.0,1691000.0,80.0,-1.2966
691000.0,1691000.0,80.0,-1.9424
692000.0,1691000.0,80.0,-1.3772
693000.0,1691000.0,80.0,-1.9729
694000.0,1691000.0,80.0,-0.2157
695000.0,1691000.0,80.0,0.7064
696000.0,1691000.0,80.0,-1.0912
697000.0,1691000.0,80.0,-1.7542
698000.0,1691000.0,80.0,-0.5341
699000.0,1691000.0,80.0,1.1919
700000.0,1691000.0,80.0,-0.7006
701000.0,1691000.0,80.0,1.0456
702000.0,1691000.0,80.0,-1.2639
703000.0,1691000.0,80.0,-0.5150
704000.0,1691000.0,80.0,0.7395
705000.0,1691000.0,80.0,0.0028
706000.0,1691000.0,80.0,-0.7012
707000.0,1691000.0,80.0,1.5308
708000.0,1691000.0,80.0,-0.2541
709000.0,1691000.0,80.0,-0.0808
710000.0,1691000.0,80.0,-0.4504
711000.0,1691000.0,80.0,-1.0440
641000.0,1692000.0,80.0,-3.7301
642000.0,1692000.0,80.0,-2.9256
643000.0,1692000.0,80.0,-4.8667
644000.0,1692000.0,80.0,-3.7443
645000.0,1692000.0,80.0,-6.3917
646000.0,1692000.0,80.0,-5.3201
647000.0,1692000.0,80.0,-4.5078
648000.0,1692000.0,80.0,-3.4653
649000.0,1692000.0,80.0,-1.4320
650000.0,1692000.0,80.0,1.0643
651000.0,1692000.0,80.0,7.0498
652000.0,1692000.0,80.0,10.5024
653000.0,1692000.0,80.0,10.8384
654000.0,1692000.0,80.0,9.7570
655000.0,1692000.0,80.0,10.8787
656000.0,1692000.0,80.0,7.0270
657000.0,1692000.0,80.0,7.2281
658000.0,1692000.0,80.0,6.0064
659000.0,1692000.0,80.0,1.4843
660000.0,1692000.0,80.0,-4.0797
661000.0,1692000.0,80.0,-14.3430
662000.0,1692000.0,80.0,-18.8154
663000.0,1692000.0,80.0,-23.4202
664000.0,1692000.0,80.0,-29.4025
665000.0,1692000.0,80.0,-43.6858
666000.0,1692000.0,80.0,-57.1260
667000.0,1692000.0,80.0,-67.1511
668000.0,1692000.0,80.0,-47.0635
669000.0,1692000.0,80.0,-49.8206
670000.0,1692000.0,80.0,-65.7627
671000.0,1692000.0,80.0,-73.8579
672000.0,1692000.0,80.0,-61.1079
673000.0,1692000.0,80.0,-54.8297
674000.0,1692000.0,80.0,-44.2600
675000.0,1692000.0,80.0,-33.4336
676000.0,1692000.0,80.0,-27.0373
677000.0,1692000.0,80.0,-23.7225
678000.0,1692000.0,80.0,-20.7357
679000.0,1692000.0,80.0,-13.7649
680000.0,1692000.0,80.0,-11.0550
681000.0,1692000.0,80.0,-10.9982
682000.0,1692000.0,80.0,-5.4853
683000.0,1692000.0,80.0,-5.2614
684000.0,1692000.0,80.0,-6.8598
685000.0,1692000.0,80.0,-3.4050
686000.0,1692000.0,80.0,-5.1607
687000.0,1692000.0,80.0,-1.4703
688000.0,1692000.0,80.0,-0.8928
689000.0,1692000.0,80.0,-0.4321
690000.0,1692000.0,80.0,-3.2891
691000.0,1692000.0,80.0,-2.0598
692000.0,1692000.0,80.0,-2.7913
693000.0,1692000.0,80.0,-2.2687
694000.0,1692000.0,80.0,1.0146
695000.0,1692000.0,80.0,-0.8105
696000.0,1692000.0,80.0,-1.0747
697000.0,1692000.0,80.0,-0.9105
698000.0,1692000.0,80.0,-1.4844
699000.0,1692000.0,80.0,-1.1120
700000.0,1692000.0,80.0,0.0423
701000.0,1692000.0,80.0,-0.7419
702000.0,1692000.0,80.0,-0.7736
703000.0,1692000.0,80.0,-0.5361
704000.0,1692000.0,80.0,-0.2117
705000.0,1692000.0,80.0,-0.4603
706000.0,1692000.0,80.0,-0.7691
707000.0,1692000.0,80.0,-0.6830
708000.0,1692000.0,80.0,0.2258
709000.0,1692000.0,80.0,-0.5696
710000.0,1692000.0,80.0,-0.4273
711000.0,1692000.0,80.0,-0.8918
641000.0,1693000.0,80.0,-3.1295
642000.0,1693000.0,80.0,-2.6116
643000.0,1693000.0,80.0,-5.1887
644000.0,1693000.0,80.0,-2.9742
645000.0,1693000.0,80.0,-2.1989
646000.0,1693000.0,80.0,-2.1292
647000.0,1693000.0,80.0,-1.3738
648000.0,1693000.0,80.0,2.7367
649000.0,1693000.0,80.0,6.6579
650000.0,1693000.0,80.0,9.3167
651000.0,1693000.0,80.0,15.6792
652000.0,1693000.0,80.0,18.7820
653000.0,1693000.0,80.0,17.4493
654000.0,1693000.0,80.0,21.4904
655000.0,1693000.0,80.0,18.7649
656000.0,1693000.0,80.0,19.7039
657000.0,1693000.0,80.0,15.5720
658000.0,1693000.0,80.0,14.8605
659000.0,1693000.0,80.0,11.9802
660000.0,1693000.0,80.0,2.0953
661000.0,1693000.0,80.0,-5.0791
662000.0,1693000.0,80.0,-12.4893
663000.0,1693000.0,80.0,-18.5321
664000.0,1693000.0,80.0,-23.9415
665000.0,1693000.0,80.0,-38.5881
666000.0,1693000.0,80.0,-65.1620
667000.0,1693000.0,80.0,-84.0456
668000.0,1693000.0,80.0,-84.8965
669000.0,1693000.0,80.0,-89.5070
670000.0,1693000.0,80.0,-104.6402
671000.0,1693000.0,80.0,-90.3644
672000.0,1693000.0,80.0,-74.0550
673000.0,1693000.0,80.0,-61.4005
674000.0,1693000.0,80.0,-46.7090
675000.0,1693000.0,80.0,-32.3332
676000.0,1693000.0,80.0,-26.1906
677000.0,1693000.0,80.0,-20.5283
678000.0,1693000.0,80.0,-16.3193
679000.0,1693000.0,80.0,-14.9572
680000.0,1693000.0,80.0,-10.6407
681000.0,1693000.0,80.0,-7.8343
682000.0,1693000.0,80.0,-5.9758
683000.0,1693000.0,80.0,-4.4567
684000.0,1693000.0,80.0,-4.2594
685000.0,1693000.0,80.0,-3.2887
686000.0,1693000.0,80.0,-3.9188
687000.0,1693000.0,80.0,-1.3156
688000.0,1693000.0,80.0,-3.4228
689000.0,1693000.0,80.0,-1.7083
690000.0,1693000.0,80.0,-2.0376
691000.0,1693000.0,80.0,-0.2177
692000.0,1693000.0,80.0,-1.4552
693000.0,1693000.0,80.0,-0.3785
694000.0,1693000.0,80.0,-1.7049
695000.0,1693000.0,80.0,0.3682
696000.0,1693000.0,80.0,0.2437
697000.0,1693000.0,80.0,0.9532
698000.0,1693000.0,80.0,-0.8431
699000.0,1693000.0,80.0,0.4459
700000.0,1693000.0,80.0,0.3081
701000.0,1693000.0,80.0,0.8108
702000.0,1693000.0,80.0,0.4333
703000.0,1693000.0,80.0,-0.0828
704000.0,1693000.0,80.0,0.9379
705000.0,1693000.0,80.0,-2.9175
706000.0,1693000.0,80.0,-0.5151
707000.0,1693000.0,80.0,-1.0344
708000.0,1693000.0,80.0,1.0018
709000.0,1693000.0,80.0,-0.3321
710000.0,1693000.0,80.0,0.6167
711000.0,1693000.0,80.0,0.0206
641000.0,1694000.0,80.0,-0.9731
642000.0,1694000.0,80.0,-1.2012
643000.0,1694000.0,80.0,-1.8876
644000.0,1694000.0,80.0,-1.0025
645000.0,1694000.0,80.0,-0.8646
646000.0,1694000.0,80.0,-0.2217
647000.0,1694000.0,80.0,2.4899
648000.0,1694000.0,80.0,6.2265
649000.0,1694000.0,80.0,8.9355
650000.0,1694000.0,80.0,10.8957
651000.0,1694000.0,80.0,16.7940
652000.0,1694000.0,80.0,17.5916
653000.0,1694000.0,80.0,16.4016
654000.0,1694000.0,80.0,20.1554
655000.0,1694000.0,80.0,21.6846
656000.0,1694000.0,80.0,18.4131
657000.0,1694000.0,80.0,18.7353
658000.0,1694000.0,80.0,16.9117
659000.0,1694000.0,80.0,11.0430
660000.0,1694000.0,80.0,6.4904
661000.0,1694000.0,80.0,0.1814
662000.0,1694000.0,80.0,-7.7209
663000.0,1694000.0,80.0,-10.7605
664000.0,1694000.0,80.0,-19.7616
665000.0,1694000.0,80.0,-31.0045
666000.0,1694000.0,80.0,-62.8583
667000.0,1694000.0,80.0,-108.8617
668000.0,1694000.0,80.0,-154.8346
669000.0,1694000.0,80.0,-162.2290
670000.0,1694000.0,80.0,-141.6097
671000.0,1694000.0,80.0,-108.1147
672000.0,1694000.0,80.0,-75.2822
673000.0,1694000.0,80.0,-59.5644
674000.0,1694000.0,80.0,-44.8066
675000.0,1694000.0,80.0,-30.7008
676000.0,1694000.0,80.0,-22.7888
677000.0,1694000.0,80.0,-17.8129
678000.0,1694000.0,80.0,-12.5154
679000.0,1694000.0,80.0,-10.0548
680000.0,1694000.0,80.0,-8.1176
681000.0,1694000.0,80.0,-8.9771
682000.0,1694000.0,80.0,-6.5777
683000.0,1694000.0,80.0,-4.5946
684000.0,1694000.0,80.0,-5.5494
685000.0,1694000.0,80.0,-4.6521
686000.0,1694000.0,80.0,-4.4491
687000.0,1694000.0,80.0,-3.1153
688000.0,1694000.0,80.0,-1.8730
689000.0,1694000.0,80.0,-0.5250
690000.0,1694000.0,80.0,-1.4714
691000.0,1694000.0,80.0,-1.6665
692000.0,1694000.0,80.0,-2.1949
693000.0,1694000.0,80.0,0.3699
694000.0,1694000.0,80.0,-0.5810
695000.0,1694000.0,80.0,0.0096
696000.0,1694000.0,80.0,-1.6859
697000.0,1694000.0,80.0,-1.8144
698000.0,1694000.0,80.0,-0.2197
699000.0,1694000.0,80.0,-0.3003
700000.0,1694000.0,80.0,0.8744
701000.0,1694000.0,80.0,-0.9820
702000.0,1694000.0,80.0,-0.5229
703000.0,1694000.0,80.0,-0.7717
704000.0,1694000.0,80.0,0.8287
705000.0,1694000.0,80.0,-1.0088
706000.0,1694000.0,80.0,0.6036
707000.0,1694000.0,80.0,-0.2175
708000.0,1694000.0,80.0,0.4066
709000.0,1694000.0,80.0,1.2168
710000.0,1694000.0,80.0,0.3764
711000.0,1694000.0,80.0,1.8056
641000.0,1695000.0,80.0,-1.0554
642000.0,1695000.0,80.0,-3.1048
643000.0,1695000.0,80.0,-0.5248
644000.0,1695000.0,80.0,-0.5956
645000.0,1695000.0,80.0,-0.4525
646000.0,1695000.0,80.0,1.4060
647000.0,1695000.0,80.0,2.3520
648000.0,1695000.0,80.0,5.9990
649000.0,1695000.0,80.0,8.5810
650000.0,1695000.0,80.0,12.3368
651000.0,1695000.0,80.0,14.9250
652000.0,1695000.0,80.0,17.3561
653000.0,1695000.0,80.0,16.2572
654000.0,1695000.0,80.0,18.5892
655000.0,1695000.0,80.0,16.3012
656000.0,1695000.0,80.0,19.0250
657000.0,1695000.0,80.0,16.5912
658000.0,1695000.0,80.0,14.5010
659000.0,1695000.0,80.0,10.8190
660000.0,1695000.0,80.0,7.5082
661000.0,1695000.0,80.0,0.9428
662000.0,1695000.0,80.0,-0.6826
663000.0,1695000.0,80.0,-3.3955
664000.0,1695000.0,80.0,-10.0748
665000.0,1695000.0,80.0,-19.0942
666000.0,1695000.0,80.0,-33.3473
667000.0,1695000.0,80.0,-90.4578
668000.0,1695000.0,80.0,-167.5778
669000.0,1695000.0,80.0,-162.7751
670000.0,1695000.0,80.0,-114.8512
671000.0,1695000.0,80.0,-81.2589
672000.0,1695000.0,80.0,-59.1426
673000.0,1695000.0,80.0,-40.4130
674000.0,1695000.0,80.0,-34.6062
675000.0,1695000.0,80.0,-24.9743
676000.0,1695000.0,80.0,-19.4538
677000.0,1695000.0,80.0,-13.0306
678000.0,1695000.0,80.0,-11.4432
679000.0,1695000.0,80.0,-8.6513
680000.0,1695000.0,80.0,-9.2632
681000.0,1695000.0,80.0,-6.3650
682000.0,1695000.0,80.0,-4.8095
683000.0,1695000.0,80.0,-4.0278
684000.0,1695000.0,80.0,-3.3462
685000.0,1695000.0,80.0,-2.2098
686000.0,1695000.0,80.0,-2.1577
687000.0,1695000.0,80.0,-0.6839
688000.0,1695000.0,80.0,-2.3330
689000.0,1695000.0,80.0,-1.6730
690000.0,1695000.0,80.0,-1.7998
691000.0,1695000.0,80.0,0.4304
692000.0,1695000.0,80.0,0.2774
693000.0,1695000.0,80.0,-2.2507
694000.0,1695000.0,80.0,-2.0809
695000.0,1695000.0,80.0,0.2367
696000.0,1695000.0,80.0,0.4412
697000.0,1695000.0,80.0,0.0133
698000.0,1695000.0,80.0,-1.9473
699000.0,1695000.0,80.0,-0.9900
700000.0,1695000.0,80.0,-1.0250
701000.0,1695000.0,80.0,-0.5933
702000.0,1695000.0,80.0,-0.4815
703000.0,1695000.0,80.0,-1.9083
704000.0,1695000.0,80.0,-0.9281
705000.0,1695000.0,80.0,-0.7721
706000.0,1695000.0,80.0,-2.3177
707000.0,1695000.0,80.0,1.4910
708000.0,1695000.0,80.0,1.4969
709000.0,1695000.0,80.0,-1.0251
710000.0,1695000.0,80.0,-0.7111
711000.0,1695000.0,80.0,-0.6810
641000.0,1696000.0,80.0,-1.6431
642000.0,1696000.0,80.0,-0.0330
643000.0,1696000.0,80.0,-1.2739
644000.0,1696000.0,80.0,1.3548
645000.0,1696000.0,80.0,1.8910
646000.0,1696000.0,80.0,2.3697
647000.0,1696000.0,80.0,5.9773
648000.0,1696000.0,80.0,6.6478
649000.0,1696000.0,80.0,7.4052
650000.0,1696000.0,80.0,9.8447
651000.0,1696000.0,80.0,13.6782
652000.0,1696000.0,80.0,13.0417
653000.0,1696000.0,80.0,13.9618
654000.0,1696000.0,80.0,17.1305
655000.0,1696000.0,80.0,17.0997
656000.0,1696000.0,80.0,14.5956
657000.0,1696000.0,80.0,16.8437
658000.0,1696000.0,80.0,12.0872
659000.0,1696000.0,80.0,11.5715
660000.0,1696000.0,80.0,8.2707
661000.0,1696000.0,80.0,4.1086
662000.0,1696000.0,80.0,2.2365
663000.0,1696000.0,80.0,-2.5660
664000.0,1696000.0,80.0,-1.2539
665000.0,1696000.0,80.0,-3.9399
666000.0,1696000.0,80.0,-2.9071
667000.0,1696000.0,80.0,1.0764
668000.0,1696000.0,80.0,5.6527
669000.0,1696000.0,80.0,-8.2922
670000.0,1696000.0,80.0,-24.2595
671000.0,1696000.0,80.0,-27.0464
672000.0,1696000.0,80.0,-25.7400
673000.0,1696000.0,80.0,-20.7967
674000.0,1696000.0,80.0,-17.2584
675000.0,1696000.0,80.0,-14.8793
676000.0,1696000.0,80.0,-15.2121
677000.0,1696000.0,80.0,-7.9286
678000.0,1696000.0,80.0,-7.5149
679000.0,1696000.0,80.0,-2.7229
680000.0,1696000.0,80.0,-3.0854
681000.0,1696000.0,80.0,-3.5712
682000.0,1696000.0,80.0,-3.3110
683000.0,1696000.0,80.0,-3.3215
684000.0,1696000.0,80.0,-3.6989
685000.0,1696000.0,80.0,-2.8399
686000.0,1696000.0,80.0,-1.9353
687000.0,1696000.0,80.0,-2.7353
688000.0,1696000.0,80.0,-1.7194
689000.0,1696000.0,80.0,-0.1219
690000.0,1696000.0,80.0,-2.0941
691000.0,1696000.0,80.0,-1.1565
692000.0,1696000.0,80.0,-1.1219
693000.0,1696000.0,80.0,-0.5763
694000.0,1696000.0,80.0,-1.5834
695000.0,1696000.0,80.0,-0.9949
696000.0,1696000.0,80.0,-2.8232
697000.0,1696000.0,80.0,-0.6140
698000.0,1696000.0,80.0,0.3014
699000.0,1696000.0,80.0,0.3487
700000.0,1696000.0,80.0,0.8171
701000.0,1696000.0,80.0,-1.3000
702000.0,1696000.0,80.0,0.0534
703000.0,1696000.0,80.0,-0.1028
704000.0,1696000.0,80.0,-0.4457
705000.0,1696000.0,80.0,0.1519
706000.0,1696000.0,80.0,-0.0860
707000.0,1696000.0,80.0,-1.0706
708000.0,1696000.0,80.0,1.5082
709000.0,1696000.0,80.0,1.4899
710000.0,1696000.0,80.0,-1.3472
711000.0,1696000.0,80.0,0.4530
641000.0,1697000.0,80.0,-0.9830
642000.0,1697000.0,80.0,0.8000
643000.0,1697000.0,80.0,-0.3508
644000.0,1697000.0,80.0,-0.1555
645000.0,1697000.0,80.0,2.3429
646000.0,1697000.0,80.0,2.2882
647000.0,1697000.0,80.0,4.3758
648000.0,1697000.0,80.0,5.1116
649000.0,1697000.0,80.0,5.9953
650000.0,1697000.0,80.0,5.9234
651000.0,1697000.0,80.0,11.7675
652000.0,1697000.0,80.0,12.3385
653000.0,1697000.0,80.0,10.2480
654000.0,1697000.0,80.0,12.1443
655000.0,1697000.0,80.0,13.3181
656000.0,1697000.0,80.0,14.9256
657000.0,1697000.0,80.0,13.3358
658000.0,1697000.0,80.0,12.2220
659000.0,1697000.0,80.0,10.1957
660000.0,1697000.0,80.0,8.0350
661000.0,1697000.0,80.0,6.5388
662000.0,1697000.0,80.0,5.4472
663000.0,1697000.0,80.0,3.4201
664000.0,1697000.0,80.0,1.8182
665000.0,1697000.0,80.0,6.1115
666000.0,1697000.0,80.0,10.3201
667000.0,1697000.0,80.0,17.4624
668000.0,1697000.0,80.0,27.2750
669000.0,1697000.0,80.0,27.6136
670000.0,1697000.0,80.0,14.0523
671000.0,1697000.0,80.0,4.1209
672000.0,1697000.0,80.0,-2.6781
673000.0,1697000.0,80.0,-6.2929
674000.0,1697000.0,80.0,-7.1467
675000.0,1697000.0,80.0,-6.5399
676000.0,1697000.0,80.0,-4.7827
677000.0,1697000.0,80.0,-4.9586
678000.0,1697000.0,80.0,-3.4746
679000.0,1697000.0,80.0,-4.0152
680000.0,1697000.0,80.0,-3.1691
681000.0,1697000.0,80.0,-4.4760
682000.0,1697000.0,80.0,-1.9898
683000.0,1697000.0,80.0,-1.1948
684000.0,1697000.0,80.0,-1.7683
685000.0,1697000.0,80.0,-0.5562
686000.0,1697000.0,80.0,-0.2085
687000.0,1697000.0,80.0,-1.0863
688000.0,1697000.0,80.0,-0.6180
689000.0,1697000.0,80.0,1.0091
690000.0,1697000.0,80.0,-1.6229
691000.0,1697000.0,80.0,-0.3492
692000.0,1697000.0,80.0,1.1848
693000.0,1697000.0,80.0,-1.1957
694000.0,1697000.0,80.0,1.3874
695000.0,1697000.0,80.0,-0.2994
696000.0,1697000.0,80.0,-1.0339
697000.0,1697000.0,80.0,0.2696
698000.0,1697000.0,80.0,0.5189
699000.0,1697000.0,80.0,-0.6972
700000.0,1697000.0,80.0,0.0128
701000.0,1697000.0,80.0,-0.5324
702000.0,1697000.0,80.0,-0.7085
703000.0,1697000.0,80.0,0.2558
704000.0,1697000.0,80.0,0.8555
705000.0,1697000.0,80.0,-0.9022
706000.0,1697000.0,80.0,-0.2494
707000.0,1697000.0,80.0,1.9257
708000.0,1697000.0,80.0,0.4998
709000.0,1697000.0,80.0,-1.5273
710000.0,1697000.0,80.0,0.6917
711000.0,1697000.0,80.0,-1.2246
641000.0,1698000.0,80.0,-1.4177
642000.0,1698000.0,80.0,0.3626
643000.0,1698000.0,80.0,2.2533
644000.0,1698000.0,80.0,2.3993
645000.0,1698000.0,80.0,3.6408
646000.0,1698000.0,80.0,3.9239
647000.0,1698000.0,80.0,3.7551
648000.0,1698000.0,80.0,5.8798
649000.0,1698000.0,80.0,8.5832
650000.0,1698000.0,80.0,10.2328
651000.0,1698000.0,80.0,7.3037
652000.0,1698000.0,80.0,10.5818
653000.0,1698000.0,80.0,10.2082
654000.0,1698000.0,80.0,12.6520
655000.0,1698000.0,80.0,12.4915
656000.0,1698000.0,80.0,11.4736
657000.0,1698000.0,80.0,10.1122
658000.0,1698000.0,80.0,10.7111
659000.0,1698000.0,80.0,9.1717
660000.0,1698000.0,80.0,8.4598
661000.0,1698000.0,80.0,7.2660
662000.0,1698000.0,80.0,7.2749
663000.0,1698000.0,80.0,6.9871
664000.0,1698000.0,80.0,8.9501
665000.0,1698000.0,80.0,7.2307
666000.0,1698000.0,80.0,14.8492
667000.0,1698000.0,80.0,20.7460
668000.0,1698000.0,80.0,27.2913
669000.0,1698000.0,80.0,29.0063
670000.0,1698000.0,80.0,23.7337
671000.0,1698000.0,80.0,16.7790
672000.0,1698000.0,80.0,9.7704
673000.0,1698000.0,80.0,6.4293
674000.0,1698000.0,80.0,4.4001
675000.0,1698000.0,80.0,1.0074
676000.0,1698000.0,80.0,-0.2740
677000.0,1698000.0,80.0,-0.6372
678000.0,1698000.0,80.0,-1.8915
679000.0,1698000.0,80.0,-2.2269
680000.0,1698000.0,80.0,-2.2670
681000.0,1698000.0,80.0,-1.1756
682000.0,1698000.0,80.0,-0.5271
683000.0,1698000.0,80.0,-0.8742
684000.0,1698000.0,80.0,-1.3925
685000.0,1698000.0,80.0,-0.3409
686000.0,1698000.0,80.0,-1.2143
687000.0,1698000.0,80.0,-0.4504
688000.0,1698000.0,80.0,-1.2566
689000.0,1698000.0,80.0,-0.2755
690000.0,1698000.0,80.0,-1.4995
691000.0,1698000.0,80.0,-2.1084
692000.0,1698000.0,80.0,0.0717
693000.0,1698000.0,80.0,1.0178
694000.0,1698000.0,80.0,-0.7996
695000.0,1698000.0,80.0,-2.8467
696000.0,1698000.0,80.0,0.8469
697000.0,1698000.0,80.0,-0.0959
698000.0,1698000.0,80.0,2.1123
699000.0,1698000.0,80.0,1.2720
700000.0,1698000.0,80.0,-0.6835
701000.0,1698000.0,80.0,-0.1775
702000.0,1698000.0,80.0,0.3733
703000.0,1698000.0,80.0,-0.7141
704000.0,1698000.0,80.0,1.4704
705000.0,1698000.0,80.0,0.5718
706000.0,1698000.0,80.0,-0.8507
707000.0,1698000.0,80.0,1.3039
708000.0,1698000.0,80.0,-1.3379
709000.0,1698000.0,80.0,0.5377
710000.0,1698000.0,80.0,-1.3196
711000.0,1698000.0,80.0,0.9468
641000.0,1699000.0,80.0,-0.4251
642000.0,1699000.0,80.0,0.1770
643000.0,1699000.0,80.0,1.4673
644000.0,1699000.0,80.0,2.0380
645000.0,1699000.0,80.0,2.7060
646000.0,1699000.0,80.0,3.2158
647000.0,1699000.0,80.0,2.8985
648000.0,1699000.0,80.0,4.6806
649000.0,1699000.0,80.0,5.9456
650000.0,1699000.0,80.0,7.3263
651000.0,1699000.0,80.0,7.2430
652000.0,1699000.0,80.0,9.6273
653000.0,1699000.0,80.0,8.8741
654000.0,1699000.0,80.0,9.0363
655000.0,1699000.0,80.0,8.8524
656000.0,1699000.0,80.0,8.7737
657000.0,1699000.0,80.0,8.4573
658000.0,1699000.0,80.0,8.4759
659000.0,1699000.0,80.0,10.4567
660000.0,1699000.0,80.0,8.2984
661000.0,1699000.0,80.0,10.0297
662000.0,1699000.0,80.0,5.9202
663000.0,1699000.0,80.0,9.4842
664000.0,1699000.0,80.0,10.7162
665000.0,1699000.0,80.0,10.2129
666000.0,1699000.0,80.0,16.0479
667000.0,1699000.0,80.0,20.1862
668000.0,1699000.0,80.0,23.9337
669000.0,1699000.0,80.0,23.6173
670000.0,1699000.0,80.0,23.5762
671000.0,1699000.0,80.0,20.6773
672000.0,1699000.0,80.0,13.5608
673000.0,1699000.0,80.0,10.3041
674000.0,1699000.0,80.0,8.1234
675000.0,1699000.0,80.0,3.9040
676000.0,1699000.0,80.0,4.0125
677000.0,1699000.0,80.0,1.8425
678000.0,1699000.0,80.0,1.9127
679000.0,1699000.0,80.0,-2.6287
680000.0,1699000.0,80.0,1.0120
681000.0,1699000.0,80.0,0.3139
682000.0,1699000.0,80.0,0.3536
683000.0,1699000.0,80.0,-1.1120
684000.0,1699000.0,80.0,1.2407
685000.0,1699000.0,80.0,-1.2221
686000.0,1699000.0,80.0,0.4898
687000.0,1699000.0,80.0,-0.5218
688000.0,1699000.0,80.0,-2.3349
689000.0,1699000.0,80.0,0.2654
690000.0,1699000.0,80.0,-0.3133
691000.0,1699000.0,80.0,-1.0931
692000.0,1699000.0,80.0,-0.4649
693000.0,1699000.0,80.0,2.4904
694000.0,1699000.0,80.0,-0.9312
695000.0,1699000.0,80.0,0.7779
696000.0,1699000.0,80.0,-0.3665
697000.0,1699000.0,80.0,0.0050
698000.0,1699000.0,80.0,0.7892
699000.0,1699000.0,80.0,0.7921
700000.0,1699000.0,80.0,0.2779
701000.0,1699000.0,80.0,-1.1284
702000.0,1699000.0,80.0,0.1648
703000.0,1699000.0,80.0,0.1171
704000.0,1699000.0,80.0,-0.7031
705000.0,1699000.0,80.0,-1.1666
706000.0,1699000.0,80.0,1.1323
707000.0,1699000.0,80.0,-1.2492
708000.0,1699000.0,80.0,0.6008
709000.0,1699000.0,80.0,-0.8324
710000.0,1699000.0,80.0,0.5833
711000.0,1699000.0,80.0,-2.0446
641000.0,1700000.0,80.0,1.4569
642000.0,1700000.0,80.0,0.5783
643000.0,1700000.0,80.0,0.3173
644000.0,1700000.0,80.0,3.8311
645000.0,1700000.0,80.0,2.3134
646000.0,1700000.0,80.0,3.2262
647000.0,1700000.0,80.0,3.9029
648000.0,1700000.0,80.0,5.3549
649000.0,1700000.0,80.0,4.7512
650000.0,1700000.0,80.0,7.9596
651000.0,1700000.0,80.0,6.0034
652000.0,1700000.0,80.0,6.9564
653000.0,1700000.0,80.0,8.3556
654000.0,1700000.0,80.0,10.9926
655000.0,1700000.0,80.0,8.1621
656000.0,1700000.0,80.0,9.2396
657000.0,1700000.0,80.0,8.1755
658000.0,1700000.0,80.0,7.6384
659000.0,1700000.0,80.0,8.6561
660000.0,1700000.0,80.0,9.9121
661000.0,1700000.0,80.0,6.6847
662000.0,1700000.0,80.0,8.8174
663000.0,1700000.0,80.0,9.9194
664000.0,1700000.0,80.0,10.3541
665000.0,1700000.0,80.0,12.2108
666000.0,1700000.0,80.0,14.1119
667000.0,1700000.0,80.0,17.3071
668000.0,1700000.0,80.0,19.2943
669000.0,1700000.0,80.0,22.4426
670000.0,1700000.0,80.0,19.6410
671000.0,1700000.0,80.0,18.8998
672000.0,1700000.0,80.0,17.2836
673000.0,1700000.0,80.0,11.3307
674000.0,1700000.0,80.0,8.6288
675000.0,1700000.0,80.0,7.3334
676000.0,1700000.0,80.0,4.7278
677000.0,1700000.0,80.0,4.8813
678000.0,1700000.0,80.0,3.5307
679000.0,1700000.0,80.0,2.1993
680000.0,1700000.0,80.0,2.4949
681000.0,1700000.0,80.0,0.5416
682000.0,1700000.0,80.0,0.6351
683000.0,1700000.0,80.0,1.4989
684000.0,1700000.0,80.0,2.5793
685000.0,1700000.0,80.0,-0.3558
686000.0,1700000.0,80.0,-0.3368
687000.0,1700000.0,80.0,1.5016
688000.0,1700000.0,80.0,-0.0217
689000.0,1700000.0,80.0,-1.5484
690000.0,1700000.0,80.0,0.3234
691000.0,1700000.0,80.0,-0.1125
692000.0,1700000.0,80.0,0.0476
693000.0,1700000.0,80.0,0.8383
694000.0,1700000.0,80.0,-0.5911
695000.0,1700000.0,80.0,-0.6384
696000.0,1700000.0,80.0,-0.7919
697000.0,1700000.0,80.0,1.1623
698000.0,1700000.0,80.0,0.2612
699000.0,1700000.0,80.0,-2.6664
700000.0,1700000.0,80.0,0.9143
701000.0,1700000.0,80.0,0.3904
702000.0,1700000.0,80.0,-2.8515
703000.0,1700000.0,80.0,1.6115
704000.0,1700000.0,80.0,1.8350
705000.0,1700000.0,80.0,0.0876
706000.0,1700000.0,80.0,0.6301
707000.0,1700000.0,80.0,-0.4181
708000.0,1700000.0,80.0,-0.5083
709000.0,1700000.0,80.0,1.1421
710000.0,1700000.0,80.0,-0.4648
711000.0,1700000.0,80.0,-0.4958
641000.0,1701000.0,80.0,1.2513
642000.0,1701000.0,80.0,-0.3646
643000.0,1701000.0,80.0,0.9889
644000.0,1701000.0,80.0,2.7049
645000.0,1701000.0,80.0,0.4832
646000.0,1701000.0,80.0,2.7630
647000.0,1701000.0,80.0,3.0677
648000.0,1701000.0,80.0,3.3238
649000.0,1701000.0,80.0,3.4653
650000.0,1701000.0,80.0,4.4356
651000.0,1701000.0,80.0,5.3119
652000.0,1701000.0,80.0,5.7078
653000.0,1701000.0,80.0,6.8025
654000.0,1701000.0,80.0,6.9770
655000.0,1701000.0,80.0,6.4906
656000.0,1701000.0,80.0,8.1926
657000.0,1701000.0,80.0,8.1626
658000.0,1701000.0,80.0,6.2392
659000.0,1701000.0,80.0,9.0539
660000.0,1701000.0,80.0,7.7156
661000.0,1701000.0,80.0,8.8329
662000.0,1701000.0,80.0,7.7870
663000.0,1701000.0,80.0,8.1499
664000.0,1701000.0,80.0,10.6042
665000.0,1701000.0,80.0,10.8830
666000.0,1701000.0,80.0,15.2132
667000.0,1701000.0,80.0,18.5873
668000.0,1701000.0,80.0,18.3015
669000.0,1701000.0,80.0,18.0501
670000.0,1701000.0,80.0,17.2503
671000.0,1701000.0,80.0,15.5287
672000.0,1701000.0,80.0,14.5125
673000.0,1701000.0,80.0,11.5556
674000.0,1701000.0,80.0,9.6182
675000.0,1701000.0,80.0,9.8053
676000.0,1701000.0,80.0,6.0820
677000.0,1701000.0,80.0,5.8289
678000.0,1701000.0,80.0,4.9262
679000.0,1701000.0,80.0,3.0345
680000.0,1701000.0,80.0,2.5548
681000.0,1701000.0,80.0,1.7865
682000.0,1701000.0,80.0,0.3633
683000.0,1701000.0,80.0,0.6381
684000.0,1701000.0,80.0,1.3179
685000.0,1701000.0,80.0,-0.8636
686000.0,1701000.0,80.0,-0.1734
687000.0,1701000.0,80.0,0.6387
688000.0,1701000.0,80.0,0.7142
689000.0,1701000.0,80.0,0.1415
690000.0,1701000.0,80.0,-0.2775
691000.0,1701000.0,80.0,0.4430
692000.0,1701000.0,80.0,0.2925
693000.0,1701000.0,80.0,0.0451
694000.0,1701000.0,80.0,0.0282
695000.0,1701000.0,80.0,0.3174
696000.0,1701000.0,80.0,-0.6141
697000.0,1701000.0,80.0,0.9748
698000.0,1701000.0,80.0,1.2506
699000.0,1701000.0,80.0,-0.2429
700000.0,1701000.0,80.0,-2.3404
701000.0,1701000.0,80.0,-1.2146
702000.0,1701000.0,80.0,0.6842
703000.0,1701000.0,80.0,-0.9992
704000.0,1701000.0,80.0,0.4364
705000.0,1701000.0,80.0,-1.2796
706000.0,1701000.0,80.0,0.5288
707000.0,1701000.0,80.0,0.0784
708000.0,1701000.0,80.0,-0.0176
709000.0,1701000.0,80.0,-0.4406
710000.0,1701000.0,80.0,0.3518
711000.0,1701000.0,80.0,-1.1960
641000.0,1702000.0,80.0,1.1882
642000.0,1702000.0,80.0,0.9083
643000.0,1702000.0,80.0,3.1643
644000.0,1702000.0,80.0,-0.2149
645000.0,1702000.0,80.0,2.5093
646000.0,1702000.0,80.0,2.0566
647000.0,1702000.0,80.0,3.8376
648000.0,1702000.0,80.0,4.8607
649000.0,1702000.0,80.0,2.8955
650000.0,1702000.0,80.0,6.4875
651000.0,1702000.0,80.0,4.9708
652000.0,1702000.0,80.0,5.6575
653000.0,1702000.0,80.0,5.5275
654000.0,1702000.0,80.0,4.0749
655000.0,1702000.0,80.0,6.3194
656000.0,1702000.0,80.0,5.6256
657000.0,1702000.0,80.0,5.3045
658000.0,1702000.0,80.0,8.6207
659000.0,1702000.0,80.0,8.7078
660000.0,1702000.0,80.0,7.9938
661000.0,1702000.0,80.0,6.8529
662000.0,1702000.0,80.0,9.7853
663000.0,1702000.0,80.0,9.2987
664000.0,1702000.0,80.0,9.8427
665000.0,1702000.0,80.0,10.3271
666000.0,1702000.0,80.0,12.8030
667000.0,1702000.0,80.0,13.6448
668000.0,1702000.0,80.0,14.4961
669000.0,1702000.0,80.0,15.0235
670000.0,1702000.0,80.0,16.2235
671000.0,1702000.0,80.0,15.3674
672000.0,1702000.0,80.0,15.1147
673000.0,1702000.0,80.0,11.4838
674000.0,1702000.0,80.0,8.6790
675000.0,1702000.0,80.0,8.6621
676000.0,1702000.0,80.0,5.0690
677000.0,1702000.0,80.0,4.5738
678000.0,1702000.0,80.0,5.5850
679000.0,1702000.0,80.0,5.2526
680000.0,1702000.0,80.0,3.2751
681000.0,1702000.0,80.0,2.3511
682000.0,1702000.0,80.0,1.3691
683000.0,1702000.0,80.0,1.4448
684000.0,1702000.0,80.0,1.0796
685000.0,1702000.0,80.0,1.1266
686000.0,1702000.0,80.0,-0.1720
687000.0,1702000.0,80.0,0.6919
688000.0,1702000.0,80.0,-1.0233
689000.0,1702000.0,80.0,-1.3050
690000.0,1702000.0,80.0,1.3554
691000.0,1702000.0,80.0,3.1775
692000.0,1702000.0,80.0,0.3296
693000.0,1702000.0,80.0,0.1573
694000.0,1702000.0,80.0,1.4422
695000.0,1702000.0,80.0,-1.2677
696000.0,1702000.0,80.0,-1.5208
697000.0,1702000.0,80.0,0.7606
698000.0,1702000.0,80.0,1.4485
699000.0,1702000.0,80.0,0.6106
700000.0,1702000.0,80.0,-0.1807
701000.0,1702000.0,80.0,1.7857
702000.0,1702000.0,80.0,-0.5076
703000.0,1702000.0,80.0,-0.1309
704000.0,1702000.0,80.0,-0.4549
705000.0,1702000.0,80.0,-1.2019
706000.0,1702000.0,80.0,-0.2334
707000.0,1702000.0,80.0,-0.1424
708000.0,1702000.0,80.0,-0.1371
709000.0,1702000.0,80.0,0.5423
710000.0,1702000.0,80.0,-0.6210
711000.0,1702000.0,80.0,1.2338
641000.0,1703000.0,80.0,0.6415
642000.0,1703000.0,80.0,0.1404
643000.0,1703000.0,80.0,0.3729
644000.0,1703000.0,80.0,1.4358
645000.0,1703000.0,80.0,2.0330
646000.0,1703000.0,80.0,3.0916
647000.0,1703000.0,80.0,3.2407
648000.0,1703000.0,80.0,4.7482
649000.0,1703000.0,80.0,3.5261
650000.0,1703000.0,80.0,5.2203
651000.0,1703000.0,80.0,5.0357
652000.0,1703000.0,80.0,6.0403
653000.0,1703000.0,80.0,4.8899
654000.0,1703000.0,80.0,6.9750
655000.0,1703000.0,80.0,5.1190
656000.0,1703000.0,80.0,8.9511
657000.0,1703000.0,80.0,4.8990
658000.0,1703000.0,80.0,6.3042
659000.0,1703000.0,80.0,6.9449
660000.0,1703000.0,80.0,9.0305
661000.0,1703000.0,80.0,9.6525
662000.0,1703000.0,80.0,6.9887
663000.0,1703000.0,80.0,10.1898
664000.0,1703000.0,80.0,7.8630
665000.0,1703000.0,80.0,12.6685
666000.0,1703000.0,80.0,10.8418
667000.0,1703000.0,80.0,13.0363
668000.0,1703000.0,80.0,13.3255
669000.0,1703000.0,80.0,12.3194
670000.0,1703000.0,80.0,13.4331
671000.0,1703000.0,80.0,13.3885
672000.0,1703000.0,80.0,10.5558
673000.0,1703000.0,80.0,11.3448
674000.0,1703000.0,80.0,9.4063
675000.0,1703000.0,80.0,7.3572
676000.0,1703000.0,80.0,8.1780
677000.0,1703000.0,80.0,5.0378
678000.0,1703000.0,80.0,3.0082
679000.0,1703000.0,80.0,4.6930
680000.0,1703000.0,80.0,2.1681
681000.0,1703000.0,80.0,2.7033
682000.0,1703000.0,80.0,1.1055
683000.0,1703000.0,80.0,3.0486
684000.0,1703000.0,80.0,1.5654
685000.0,1703000.0,80.0,1.8486
686000.0,1703000.0,80.0,0.3086
687000.0,1703000.0,80.0,-0.2282
688000.0,1703000.0,80.0,0.5268
689000.0,1703000.0,80.0,1.1225
690000.0,1703000.0,80.0,1.0496
691000.0,1703000.0,80.0,1.9056
692000.0,1703000.0,80.0,0.5942
693000.0,1703000.0,80.0,1.8375
694000.0,1703000.0,80.0,-0.9006
695000.0,1703000.0,80.0,-0.1757
696000.0,1703000.0,80.0,-0.8337
697000.0,1703000.0,80.0,0.2890
698000.0,1703000.0,80.0,-0.8286
699000.0,1703000.0,80.0,0.6036
700000.0,1703000.0,80.0,0.0836
701000.0,1703000.0,80.0,0.3217
702000.0,1703000.0,80.0,0.3628
703000.0,1703000.0,80.0,-0.2490
704000.0,1703000.0,80.0,1.1080
705000.0,1703000.0,80.0,2.1373
706000.0,1703000.0,80.0,0.5639
707000.0,1703000.0,80.0,0.2110
708000.0,1703000.0,80.0,0.5778
709000.0,1703000.0,80.0,-0.5682
710000.0,1703000.0,80.0,-0.8144
711000.0,1703000.0,80.0,-0.6382
641000.0,1704000.0,80.0,1.5325
642000.0,1704000.0,80.0,1.6225
643000.0,1704000.0,80.0,3.1868
644000.0,1704000.0,80.0,0.4316
645000.0,1704000.0,80.0,2.7832
646000.0,1704000.0,80.0,4.0446
647000.0,1704000.0,80.0,1.6941
648000.0,1704000.0,80.0,4.2766
649000.0,1704000.0,80.0,4.3612
650000.0,1704000.0,80.0,4.1625
651000.0,1704000.0,80.0,2.8584
652000.0,1704000.0,80.0,4.0875
653000.0,1704000.0,80.0,6.0929
654000.0,1704000.0,80.0,6.5811
655000.0,1704000.0,80.0,5.5838
656000.0,1704000.0,80.0,5.7113
657000.0,1704000.0,80.0,7.6289
658000.0,1704000.0,80.0,6.6101
659000.0,1704000.0,80.0,7.2992
660000.0,1704000.0,80.0,7.7756
661000.0,1704000.0,80.0,5.2149
662000.0,1704000.0,80.0,11.2882
663000.0,1704000.0,80.0,8.9833
664000.0,1704000.0,80.0,11.1872
665000.0,1704000.0,80.0,8.7803
666000.0,1704000.0,80.0,8.4045
667000.0,1704000.0,80.0,11.6729
668000.0,1704000.0,80.0,9.4843
669000.0,1704000.0,80.0,10.8999
670000.0,1704000.0,80.0,11.5795
671000.0,1704000.0,80.0,9.7434
672000.0,1704000.0,80.0,10.7891
673000.0,1704000.0,80.0,9.8203
674000.0,1704000.0,80.0,8.5800
675000.0,1704000.0,80.0,7.2118
676000.0,1704000.0,80.0,8.2913
677000.0,1704000.0,80.0,5.8588
678000.0,1704000.0,80.0,5.1749
679000.0,1704000.0,80.0,4.5943
680000.0,1704000.0,80.0,2.6980
681000.0,1704000.0,80.0,2.6159
682000.0,1704000.0,80.0,4.7951
683000.0,1704000.0,80.0,1.3444
684000.0,1704000.0,80.0,3.3105
685000.0,1704000.0,80.0,-0.4157
686000.0,1704000.0,80.0,1.3777
687000.0,1704000.0,80.0,0.4436
688000.0,1704000.0,80.0,1.0970
689000.0,1704000.0,80.0,1.3481
690000.0,1704000.0,80.0,1.1527
691000.0,1704000.0,80.0,-0.2693
692000.0,1704000.0,80.0,-0.6255
693000.0,1704000.0,80.0,0.9257
694000.0,1704000.0,80.0,1.5578
695000.0,1704000.0,80.0,0.8995
696000.0,1704000.0,80.0,1.6663
697000.0,1704000.0,80.0,-0.4586
698000.0,1704000.0,80.0,-0.7211
699000.0,1704000.0,80.0,-0.2249
700000.0,1704000.0,80.0,1.1299
701000.0,1704000.0,80.0,-0.1990
702000.0,1704000.0,80.0,-0.9642
703000.0,1704000.0,80.0,0.9237
704000.0,1704000.0,80.0,-0.4786
705000.0,1704000.0,80.0,-0.6271
706000.0,1704000.0,80.0,-1.2257
707000.0,1704000.0,80.0,0.5652
708000.0,1704000.0,80.0,0.1584
709000.0,1704000.0,80.0,0.9831
710000.0,1704000.0,80.0,-0.3350
711000.0,1704000.0,80.0,0.2322
