x,y,z,tmi
600000.000,1600000.000,631.426,2.373
600050.000,1600000.000,628.522,4.692
600100.000,1600000.000,625.520,3.888
600150.000,1600000.000,622.659,4.625
600200.000,1600000.000,620.176,2.186
600250.000,1600000.000,618.327,8.888
600300.000,1600000.000,617.315,7.136
600350.000,1600000.000,617.345,3.620
600400.000,1600000.000,618.551,1.587
600450.000,1600000.000,621.044,7.344
600500.000,1600000.000,624.867,-0.785
600550.000,1600000.000,630.020,5.839
600600.000,1600000.000,636.433,5.061
600650.000,1600000.000,643.976,4.654
600700.000,1600000.000,652.485,9.256
600750.000,1600000.000,661.731,14.290
600800.000,1600000.000,671.495,13.202
600850.000,1600000.000,681.495,11.013
600900.000,1600000.000,691.450,4.346
600950.000,1600000.000,701.089,5.427
601000.000,1600000.000,710.152,11.449
601050.000,1600000.000,718.384,14.183
601100.000,1600000.000,725.609,18.251
601150.000,1600000.000,731.660,15.568
601200.000,1600000.000,736.443,15.847
601250.000,1600000.000,739.908,16.413
601300.000,1600000.000,742.105,19.278
601350.000,1600000.000,743.088,18.669
601400.000,1600000.000,742.989,21.972
601450.000,1600000.000,741.989,27.329
601500.000,1600000.000,740.266,20.823
601550.000,1600000.000,738.018,26.611
601600.000,1600000.000,735.446,27.069
601650.000,1600000.000,732.720,32.889
601700.000,1600000.000,729.982,28.946
601750.000,1600000.000,727.342,27.939
601800.000,1600000.000,724.869,25.735
601850.000,1600000.000,722.572,46.289
601900.000,1600000.000,720.443,34.028
601950.000,1600000.000,718.445,45.051
602000.000,1600000.000,716.530,41.924
602050.000,1600000.000,714.656,55.019
602100.000,1600000.000,712.769,61.312
602150.000,1600000.000,710.847,56.860
602200.000,1600000.000,708.878,61.222
602250.000,1600000.000,706.902,63.497
602300.000,1600000.000,704.941,48.133
602350.000,1600000.000,703.065,68.261
602400.000,1600000.000,701.350,74.473
602450.000,1600000.000,699.838,80.880
602500.000,1600000.000,698.609,77.972
602550.000,1600000.000,697.682,82.624
602600.000,1600000.000,697.094,89.822
602650.000,1600000.000,696.807,92.984
602700.000,1600000.000,696.795,102.827
602750.000,1600000.000,696.997,100.453
602800.000,1600000.000,697.332,111.521
602850.000,1600000.000,697.706,103.110
602900.000,1600000.000,698.040,111.855
602950.000,1600000.000,698.258,140.659
603000.000,1600000.000,698.293,121.992
603050.000,1600000.000,698.113,115.241
603100.000,1600000.000,697.696,131.600
603150.000,1600000.000,697.072,120.783
603200.000,1600000.000,696.290,121.736
603250.000,1600000.000,695.432,139.688
603300.000,1600000.000,694.587,132.004
603350.000,1600000.000,693.881,131.069
603400.000,1600000.000,693.433,139.900
603450.000,1600000.000,693.393,120.857
603500.000,1600000.000,693.873,124.860
603550.000,1600000.000,694.985,130.621
603600.000,1600000.000,696.816,130.646
603650.000,1600000.000,699.439,122.796
603700.000,1600000.000,702.867,116.741
603750.000,1600000.000,707.101,120.613
603800.000,1600000.000,712.091,120.891
603850.000,1600000.000,717.780,104.780
603900.000,1600000.000,724.078,114.445
603950.000,1600000.000,730.864,117.708
604000.000,1600000.000,738.009,115.188
604050.000,1600000.000,745.356,107.235
604100.000,1600000.000,752.775,99.313
604150.000,1600000.000,760.126,99.128
604200.000,1600000.000,767.269,92.783
604250.000,1600000.000,774.072,89.646
604300.000,1600000.000,780.422,78.654
604350.000,1600000.000,786.210,74.618
604400.000,1600000.000,791.352,64.395
604450.000,1600000.000,795.770,75.989
604500.000,1600000.000,799.405,69.828
604550.000,1600000.000,802.203,61.655
604600.000,1600000.000,804.146,59.853
604650.000,1600000.000,805.212,73.663
604700.000,1600000.000,805.396,46.367
604750.000,1600000.000,804.709,59.708
604800.000,1600000.000,803.181,50.751
604850.000,1600000.000,800.820,46.080
604900.000,1600000.000,797.674,49.259
604950.000,1600000.000,793.755,39.176
605000.000,1600000.000,789.073,39.519
600000.000,1600050.000,632.811,2.797
600050.000,1600050.000,629.732,-0.033
600100.000,1600050.000,626.574,-0.784
600150.000,1600050.000,623.566,7.866
600200.000,1600050.000,620.937,-3.034
600250.000,1600050.000,618.930,3.398
600300.000,1600050.000,617.747,-5.790
600350.000,1600050.000,617.590,8.862
600400.000,1600050.000,618.593,0.684
600450.000,1600050.000,620.871,10.418
600500.000,1600050.000,624.475,-1.884
600550.000,1600050.000,629.413,15.010
600600.000,1600050.000,635.626,7.574
600650.000,1600050.000,642.997,7.728
600700.000,1600050.000,651.372,7.242
600750.000,1600050.000,660.531,18.136
600800.000,1600050.000,670.267,14.413
600850.000,1600050.000,680.299,12.571
600900.000,1600050.000,690.348,9.279
600950.000,1600050.000,700.143,20.390
601000.000,1600050.000,709.418,17.894
601050.000,1600050.000,717.910,17.291
601100.000,1600050.000,725.435,16.180
601150.000,1600050.000,731.812,20.650
601200.000,1600050.000,736.938,17.066
601250.000,1600050.000,740.753,15.764
601300.000,1600050.000,743.295,16.012
601350.000,1600050.000,744.611,12.592
601400.000,1600050.000,744.826,28.576
601450.000,1600050.000,744.116,25.436
601500.000,1600050.000,742.657,14.210
601550.000,1600050.000,740.645,21.749
601600.000,1600050.000,738.281,30.435
601650.000,1600050.000,735.734,28.953
601700.000,1600050.000,733.144,24.141
601750.000,1600050.000,730.619,29.089
601800.000,1600050.000,728.229,20.336
601850.000,1600050.000,725.979,34.628
601900.000,1600050.000,723.862,37.109
601950.000,1600050.000,721.838,31.291
602000.000,1600050.000,719.863,54.211
602050.000,1600050.000,717.900,50.804
602100.000,1600050.000,715.899,51.799
602150.000,1600050.000,713.848,62.566
602200.000,1600050.000,711.745,59.651
602250.000,1600050.000,709.643,54.291
602300.000,1600050.000,707.577,60.890
602350.000,1600050.000,705.630,65.614
602400.000,1600050.000,703.890,72.443
602450.000,1600050.000,702.406,74.756
602500.000,1600050.000,701.265,85.523
602550.000,1600050.000,700.486,89.941
602600.000,1600050.000,700.103,82.917
602650.000,1600050.000,700.072,79.196
602700.000,1600050.000,700.354,94.829
602750.000,1600050.000,700.875,94.936
602800.000,1600050.000,701.536,100.151
602850.000,1600050.000,702.226,115.025
602900.000,1600050.000,702.848,110.029
602950.000,1600050.000,703.311,116.900
603000.000,1600050.000,703.533,117.094
603050.000,1600050.000,703.471,131.076
603100.000,1600050.000,703.096,128.339
603150.000,1600050.000,702.436,136.243
603200.000,1600050.000,701.539,137.470
603250.000,1600050.000,700.492,137.002
603300.000,1600050.000,699.393,130.082
603350.000,1600050.000,698.378,142.559
603400.000,1600050.000,697.576,129.680
603450.000,1600050.000,697.151,131.681
603500.000,1600050.000,697.229,154.211
603550.000,1600050.000,697.934,135.156
603600.000,1600050.000,699.363,132.523
603650.000,1600050.000,701.599,130.400
603700.000,1600050.000,704.667,136.834
603750.000,1600050.000,708.571,127.859
603800.000,1600050.000,713.268,139.296
603850.000,1600050.000,718.707,115.229
603900.000,1600050.000,724.799,127.022
603950.000,1600050.000,731.427,112.539
604000.000,1600050.000,738.465,111.311
604050.000,1600050.000,745.758,98.414
604100.000,1600050.000,753.175,113.027
604150.000,1600050.000,760.578,105.596
604200.000,1600050.000,767.830,85.992
604250.000,1600050.000,774.795,89.517
604300.000,1600050.000,781.359,92.754
604350.000,1600050.000,787.410,82.599
604400.000,1600050.000,792.860,82.880
604450.000,1600050.000,797.625,78.774
604500.000,1600050.000,801.635,75.671
604550.000,1600050.000,804.830,67.333
604600.000,1600050.000,807.184,60.658
604650.000,1600050.000,808.661,56.320
604700.000,1600050.000,809.250,55.629
604750.000,1600050.000,808.952,62.127
604800.000,1600050.000,807.788,56.560
604850.000,1600050.000,805.763,57.327
604900.000,1600050.000,802.921,54.224
604950.000,1600050.000,799.275,46.651
605000.000,1600050.000,794.835,40.992
600000.000,1600100.000,634.967,-2.756
600050.000,1600100.000,631.751,0.583
600100.000,1600100.000,628.464,-4.010
600150.000,1600100.000,625.324,-0.519
600200.000,1600100.000,622.549,-4.060
600250.000,1600100.000,620.371,1.764
600300.000,1600100.000,618.984,0.203
600350.000,1600100.000,618.589,0.032
600400.000,1600100.000,619.321,12.883
600450.000,1600100.000,621.295,9.199
600500.000,1600100.000,624.576,7.154
600550.000,1600100.000,629.180,7.802
600600.000,1600100.000,635.059,-0.053
600650.000,1600100.000,642.115,12.309
600700.000,1600100.000,650.207,11.557
600750.000,1600100.000,659.129,6.418
600800.000,1600100.000,668.686,13.651
600850.000,1600100.000,678.609,7.528
600900.000,1600100.000,688.622,14.926
600950.000,1600100.000,698.456,9.342
601000.000,1600100.000,707.846,12.270
601050.000,1600100.000,716.523,6.865
601100.000,1600100.000,724.297,6.343
601150.000,1600100.000,730.977,13.242
601200.000,1600100.000,736.447,18.845
601250.000,1600100.000,740.637,20.338
601300.000,1600100.000,743.573,14.847
601350.000,1600100.000,745.290,17.244
601400.000,1600100.000,745.904,25.824
601450.000,1600100.000,745.583,15.277
601500.000,1600100.000,744.495,31.127
601550.000,1600100.000,742.831,29.279
601600.000,1600100.000,740.786,28.047
601650.000,1600100.000,738.525,30.153
601700.000,1600100.000,736.184,33.926
601750.000,1600100.000,733.866,33.810
601800.000,1600100.000,731.638,40.047
601850.000,1600100.000,729.502,52.896
601900.000,1600100.000,727.449,38.590
601950.000,1600100.000,725.441,50.107
602000.000,1600100.000,723.434,45.992
602050.000,1600100.000,721.396,51.719
602100.000,1600100.000,719.284,55.179
602150.000,1600100.000,717.096,53.918
602200.000,1600100.000,714.843,57.430
602250.000,1600100.000,712.589,70.421
602300.000,1600100.000,710.385,82.138
602350.000,1600100.000,708.325,63.080
602400.000,1600100.000,706.511,66.870
602450.000,1600100.000,705.001,78.697
602500.000,1600100.000,703.887,89.171
602550.000,1600100.000,703.191,102.494
602600.000,1600100.000,702.945,107.839
602650.000,1600100.000,703.097,99.548
602700.000,1600100.000,703.602,106.939
602750.000,1600100.000,704.373,114.854
602800.000,1600100.000,705.294,114.333
602850.000,1600100.000,706.240,125.066
602900.000,1600100.000,707.099,106.875
602950.000,1600100.000,707.764,133.517
603000.000,1600100.000,708.140,129.942
603050.000,1600100.000,708.176,146.399
603100.000,1600100.000,707.835,130.814
603150.000,1600100.000,707.141,148.949
603200.000,1600100.000,706.144,134.431
603250.000,1600100.000,704.931,147.826
603300.000,1600100.000,703.607,143.894
603350.000,1600100.000,702.317,145.108
603400.000,1600100.000,701.197,146.581
603450.000,1600100.000,700.423,150.905
603500.000,1600100.000,700.131,154.010
603550.000,1600100.000,700.457,141.231
603600.000,1600100.000,701.505,146.794
603650.000,1600100.000,703.368,145.204
603700.000,1600100.000,706.080,139.055
603750.000,1600100.000,709.652,142.333
603800.000,1600100.000,714.047,138.935
603850.000,1600100.000,719.220,135.660
603900.000,1600100.000,725.088,129.623
603950.000,1600100.000,731.539,114.068
604000.000,1600100.000,738.450,115.865
604050.000,1600100.000,745.671,109.554
604100.000,1600100.000,753.073,119.560
604150.000,1600100.000,760.523,116.304
604200.000,1600100.000,767.885,101.978
604250.000,1600100.000,775.022,105.471
604300.000,1600100.000,781.820,99.333
604350.000,1600100.000,788.162,90.369
604400.000,1600100.000,793.957,96.766
604450.000,1600100.000,799.112,80.375
604500.000,1600100.000,803.550,82.683
604550.000,1600100.000,807.200,79.079
604600.000,1600100.000,810.026,69.009
604650.000,1600100.000,811.980,75.721
604700.000,1600100.000,813.042,60.617
604750.000,1600100.000,813.200,61.462
604800.000,1600100.000,812.470,57.111
604850.000,1600100.000,810.850,40.629
604900.000,1600100.000,808.383,53.857
604950.000,1600100.000,805.077,42.408
605000.000,1600100.000,800.949,49.187
600000.000,1600150.000,637.826,0.760
600050.000,1600150.000,634.511,7.277
600100.000,1600150.000,631.126,-5.205
600150.000,1600150.000,627.876,-5.473
600200.000,1600150.000,624.963,2.633
600250.000,1600150.000,622.608,-2.298
600300.000,1600150.000,620.994,7.449
600350.000,1600150.000,620.321,4.106
600400.000,1600150.000,620.721,-2.075
600450.000,1600150.000,622.315,9.451
600500.000,1600150.000,625.176,5.595
600550.000,1600150.000,629.331,8.879
600600.000,1600150.000,634.748,6.510
600650.000,1600150.000,641.348,15.808
600700.000,1600150.000,649.005,8.821
600750.000,1600150.000,657.535,5.056
600800.000,1600150.000,666.757,17.081
600850.000,1600150.000,676.418,7.140
600900.000,1600150.000,686.252,5.534
600950.000,1600150.000,695.998,13.683
601000.000,1600150.000,705.393,11.330
601050.000,1600150.000,714.169,6.720
601100.000,1600150.000,722.130,21.044
601150.000,1600150.000,729.076,18.537
601200.000,1600150.000,734.882,11.989
601250.000,1600150.000,739.466,17.575
601300.000,1600150.000,742.840,24.003
601350.000,1600150.000,745.024,13.344
601400.000,1600150.000,746.122,23.121
601450.000,1600150.000,746.288,12.272
601500.000,1600150.000,745.680,30.222
601550.000,1600150.000,744.478,26.920
601600.000,1600150.000,742.867,34.408
601650.000,1600150.000,741.002,22.979
601700.000,1600150.000,739.013,33.581
601750.000,1600150.000,736.995,33.931
601800.000,1600150.000,735.008,32.504
601850.000,1600150.000,733.053,46.356
601900.000,1600150.000,731.114,43.806
601950.000,1600150.000,729.159,37.891
602000.000,1600150.000,727.143,53.979
602050.000,1600150.000,725.041,47.532
602100.000,1600150.000,722.817,53.227
602150.000,1600150.000,720.482,58.507
602200.000,1600150.000,718.059,67.813
602250.000,1600150.000,715.626,69.281
602300.000,1600150.000,713.247,72.828
602350.000,1600150.000,711.033,84.493
602400.000,1600150.000,709.097,82.918
602450.000,1600150.000,707.506,81.128
602500.000,1600150.000,706.362,95.746
602550.000,1600150.000,705.686,87.705
602600.000,1600150.000,705.512,99.553
602650.000,1600150.000,705.783,106.018
602700.000,1600150.000,706.446,107.668
602750.000,1600150.000,707.403,109.487
602800.000,1600150.000,708.527,134.268
602850.000,1600150.000,709.676,127.847
602900.000,1600150.000,710.729,139.816
602950.000,1600150.000,711.562,129.624
603000.000,1600150.000,712.071,119.684
603050.000,1600150.000,712.194,142.883
603100.000,1600150.000,711.889,143.636
603150.000,1600150.000,711.175,156.806
603200.000,1600150.000,710.101,162.444
603250.000,1600150.000,708.755,157.357
603300.000,1600150.000,707.245,149.583
603350.000,1600150.000,705.723,165.885
603400.000,1600150.000,704.330,151.162
603450.000,1600150.000,703.251,162.804
603500.000,1600150.000,702.631,160.920
603550.000,1600150.000,702.612,152.176
603600.000,1600150.000,703.307,146.295
603650.000,1600150.000,704.817,149.448
603700.000,1600150.000,707.184,152.128
603750.000,1600150.000,710.425,166.329
603800.000,1600150.000,714.510,163.802
603850.000,1600150.000,719.404,149.043
603900.000,1600150.000,725.027,129.754
603950.000,1600150.000,731.275,127.210
604000.000,1600150.000,738.031,121.424
604050.000,1600150.000,745.151,120.095
604100.000,1600150.000,752.512,126.537
604150.000,1600150.000,759.985,108.151
604200.000,1600150.000,767.437,114.223
604250.000,1600150.000,774.734,98.486
604300.000,1600150.000,781.760,92.937
604350.000,1600150.000,788.395,86.552
604400.000,1600150.000,794.545,85.945
604450.000,1600150.000,800.108,96.084
604500.000,1600150.000,804.998,78.762
604550.000,1600150.000,809.135,69.382
604600.000,1600150.000,812.471,75.627
604650.000,1600150.000,814.947,57.014
604700.000,1600150.000,816.530,60.822
604750.000,1600150.000,817.198,62.246
604800.000,1600150.000,816.960,57.535
604850.000,1600150.000,815.806,45.139
604900.000,1600150.000,813.777,49.325
604950.000,1600150.000,810.881,45.277
605000.000,1600150.000,807.137,25.819
600000.000,1600200.000,641.279,3.750
600050.000,1600200.000,637.906,-1.236
600100.000,1600200.000,634.460,3.258
600150.000,1600200.000,631.126,11.995
600200.000,1600200.000,628.093,0.829
600250.000,1600200.000,625.563,-2.488
600300.000,1600200.000,623.712,0.874
600350.000,1600200.000,622.731,8.336
600400.000,1600200.000,622.753,-6.111
600450.000,1600200.000,623.900,6.087
600500.000,1600200.000,626.256,7.826
600550.000,1600200.000,629.858,10.604
600600.000,1600200.000,634.691,2.171
600650.000,1600200.000,640.697,6.389
600700.000,1600200.000,647.772,14.679
600750.000,1600200.000,655.753,10.027
600800.000,1600200.000,664.482,-1.310
600850.000,1600200.000,673.724,4.281
600900.000,1600200.000,683.230,11.969
600950.000,1600200.000,692.751,16.296
601000.000,1600200.000,702.033,14.865
601050.000,1600200.000,710.811,12.108
601100.000,1600200.000,718.886,16.564
601150.000,1600200.000,726.055,7.698
601200.000,1600200.000,732.180,23.692
601250.000,1600200.000,737.171,15.447
601300.000,1600200.000,741.020,18.851
601350.000,1600200.000,743.733,18.280
601400.000,1600200.000,745.397,24.189
601450.000,1600200.000,746.149,25.312
601500.000,1600200.000,746.128,26.197
601550.000,1600200.000,745.500,22.138
601600.000,1600200.000,744.436,20.336
601650.000,1600200.000,743.076,31.131
601700.000,1600200.000,741.540,34.818
601750.000,1600200.000,739.911,30.761
601800.000,1600200.000,738.241,37.806
601850.000,1600200.000,736.528,41.781
601900.000,1600200.000,734.751,39.766
601950.000,1600200.000,732.879,40.578
602000.000,1600200.000,730.872,59.261
602050.000,1600200.000,728.711,52.340
602100.000,1600200.000,726.369,53.606
602150.000,1600200.000,723.870,57.441
602200.000,1600200.000,721.253,67.382
602250.000,1600200.000,718.610,75.012
602300.000,1600200.000,716.021,69.643
602350.000,1600200.000,713.610,71.411
602400.000,1600200.000,711.506,83.249
602450.000,1600200.000,709.786,84.053
602500.000,1600200.000,708.557,98.451
602550.000,1600200.000,707.846,98.390
602600.000,1600200.000,707.687,101.801
602650.000,1600200.000,708.020,109.120
602700.000,1600200.000,708.786,123.477
602750.000,1600200.000,709.876,119.987
602800.000,1600200.000,711.155,131.892
602850.000,1600200.000,712.469,128.913
602900.000,1600200.000,713.684,148.189
602950.000,1600200.000,714.665,151.075
603000.000,1600200.000,715.296,143.688
603050.000,1600200.000,715.510,161.359
603100.000,1600200.000,715.254,170.297
603150.000,1600200.000,714.547,151.726
603200.000,1600200.000,713.431,159.347
603250.000,1600200.000,711.995,162.681
603300.000,1600200.000,710.350,173.977
603350.000,1600200.000,708.649,161.484
603400.000,1600200.000,707.039,161.852
603450.000,1600200.000,705.709,182.853
603500.000,1600200.000,704.809,179.285
603550.000,1600200.000,704.490,165.065
603600.000,1600200.000,704.867,173.401
603650.000,1600200.000,706.049,157.574
603700.000,1600200.000,708.087,153.785
603750.000,1600200.000,711.002,162.161
603800.000,1600200.000,714.772,164.370
603850.000,1600200.000,719.371,153.600
603900.000,1600200.000,724.724,142.590
603950.000,1600200.000,730.737,130.420
604000.000,1600200.000,737.302,122.388
604050.000,1600200.000,744.282,145.369
604100.000,1600200.000,751.559,128.908
604150.000,1600200.000,759.014,120.204
604200.000,1600200.000,766.517,115.515
604250.000,1600200.000,773.937,113.419
604300.000,1600200.000,781.159,105.562
604350.000,1600200.000,788.062,102.326
604400.000,1600200.000,794.549,91.682
604450.000,1600200.000,800.508,78.041
604500.000,1600200.000,805.848,77.310
604550.000,1600200.000,810.476,69.597
604600.000,1600200.000,814.335,76.374
604650.000,1600200.000,817.352,73.202
604700.000,1600200.000,819.484,73.309
604750.000,1600200.000,820.697,44.560
604800.000,1600200.000,820.993,56.531
604850.000,1600200.000,820.354,53.369
604900.000,1600200.000,818.820,47.020
604950.000,1600200.000,816.396,43.929
605000.000,1600200.000,813.105,51.223
600000.000,1600250.000,645.194,2.637
600050.000,1600250.000,641.805,5.178
600100.000,1600250.000,638.334,3.710
600150.000,1600250.000,634.949,3.494
600200.000,1600250.000,631.818,0.661
600250.000,1600250.000,629.127,1.915
600300.000,1600250.000,627.037,7.988
600350.000,1600250.000,625.733,3.353
600400.000,1600250.000,625.344,10.757
600450.000,1600250.000,625.991,2.629
600500.000,1600250.000,627.769,-0.347
600550.000,1600250.000,630.728,6.490
600600.000,1600250.000,634.867,13.865
600650.000,1600250.000,640.154,3.160
600700.000,1600250.000,646.507,7.195
600750.000,1600250.000,653.791,10.627
600800.000,1600250.000,661.871,7.113
600850.000,1600250.000,670.541,9.131
600900.000,1600250.000,679.570,15.752
600950.000,1600250.000,688.728,10.743
601000.000,1600250.000,697.774,16.948
601050.000,1600250.000,706.450,8.564
601100.000,1600250.000,714.563,8.447
601150.000,1600250.000,721.902,16.568
601200.000,1600250.000,728.325,21.933
601250.000,1600250.000,733.726,13.054
601300.000,1600250.000,738.083,28.536
601350.000,1600250.000,741.381,18.288
601400.000,1600250.000,743.687,21.703
601450.000,1600250.000,745.116,17.024
601500.000,1600250.000,745.785,24.343
601550.000,1600250.000,745.840,27.805
601600.000,1600250.000,745.431,31.780
601650.000,1600250.000,744.681,32.108
601700.000,1600250.000,743.693,34.039
601750.000,1600250.000,742.537,40.940
601800.000,1600250.000,741.253,37.349
601850.000,1600250.000,739.836,42.181
601900.000,1600250.000,738.260,50.395
601950.000,1600250.000,736.496,49.642
602000.000,1600250.000,734.509,45.942
602050.000,1600250.000,732.287,57.152
602100.000,1600250.000,729.817,57.677
602150.000,1600250.000,727.135,59.694
602200.000,1600250.000,724.297,78.190
602250.000,1600250.000,721.413,74.830
602300.000,1600250.000,718.578,74.856
602350.000,1600250.000,715.932,81.260
602400.000,1600250.000,713.619,95.656
602450.000,1600250.000,711.726,101.731
602500.000,1600250.000,710.369,101.323
602550.000,1600250.000,709.579,97.288
602600.000,1600250.000,709.390,104.538
602650.000,1600250.000,709.740,105.513
602700.000,1600250.000,710.567,120.232
602750.000,1600250.000,711.753,133.054
602800.000,1600250.000,713.154,132.401
602850.000,1600250.000,714.607,145.533
602900.000,1600250.000,715.966,144.893
602950.000,1600250.000,717.086,144.060
603000.000,1600250.000,717.843,170.261
603050.000,1600250.000,718.160,168.481
603100.000,1600250.000,717.979,187.004
603150.000,1600250.000,717.311,173.195
603200.000,1600250.000,716.198,166.736
603250.000,1600250.000,714.723,180.543
603300.000,1600250.000,712.998,181.247
603350.000,1600250.000,711.179,192.041
603400.000,1600250.000,709.412,168.148
603450.000,1600250.000,707.889,176.554
603500.000,1600250.000,706.764,181.176
603550.000,1600250.000,706.193,174.445
603600.000,1600250.000,706.293,181.290
603650.000,1600250.000,707.178,180.758
603700.000,1600250.000,708.905,167.654
603750.000,1600250.000,711.501,175.133
603800.000,1600250.000,714.952,156.907
603850.000,1600250.000,719.239,156.976
603900.000,1600250.000,724.296,155.533
603950.000,1600250.000,730.039,147.127
604000.000,1600250.000,736.366,146.440
604050.000,1600250.000,743.154,130.960
604100.000,1600250.000,750.291,131.313
604150.000,1600250.000,757.668,136.770
604200.000,1600250.000,765.161,121.193
604250.000,1600250.000,772.645,109.446
604300.000,1600250.000,780.007,88.753
604350.000,1600250.000,787.124,97.648
604400.000,1600250.000,793.899,97.057
604450.000,1600250.000,800.214,93.912
604500.000,1600250.000,805.969,84.207
604550.000,1600250.000,811.062,87.202
604600.000,1600250.000,815.427,66.717
604650.000,1600250.000,818.977,72.466
604700.000,1600250.000,821.662,63.053
604750.000,1600250.000,823.433,65.884
604800.000,1600250.000,824.285,54.804
604850.000,1600250.000,824.193,56.419
604900.000,1600250.000,823.196,54.279
604950.000,1600250.000,821.294,45.021
605000.000,1600250.000,818.514,53.363
600000.000,1600300.000,649.423,-0.832
600050.000,1600300.000,646.056,3.212
600100.000,1600300.000,642.601,-5.143
600150.000,1600300.000,639.201,2.218
600200.000,1600300.000,636.003,0.448
600250.000,1600300.000,633.175,5.826
600300.000,1600300.000,630.859,3.991
600350.000,1600300.000,629.232,12.151
600400.000,1600300.000,628.414,8.826
600450.000,1600300.000,628.529,-0.640
600500.000,1600300.000,629.677,-2.801
600550.000,1600300.000,631.920,1.916
600600.000,1600300.000,635.273,-3.632
600650.000,1600300.000,639.732,7.644
600700.000,1600300.000,645.238,12.321
600750.000,1600300.000,651.688,5.766
600800.000,1600300.000,658.975,17.468
600850.000,1600300.000,666.923,4.784
600900.000,1600300.000,675.330,15.195
600950.000,1600300.000,683.987,9.714
601000.000,1600300.000,692.672,10.199
601050.000,1600300.000,701.142,14.104
601100.000,1600300.000,709.207,13.323
601150.000,1600300.000,716.657,10.803
601200.000,1600300.000,723.344,16.114
601250.000,1600300.000,729.151,29.374
601300.000,1600300.000,734.036,11.245
601350.000,1600300.000,737.963,11.574
601400.000,1600300.000,740.976,23.794
601450.000,1600300.000,743.162,29.664
601500.000,1600300.000,744.613,32.628
601550.000,1600300.000,745.447,26.509
601600.000,1600300.000,745.791,26.231
601650.000,1600300.000,745.742,30.119
601700.000,1600300.000,745.387,35.554
601750.000,1600300.000,744.777,43.023
601800.000,1600300.000,743.940,34.698
601850.000,1600300.000,742.864,47.031
601900.000,1600300.000,741.518,47.275
601950.000,1600300.000,739.879,57.586
602000.000,1600300.000,737.917,50.312
602050.000,1600300.000,735.628,58.153
602100.000,1600300.000,733.013,64.433
602150.000,1600300.000,730.126,63.841
602200.000,1600300.000,727.042,76.607
602250.000,1600300.000,723.887,69.238
602300.000,1600300.000,720.775,89.813
602350.000,1600300.000,717.863,92.252
602400.000,1600300.000,715.308,87.375
602450.000,1600300.000,713.209,100.568
602500.000,1600300.000,711.692,115.033
602550.000,1600300.000,710.789,124.661
602600.000,1600300.000,710.538,114.836
602650.000,1600300.000,710.877,119.786
602700.000,1600300.000,711.737,127.208
602750.000,1600300.000,712.994,125.305
602800.000,1600300.000,714.500,138.856
602850.000,1600300.000,716.079,172.475
602900.000,1600300.000,717.578,164.824
602950.000,1600300.000,718.842,163.980
603000.000,1600300.000,719.738,176.460
603050.000,1600300.000,720.183,170.279
603100.000,1600300.000,720.109,169.448
603150.000,1600300.000,719.524,172.811
603200.000,1600300.000,718.464,171.748
603250.000,1600300.000,717.009,188.960
603300.000,1600300.000,715.267,174.992
603350.000,1600300.000,713.396,175.264
603400.000,1600300.000,711.537,181.873
603450.000,1600300.000,709.886,207.681
603500.000,1600300.000,708.596,173.486
603550.000,1600300.000,707.826,202.278
603600.000,1600300.000,707.692,180.831
603650.000,1600300.000,708.314,176.908
603700.000,1600300.000,709.754,185.606
603750.000,1600300.000,712.041,175.329
603800.000,1600300.000,715.171,164.876
603850.000,1600300.000,719.131,164.658
603900.000,1600300.000,723.864,161.113
603950.000,1600300.000,729.296,148.736
604000.000,1600300.000,735.336,143.850
604050.000,1600300.000,741.872,128.647
604100.000,1600300.000,748.803,127.858
604150.000,1600300.000,756.028,131.169
604200.000,1600300.000,763.436,126.442
604250.000,1600300.000,770.906,118.970
604300.000,1600300.000,778.329,117.514
604350.000,1600300.000,785.586,112.154
604400.000,1600300.000,792.577,92.356
604450.000,1600300.000,799.182,98.460
604500.000,1600300.000,805.292,79.915
604550.000,1600300.000,810.801,76.203
604600.000,1600300.000,815.631,65.555
604650.000,1600300.000,819.684,72.989
604700.000,1600300.000,822.901,57.201
604750.000,1600300.000,825.221,60.564
604800.000,1600300.000,826.633,58.411
604850.000,1600300.000,827.105,57.232
604900.000,1600300.000,826.670,48.454
604950.000,1600300.000,825.328,45.977
605000.000,1600300.000,823.108,36.299
600000.000,1600350.000,653.763,16.807
600050.000,1600350.000,650.458,1.902
600100.000,1600350.000,647.058,8.677
600150.000,1600350.000,643.682,1.899
600200.000,1600350.000,640.456,-7.928
600250.000,1600350.000,637.522,-0.440
600300.000,1600350.000,635.006,4.351
600350.000,1600350.000,633.070,-2.464
600400.000,1600350.000,631.827,5.981
600450.000,1600350.000,631.395,2.826
600500.000,1600350.000,631.882,-1.197
600550.000,1600350.000,633.359,-3.153
600600.000,1600350.000,635.860,8.597
600650.000,1600350.000,639.405,5.947
600700.000,1600350.000,643.961,5.562
600750.000,1600350.000,649.459,0.373
600800.000,1600350.000,655.827,4.953
600850.000,1600350.000,662.923,14.288
600900.000,1600350.000,670.574,19.006
600950.000,1600350.000,678.603,17.706
601000.000,1600350.000,686.810,16.510
601050.000,1600350.000,694.970,6.632
601100.000,1600350.000,702.905,12.303
601150.000,1600350.000,710.406,19.021
601200.000,1600350.000,717.320,13.207
601250.000,1600350.000,723.520,21.491
601300.000,1600350.000,728.945,17.039
601350.000,1600350.000,733.535,34.541
601400.000,1600350.000,737.308,27.481
601450.000,1600350.000,740.319,19.685
601500.000,1600350.000,742.629,24.332
601550.000,1600350.000,744.326,28.477
601600.000,1600350.000,745.506,25.761
601650.000,1600350.000,746.239,28.758
601700.000,1600350.000,746.589,42.097
601750.000,1600350.000,746.585,33.300
601800.000,1600350.000,746.243,36.433
601850.000,1600350.000,745.542,44.687
601900.000,1600350.000,744.449,47.264
601950.000,1600350.000,742.943,42.979
602000.000,1600350.000,741.002,52.131
602050.000,1600350.000,738.634,59.481
602100.000,1600350.000,735.856,64.676
602150.000,1600350.000,732.742,66.639
602200.000,1600350.000,729.386,78.377
602250.000,1600350.000,725.933,77.374
602300.000,1600350.000,722.518,84.875
602350.000,1600350.000,719.313,90.679
602400.000,1600350.000,716.491,98.664
602450.000,1600350.000,714.164,108.498
602500.000,1600350.000,712.464,108.766
602550.000,1600350.000,711.429,115.488
602600.000,1600350.000,711.098,119.053
602650.000,1600350.000,711.409,133.791
602700.000,1600350.000,712.289,138.390
602750.000,1600350.000,713.609,147.821
602800.000,1600350.000,715.213,155.888
602850.000,1600350.000,716.919,166.755
602900.000,1600350.000,718.565,173.006
602950.000,1600350.000,719.987,171.403
603000.000,1600350.000,721.046,186.978
603050.000,1600350.000,721.650,192.210
603100.000,1600350.000,721.725,205.899
603150.000,1600350.000,721.273,191.262
603200.000,1600350.000,720.322,202.837
603250.000,1600350.000,718.949,213.986
603300.000,1600350.000,717.258,197.998
603350.000,1600350.000,715.402,199.186
603400.000,1600350.000,713.523,216.458
603450.000,1600350.000,711.810,198.012
603500.000,1600350.000,710.418,196.885
603550.000,1600350.000,709.505,199.430
603600.000,1600350.000,709.186,201.404
603650.000,1600350.000,709.583,204.508
603700.000,1600350.000,710.760,180.468
603750.000,1600350.000,712.750,174.894
603800.000,1600350.000,715.556,175.402
603850.000,1600350.000,719.174,180.533
603900.000,1600350.000,723.551,183.732
603950.000,1600350.000,728.628,156.921
604000.000,1600350.000,734.324,161.779
604050.000,1600350.000,740.540,165.261
604100.000,1600350.000,747.186,145.764
604150.000,1600350.000,754.174,133.104
604200.000,1600350.000,761.403,127.481
604250.000,1600350.000,768.762,118.406
604300.000,1600350.000,776.149,115.260
604350.000,1600350.000,783.446,95.173
604400.000,1600350.000,790.559,96.912
604450.000,1600350.000,797.362,85.008
604500.000,1600350.000,803.745,79.184
604550.000,1600350.000,809.593,72.832
604600.000,1600350.000,814.822,78.210
604650.000,1600350.000,819.322,68.745
604700.000,1600350.000,823.029,62.219
604750.000,1600350.000,825.870,57.777
604800.000,1600350.000,827.825,58.884
604850.000,1600350.000,828.857,56.740
604900.000,1600350.000,828.995,43.460
604950.000,1600350.000,828.236,47.484
605000.000,1600350.000,826.608,54.825
600000.000,1600400.000,658.048,5.543
600050.000,1600400.000,654.837,-1.245
600100.000,1600400.000,651.529,0.172
600150.000,1600400.000,648.217,5.447
600200.000,1600400.000,645.003,0.981
600250.000,1600400.000,642.004,6.459
600300.000,1600400.000,639.324,11.429
600350.000,1600400.000,637.107,6.124
600400.000,1600400.000,635.457,2.043
600450.000,1600400.000,634.486,2.047
600500.000,1600400.000,634.304,6.830
600550.000,1600400.000,634.991,6.436
600600.000,1600400.000,636.595,5.684
600650.000,1600400.000,639.165,1.586
600700.000,1600400.000,642.694,9.854
600750.000,1600400.000,647.150,0.955
600800.000,1600400.000,652.494,8.778
600850.000,1600400.000,658.624,11.777
600900.000,1600400.000,665.405,5.615
600950.000,1600400.000,672.691,8.662
601000.000,1600400.000,680.311,9.269
601050.000,1600400.000,688.064,1.320
601100.000,1600400.000,695.784,12.820
601150.000,1600400.000,703.270,10.122
601200.000,1600400.000,710.366,15.585
601250.000,1600400.000,716.935,14.613
601300.000,1600400.000,722.897,11.667
601350.000,1600400.000,728.166,21.287
601400.000,1600400.000,732.732,25.118
601450.000,1600400.000,736.614,22.783
601500.000,1600400.000,739.840,22.561
601550.000,1600400.000,742.461,27.136
601600.000,1600400.000,744.540,33.897
601650.000,1600400.000,746.115,32.148
601700.000,1600400.000,747.222,31.443
601750.000,1600400.000,747.869,37.596
601800.000,1600400.000,748.055,48.608
601850.000,1600400.000,747.752,50.622
601900.000,1600400.000,746.922,38.175
601950.000,1600400.000,745.551,46.285
602000.000,1600400.000,743.625,59.751
602050.000,1600400.000,741.165,62.524
602100.000,1600400.000,738.206,64.249
602150.000,1600400.000,734.843,59.727
602200.000,1600400.000,731.195,68.102
602250.000,1600400.000,727.424,71.399
602300.000,1600400.000,723.688,98.622
602350.000,1600400.000,720.175,105.223
602400.000,1600400.000,717.074,96.389
602450.000,1600400.000,714.508,87.678
602500.000,1600400.000,712.618,119.544
602550.000,1600400.000,711.445,111.929
602600.000,1600400.000,711.029,136.210
602650.000,1600400.000,711.310,138.174
602700.000,1600400.000,712.211,149.464
602750.000,1600400.000,713.596,151.709
602800.000,1600400.000,715.305,160.717
602850.000,1600400.000,717.150,154.108
602900.000,1600400.000,718.960,196.734
602950.000,1600400.000,720.564,190.886
603000.000,1600400.000,721.816,187.685
603050.000,1600400.000,722.619,209.050
603100.000,1600400.000,722.889,221.603
603150.000,1600400.000,722.623,218.132
603200.000,1600400.000,721.842,202.749
603250.000,1600400.000,720.617,222.877
603300.000,1600400.000,719.046,203.993
603350.000,1600400.000,717.279,213.051
603400.000,1600400.000,715.450,218.514
603450.000,1600400.000,713.747,224.423
603500.000,1600400.000,712.319,222.555
603550.000,1600400.000,711.323,239.289
603600.000,1600400.000,710.870,212.485
603650.000,1600400.000,711.081,205.294
603700.000,1600400.000,712.024,200.235
603750.000,1600400.000,713.733,192.233
603800.000,1600400.000,716.215,189.810
603850.000,1600400.000,719.476,200.248
603900.000,1600400.000,723.468,192.442
603950.000,1600400.000,728.145,166.243
604000.000,1600400.000,733.437,177.038
604050.000,1600400.000,739.260,159.809
604100.000,1600400.000,745.536,162.733
604150.000,1600400.000,752.192,145.580
604200.000,1600400.000,759.141,138.730
604250.000,1600400.000,766.280,123.635
604300.000,1600400.000,773.517,121.671
604350.000,1600400.000,780.743,108.296
604400.000,1600400.000,787.865,113.524
604450.000,1600400.000,794.758,95.120
604500.000,1600400.000,801.310,98.756
604550.000,1600400.000,807.401,87.567
604600.000,1600400.000,812.943,75.011
604650.000,1600400.000,817.816,76.526
604700.000,1600400.000,821.951,65.986
604750.000,1600400.000,825.263,66.525
604800.000,1600400.000,827.726,63.852
604850.000,1600400.000,829.297,59.614
604900.000,1600400.000,830.000,49.121
604950.000,1600400.000,829.828,54.581
605000.000,1600400.000,828.810,39.105
600000.000,1600450.000,662.108,3.688
600050.000,1600450.000,659.016,8.439
600100.000,1600450.000,655.832,6.498
600150.000,1600450.000,652.624,-2.300
600200.000,1600450.000,649.465,-2.416
600250.000,1600450.000,646.446,6.619
600300.000,1600450.000,643.646,2.877
600350.000,1600450.000,641.192,9.646
600400.000,1600450.000,639.172,1.083
600450.000,1600450.000,637.687,0.967
600500.000,1600450.000,636.852,3.156
600550.000,1600450.000,636.749,5.631
600600.000,1600450.000,637.442,1.296
600650.000,1600450.000,639.006,9.598
600700.000,1600450.000,641.460,8.476
600750.000,1600450.000,644.809,-4.888
600800.000,1600450.000,649.052,4.007
600850.000,1600450.000,654.129,8.245
600900.000,1600450.000,659.945,6.364
600950.000,1600450.000,666.390,3.818
601000.000,1600450.000,673.328,16.621
601050.000,1600450.000,680.583,8.697
601100.000,1600450.000,688.009,10.227
601150.000,1600450.000,695.413,11.740
601200.000,1600450.000,702.640,14.097
601250.000,1600450.000,709.544,10.758
601300.000,1600450.000,716.025,20.423
601350.000,1600450.000,721.973,26.755
601400.000,1600450.000,727.346,22.705
601450.000,1600450.000,732.126,23.851
601500.000,1600450.000,736.302,17.377
601550.000,1600450.000,739.886,24.832
601600.000,1600450.000,742.905,34.653
601650.000,1600450.000,745.360,35.107
601700.000,1600450.000,747.260,28.641
601750.000,1600450.000,748.587,31.150
601800.000,1600450.000,749.322,36.848
601850.000,1600450.000,749.429,38.071
601900.000,1600450.000,748.866,45.592
601950.000,1600450.000,747.627,47.655
602000.000,1600450.000,745.707,49.611
602050.000,1600450.000,743.142,48.171
602100.000,1600450.000,739.987,66.221
602150.000,1600450.000,736.362,69.860
602200.000,1600450.000,732.407,72.739
602250.000,1600450.000,728.308,76.531
602300.000,1600450.000,724.243,75.975
602350.000,1600450.000,720.417,98.325
602400.000,1600450.000,717.036,101.663
602450.000,1600450.000,714.234,107.858
602500.000,1600450.000,712.157,116.890
602550.000,1600450.000,710.853,131.540
602600.000,1600450.000,710.361,140.767
602650.000,1600450.000,710.621,146.051
602700.000,1600450.000,711.554,164.651
602750.000,1600450.000,713.017,173.415
602800.000,1600450.000,714.846,175.767
602850.000,1600450.000,716.848,185.430
602900.000,1600450.000,718.844,196.432
602950.000,1600450.000,720.659,208.636
603000.000,1600450.000,722.138,212.857
603050.000,1600450.000,723.178,225.807
603100.000,1600450.000,723.689,218.034
603150.000,1600450.000,723.661,205.571
603200.000,1600450.000,723.109,220.854
603250.000,1600450.000,722.096,236.943
603300.000,1600450.000,720.713,229.719
603350.000,1600450.000,719.103,244.056
603400.000,1600450.000,717.395,251.823
603450.000,1600450.000,715.770,242.491
603500.000,1600450.000,714.369,238.338
603550.000,1600450.000,713.349,246.933
603600.000,1600450.000,712.812,239.596
603650.000,1600450.000,712.878,226.507
603700.000,1600450.000,713.615,231.510
603750.000,1600450.000,715.057,207.599
603800.000,1600450.000,717.218,216.549
603850.000,1600450.000,720.106,215.677
603900.000,1600450.000,723.684,186.127
603950.000,1600450.000,727.916,180.190
604000.000,1600450.000,732.744,182.864
604050.000,1600450.000,738.099,175.903
604100.000,1600450.000,743.919,156.546
604150.000,1600450.000,750.143,143.035
604200.000,1600450.000,756.703,134.022
604250.000,1600450.000,763.508,127.938
604300.000,1600450.000,770.475,135.995
604350.000,1600450.000,777.505,115.161
604400.000,1600450.000,784.513,113.609
604450.000,1600450.000,791.375,91.453
604500.000,1600450.000,797.979,92.126
604550.000,1600450.000,804.205,91.289
604600.000,1600450.000,809.958,84.327
604650.000,1600450.000,815.114,68.775
604700.000,1600450.000,819.598,73.990
604750.000,1600450.000,823.316,64.863
604800.000,1600450.000,826.235,68.148
604850.000,1600450.000,828.307,52.291
604900.000,1600450.000,829.550,56.534
604950.000,1600450.000,829.954,40.975
605000.000,1600450.000,829.546,58.873
600000.000,1600500.000,665.824,-1.540
600050.000,1600500.000,662.872,0.006
600100.000,1600500.000,659.841,9.370
600150.000,1600500.000,656.771,4.432
600200.000,1600500.000,653.709,2.409
600250.000,1600500.000,650.718,3.902
600300.000,1600500.000,647.850,-5.266
600350.000,1600500.000,645.210,6.733
600400.000,1600500.000,642.868,-3.951
600450.000,1600500.000,640.916,0.995
600500.000,1600500.000,639.462,13.808
600550.000,1600500.000,638.594,-0.101
600600.000,1600500.000,638.388,5.360
600650.000,1600500.000,638.941,4.828
600700.000,1600500.000,640.301,11.721
600750.000,1600500.000,642.508,-0.090
600800.000,1600500.000,645.600,7.156
600850.000,1600500.000,649.563,15.687
600900.000,1600500.000,654.342,12.303
600950.000,1600500.000,659.870,7.945
601000.000,1600500.000,666.045,8.724
601050.000,1600500.000,672.724,15.472
601100.000,1600500.000,679.781,20.128
601150.000,1600500.000,687.036,4.674
601200.000,1600500.000,694.336,18.088
601250.000,1600500.000,701.530,15.123
601300.000,1600500.000,708.497,6.369
601350.000,1600500.000,715.102,24.392
601400.000,1600500.000,721.273,26.669
601450.000,1600500.000,726.950,32.719
601500.000,1600500.000,732.084,25.510
601550.000,1600500.000,736.644,21.727
601600.000,1600500.000,740.619,22.855
601650.000,1600500.000,743.972,43.741
601700.000,1600500.000,746.679,46.444
601750.000,1600500.000,748.696,48.877
601800.000,1600500.000,749.986,32.049
601850.000,1600500.000,750.505,40.475
601900.000,1600500.000,750.208,42.104
601950.000,1600500.000,749.095,49.312
602000.000,1600500.000,747.173,62.138
602050.000,1600500.000,744.494,48.875
602100.000,1600500.000,741.136,60.634
602150.000,1600500.000,737.242,72.552
602200.000,1600500.000,732.978,74.653
602250.000,1600500.000,728.551,76.813
602300.000,1600500.000,724.161,90.332
602350.000,1600500.000,720.031,97.289
602400.000,1600500.000,716.380,93.035
602450.000,1600500.000,713.354,120.530
602500.000,1600500.000,711.107,119.474
602550.000,1600500.000,709.687,138.095
602600.000,1600500.000,709.136,142.005
602650.000,1600500.000,709.392,149.895
602700.000,1600500.000,710.373,161.260
602750.000,1600500.000,711.932,173.150
602800.000,1600500.000,713.899,190.595
602850.000,1600500.000,716.078,187.595
602900.000,1600500.000,718.284,207.926
602950.000,1600500.000,720.335,215.183
603000.000,1600500.000,722.072,214.000
603050.000,1600500.000,723.386,242.088
603100.000,1600500.000,724.181,242.726
603150.000,1600500.000,724.440,239.825
603200.000,1600500.000,724.171,245.794
603250.000,1600500.000,723.428,263.052
603300.000,1600500.000,722.295,274.177
603350.000,1600500.000,720.908,257.176
603400.000,1600500.000,719.388,258.661
603450.000,1600500.000,717.905,274.022
603500.000,1600500.000,716.594,252.129
603550.000,1600500.000,715.606,249.915
603600.000,1600500.000,715.035,237.194
603650.000,1600500.000,714.999,241.904
603700.000,1600500.000,715.560,256.865
603750.000,1600500.000,716.754,239.361
603800.000,1600500.000,718.596,219.351
603850.000,1600500.000,721.102,212.154
603900.000,1600500.000,724.240,221.434
603950.000,1600500.000,727.986,195.085
604000.000,1600500.000,732.293,185.465
604050.000,1600500.000,737.110,170.110
604100.000,1600500.000,742.390,159.584
604150.000,1600500.000,748.088,155.403
604200.000,1600500.000,754.152,123.864
604250.000,1600500.000,760.508,147.878
604300.000,1600500.000,767.084,134.087
604350.000,1600500.000,773.794,119.889
604400.000,1600500.000,780.562,107.000
604450.000,1600500.000,787.268,104.423
604500.000,1600500.000,793.802,98.402
604550.000,1600500.000,800.045,94.881
604600.000,1600500.000,805.901,67.504
604650.000,1600500.000,811.239,71.034
604700.000,1600500.000,815.982,69.933
604750.000,1600500.000,820.027,57.807
604800.000,1600500.000,823.336,52.272
604850.000,1600500.000,825.856,52.152
604900.000,1600500.000,827.598,49.116
604950.000,1600500.000,828.550,43.522
605000.000,1600500.000,828.734,37.031
600000.000,1600550.000,669.110,-3.837
600050.000,1600550.000,666.308,-10.043
600100.000,1600550.000,663.450,-5.468
600150.000,1600550.000,660.548,-4.631
600200.000,1600550.000,657.624,3.654
600250.000,1600550.000,654.708,4.402
600300.000,1600550.000,651.826,9.243
600350.000,1600550.000,649.059,3.209
600400.000,1600550.000,646.456,0.786
600450.000,1600550.000,644.094,-2.141
600500.000,1600550.000,642.076,5.635
600550.000,1600550.000,640.491,-0.738
600600.000,1600550.000,639.421,4.637
600650.000,1600550.000,638.988,8.753
600700.000,1600550.000,639.264,-1.022
600750.000,1600550.000,640.326,-3.002
600800.000,1600550.000,642.247,2.115
600850.000,1600550.000,645.061,7.003
600900.000,1600550.000,648.758,2.872
600950.000,1600550.000,653.310,7.960
601000.000,1600550.000,658.658,12.923
601050.000,1600550.000,664.691,0.083
601100.000,1600550.000,671.306,12.702
601150.000,1600550.000,678.342,10.316
601200.000,1600550.000,685.649,22.363
601250.000,1600550.000,693.069,10.829
601300.000,1600550.000,700.469,23.833
601350.000,1600550.000,707.685,19.244
601400.000,1600550.000,714.615,16.996
601450.000,1600550.000,721.159,18.903
601500.000,1600550.000,727.228,18.583
601550.000,1600550.000,732.748,21.143
601600.000,1600550.000,737.665,23.266
601650.000,1600550.000,741.904,24.513
601700.000,1600550.000,745.410,33.900
601750.000,1600550.000,748.111,29.586
601800.000,1600550.000,749.950,35.377
601850.000,1600550.000,750.875,40.668
601900.000,1600550.000,750.838,42.909
601950.000,1600550.000,749.845,54.681
602000.000,1600550.000,747.919,58.772
602050.000,1600550.000,745.125,64.417
602100.000,1600550.000,741.566,75.828
602150.000,1600550.000,737.410,65.632
602200.000,1600550.000,732.845,82.266
602250.000,1600550.000,728.104,94.486
602300.000,1600550.000,723.407,93.594
602350.000,1600550.000,718.993,92.173
602400.000,1600550.000,715.094,114.557
602450.000,1600550.000,711.870,108.846
602500.000,1600550.000,709.476,128.813
602550.000,1600550.000,707.965,133.835
602600.000,1600550.000,707.379,148.458
602650.000,1600550.000,707.653,156.116
602700.000,1600550.000,708.703,163.426
602750.000,1600550.000,710.376,179.891
602800.000,1600550.000,712.501,195.531
602850.000,1600550.000,714.877,226.256
602900.000,1600550.000,717.313,227.793
602950.000,1600550.000,719.623,234.027
603000.000,1600550.000,721.644,229.129
603050.000,1600550.000,723.264,242.725
603100.000,1600550.000,724.379,265.320
603150.000,1600550.000,724.967,272.907
603200.000,1600550.000,725.026,274.320
603250.000,1600550.000,724.606,269.233
603300.000,1600550.000,723.780,285.311
603350.000,1600550.000,722.676,274.945
603400.000,1600550.000,721.404,304.021
603450.000,1600550.000,720.125,290.169
603500.000,1600550.000,718.964,268.856
603550.000,1600550.000,718.063,275.517
603600.000,1600550.000,717.508,266.168
603650.000,1600550.000,717.410,241.697
603700.000,1600550.000,717.828,254.767
603750.000,1600550.000,718.794,238.677
603800.000,1600550.000,720.327,222.384
603850.000,1600550.000,722.447,237.767
603900.000,1600550.000,725.125,222.356
603950.000,1600550.000,728.351,214.010
604000.000,1600550.000,732.090,183.134
604050.000,1600550.000,736.307,183.090
604100.000,1600550.000,740.971,172.066
604150.000,1600550.000,746.054,159.008
604200.000,1600550.000,751.523,140.088
604250.000,1600550.000,757.321,137.629
604300.000,1600550.000,763.391,135.520
604350.000,1600550.000,769.660,126.800
604400.000,1600550.000,776.063,119.206
604450.000,1600550.000,782.488,114.171
604500.000,1600550.000,788.829,101.023
604550.000,1600550.000,794.969,87.911
604600.000,1600550.000,800.813,74.369
604650.000,1600550.000,806.227,82.443
604700.000,1600550.000,811.131,69.739
604750.000,1600550.000,815.415,61.248
604800.000,1600550.000,819.038,71.182
604850.000,1600550.000,821.941,71.921
604900.000,1600550.000,824.129,55.050
604950.000,1600550.000,825.586,48.768
605000.000,1600550.000,826.330,38.299
600000.000,1600600.000,671.918,-4.917
600050.000,1600600.000,669.271,-4.971
600100.000,1600600.000,666.600,2.573
600150.000,1600600.000,663.891,3.957
600200.000,1600600.000,661.138,-8.846
600250.000,1600600.000,658.344,5.771
600300.000,1600600.000,655.503,-0.612
600350.000,1600600.000,652.670,-5.904
600400.000,1600600.000,649.875,-3.079
600450.000,1600600.000,647.174,6.565
600500.000,1600600.000,644.662,2.243
600550.000,1600600.000,642.424,5.399
600600.000,1600600.000,640.551,1.343
600650.000,1600600.000,639.181,1.870
600700.000,1600600.000,638.410,8.094
600750.000,1600600.000,638.348,8.541
600800.000,1600600.000,639.108,2.789
600850.000,1600600.000,640.766,7.918
600900.000,1600600.000,643.357,9.310
600950.000,1600600.000,646.899,6.956
601000.000,1600600.000,651.371,-3.168
601050.000,1600600.000,656.700,14.557
601100.000,1600600.000,662.808,17.071
601150.000,1600600.000,669.553,12.807
601200.000,1600600.000,676.793,22.167
601250.000,1600600.000,684.367,19.586
601300.000,1600600.000,692.126,17.228
601350.000,1600600.000,699.885,32.682
601400.000,1600600.000,707.510,20.169
601450.000,1600600.000,714.863,28.998
601500.000,1600600.000,721.814,30.993
601550.000,1600600.000,728.248,33.376
601600.000,1600600.000,734.068,27.800
601650.000,1600600.000,739.161,37.181
601700.000,1600600.000,743.438,34.603
601750.000,1600600.000,746.800,38.908
601800.000,1600600.000,749.170,38.433
601850.000,1600600.000,750.489,45.052
601900.000,1600600.000,750.706,48.297
601950.000,1600600.000,749.833,47.851
602000.000,1600600.000,747.907,49.480
602050.000,1600600.000,745.010,63.324
602100.000,1600600.000,741.266,73.283
602150.000,1600600.000,736.869,72.438
602200.000,1600600.000,732.030,72.638
602250.000,1600600.000,727.005,87.145
602300.000,1600600.000,722.033,92.069
602350.000,1600600.000,717.369,100.791
602400.000,1600600.000,713.259,122.670
602450.000,1600600.000,709.870,134.043
602500.000,1600600.000,707.362,134.418
602550.000,1600600.000,705.790,154.753
602600.000,1600600.000,705.193,154.037
602650.000,1600600.000,705.509,178.847
602700.000,1600600.000,706.647,188.202
602750.000,1600600.000,708.451,209.709
602800.000,1600600.000,710.748,208.708
602850.000,1600600.000,713.333,243.061
602900.000,1600600.000,716.012,233.019
602950.000,1600600.000,718.596,234.125
603000.000,1600600.000,720.920,262.757
603050.000,1600600.000,722.867,278.619
603100.000,1600600.000,724.328,284.282
603150.000,1600600.000,725.275,289.259
603200.000,1600600.000,725.701,292.254
603250.000,1600600.000,725.646,279.579
603300.000,1600600.000,725.173,313.600
603350.000,1600600.000,724.402,293.185
603400.000,1600600.000,723.433,309.443
603450.000,1600600.000,722.412,297.170
603500.000,1600600.000,721.454,296.402
603550.000,1600600.000,720.693,291.101
603600.000,1600600.000,720.200,284.000
603650.000,1600600.000,720.081,283.379
603700.000,1600600.000,720.388,274.583
603750.000,1600600.000,721.149,282.328
603800.000,1600600.000,722.385,241.505
603850.000,1600600.000,724.118,237.529
603900.000,1600600.000,726.324,233.516
603950.000,1600600.000,729.004,221.479
604000.000,1600600.000,732.135,210.231
604050.000,1600600.000,735.698,192.592
604100.000,1600600.000,739.679,178.896
604150.000,1600600.000,744.069,169.631
604200.000,1600600.000,748.855,163.526
604250.000,1600600.000,753.996,150.009
604300.000,1600600.000,759.455,135.714
604350.000,1600600.000,765.170,135.710
604400.000,1600600.000,771.092,130.967
604450.000,1600600.000,777.117,109.492
604500.000,1600600.000,783.147,104.790
604550.000,1600600.000,789.068,84.609
604600.000,1600600.000,794.786,88.367
604650.000,1600600.000,800.167,83.166
604700.000,1600600.000,805.131,69.871
604750.000,1600600.000,809.562,70.244
604800.000,1600600.000,813.413,56.296
604850.000,1600600.000,816.623,55.171
604900.000,1600600.000,819.191,54.391
604950.000,1600600.000,821.096,37.254
605000.000,1600600.000,822.353,42.283
600000.000,1600650.000,674.284,-6.292
600050.000,1600650.000,671.788,-7.735
600100.000,1600650.000,669.309,-0.297
600150.000,1600650.000,666.809,0.828
600200.000,1600650.000,664.254,-2.327
600250.000,1600650.000,661.620,-0.092
600300.000,1600650.000,658.869,-4.667
600350.000,1600650.000,656.031,5.038
600400.000,1600650.000,653.110,5.283
600450.000,1600650.000,650.144,-4.001
600500.000,1600650.000,647.215,-0.102
600550.000,1600650.000,644.402,-5.311
600600.000,1600650.000,641.799,5.770
600650.000,1600650.000,639.559,6.406
600700.000,1600650.000,637.799,3.719
600750.000,1600650.000,636.660,0.509
600800.000,1600650.000,636.289,6.803
600850.000,1600650.000,636.807,2.792
600900.000,1600650.000,638.293,7.807
600950.000,1600650.000,640.807,6.040
601000.000,1600650.000,644.371,2.633
601050.000,1600650.000,648.948,0.005
601100.000,1600650.000,654.489,10.303
601150.000,1600650.000,660.871,11.899
601200.000,1600650.000,667.963,3.310
601250.000,1600650.000,675.604,18.710
601300.000,1600650.000,683.633,17.376
601350.000,1600650.000,691.844,16.585
601400.000,1600650.000,700.075,22.208
601450.000,1600650.000,708.151,22.206
601500.000,1600650.000,715.905,21.425
601550.000,1600650.000,723.179,31.500
601600.000,1600650.000,729.838,23.359
601650.000,1600650.000,735.728,32.567
601700.000,1600650.000,740.730,36.301
601750.000,1600650.000,744.718,31.150
601800.000,1600650.000,747.596,44.005
601850.000,1600650.000,749.294,45.210
601900.000,1600650.000,749.762,45.958
601950.000,1600650.000,749.017,58.436
602000.000,1600650.000,747.107,48.385
602050.000,1600650.000,744.131,50.203
602100.000,1600650.000,740.233,71.425
602150.000,1600650.000,735.633,70.333
602200.000,1600650.000,730.563,76.404
602250.000,1600650.000,725.298,97.878
602300.000,1600650.000,720.098,103.173
602350.000,1600650.000,715.230,105.415
602400.000,1600650.000,710.951,106.878
602450.000,1600650.000,707.437,129.595
602500.000,1600650.000,704.850,135.246
602550.000,1600650.000,703.247,146.688
602600.000,1600650.000,702.665,162.918
602650.000,1600650.000,703.040,176.396
602700.000,1600650.000,704.279,187.060
602750.000,1600650.000,706.222,195.805
602800.000,1600650.000,708.694,215.648
602850.000,1600650.000,711.491,251.499
602900.000,1600650.000,714.414,255.980
602950.000,1600650.000,717.273,256.311
603000.000,1600650.000,719.903,285.870
603050.000,1600650.000,722.183,280.682
603100.000,1600650.000,724.002,309.651
603150.000,1600650.000,725.326,314.355
603200.000,1600650.000,726.141,330.851
603250.000,1600650.000,726.481,331.414
603300.000,1600650.000,726.397,329.244
603350.000,1600650.000,725.999,335.270
603400.000,1600650.000,725.375,352.455
603450.000,1600650.000,724.659,328.800
603500.000,1600650.000,723.951,315.089
603550.000,1600650.000,723.375,329.323
603600.000,1600650.000,722.989,300.065
603650.000,1600650.000,722.888,314.306
603700.000,1600650.000,723.119,284.065
603750.000,1600650.000,723.702,288.785
603800.000,1600650.000,724.660,265.220
603850.000,1600650.000,726.013,244.671
603900.000,1600650.000,727.746,239.483
603950.000,1600650.000,729.865,233.136
604000.000,1600650.000,732.362,219.579
604050.000,1600650.000,735.233,206.494
604100.000,1600650.000,738.484,183.950
604150.000,1600650.000,742.119,161.840
604200.000,1600650.000,746.150,162.192
604250.000,1600650.000,750.554,147.842
604300.000,1600650.000,755.310,158.126
604350.000,1600650.000,760.376,141.263
604400.000,1600650.000,765.714,119.449
604450.000,1600650.000,771.233,104.122
604500.000,1600650.000,776.842,100.002
604550.000,1600650.000,782.435,94.486
604600.000,1600650.000,787.920,89.668
604650.000,1600650.000,793.163,84.841
604700.000,1600650.000,798.085,80.489
604750.000,1600650.000,802.568,77.139
604800.000,1600650.000,806.559,59.110
604850.000,1600650.000,809.994,58.986
604900.000,1600650.000,812.868,45.500
604950.000,1600650.000,815.155,56.584
605000.000,1600650.000,816.866,33.706
600000.000,1600700.000,676.270,-7.063
600050.000,1600700.000,673.916,-11.161
600100.000,1600700.000,671.627,-2.056
600150.000,1600700.000,669.344,2.415
600200.000,1600700.000,667.006,2.385
600250.000,1600700.000,664.563,-1.949
600300.000,1600700.000,661.946,-0.884
600350.000,1600700.000,659.159,2.684
600400.000,1600700.000,656.180,0.934
600450.000,1600700.000,653.025,1.836
600500.000,1600700.000,649.761,-0.795
600550.000,1600700.000,646.459,0.411
600600.000,1600700.000,643.213,7.705
600650.000,1600700.000,640.187,-5.967
600700.000,1600700.000,637.515,4.239
600750.000,1600700.000,635.366,1.144
600800.000,1600700.000,633.920,1.234
600850.000,1600700.000,633.336,9.579
600900.000,1600700.000,633.737,8.497
600950.000,1600700.000,635.226,9.645
601000.000,1600700.000,637.863,7.841
601050.000,1600700.000,641.651,3.950
601100.000,1600700.000,646.569,9.857
601150.000,1600700.000,652.516,6.913
601200.000,1600700.000,659.373,5.679
601250.000,1600700.000,666.983,13.569
601300.000,1600700.000,675.174,17.069
601350.000,1600700.000,683.724,21.693
601400.000,1600700.000,692.446,25.010
601450.000,1600700.000,701.133,22.537
601500.000,1600700.000,709.580,27.157
601550.000,1600700.000,717.594,18.944
601600.000,1600700.000,725.000,25.060
601650.000,1600700.000,731.610,30.937
601700.000,1600700.000,737.273,29.418
601750.000,1600700.000,741.839,28.911
601800.000,1600700.000,745.191,39.200
601850.000,1600700.000,747.253,46.283
601900.000,1600700.000,747.971,56.555
601950.000,1600700.000,747.367,40.795
602000.000,1600700.000,745.501,57.374
602050.000,1600700.000,742.484,69.104
602100.000,1600700.000,738.481,76.811
602150.000,1600700.000,733.731,69.578
602200.000,1600700.000,728.489,77.962
602250.000,1600700.000,723.045,78.207
602300.000,1600700.000,717.675,86.841
602350.000,1600700.000,712.661,103.859
602400.000,1600700.000,708.264,116.616
602450.000,1600700.000,704.670,120.007
602500.000,1600700.000,702.043,141.384
602550.000,1600700.000,700.438,157.214
602600.000,1600700.000,699.891,183.185
602650.000,1600700.000,700.338,193.840
602700.000,1600700.000,701.683,196.119
602750.000,1600700.000,703.763,223.993
602800.000,1600700.000,706.404,242.938
602850.000,1600700.000,709.401,263.768
602900.000,1600700.000,712.556,268.026
602950.000,1600700.000,715.678,287.052
603000.000,1600700.000,718.603,299.692
603050.000,1600700.000,721.208,306.000
603100.000,1600700.000,723.381,320.480
603150.000,1600700.000,725.083,330.503
603200.000,1600700.000,726.296,351.816
603250.000,1600700.000,727.044,364.625
603300.000,1600700.000,727.370,363.573
603350.000,1600700.000,727.371,369.323
603400.000,1600700.000,727.124,372.308
603450.000,1600700.000,726.748,367.604
603500.000,1600700.000,726.329,357.416
603550.000,1600700.000,725.978,349.518
603600.000,1600700.000,725.738,334.048
603650.000,1600700.000,725.693,320.371
603700.000,1600700.000,725.881,306.024
603750.000,1600700.000,726.317,295.498
603800.000,1600700.000,727.019,267.115
603850.000,1600700.000,728.011,266.638
603900.000,1600700.000,729.278,257.641
603950.000,1600700.000,730.837,237.464
604000.000,1600700.000,732.691,222.941
604050.000,1600700.000,734.851,214.656
604100.000,1600700.000,737.341,213.302
604150.000,1600700.000,740.182,170.288
604200.000,1600700.000,743.408,182.991
604250.000,1600700.000,747.014,166.415
604300.000,1600700.000,750.999,145.954
604350.000,1600700.000,755.339,145.766
604400.000,1600700.000,760.008,129.934
604450.000,1600700.000,764.931,115.701
604500.000,1600700.000,770.025,114.573
604550.000,1600700.000,775.193,91.234
604600.000,1600700.000,780.346,85.564
604650.000,1600700.000,785.353,91.163
604700.000,1600700.000,790.138,78.001
604750.000,1600700.000,794.578,54.163
604800.000,1600700.000,798.619,60.224
604850.000,1600700.000,802.196,44.946
604900.000,1600700.000,805.296,54.347
604950.000,1600700.000,807.892,51.865
605000.000,1600700.000,809.989,45.110
600000.000,1600750.000,677.980,-9.275
600050.000,1600750.000,675.753,-1.487
600100.000,1600750.000,673.648,-3.864
600150.000,1600750.000,671.581,7.327
600200.000,1600750.000,669.470,-1.900
600250.000,1600750.000,667.239,-6.574
600300.000,1600750.000,664.790,-4.064
600350.000,1600750.000,662.101,12.972
600400.000,1600750.000,659.122,8.374
600450.000,1600750.000,655.848,6.120
600500.000,1600750.000,652.329,1.378
600550.000,1600750.000,648.625,-5.918
600600.000,1600750.000,644.827,-1.134
600650.000,1600750.000,641.106,3.254
600700.000,1600750.000,637.610,4.075
600750.000,1600750.000,634.533,5.748
600800.000,1600750.000,632.081,6.047
600850.000,1600750.000,630.451,10.921
600900.000,1600750.000,629.805,4.480
600950.000,1600750.000,630.286,5.206
601000.000,1600750.000,631.993,7.409
601050.000,1600750.000,634.965,11.708
601100.000,1600750.000,639.211,10.123
601150.000,1600750.000,644.653,17.842
601200.000,1600750.000,651.186,5.442
601250.000,1600750.000,658.657,15.167
601300.000,1600750.000,666.891,23.117
601350.000,1600750.000,675.653,20.548
601400.000,1600750.000,684.733,23.796
601450.000,1600750.000,693.896,12.592
601500.000,1600750.000,702.909,22.979
601550.000,1600750.000,711.541,29.919
601600.000,1600750.000,719.587,26.644
601650.000,1600750.000,726.823,27.419
601700.000,1600750.000,733.072,41.722
601750.000,1600750.000,738.159,36.640
601800.000,1600750.000,741.952,33.681
601850.000,1600750.000,744.363,49.283
601900.000,1600750.000,745.336,46.046
601950.000,1600750.000,744.897,42.407
602000.000,1600750.000,743.114,49.680
602050.000,1600750.000,740.110,56.002
602100.000,1600750.000,736.065,58.904
602150.000,1600750.000,731.237,86.399
602200.000,1600750.000,725.895,78.876
602250.000,1600750.000,720.346,80.394
602300.000,1600750.000,714.877,100.111
602350.000,1600750.000,709.780,115.300
602400.000,1600750.000,705.322,110.038
602450.000,1600750.000,701.695,120.542
602500.000,1600750.000,699.062,149.603
602550.000,1600750.000,697.480,153.604
602600.000,1600750.000,696.982,188.319
602650.000,1600750.000,697.505,206.414
602700.000,1600750.000,698.949,229.731
602750.000,1600750.000,701.153,229.622
602800.000,1600750.000,703.941,260.892
602850.000,1600750.000,707.114,294.076
602900.000,1600750.000,710.473,297.020
602950.000,1600750.000,713.829,308.332
603000.000,1600750.000,717.021,343.313
603050.000,1600750.000,719.927,332.995
603100.000,1600750.000,722.435,380.295
603150.000,1600750.000,724.502,366.821
603200.000,1600750.000,726.104,369.323
603250.000,1600750.000,727.260,392.152
603300.000,1600750.000,728.002,392.947
603350.000,1600750.000,728.416,400.032
603400.000,1600750.000,728.567,399.428
603450.000,1600750.000,728.557,390.142
603500.000,1600750.000,728.455,369.888
603550.000,1600750.000,728.362,369.243
603600.000,1600750.000,728.304,362.721
603650.000,1600750.000,728.353,358.408
603700.000,1600750.000,728.534,332.824
603750.000,1600750.000,728.857,318.347
603800.000,1600750.000,729.335,310.270
603850.000,1600750.000,729.992,273.589
603900.000,1600750.000,730.815,273.057
603950.000,1600750.000,731.828,242.418
604000.000,1600750.000,733.045,230.562
604050.000,1600750.000,734.494,221.729
604100.000,1600750.000,736.212,193.458
604150.000,1600750.000,738.240,189.551
604200.000,1600750.000,740.631,184.890
604250.000,1600750.000,743.400,165.900
604300.000,1600750.000,746.566,140.386
604350.000,1600750.000,750.120,136.712
604400.000,1600750.000,754.056,125.528
604450.000,1600750.000,758.309,99.672
604500.000,1600750.000,762.809,111.993
604550.000,1600750.000,767.467,99.880
604600.000,1600750.000,772.200,93.907
604650.000,1600750.000,776.881,71.135
604700.000,1600750.000,781.437,69.255
604750.000,1600750.000,785.743,74.329
604800.000,1600750.000,789.746,49.756
604850.000,1600750.000,793.377,54.327
604900.000,1600750.000,796.620,46.153
604950.000,1600750.000,799.447,31.951
605000.000,1600750.000,801.857,55.973
600000.000,1600800.000,679.567,-6.858
600050.000,1600800.000,677.454,-4.736
600100.000,1600800.000,675.518,-4.790
600150.000,1600800.000,673.660,3.805
600200.000,1600800.000,671.777,6.218
600250.000,1600800.000,669.767,-4.034
600300.000,1600800.000,667.509,10.435
600350.000,1600800.000,664.951,2.449
600400.000,1600800.000,662.021,2.001
600450.000,1600800.000,658.689,-6.628
600500.000,1600800.000,654.986,-2.263
600550.000,1600800.000,650.962,9.766
600600.000,1600800.000,646.701,3.142
600650.000,1600800.000,642.378,0.628
600700.000,1600800.000,638.151,10.729
600750.000,1600800.000,634.232,7.502
600800.000,1600800.000,630.854,18.734
600850.000,1600800.000,628.244,9.246
600900.000,1600800.000,626.602,11.539
600950.000,1600800.000,626.104,8.593
601000.000,1600800.000,626.887,-2.654
601050.000,1600800.000,629.026,22.519
601100.000,1600800.000,632.556,7.235
601150.000,1600800.000,637.425,14.984
601200.000,1600800.000,643.543,12.594
601250.000,1600800.000,650.764,22.925
601300.000,1600800.000,658.914,18.910
601350.000,1600800.000,667.746,21.002
601400.000,1600800.000,677.037,14.166
601450.000,1600800.000,686.527,23.912
601500.000,1600800.000,695.959,33.857
601550.000,1600800.000,705.073,30.109
601600.000,1600800.000,713.633,28.536
601650.000,1600800.000,721.389,25.382
601700.000,1600800.000,728.140,28.288
601750.000,1600800.000,733.687,35.301
601800.000,1600800.000,737.882,43.058
601850.000,1600800.000,740.630,32.136
601900.000,1600800.000,741.871,42.372
601950.000,1600800.000,741.630,43.476
602000.000,1600800.000,739.983,51.013
602050.000,1600800.000,737.059,54.141
602100.000,1600800.000,733.050,66.217
602150.000,1600800.000,728.229,70.171
602200.000,1600800.000,722.874,75.406
602250.000,1600800.000,717.305,84.694
602300.000,1600800.000,711.816,93.394
602350.000,1600800.000,706.708,95.017
602400.000,1600800.000,702.248,111.685
602450.000,1600800.000,698.635,149.734
602500.000,1600800.000,696.030,139.221
602550.000,1600800.000,694.489,186.265
602600.000,1600800.000,694.046,186.868
602650.000,1600800.000,694.636,207.451
602700.000,1600800.000,696.160,225.300
602750.000,1600800.000,698.459,239.582
602800.000,1600800.000,701.360,304.638
602850.000,1600800.000,704.666,296.386
602900.000,1600800.000,708.185,331.720
602950.000,1600800.000,711.729,333.959
603000.000,1600800.000,715.145,386.709
603050.000,1600800.000,718.309,391.479
603100.000,1600800.000,721.114,395.455
603150.000,1600800.000,723.513,429.928
603200.000,1600800.000,725.479,413.161
603250.000,1600800.000,727.025,432.532
603300.000,1600800.000,728.172,424.271
603350.000,1600800.000,728.997,410.513
603400.000,1600800.000,729.550,428.875
603450.000,1600800.000,729.918,434.488
603500.000,1600800.000,730.154,402.845
603550.000,1600800.000,730.344,388.517
603600.000,1600800.000,730.497,378.279
603650.000,1600800.000,730.672,365.040
603700.000,1600800.000,730.884,366.918
603750.000,1600800.000,731.131,336.820
603800.000,1600800.000,731.424,330.065
603850.000,1600800.000,731.782,285.181
603900.000,1600800.000,732.196,284.179
603950.000,1600800.000,732.695,263.259
604000.000,1600800.000,733.303,252.551
604050.000,1600800.000,734.059,227.388
604100.000,1600800.000,735.019,209.690
604150.000,1600800.000,736.238,214.027
604200.000,1600800.000,737.789,181.181
604250.000,1600800.000,739.708,167.792
604300.000,1600800.000,742.029,158.032
604350.000,1600800.000,744.764,127.085
604400.000,1600800.000,747.921,136.630
604450.000,1600800.000,751.450,127.154
604500.000,1600800.000,755.293,97.808
604550.000,1600800.000,759.372,99.537
604600.000,1600800.000,763.609,97.719
604650.000,1600800.000,767.882,85.987
604700.000,1600800.000,772.125,80.586
604750.000,1600800.000,776.212,74.506
604800.000,1600800.000,780.088,47.175
604850.000,1600800.000,783.689,55.236
604900.000,1600800.000,786.991,53.796
604950.000,1600800.000,789.966,39.921
605000.000,1600800.000,792.612,46.862
600000.000,1600850.000,681.178,-2.754
600050.000,1600850.000,679.163,-13.606
600100.000,1600850.000,677.381,-14.320
600150.000,1600850.000,675.719,5.594
600200.000,1600850.000,674.055,-0.892
600250.000,1600850.000,672.267,2.075
600300.000,1600850.000,670.210,-10.554
600350.000,1600850.000,667.805,2.906
600400.000,1600850.000,664.958,-0.109
600450.000,1600850.000,661.617,-1.091
600500.000,1600850.000,657.793,1.729
600550.000,1600850.000,653.522,9.752
600600.000,1600850.000,648.882,2.734
600650.000,1600850.000,644.047,-0.196
600700.000,1600850.000,639.182,0.214
600750.000,1600850.000,634.515,9.322
600800.000,1600850.000,630.296,16.730
600850.000,1600850.000,626.783,5.511
600900.000,1600850.000,624.203,8.557
600950.000,1600850.000,622.767,10.857
601000.000,1600850.000,622.645,16.456
601050.000,1600850.000,623.942,9.507
601100.000,1600850.000,626.722,16.153
601150.000,1600850.000,630.956,8.282
601200.000,1600850.000,636.571,1.086
601250.000,1600850.000,643.431,14.308
601300.000,1600850.000,651.363,13.572
601350.000,1600850.000,660.120,21.693
601400.000,1600850.000,669.466,25.039
601450.000,1600850.000,679.123,23.928
601500.000,1600850.000,688.816,29.865
601550.000,1600850.000,698.263,16.280
601600.000,1600850.000,707.204,26.308
601650.000,1600850.000,715.366,24.374
601700.000,1600850.000,722.525,40.023
601750.000,1600850.000,728.466,29.184
601800.000,1600850.000,733.027,34.048
601850.000,1600850.000,736.102,37.077
601900.000,1600850.000,737.627,35.948
601950.000,1600850.000,737.625,51.921
602000.000,1600850.000,736.175,51.539
602050.000,1600850.000,733.408,51.429
602100.000,1600850.000,729.526,54.512
602150.000,1600850.000,724.806,78.159
602200.000,1600850.000,719.535,63.712
602250.000,1600850.000,714.038,85.428
602300.000,1600850.000,708.615,90.397
602350.000,1600850.000,703.569,115.441
602400.000,1600850.000,699.167,127.172
602450.000,1600850.000,695.611,147.667
602500.000,1600850.000,693.061,161.063
602550.000,1600850.000,691.574,187.414
602600.000,1600850.000,691.181,201.704
602650.000,1600850.000,691.821,215.196
602700.000,1600850.000,693.395,242.410
602750.000,1600850.000,695.749,278.522
602800.000,1600850.000,698.712,296.944
602850.000,1600850.000,702.097,349.034
602900.000,1600850.000,705.717,378.669
602950.000,1600850.000,709.390,382.667
603000.000,1600850.000,712.968,413.406
603050.000,1600850.000,716.334,413.428
603100.000,1600850.000,719.382,426.557
603150.000,1600850.000,722.066,440.898
603200.000,1600850.000,724.355,481.759
603250.000,1600850.000,726.257,465.615
603300.000,1600850.000,727.783,468.479
603350.000,1600850.000,729.002,466.582
603400.000,1600850.000,729.948,473.634
603450.000,1600850.000,730.694,438.372
603500.000,1600850.000,731.276,448.164
603550.000,1600850.000,731.764,442.379
603600.000,1600850.000,732.151,420.696
603650.000,1600850.000,732.483,375.843
603700.000,1600850.000,732.759,371.359
603750.000,1600850.000,732.970,341.345
603800.000,1600850.000,733.121,338.038
603850.000,1600850.000,733.225,297.779
603900.000,1600850.000,733.276,290.378
603950.000,1600850.000,733.306,285.699
604000.000,1600850.000,733.347,248.866
604050.000,1600850.000,733.450,232.975
604100.000,1600850.000,733.684,236.783
604150.000,1600850.000,734.122,210.904
604200.000,1600850.000,734.852,198.772
604250.000,1600850.000,735.927,183.786
604300.000,1600850.000,737.403,151.365
604350.000,1600850.000,739.307,121.943
604400.000,1600850.000,741.661,124.566
604450.000,1600850.000,744.432,125.617
604500.000,1600850.000,747.574,98.929
604550.000,1600850.000,751.019,100.520
604600.000,1600850.000,754.698,89.210
604650.000,1600850.000,758.496,75.095
604700.000,1600850.000,762.349,68.487
604750.000,1600850.000,766.137,69.633
604800.000,1600850.000,769.806,52.479
604850.000,1600850.000,773.292,51.153
604900.000,1600850.000,776.570,48.702
604950.000,1600850.000,779.613,34.027
605000.000,1600850.000,782.414,50.890
600000.000,1600900.000,682.998,-1.375
600050.000,1600900.000,681.066,0.745
600100.000,1600900.000,679.421,-6.412
600150.000,1600900.000,677.936,-10.084
600200.000,1600900.000,676.472,-8.385
600250.000,1600900.000,674.894,-4.448
600300.000,1600900.000,673.032,3.138
600350.000,1600900.000,670.786,8.197
600400.000,1600900.000,668.039,0.776
600450.000,1600900.000,664.718,1.205
600500.000,1600900.000,660.817,-4.931
600550.000,1600900.000,656.357,-3.460
600600.000,1600900.000,651.408,5.613
600650.000,1600900.000,646.140,1.041
600700.000,1600900.000,640.723,8.770
600750.000,1600900.000,635.396,11.577
600800.000,1600900.000,630.424,3.433
600850.000,1600900.000,626.085,7.833
600900.000,1600900.000,622.634,1.079
600950.000,1600900.000,620.310,14.365
601000.000,1600900.000,619.309,11.192
601050.000,1600900.000,619.768,7.942
601100.000,1600900.000,621.772,8.550
601150.000,1600900.000,625.319,7.009
601200.000,1600900.000,630.352,22.544
601250.000,1600900.000,636.746,6.563
601300.000,1600900.000,644.337,27.184
601350.000,1600900.000,652.875,11.761
601400.000,1600900.000,662.120,18.715
601450.000,1600900.000,671.785,21.428
601500.000,1600900.000,681.582,17.624
601550.000,1600900.000,691.211,25.872
601600.000,1600900.000,700.396,25.405
601650.000,1600900.000,708.846,30.177
601700.000,1600900.000,716.322,24.665
601750.000,1600900.000,722.592,32.072
601800.000,1600900.000,727.481,21.852
601850.000,1600900.000,730.876,35.081
601900.000,1600900.000,732.705,40.464
601950.000,1600900.000,732.988,33.386
602000.000,1600900.000,731.801,60.033
602050.000,1600900.000,729.275,53.843
602100.000,1600900.000,725.612,66.381
602150.000,1600900.000,721.094,60.506
602200.000,1600900.000,716.007,67.815
602250.000,1600900.000,710.676,76.084
602300.000,1600900.000,705.402,99.789
602350.000,1600900.000,700.488,106.639
602400.000,1600900.000,696.199,126.061
602450.000,1600900.000,692.738,141.315
602500.000,1600900.000,690.262,162.205
602550.000,1600900.000,688.830,194.972
602600.000,1600900.000,688.472,199.125
602650.000,1600900.000,689.131,260.422
602700.000,1600900.000,690.711,252.495
602750.000,1600900.000,693.065,290.593
602800.000,1600900.000,696.028,321.557
602850.000,1600900.000,699.424,372.429
602900.000,1600900.000,703.072,395.848
602950.000,1600900.000,706.800,391.539
603000.000,1600900.000,710.469,438.774
603050.000,1600900.000,713.965,436.829
603100.000,1600900.000,717.190,516.359
603150.000,1600900.000,720.096,495.404
603200.000,1600900.000,722.652,519.677
603250.000,1600900.000,724.863,536.084
603300.000,1600900.000,726.731,528.890
603350.000,1600900.000,728.313,517.276
603400.000,1600900.000,729.632,511.842
603450.000,1600900.000,730.745,483.253
603500.000,1600900.000,731.672,476.318
603550.000,1600900.000,732.468,436.892
603600.000,1600900.000,733.109,446.043
603650.000,1600900.000,733.624,422.822
603700.000,1600900.000,734.002,396.802
603750.000,1600900.000,734.221,372.514
603800.000,1600900.000,734.280,338.043
603850.000,1600900.000,734.186,331.322
603900.000,1600900.000,733.932,308.865
603950.000,1600900.000,733.554,271.713
604000.000,1600900.000,733.088,263.993
604050.000,1600900.000,732.595,238.876
604100.000,1600900.000,732.159,221.791
604150.000,1600900.000,731.862,200.093
604200.000,1600900.000,731.810,195.363
604250.000,1600900.000,732.073,174.041
604300.000,1600900.000,732.721,163.660
604350.000,1600900.000,733.801,149.393
604400.000,1600900.000,735.347,134.647
604450.000,1600900.000,737.343,122.550
604500.000,1600900.000,739.754,107.765
604550.000,1600900.000,742.525,88.085
604600.000,1600900.000,745.594,94.833
604650.000,1600900.000,748.854,74.241
604700.000,1600900.000,752.249,76.822
604750.000,1600900.000,755.664,60.130
604800.000,1600900.000,759.046,56.205
604850.000,1600900.000,762.336,56.051
604900.000,1600900.000,765.508,34.934
604950.000,1600900.000,768.537,37.811
605000.000,1600900.000,771.414,42.123
600000.000,1600950.000,685.155,1.400
600050.000,1600950.000,683.296,-8.622
600100.000,1600950.000,681.770,-3.308
600150.000,1600950.000,680.439,0.986
600200.000,1600950.000,679.153,8.044
600250.000,1600950.000,677.761,-2.617
600300.000,1600950.000,676.076,-1.880
600350.000,1600950.000,673.978,-7.033
600400.000,1600950.000,671.332,6.309
600450.000,1600950.000,668.046,-6.873
600500.000,1600950.000,664.095,6.057
600550.000,1600950.000,659.487,-0.324
600600.000,1600950.000,654.285,1.420
600650.000,1600950.000,648.652,3.780
600700.000,1600950.000,642.761,11.703
600750.000,1600950.000,636.858,0.346
600800.000,1600950.000,631.217,4.529
600850.000,1600950.000,626.133,11.448
600900.000,1600950.000,621.882,11.371
600950.000,1600950.000,618.725,-1.768
601000.000,1600950.000,616.883,13.271
601050.000,1600950.000,616.517,14.730
601100.000,1600950.000,617.735,17.186
601150.000,1600950.000,620.556,6.609
601200.000,1600950.000,624.939,13.802
601250.000,1600950.000,630.775,5.026
601300.000,1600950.000,637.907,23.879
601350.000,1600950.000,646.092,19.414
601400.000,1600950.000,655.089,5.804
601450.000,1600950.000,664.607,14.972
601500.000,1600950.000,674.352,19.297
601550.000,1600950.000,684.016,16.101
601600.000,1600950.000,693.310,21.058
601650.000,1600950.000,701.933,25.900
601700.000,1600950.000,709.633,22.249
601750.000,1600950.000,716.167,23.793
601800.000,1600950.000,721.349,38.090
601850.000,1600950.000,725.057,32.836
601900.000,1600950.000,727.213,31.957
601950.000,1600950.000,727.828,42.678
602000.000,1600950.000,726.973,37.702
602050.000,1600950.000,724.774,56.382
602100.000,1600950.000,721.428,55.358
602150.000,1600950.000,717.212,69.538
602200.000,1600950.000,712.409,78.316
602250.000,1600950.000,707.338,85.495
602300.000,1600950.000,702.296,97.574
602350.000,1600950.000,697.583,103.103
602400.000,1600950.000,693.458,121.456
602450.000,1600950.000,690.124,141.216
602500.000,1600950.000,687.736,162.181
602550.000,1600950.000,686.354,180.876
602600.000,1600950.000,686.008,218.791
602650.000,1600950.000,686.649,250.508
602700.000,1600950.000,688.184,270.650
602750.000,1600950.000,690.475,335.998
602800.000,1600950.000,693.368,343.057
602850.000,1600950.000,696.697,403.149
602900.000,1600950.000,700.293,433.677
602950.000,1600950.000,703.993,459.241
603000.000,1600950.000,707.669,479.078
603050.000,1600950.000,711.214,517.820
603100.000,1600950.000,714.537,533.806
603150.000,1600950.000,717.592,540.354
603200.000,1600950.000,720.347,580.625
603250.000,1600950.000,722.804,569.557
603300.000,1600950.000,724.959,552.339
603350.000,1600950.000,726.860,572.366
603400.000,1600950.000,728.518,544.102
603450.000,1600950.000,729.974,541.560
603500.000,1600950.000,731.233,533.510
603550.000,1600950.000,732.335,521.769
603600.000,1600950.000,733.239,460.518
603650.000,1600950.000,733.961,444.373
603700.000,1600950.000,734.473,398.020
603750.000,1600950.000,734.745,397.357
603800.000,1600950.000,734.764,367.350
603850.000,1600950.000,734.534,349.045
603900.000,1600950.000,734.043,342.973
603950.000,1600950.000,733.328,301.159
604000.000,1600950.000,732.429,272.206
604050.000,1600950.000,731.414,234.948
604100.000,1600950.000,730.377,235.202
604150.000,1600950.000,729.411,205.487
604200.000,1600950.000,728.635,192.521
604250.000,1600950.000,728.134,170.447
604300.000,1600950.000,727.993,164.932
604350.000,1600950.000,728.273,138.472
604400.000,1600950.000,729.023,130.117
604450.000,1600950.000,730.242,122.235
604500.000,1600950.000,731.906,99.680
604550.000,1600950.000,733.973,100.100
604600.000,1600950.000,736.391,86.637
604650.000,1600950.000,739.063,84.264
604700.000,1600950.000,741.940,77.872
604750.000,1600950.000,744.914,58.296
604800.000,1600950.000,747.936,59.404
604850.000,1600950.000,750.954,52.842
604900.000,1600950.000,753.941,49.975
604950.000,1600950.000,756.878,39.705
605000.000,1600950.000,759.755,27.664
600000.000,1601000.000,687.778,1.245
600050.000,1601000.000,685.986,-7.927
600100.000,1601000.000,684.561,-1.761
600150.000,1601000.000,683.359,-10.545
600200.000,1601000.000,682.220,-10.978
600250.000,1601000.000,680.981,-5.038
600300.000,1601000.000,679.443,0.265
600350.000,1601000.000,677.468,-3.846
600400.000,1601000.000,674.906,-5.683
600450.000,1601000.000,671.648,1.889
600500.000,1601000.000,667.655,1.054
600550.000,1601000.000,662.923,1.192
600600.000,1601000.000,657.507,8.445
600650.000,1601000.000,651.562,3.868
600700.000,1601000.000,645.263,6.820
600750.000,1601000.000,638.857,14.811
600800.000,1601000.000,632.626,16.325
600850.000,1601000.000,626.875,14.266
600900.000,1601000.000,621.898,-0.780
600950.000,1601000.000,617.972,6.344
601000.000,1601000.000,615.334,9.451
601050.000,1601000.000,614.171,6.431
601100.000,1601000.000,614.604,16.770
601150.000,1601000.000,616.674,23.918
601200.000,1601000.000,620.358,13.116
601250.000,1601000.000,625.559,14.611
601300.000,1601000.000,632.133,15.976
601350.000,1601000.000,639.846,14.627
601400.000,1601000.000,648.462,14.247
601450.000,1601000.000,657.690,19.831
601500.000,1601000.000,667.240,23.450
601550.000,1601000.000,676.799,15.863
601600.000,1601000.000,686.074,17.097
601650.000,1601000.000,694.757,22.879
601700.000,1601000.000,702.591,13.996
601750.000,1601000.000,709.324,31.101
601800.000,1601000.000,714.763,30.159
601850.000,1601000.000,718.776,29.181
601900.000,1601000.000,721.277,34.445
601950.000,1601000.000,722.267,37.618
602000.000,1601000.000,721.808,31.727
602050.000,1601000.000,720.015,48.922
602100.000,1601000.000,717.076,61.041
602150.000,1601000.000,713.257,57.598
602200.000,1601000.000,708.830,73.427
602250.000,1601000.000,704.105,83.704
602300.000,1601000.000,699.371,99.397
602350.000,1601000.000,694.919,113.447
602400.000,1601000.000,691.001,120.039
602450.000,1601000.000,687.820,140.752
602500.000,1601000.000,685.525,163.674
602550.000,1601000.000,684.181,185.242
602600.000,1601000.000,683.820,226.187
602650.000,1601000.000,684.399,251.968
602700.000,1601000.000,685.833,311.205
602750.000,1601000.000,687.997,349.986
602800.000,1601000.000,690.746,378.261
602850.000,1601000.000,693.929,439.182
602900.000,1601000.000,697.389,451.138
602950.000,1601000.000,700.975,539.498
603000.000,1601000.000,704.571,597.401
603050.000,1601000.000,708.080,583.464
603100.000,1601000.000,711.417,633.481
603150.000,1601000.000,714.540,610.879
603200.000,1601000.000,717.418,649.272
603250.000,1601000.000,720.052,599.332
603300.000,1601000.000,722.432,610.198
603350.000,1601000.000,724.597,617.659
603400.000,1601000.000,726.549,619.815
603450.000,1601000.000,728.315,588.823
603500.000,1601000.000,729.884,531.431
603550.000,1601000.000,731.282,560.240
603600.000,1601000.000,732.453,469.747
603650.000,1601000.000,733.397,488.287
603700.000,1601000.000,734.074,429.484
603750.000,1601000.000,734.440,394.272
603800.000,1601000.000,734.474,370.365
603850.000,1601000.000,734.170,343.845
603900.000,1601000.000,733.515,344.392
603950.000,1601000.000,732.542,286.326
604000.000,1601000.000,731.292,298.623
604050.000,1601000.000,729.839,259.106
604100.000,1601000.000,728.284,240.758
604150.000,1601000.000,726.727,208.162
604200.000,1601000.000,725.299,181.567
604250.000,1601000.000,724.096,175.588
604300.000,1601000.000,723.216,146.637
604350.000,1601000.000,722.736,137.055
604400.000,1601000.000,722.715,138.964
604450.000,1601000.000,723.167,108.344
604500.000,1601000.000,724.081,101.991
604550.000,1601000.000,725.428,108.929
604600.000,1601000.000,727.164,80.096
604650.000,1601000.000,729.205,80.610
604700.000,1601000.000,731.512,67.531
604750.000,1601000.000,733.983,57.218
604800.000,1601000.000,736.578,44.104
604850.000,1601000.000,739.251,45.762
604900.000,1601000.000,741.979,43.605
604950.000,1601000.000,744.748,29.186
605000.000,1601000.000,747.552,25.667
600000.000,1601050.000,690.928,-13.995
600050.000,1601050.000,689.201,-6.183
600100.000,1601050.000,687.861,-3.434
600150.000,1601050.000,686.761,-1.073
600200.000,1601050.000,685.733,4.408
600250.000,1601050.000,684.607,-13.519
600300.000,1601050.000,683.173,-5.581
600350.000,1601050.000,681.281,-2.629
600400.000,1601050.000,678.770,-4.094
600450.000,1601050.000,675.518,0.024
600500.000,1601050.000,671.473,2.441
600550.000,1601050.000,666.622,4.247
600600.000,1601050.000,661.014,-3.994
600650.000,1601050.000,654.795,2.718
600700.000,1601050.000,648.140,10.770
600750.000,1601050.000,641.296,11.182
600800.000,1601050.000,634.548,8.668
600850.000,1601050.000,628.210,12.629
600900.000,1601050.000,622.582,6.406
600950.000,1601050.000,617.956,4.267
601000.000,1601050.000,614.582,13.824
601050.000,1601050.000,612.661,10.800
601100.000,1601050.000,612.331,6.968
601150.000,1601050.000,613.650,11.817
601200.000,1601050.000,616.607,18.266
601250.000,1601050.000,621.122,17.053
601300.000,1601050.000,627.064,13.120
601350.000,1601050.000,634.211,17.501
601400.000,1601050.000,642.335,9.627
601450.000,1601050.000,651.154,14.502
601500.000,1601050.000,660.384,15.074
601550.000,1601050.000,669.715,16.269
601600.000,1601050.000,678.855,24.208
601650.000,1601050.000,687.497,23.592
601700.000,1601050.000,695.382,31.599
601750.000,1601050.000,702.253,25.046
601800.000,1601050.000,707.912,39.918
601850.000,1601050.000,712.217,34.184
601900.000,1601050.000,715.076,31.767
601950.000,1601050.000,716.476,41.940
602000.000,1601050.000,716.468,34.466
602050.000,1601050.000,715.148,46.200
602100.000,1601050.000,712.693,49.206
602150.000,1601050.000,709.351,56.964
602200.000,1601050.000,705.380,58.528
602250.000,1601050.000,701.075,78.298
602300.000,1601050.000,696.709,89.702
602350.000,1601050.000,692.567,106.192
602400.000,1601050.000,688.887,125.590
602450.000,1601050.000,685.873,142.658
602500.000,1601050.000,683.669,167.457
602550.000,1601050.000,682.344,183.212
602600.000,1601050.000,681.933,231.332
602650.000,1601050.000,682.403,256.861
602700.000,1601050.000,683.679,302.768
602750.000,1601050.000,685.648,347.074
602800.000,1601050.000,688.179,427.937
602850.000,1601050.000,691.136,469.715
602900.000,1601050.000,694.378,520.966
602950.000,1601050.000,697.765,594.258
603000.000,1601050.000,701.197,634.225
603050.000,1601050.000,704.583,633.367
603100.000,1601050.000,707.849,667.906
603150.000,1601050.000,710.959,718.246
603200.000,1601050.000,713.881,688.205
603250.000,1601050.000,716.617,719.955
603300.000,1601050.000,719.153,706.426
603350.000,1601050.000,721.522,693.172
603400.000,1601050.000,723.715,631.115
603450.000,1601050.000,725.747,630.536
603500.000,1601050.000,727.596,549.011
603550.000,1601050.000,729.272,582.762
603600.000,1601050.000,730.706,534.131
603650.000,1601050.000,731.884,490.859
603700.000,1601050.000,732.750,425.734
603750.000,1601050.000,733.249,426.619
603800.000,1601050.000,733.351,395.496
603850.000,1601050.000,733.037,363.061
603900.000,1601050.000,732.292,347.212
603950.000,1601050.000,731.143,286.095
604000.000,1601050.000,729.631,285.880
604050.000,1601050.000,727.831,255.245
604100.000,1601050.000,725.848,240.349
604150.000,1601050.000,723.787,216.588
604200.000,1601050.000,721.788,190.481
604250.000,1601050.000,719.956,169.636
604300.000,1601050.000,718.401,164.129
604350.000,1601050.000,717.209,147.931
604400.000,1601050.000,716.453,145.344
604450.000,1601050.000,716.160,112.872
604500.000,1601050.000,716.330,102.460
604550.000,1601050.000,716.948,88.791
604600.000,1601050.000,717.982,75.602
604650.000,1601050.000,719.358,70.172
604700.000,1601050.000,721.050,67.069
604750.000,1601050.000,722.965,55.465
604800.000,1601050.000,725.073,48.046
604850.000,1601050.000,727.336,39.758
604900.000,1601050.000,729.739,42.186
604950.000,1601050.000,732.273,32.150
605000.000,1601050.000,734.937,28.320
600000.000,1601100.000,694.617,-13.086
600050.000,1601100.000,692.957,-2.647
600100.000,1601100.000,691.691,-7.832
600150.000,1601100.000,690.667,-18.193
600200.000,1601100.000,689.712,-8.321
600250.000,1601100.000,688.653,0.260
600300.000,1601100.000,687.274,-8.171
600350.000,1601100.000,685.417,9.242
600400.000,1601100.000,682.911,-1.893
600450.000,1601100.000,679.628,-0.312
600500.000,1601100.000,675.508,9.571
600550.000,1601100.000,670.528,-3.798
600600.000,1601100.000,664.735,0.517
600650.000,1601100.000,658.267,4.729
600700.000,1601100.000,651.297,-2.493
600750.000,1601100.000,644.072,7.782
600800.000,1601100.000,636.877,11.426
600850.000,1601100.000,630.027,12.945
600900.000,1601100.000,623.829,11.619
600950.000,1601100.000,618.580,9.547
601000.000,1601100.000,614.539,14.407
601050.000,1601100.000,611.920,7.156
601100.000,1601100.000,610.868,7.284
601150.000,1601100.000,611.455,9.849
601200.000,1601100.000,613.684,14.368
601250.000,1601100.000,617.489,19.713
601300.000,1601100.000,622.752,22.337
601350.000,1601100.000,629.266,12.761
601400.000,1601100.000,636.815,15.952
601450.000,1601100.000,645.127,11.810
601500.000,1601100.000,653.934,25.834
601550.000,1601100.000,662.930,14.881
601600.000,1601100.000,671.834,22.134
601650.000,1601100.000,680.343,22.219
601700.000,1601100.000,688.200,17.949
601750.000,1601100.000,695.149,32.216
601800.000,1601100.000,700.986,16.970
601850.000,1601100.000,705.565,29.974
601900.000,1601100.000,708.785,31.198
601950.000,1601100.000,710.616,39.051
602000.000,1601100.000,711.096,40.813
602050.000,1601100.000,710.301,44.222
602100.000,1601100.000,708.390,58.837
602150.000,1601100.000,705.589,48.717
602200.000,1601100.000,702.135,62.140
602250.000,1601100.000,698.305,74.098
602300.000,1601100.000,694.356,72.946
602350.000,1601100.000,690.560,90.626
602400.000,1601100.000,687.142,113.601
602450.000,1601100.000,684.301,130.632
602500.000,1601100.000,682.182,167.956
602550.000,1601100.000,680.855,197.871
602600.000,1601100.000,680.360,235.376
602650.000,1601100.000,680.676,273.236
602700.000,1601100.000,681.739,308.930
602750.000,1601100.000,683.451,386.760
602800.000,1601100.000,685.696,427.973
602850.000,1601100.000,688.355,527.998
602900.000,1601100.000,691.302,578.589
602950.000,1601100.000,694.412,649.153
603000.000,1601100.000,697.597,672.000
603050.000,1601100.000,700.779,747.636
603100.000,1601100.000,703.893,784.514
603150.000,1601100.000,706.906,791.276
603200.000,1601100.000,709.791,790.869
603250.000,1601100.000,712.551,773.028
603300.000,1601100.000,715.171,782.515
603350.000,1601100.000,717.675,776.666
603400.000,1601100.000,720.050,678.917
603450.000,1601100.000,722.299,700.845
603500.000,1601100.000,724.389,644.987
603550.000,1601100.000,726.317,594.757
603600.000,1601100.000,728.002,589.933
603650.000,1601100.000,729.416,519.737
603700.000,1601100.000,730.490,488.839
603750.000,1601100.000,731.158,461.689
603800.000,1601100.000,731.376,436.711
603850.000,1601100.000,731.116,384.309
603900.000,1601100.000,730.355,335.546
603950.000,1601100.000,729.114,311.332
604000.000,1601100.000,727.431,284.865
604050.000,1601100.000,725.377,263.468
604100.000,1601100.000,723.062,232.084
604150.000,1601100.000,720.592,223.650
604200.000,1601100.000,718.110,180.180
604250.000,1601100.000,715.730,188.123
604300.000,1601100.000,713.568,160.041
604350.000,1601100.000,711.723,136.591
604400.000,1601100.000,710.276,131.415
604450.000,1601100.000,709.266,115.747
604500.000,1601100.000,708.707,104.133
604550.000,1601100.000,708.597,96.692
604600.000,1601100.000,708.915,80.640
604650.000,1601100.000,709.599,80.162
604700.000,1601100.000,710.636,71.289
604750.000,1601100.000,711.948,45.726
604800.000,1601100.000,713.513,49.233
604850.000,1601100.000,715.307,37.172
604900.000,1601100.000,717.320,30.688
604950.000,1601100.000,719.555,37.433
605000.000,1601100.000,722.017,15.852
600000.000,1601150.000,698.792,-4.575
600050.000,1601150.000,697.207,-12.640
600100.000,1601150.000,696.004,-10.947
600150.000,1601150.000,695.030,1.973
600200.000,1601150.000,694.110,-5.929
600250.000,1601150.000,693.070,-2.786
600300.000,1601150.000,691.692,-2.604
600350.000,1601150.000,689.813,-12.590
600400.000,1601150.000,687.260,-1.135
600450.000,1601150.000,683.900,5.451
600500.000,1601150.000,679.669,-1.039
600550.000,1601150.000,674.539,16.781
600600.000,1601150.000,668.557,-5.562
600650.000,1601150.000,661.854,1.380
600700.000,1601150.000,654.602,-2.213
600750.000,1601150.000,647.045,5.070
600800.000,1601150.000,639.467,5.767
600850.000,1601150.000,632.179,7.192
600900.000,1601150.000,625.493,11.623
600950.000,1601150.000,619.706,12.222
601000.000,1601150.000,615.079,9.519
601050.000,1601150.000,611.833,9.200
601100.000,1601150.000,610.119,20.896
601150.000,1601150.000,610.018,19.812
601200.000,1601150.000,611.543,13.150
601250.000,1601150.000,614.641,22.197
601300.000,1601150.000,619.208,17.322
601350.000,1601150.000,625.051,10.750
601400.000,1601150.000,631.970,17.445
601450.000,1601150.000,639.708,10.647
601500.000,1601150.000,648.012,10.138
601550.000,1601150.000,656.590,22.450
601600.000,1601150.000,665.172,29.826
601650.000,1601150.000,673.468,21.942
601700.000,1601150.000,681.226,28.696
601750.000,1601150.000,688.193,26.104
601800.000,1601150.000,694.165,17.109
601850.000,1601150.000,698.990,22.920
601900.000,1601150.000,702.559,29.381
601950.000,1601150.000,704.827,21.433
602000.000,1601150.000,705.813,32.243
602050.000,1601150.000,705.573,35.978
602100.000,1601150.000,704.242,48.003
602150.000,1601150.000,702.023,37.208
602200.000,1601150.000,699.128,51.502
602250.000,1601150.000,695.811,59.978
602300.000,1601150.000,692.309,68.162
602350.000,1601150.000,688.881,85.246
602400.000,1601150.000,685.735,91.805
602450.000,1601150.000,683.070,130.837
602500.000,1601150.000,681.024,151.253
602550.000,1601150.000,679.674,185.182
602600.000,1601150.000,679.065,222.467
602650.000,1601150.000,679.188,256.436
602700.000,1601150.000,679.993,320.483
602750.000,1601150.000,681.396,391.642
602800.000,1601150.000,683.298,452.259
602850.000,1601150.000,685.599,532.959
602900.000,1601150.000,688.187,624.701
602950.000,1601150.000,690.952,692.628
603000.000,1601150.000,693.822,766.029
603050.000,1601150.000,696.727,828.270
603100.000,1601150.000,699.614,886.680
603150.000,1601150.000,702.454,899.957
603200.000,1601150.000,705.227,902.478
603250.000,1601150.000,707.935,864.221
603300.000,1601150.000,710.563,852.120
603350.000,1601150.000,713.133,784.499
603400.000,1601150.000,715.625,763.764
603450.000,1601150.000,718.035,736.048
603500.000,1601150.000,720.320,701.806
603550.000,1601150.000,722.467,648.127
603600.000,1601150.000,724.384,607.340
603650.000,1601150.000,726.029,571.364
603700.000,1601150.000,727.323,485.589
603750.000,1601150.000,728.185,455.433
603800.000,1601150.000,728.562,426.566
603850.000,1601150.000,728.411,412.409
603900.000,1601150.000,727.704,333.946
603950.000,1601150.000,726.451,323.082
604000.000,1601150.000,724.684,291.182
604050.000,1601150.000,722.470,255.580
604100.000,1601150.000,719.918,234.275
604150.000,1601150.000,717.132,217.243
604200.000,1601150.000,714.257,184.555
604250.000,1601150.000,711.412,176.722
604300.000,1601150.000,708.718,154.060
604350.000,1601150.000,706.283,128.949
604400.000,1601150.000,704.196,126.802
604450.000,1601150.000,702.507,104.628
604500.000,1601150.000,701.242,91.935
604550.000,1601150.000,700.412,88.912
604600.000,1601150.000,700.008,82.388
604650.000,1601150.000,699.982,60.745
604700.000,1601150.000,700.337,52.823
604750.000,1601150.000,701.007,44.871
604800.000,1601150.000,701.984,41.833
604850.000,1601150.000,703.257,32.931
604900.000,1601150.000,704.827,25.337
604950.000,1601150.000,706.708,25.250
605000.000,1601150.000,708.914,27.256
600000.000,1601200.000,703.319,-4.110
600050.000,1601200.000,701.819,-8.602
600100.000,1601200.000,700.673,-3.039
600150.000,1601200.000,699.727,-12.247
600200.000,1601200.000,698.807,0.132
600250.000,1601200.000,697.741,-5.544
600300.000,1601200.000,696.311,-5.973
600350.000,1601200.000,694.354,8.687
600400.000,1601200.000,691.699,-5.165
600450.000,1601200.000,688.213,6.284
600500.000,1601200.000,683.831,-1.970
600550.000,1601200.000,678.527,-2.438
600600.000,1601200.000,672.347,-2.596
600650.000,1601200.000,665.417,7.771
600700.000,1601200.000,657.911,15.137
600750.000,1601200.000,650.069,7.580
600800.000,1601200.000,642.170,6.007
600850.000,1601200.000,634.524,14.678
600900.000,1601200.000,627.436,11.984
600950.000,1601200.000,621.203,14.239
601000.000,1601200.000,616.084,12.988
601050.000,1601200.000,612.302,16.621
601100.000,1601200.000,610.007,17.071
601150.000,1601200.000,609.286,21.593
601200.000,1601200.000,610.162,23.675
601250.000,1601200.000,612.587,15.842
601300.000,1601200.000,616.473,10.761
601350.000,1601200.000,621.641,20.155
601400.000,1601200.000,627.907,6.459
601450.000,1601200.000,635.031,19.007
601500.000,1601200.000,642.780,21.095
601550.000,1601200.000,650.879,26.623
601600.000,1601200.000,659.074,16.046
601650.000,1601200.000,667.087,12.118
601700.000,1601200.000,674.680,23.905
601750.000,1601200.000,681.606,20.718
601800.000,1601200.000,687.662,19.101
601850.000,1601200.000,692.693,19.515
601900.000,1601200.000,696.582,12.024
601950.000,1601200.000,699.269,27.818
602000.000,1601200.000,700.755,18.930
602050.000,1601200.000,701.072,38.684
602100.000,1601200.000,700.331,34.309
602150.000,1601200.000,698.707,28.838
602200.000,1601200.000,696.387,40.288
602250.000,1601200.000,693.597,58.217
602300.000,1601200.000,690.554,69.687
602350.000,1601200.000,687.499,87.266
602400.000,1601200.000,684.628,97.959
602450.000,1601200.000,682.131,119.262
602500.000,1601200.000,680.145,140.225
602550.000,1601200.000,678.753,195.210
602600.000,1601200.000,678.005,219.333
602650.000,1601200.000,677.905,279.408
602700.000,1601200.000,678.416,345.777
602750.000,1601200.000,679.473,404.347
602800.000,1601200.000,680.991,499.489
602850.000,1601200.000,682.889,551.166
602900.000,1601200.000,685.071,691.470
602950.000,1601200.000,687.441,771.378
603000.000,1601200.000,689.941,894.264
603050.000,1601200.000,692.511,976.419
603100.000,1601200.000,695.109,1011.904
603150.000,1601200.000,697.711,1010.688
603200.000,1601200.000,700.303,1035.948
603250.000,1601200.000,702.889,978.365
603300.000,1601200.000,705.457,957.222
603350.000,1601200.000,708.024,924.205
603400.000,1601200.000,710.569,831.928
603450.000,1601200.000,713.081,825.848
603500.000,1601200.000,715.512,714.351
603550.000,1601200.000,717.838,665.552
603600.000,1601200.000,719.960,632.038
603650.000,1601200.000,721.824,570.187
603700.000,1601200.000,723.339,515.322
603750.000,1601200.000,724.414,492.285
603800.000,1601200.000,724.981,425.595
603850.000,1601200.000,724.987,382.758
603900.000,1601200.000,724.393,350.934
603950.000,1601200.000,723.199,306.025
604000.000,1601200.000,721.428,306.152
604050.000,1601200.000,719.141,252.398
604100.000,1601200.000,716.441,227.920
604150.000,1601200.000,713.430,211.513
604200.000,1601200.000,710.250,178.042
604250.000,1601200.000,707.022,169.411
604300.000,1601200.000,703.872,142.070
604350.000,1601200.000,700.913,137.300
604400.000,1601200.000,698.240,102.518
604450.000,1601200.000,695.916,89.459
604500.000,1601200.000,693.974,94.322
604550.000,1601200.000,692.441,76.531
604600.000,1601200.000,691.318,64.154
604650.000,1601200.000,690.575,56.756
604700.000,1601200.000,690.227,58.250
604750.000,1601200.000,690.226,47.623
604800.000,1601200.000,690.579,30.852
604850.000,1601200.000,691.290,27.565
604900.000,1601200.000,692.371,30.278
604950.000,1601200.000,693.852,21.873
605000.000,1601200.000,695.756,21.699
600000.000,1601250.000,708.019,-16.772
600050.000,1601250.000,706.617,-1.176
600100.000,1601250.000,705.525,-10.475
600150.000,1601250.000,704.589,-9.982
600200.000,1601250.000,703.638,-4.845
600250.000,1601250.000,702.504,-4.818
600300.000,1601250.000,700.972,-0.382
600350.000,1601250.000,698.884,-8.946
600400.000,1601250.000,696.075,-9.523
600450.000,1601250.000,692.415,-2.215
600500.000,1601250.000,687.844,11.673
600550.000,1601250.000,682.339,2.116
600600.000,1601250.000,675.950,3.861
600650.000,1601250.000,668.801,-2.503
600700.000,1601250.000,661.068,2.226
600750.000,1601250.000,652.987,-4.813
600800.000,1601250.000,644.832,16.372
600850.000,1601250.000,636.905,25.007
600900.000,1601250.000,629.508,13.902
600950.000,1601250.000,622.931,9.624
601000.000,1601250.000,617.425,21.751
601050.000,1601250.000,613.211,7.781
601100.000,1601250.000,610.435,22.145
601150.000,1601250.000,609.186,18.496
601200.000,1601250.000,609.488,19.209
601250.000,1601250.000,611.304,14.001
601300.000,1601250.000,614.553,21.481
601350.000,1601250.000,619.073,18.248
601400.000,1601250.000,624.694,23.952
601450.000,1601250.000,631.195,16.784
601500.000,1601250.000,638.364,11.976
601550.000,1601250.000,645.946,19.641
601600.000,1601250.000,653.703,20.189
601650.000,1601250.000,661.379,20.320
601700.000,1601250.000,668.748,18.254
601750.000,1601250.000,675.572,14.936
601800.000,1601250.000,681.656,12.066
601850.000,1601250.000,686.840,16.386
601900.000,1601250.000,691.004,9.652
601950.000,1601250.000,694.070,13.007
602000.000,1601250.000,696.025,16.780
602050.000,1601250.000,696.874,21.784
602100.000,1601250.000,696.705,22.996
602150.000,1601250.000,695.663,34.552
602200.000,1601250.000,693.905,38.220
602250.000,1601250.000,691.634,38.255
602300.000,1601250.000,689.042,50.251
602350.000,1601250.000,686.352,68.247
602400.000,1601250.000,683.743,90.802
602450.000,1601250.000,681.402,101.922
602500.000,1601250.000,679.463,125.399
602550.000,1601250.000,678.012,163.164
602600.000,1601250.000,677.107,215.371
602650.000,1601250.000,676.765,281.581
602700.000,1601250.000,676.963,310.193
602750.000,1601250.000,677.651,412.915
602800.000,1601250.000,678.763,540.124
602850.000,1601250.000,680.232,627.767
602900.000,1601250.000,681.980,747.296
602950.000,1601250.000,683.924,907.993
603000.000,1601250.000,686.019,983.250
603050.000,1601250.000,688.215,1110.329
603100.000,1601250.000,690.479,1152.423
603150.000,1601250.000,692.793,1171.268
603200.000,1601250.000,695.149,1170.784
603250.000,1601250.000,697.555,1111.815
603300.000,1601250.000,700.000,1018.274
603350.000,1601250.000,702.503,972.317
603400.000,1601250.000,705.041,910.798
603450.000,1601250.000,707.598,812.127
603500.000,1601250.000,710.124,794.903
603550.000,1601250.000,712.586,674.036
603600.000,1601250.000,714.879,650.412
603650.000,1601250.000,716.942,553.585
603700.000,1601250.000,718.672,497.790
603750.000,1601250.000,719.967,466.251
603800.000,1601250.000,720.747,416.396
603850.000,1601250.000,720.945,366.439
603900.000,1601250.000,720.513,329.960
603950.000,1601250.000,719.438,313.070
604000.000,1601250.000,717.733,293.070
604050.000,1601250.000,715.449,255.886
604100.000,1601250.000,712.683,233.090
604150.000,1601250.000,709.529,205.087
604200.000,1601250.000,706.128,168.245
604250.000,1601250.000,702.597,161.831
604300.000,1601250.000,699.065,130.129
604350.000,1601250.000,695.648,109.763
604400.000,1601250.000,692.447,121.475
604450.000,1601250.000,689.533,97.333
604500.000,1601250.000,686.949,97.389
604550.000,1601250.000,684.736,63.491
604600.000,1601250.000,682.906,61.400
604650.000,1601250.000,681.445,53.982
604700.000,1601250.000,680.385,35.510
604750.000,1601250.000,679.694,44.302
604800.000,1601250.000,679.396,20.844
604850.000,1601250.000,679.511,26.576
604900.000,1601250.000,680.068,7.615
604950.000,1601250.000,681.110,15.788
605000.000,1601250.000,682.673,15.285
600000.000,1601300.000,712.643,-13.614
600050.000,1601300.000,711.352,-12.752
600100.000,1601300.000,710.314,-8.075
600150.000,1601300.000,709.375,-5.346
600200.000,1601300.000,708.370,-12.638
600250.000,1601300.000,707.132,-10.770
600300.000,1601300.000,705.460,1.454
600350.000,1601300.000,703.197,-7.915
600400.000,1601300.000,700.190,1.069
600450.000,1601300.000,696.318,3.389
600500.000,1601300.000,691.527,6.385
600550.000,1601300.000,685.801,4.533
600600.000,1601300.000,679.199,9.812
600650.000,1601300.000,671.844,5.412
600700.000,1601300.000,663.913,9.716
600750.000,1601300.000,655.641,-1.782
600800.000,1601300.000,647.296,5.533
600850.000,1601300.000,639.173,20.426
600900.000,1601300.000,631.564,27.823
600950.000,1601300.000,624.750,16.348
601000.000,1601300.000,618.972,22.145
601050.000,1601300.000,614.444,15.786
601100.000,1601300.000,611.304,24.211
601150.000,1601300.000,609.636,29.916
601200.000,1601300.000,609.467,25.613
601250.000,1601300.000,610.761,21.833
601300.000,1601300.000,613.446,26.377
601350.000,1601300.000,617.372,24.473
601400.000,1601300.000,622.385,20.660
601450.000,1601300.000,628.281,4.953
601500.000,1601300.000,634.869,23.344
601550.000,1601300.000,641.916,21.708
601600.000,1601300.000,649.205,16.097
601650.000,1601300.000,656.500,15.698
601700.000,1601300.000,663.591,12.505
601750.000,1601300.000,670.255,13.703
601800.000,1601300.000,676.301,8.997
601850.000,1601300.000,681.573,13.233
601900.000,1601300.000,685.945,13.778
601950.000,1601300.000,689.329,2.043
602000.000,1601300.000,691.693,9.677
602050.000,1601300.000,693.021,13.592
602100.000,1601300.000,693.375,26.213
602150.000,1601300.000,692.869,22.463
602200.000,1601300.000,691.637,30.299
602250.000,1601300.000,689.851,37.839
602300.000,1601300.000,687.680,43.403
602350.000,1601300.000,685.330,54.537
602400.000,1601300.000,682.963,81.733
602450.000,1601300.000,680.761,84.986
602500.000,1601300.000,678.854,126.740
602550.000,1601300.000,677.334,135.299
602600.000,1601300.000,676.263,203.366
602650.000,1601300.000,675.674,237.860
602700.000,1601300.000,675.555,314.143
602750.000,1601300.000,675.872,390.108
602800.000,1601300.000,676.576,550.181
602850.000,1601300.000,677.616,650.100
602900.000,1601300.000,678.925,820.037
602950.000,1601300.000,680.436,979.899
603000.000,1601300.000,682.114,1182.521
603050.000,1601300.000,683.918,1276.276
603100.000,1601300.000,685.824,1348.078
603150.000,1601300.000,687.820,1365.336
603200.000,1601300.000,689.903,1303.519
603250.000,1601300.000,692.084,1179.527
603300.000,1601300.000,694.359,1131.350
603350.000,1601300.000,696.744,997.293
603400.000,1601300.000,699.221,941.959
603450.000,1601300.000,701.770,851.437
603500.000,1601300.000,704.341,756.387
603550.000,1601300.000,706.895,705.390
603600.000,1601300.000,709.324,633.066
603650.000,1601300.000,711.559,555.201
603700.000,1601300.000,713.487,490.856
603750.000,1601300.000,714.999,472.393
603800.000,1601300.000,716.002,395.151
603850.000,1601300.000,716.415,384.332
603900.000,1601300.000,716.180,335.962
603950.000,1601300.000,715.271,300.673
604000.000,1601300.000,713.689,273.045
604050.000,1601300.000,711.471,248.870
604100.000,1601300.000,708.709,207.783
604150.000,1601300.000,705.488,183.287
604200.000,1601300.000,701.940,161.646
604250.000,1601300.000,698.182,155.544
604300.000,1601300.000,694.338,137.145
604350.000,1601300.000,690.530,111.331
604400.000,1601300.000,686.861,91.673
604450.000,1601300.000,683.408,95.794
604500.000,1601300.000,680.225,72.800
604550.000,1601300.000,677.363,63.438
604600.000,1601300.000,674.848,61.197
604650.000,1601300.000,672.680,43.604
604700.000,1601300.000,670.908,39.443
604750.000,1601300.000,669.519,29.205
604800.000,1601300.000,668.553,24.612
604850.000,1601300.000,668.051,22.335
604900.000,1601300.000,668.056,10.370
604950.000,1601300.000,668.628,17.801
605000.000,1601300.000,669.819,4.004
600000.000,1601350.000,716.898,-9.328
600050.000,1601350.000,715.735,-8.870
600100.000,1601350.000,714.756,-15.212
600150.000,1601350.000,713.811,-15.573
600200.000,1601350.000,712.737,-6.581
600250.000,1601350.000,711.377,-5.802
600300.000,1601350.000,709.537,-15.669
600350.000,1601350.000,707.071,-8.250
600400.000,1601350.000,703.838,-9.708
600450.000,1601350.000,699.730,-3.110
600500.000,1601350.000,694.702,5.462
600550.000,1601350.000,688.748,13.287
600600.000,1601350.000,681.939,9.901
600650.000,1601350.000,674.397,11.118
600700.000,1601350.000,666.306,6.456
600750.000,1601350.000,657.898,8.770
600800.000,1601350.000,649.435,12.585
600850.000,1601350.000,641.203,17.286
600900.000,1601350.000,633.483,32.799
600950.000,1601350.000,626.546,19.871
601000.000,1601350.000,620.618,20.650
601050.000,1601350.000,615.902,29.800
601100.000,1601350.000,612.524,29.256
601150.000,1601350.000,610.564,28.572
601200.000,1601350.000,610.040,22.362
601250.000,1601350.000,610.920,33.602
601300.000,1601350.000,613.135,20.454
601350.000,1601350.000,616.547,30.830
601400.000,1601350.000,621.012,23.166
601450.000,1601350.000,626.344,14.676
601500.000,1601350.000,632.375,25.358
601550.000,1601350.000,638.890,15.741
601600.000,1601350.000,645.695,24.329
601650.000,1601350.000,652.576,16.846
601700.000,1601350.000,659.343,15.151
601750.000,1601350.000,665.785,9.343
601800.000,1601350.000,671.725,19.059
601850.000,1601350.000,677.008,9.340
601900.000,1601350.000,681.507,14.634
601950.000,1601350.000,685.126,3.201
602000.000,1601350.000,687.816,12.178
602050.000,1601350.000,689.542,13.067
602100.000,1601350.000,690.343,12.477
602150.000,1601350.000,690.305,17.046
602200.000,1601350.000,689.535,24.879
602250.000,1601350.000,688.178,17.307
602300.000,1601350.000,686.383,40.317
602350.000,1601350.000,684.335,38.038
602400.000,1601350.000,682.181,63.733
602450.000,1601350.000,680.097,77.902
602500.000,1601350.000,678.210,96.491
602550.000,1601350.000,676.616,129.248
602600.000,1601350.000,675.383,161.698
602650.000,1601350.000,674.555,219.419
602700.000,1601350.000,674.133,303.579
602750.000,1601350.000,674.098,386.556
602800.000,1601350.000,674.414,523.136
602850.000,1601350.000,675.044,658.835
602900.000,1601350.000,675.935,906.258
602950.000,1601350.000,677.027,1104.801
603000.000,1601350.000,678.300,1323.714
603050.000,1601350.000,679.717,1441.662
603100.000,1601350.000,681.261,1553.670
603150.000,1601350.000,682.928,1485.992
603200.000,1601350.000,684.717,1391.242
603250.000,1601350.000,686.646,1304.476
603300.000,1601350.000,688.714,1204.441
603350.000,1601350.000,690.941,1033.019
603400.000,1601350.000,693.310,1004.502
603450.000,1601350.000,695.805,846.990
603500.000,1601350.000,698.372,778.159
603550.000,1601350.000,700.973,683.346
603600.000,1601350.000,703.498,593.335
603650.000,1601350.000,705.872,571.936
603700.000,1601350.000,707.975,495.233
603750.000,1601350.000,709.689,468.582
603800.000,1601350.000,710.912,381.996
603850.000,1601350.000,711.548,365.055
603900.000,1601350.000,711.530,313.470
603950.000,1601350.000,710.818,292.897
604000.000,1601350.000,709.399,255.939
604050.000,1601350.000,707.298,216.435
604100.000,1601350.000,704.598,197.264
604150.000,1601350.000,701.372,172.677
604200.000,1601350.000,697.743,169.197
604250.000,1601350.000,693.825,130.842
604300.000,1601350.000,689.738,121.848
604350.000,1601350.000,685.603,99.137
604400.000,1601350.000,681.525,93.792
604450.000,1601350.000,677.588,64.365
604500.000,1601350.000,673.852,59.464
604550.000,1601350.000,670.380,50.698
604600.000,1601350.000,667.210,42.621
604650.000,1601350.000,664.357,50.127
604700.000,1601350.000,661.886,23.014
604750.000,1601350.000,659.802,21.345
604800.000,1601350.000,658.166,14.130
604850.000,1601350.000,657.036,21.325
604900.000,1601350.000,656.473,2.899
604950.000,1601350.000,656.556,11.463
605000.000,1601350.000,657.353,-7.628
600000.000,1601400.000,720.502,-11.757
600050.000,1601400.000,719.481,-8.835
600100.000,1601400.000,718.571,-7.002
600150.000,1601400.000,717.622,-16.060
600200.000,1601400.000,716.477,-6.363
600250.000,1601400.000,714.986,-2.122
600300.000,1601400.000,712.969,0.666
600350.000,1601400.000,710.289,2.444
600400.000,1601400.000,706.821,-4.112
600450.000,1601400.000,702.471,-0.583
600500.000,1601400.000,697.207,-0.171
600550.000,1601400.000,691.035,-0.522
600600.000,1601400.000,684.039,7.635
600650.000,1601400.000,676.345,7.296
600700.000,1601400.000,668.142,19.044
600750.000,1601400.000,659.661,2.793
600800.000,1601400.000,651.157,24.992
600850.000,1601400.000,642.908,19.097
600900.000,1601400.000,635.183,19.299
600950.000,1601400.000,628.238,29.366
601000.000,1601400.000,622.284,21.394
601050.000,1601400.000,617.512,20.623
601100.000,1601400.000,614.029,28.241
601150.000,1601400.000,611.907,44.981
601200.000,1601400.000,611.158,30.341
601250.000,1601400.000,611.743,40.474
601300.000,1601400.000,613.597,37.794
601350.000,1601400.000,616.588,25.353
601400.000,1601400.000,620.583,30.626
601450.000,1601400.000,625.410,37.853
601500.000,1601400.000,630.922,37.376
601550.000,1601400.000,636.924,26.638
601600.000,1601400.000,643.243,13.304
601650.000,1601400.000,649.688,12.727
601700.000,1601400.000,656.087,9.478
601750.000,1601400.000,662.249,11.554
601800.000,1601400.000,668.008,3.602
601850.000,1601400.000,673.215,6.514
601900.000,1601400.000,677.747,2.012
601950.000,1601400.000,681.499,4.088
602000.000,1601400.000,684.412,9.363
602050.000,1601400.000,686.433,2.991
602100.000,1601400.000,687.583,-4.490
602150.000,1601400.000,687.920,-4.927
602200.000,1601400.000,687.528,6.348
602250.000,1601400.000,686.528,8.919
602300.000,1601400.000,685.046,19.555
602350.000,1601400.000,683.252,23.234
602400.000,1601400.000,681.276,36.345
602450.000,1601400.000,679.289,51.285
602500.000,1601400.000,677.412,71.664
602550.000,1601400.000,675.747,96.026
602600.000,1601400.000,674.365,139.602
602650.000,1601400.000,673.322,191.428
602700.000,1601400.000,672.628,247.164
602750.000,1601400.000,672.277,339.376
602800.000,1601400.000,672.245,470.470
602850.000,1601400.000,672.507,676.200
602900.000,1601400.000,673.020,909.130
602950.000,1601400.000,673.732,1170.297
603000.000,1601400.000,674.632,1480.531
603050.000,1601400.000,675.688,1667.214
603100.000,1601400.000,676.888,1666.441
603150.000,1601400.000,678.232,1633.688
603200.000,1601400.000,679.727,1443.017
603250.000,1601400.000,681.392,1307.858
603300.000,1601400.000,683.233,1210.096
603350.000,1601400.000,685.273,1054.186
603400.000,1601400.000,687.500,965.020
603450.000,1601400.000,689.899,854.756
603500.000,1601400.000,692.420,742.983
603550.000,1601400.000,695.024,666.861
603600.000,1601400.000,697.603,576.588
603650.000,1601400.000,700.077,503.961
603700.000,1601400.000,702.323,481.976
603750.000,1601400.000,704.216,395.368
603800.000,1601400.000,705.642,355.289
603850.000,1601400.000,706.496,323.789
603900.000,1601400.000,706.700,303.392
603950.000,1601400.000,706.199,257.635
604000.000,1601400.000,704.969,237.596
604050.000,1601400.000,703.022,220.335
604100.000,1601400.000,700.427,198.262
604150.000,1601400.000,697.247,158.190
604200.000,1601400.000,693.595,150.828
604250.000,1601400.000,689.578,126.066
604300.000,1601400.000,685.311,114.411
604350.000,1601400.000,680.913,87.531
604400.000,1601400.000,676.490,87.555
604450.000,1601400.000,672.129,63.026
604500.000,1601400.000,667.896,57.338
604550.000,1601400.000,663.864,48.099
604600.000,1601400.000,660.081,35.732
604650.000,1601400.000,656.577,19.816
604700.000,1601400.000,653.433,20.481
604750.000,1601400.000,650.673,7.221
604800.000,1601400.000,648.376,11.444
604850.000,1601400.000,646.620,10.724
604900.000,1601400.000,645.485,-4.022
604950.000,1601400.000,645.068,2.745
605000.000,1601400.000,645.455,-6.224
600000.000,1601450.000,723.114,-6.864
600050.000,1601450.000,722.250,-8.689
600100.000,1601450.000,721.422,-20.010
600150.000,1601450.000,720.482,-0.184
600200.000,1601450.000,719.277,-11.042
600250.000,1601450.000,717.666,0.617
600300.000,1601450.000,715.482,-8.041
600350.000,1601450.000,712.601,-6.796
600400.000,1601450.000,708.911,-3.003
600450.000,1601450.000,704.338,-10.376
600500.000,1601450.000,698.863,-8.124
600550.000,1601450.000,692.506,1.421
600600.000,1601450.000,685.365,9.890
600650.000,1601450.000,677.570,9.799
600700.000,1601450.000,669.317,9.684
600750.000,1601450.000,660.836,14.984
600800.000,1601450.000,652.378,12.293
600850.000,1601450.000,644.209,15.221
600900.000,1601450.000,636.586,24.679
600950.000,1601450.000,629.752,31.525
601000.000,1601450.000,623.897,26.627
601050.000,1601450.000,619.199,33.660
601100.000,1601450.000,615.747,27.532
601150.000,1601450.000,613.599,41.353
601200.000,1601450.000,612.756,30.850
601250.000,1601450.000,613.174,31.564
601300.000,1601450.000,614.785,35.122
601350.000,1601450.000,617.461,37.607
601400.000,1601450.000,621.077,29.516
601450.000,1601450.000,625.474,33.136
601500.000,1601450.000,630.521,29.347
601550.000,1601450.000,636.041,25.227
601600.000,1601450.000,641.882,20.189
601650.000,1601450.000,647.877,12.271
601700.000,1601450.000,653.873,2.598
601750.000,1601450.000,659.698,-4.060
601800.000,1601450.000,665.199,-0.419
601850.000,1601450.000,670.238,-3.592
601900.000,1601450.000,674.696,-4.064
601950.000,1601450.000,678.466,-9.541
602000.000,1601450.000,681.481,-3.783
602050.000,1601450.000,683.676,-13.769
602100.000,1601450.000,685.055,-10.671
602150.000,1601450.000,685.655,0.768
602200.000,1601450.000,685.537,-3.225
602250.000,1601450.000,684.804,-9.148
602300.000,1601450.000,683.560,4.115
602350.000,1601450.000,681.960,12.870
602400.000,1601450.000,680.122,25.353
602450.000,1601450.000,678.207,22.067
602500.000,1601450.000,676.335,54.192
602550.000,1601450.000,674.609,66.151
602600.000,1601450.000,673.103,88.810
602650.000,1601450.000,671.882,136.103
602700.000,1601450.000,670.965,212.189
602750.000,1601450.000,670.355,270.143
602800.000,1601450.000,670.038,396.273
602850.000,1601450.000,669.997,612.582
602900.000,1601450.000,670.195,842.223
602950.000,1601450.000,670.591,1219.337
603000.000,1601450.000,671.175,1505.640
603050.000,1601450.000,671.920,1626.342
603100.000,1601450.000,672.818,1665.162
603150.000,1601450.000,673.872,1605.379
603200.000,1601450.000,675.093,1573.766
603250.000,1601450.000,676.503,1218.588
603300.000,1601450.000,678.115,1108.603
603350.000,1601450.000,679.955,1040.708
603400.000,1601450.000,682.017,914.110
603450.000,1601450.000,684.290,825.449
603500.000,1601450.000,686.729,691.880
603550.000,1601450.000,689.295,621.901
603600.000,1601450.000,691.886,532.146
603650.000,1601450.000,694.418,489.379
603700.000,1601450.000,696.766,440.223
603750.000,1601450.000,698.801,391.699
603800.000,1601450.000,700.401,335.788
603850.000,1601450.000,701.450,299.791
603900.000,1601450.000,701.863,264.713
603950.000,1601450.000,701.570,252.906
604000.000,1601450.000,700.536,203.409
604050.000,1601450.000,698.759,194.710
604100.000,1601450.000,696.296,168.300
604150.000,1601450.000,693.199,135.980
604200.000,1601450.000,689.570,124.266
604250.000,1601450.000,685.506,108.379
604300.000,1601450.000,681.116,91.281
604350.000,1601450.000,676.517,81.227
604400.000,1601450.000,671.813,69.783
604450.000,1601450.000,667.092,61.437
604500.000,1601450.000,662.423,45.567
604550.000,1601450.000,657.890,28.909
604600.000,1601450.000,653.548,30.689
604650.000,1601450.000,649.441,14.018
604700.000,1601450.000,645.665,18.764
604750.000,1601450.000,642.261,11.202
604800.000,1601450.000,639.328,0.776
604850.000,1601450.000,636.962,-10.924
604900.000,1601450.000,635.263,-2.100
604950.000,1601450.000,634.346,-8.477
605000.000,1601450.000,634.316,-9.267
600000.000,1601500.000,724.464,-17.395
600050.000,1601500.000,723.773,-5.228
600100.000,1601500.000,723.046,-14.128
600150.000,1601500.000,722.135,-10.115
600200.000,1601500.000,720.895,-10.327
600250.000,1601500.000,719.193,-5.610
600300.000,1601500.000,716.873,-9.925
600350.000,1601500.000,713.824,-4.047
600400.000,1601500.000,709.954,-4.429
600450.000,1601500.000,705.201,-3.627
600500.000,1601500.000,699.563,-10.688
600550.000,1601500.000,693.076,-7.923
600600.000,1601500.000,685.850,0.547
600650.000,1601500.000,678.023,10.958
600700.000,1601500.000,669.796,13.328
600750.000,1601500.000,661.399,15.801
600800.000,1601500.000,653.077,10.404
600850.000,1601500.000,645.088,17.947
600900.000,1601500.000,637.674,25.363
600950.000,1601500.000,631.064,28.846
601000.000,1601500.000,625.430,30.086
601050.000,1601500.000,620.932,27.673
601100.000,1601500.000,617.639,44.782
601150.000,1601500.000,615.594,45.622
601200.000,1601500.000,614.787,43.009
601250.000,1601500.000,615.163,47.265
601300.000,1601500.000,616.649,49.230
601350.000,1601500.000,619.119,38.490
601400.000,1601500.000,622.452,47.340
601450.000,1601500.000,626.497,39.808
601500.000,1601500.000,631.138,39.395
601550.000,1601500.000,636.216,33.344
601600.000,1601500.000,641.595,25.587
601650.000,1601500.000,647.131,19.760
601700.000,1601500.000,652.692,25.574
601750.000,1601500.000,658.124,-1.788
601800.000,1601500.000,663.290,3.170
601850.000,1601500.000,668.063,-9.298
601900.000,1601500.000,672.334,-9.311
601950.000,1601500.000,675.997,-9.985
602000.000,1601500.000,678.981,-20.606
602050.000,1601500.000,681.214,-22.233
602100.000,1601500.000,682.688,-21.524
602150.000,1601500.000,683.424,-21.856
602200.000,1601500.000,683.465,-16.584
602250.000,1601500.000,682.897,-20.142
602300.000,1601500.000,681.808,-5.746
602350.000,1601500.000,680.338,-7.100
602400.000,1601500.000,678.593,-9.758
602450.000,1601500.000,676.727,2.032
602500.000,1601500.000,674.857,20.318
602550.000,1601500.000,673.088,42.823
602600.000,1601500.000,671.493,54.164
602650.000,1601500.000,670.143,87.695
602700.000,1601500.000,669.066,140.574
602750.000,1601500.000,668.268,186.948
602800.000,1601500.000,667.745,290.145
602850.000,1601500.000,667.484,444.939
602900.000,1601500.000,667.453,715.359
602950.000,1601500.000,667.613,955.429
603000.000,1601500.000,667.959,1242.332
603050.000,1601500.000,668.464,1484.584
603100.000,1601500.000,669.122,1472.456
603150.000,1601500.000,669.938,1401.975
603200.000,1601500.000,670.926,1314.037
603250.000,1601500.000,672.109,1174.515
603300.000,1601500.000,673.509,1023.399
603350.000,1601500.000,675.153,873.357
603400.000,1601500.000,677.042,745.212
603450.000,1601500.000,679.171,712.952
603500.000,1601500.000,681.500,613.897
603550.000,1601500.000,683.994,563.367
603600.000,1601500.000,686.556,495.701
603650.000,1601500.000,689.103,443.396
603700.000,1601500.000,691.509,413.933
603750.000,1601500.000,693.642,353.688
603800.000,1601500.000,695.376,291.450
603850.000,1601500.000,696.587,290.439
603900.000,1601500.000,697.180,234.649
603950.000,1601500.000,697.078,223.333
604000.000,1601500.000,696.232,182.617
604050.000,1601500.000,694.627,164.832
604100.000,1601500.000,692.311,141.890
604150.000,1601500.000,689.321,118.741
604200.000,1601500.000,685.749,100.807
604250.000,1601500.000,681.683,89.977
604300.000,1601500.000,677.224,65.831
604350.000,1601500.000,672.484,63.279
604400.000,1601500.000,667.564,57.296
604450.000,1601500.000,662.550,58.338
604500.000,1601500.000,657.515,29.649
604550.000,1601500.000,652.548,21.397
604600.000,1601500.000,647.712,18.557
604650.000,1601500.000,643.062,6.997
604700.000,1601500.000,638.708,0.278
604750.000,1601500.000,634.707,-10.329
604800.000,1601500.000,631.175,-5.140
604850.000,1601500.000,628.229,-14.066
604900.000,1601500.000,625.984,-19.552
604950.000,1601500.000,624.577,-17.214
605000.000,1601500.000,624.131,-21.628
600000.000,1601550.000,724.305,-3.337
600050.000,1601550.000,723.800,-8.037
600100.000,1601550.000,723.196,-12.649
600150.000,1601550.000,722.346,-15.164
600200.000,1601550.000,721.108,-10.036
600250.000,1601550.000,719.358,2.843
600300.000,1601550.000,716.953,-11.721
600350.000,1601550.000,713.794,-10.828
600400.000,1601550.000,709.804,0.554
600450.000,1601550.000,704.940,-8.619
600500.000,1601550.000,699.213,-3.840
600550.000,1601550.000,692.672,-2.944
600600.000,1601550.000,685.442,-0.905
600650.000,1601550.000,677.668,13.651
600700.000,1601550.000,669.554,11.018
600750.000,1601550.000,661.332,5.028
600800.000,1601550.000,653.241,15.036
600850.000,1601550.000,645.530,17.851
600900.000,1601550.000,638.428,23.089
600950.000,1601550.000,632.149,34.726
601000.000,1601550.000,626.845,38.415
601050.000,1601550.000,622.659,39.408
601100.000,1601550.000,619.641,44.972
601150.000,1601550.000,617.817,59.951
601200.000,1601550.000,617.163,53.109
601250.000,1601550.000,617.613,61.457
601300.000,1601550.000,619.085,60.038
601350.000,1601550.000,621.454,48.127
601400.000,1601550.000,624.597,57.892
601450.000,1601550.000,628.371,46.988
601500.000,1601550.000,632.671,30.545
601550.000,1601550.000,637.352,32.994
601600.000,1601550.000,642.294,38.616
601650.000,1601550.000,647.372,31.804
601700.000,1601550.000,652.475,12.498
601750.000,1601550.000,657.465,4.265
601800.000,1601550.000,662.224,-4.524
601850.000,1601550.000,666.641,-4.766
601900.000,1601550.000,670.614,-21.720
601950.000,1601550.000,674.045,-14.295
602000.000,1601550.000,676.865,-21.382
602050.000,1601550.000,678.997,-28.873
602100.000,1601550.000,680.430,-31.133
602150.000,1601550.000,681.168,-37.043
602200.000,1601550.000,681.247,-33.130
602250.000,1601550.000,680.737,-40.270
602300.000,1601550.000,679.715,-39.573
602350.000,1601550.000,678.308,-35.031
602400.000,1601550.000,676.610,-28.155
602450.000,1601550.000,674.772,-23.962
602500.000,1601550.000,672.905,-20.790
602550.000,1601550.000,671.113,-9.031
602600.000,1601550.000,669.469,14.563
602650.000,1601550.000,668.050,29.736
602700.000,1601550.000,666.884,51.849
602750.000,1601550.000,665.982,100.579
602800.000,1601550.000,665.344,165.458
602850.000,1601550.000,664.959,279.534
602900.000,1601550.000,664.797,417.927
602950.000,1601550.000,664.818,674.618
603000.000,1601550.000,665.019,883.888
603050.000,1601550.000,665.371,1034.097
603100.000,1601550.000,665.867,1069.322
603150.000,1601550.000,666.513,1074.822
603200.000,1601550.000,667.324,983.755
603250.000,1601550.000,668.326,853.458
603300.000,1601550.000,669.543,820.202
603350.000,1601550.000,671.009,705.282
603400.000,1601550.000,672.730,694.367
603450.000,1601550.000,674.707,613.008
603500.000,1601550.000,676.907,519.360
603550.000,1601550.000,679.299,495.953
603600.000,1601550.000,681.795,432.484
603650.000,1601550.000,684.311,376.331
603700.000,1601550.000,686.726,315.762
603750.000,1601550.000,688.908,315.933
603800.000,1601550.000,690.727,272.707
603850.000,1601550.000,692.052,247.982
603900.000,1601550.000,692.787,197.216
603950.000,1601550.000,692.842,178.215
604000.000,1601550.000,692.161,167.527
604050.000,1601550.000,690.717,129.017
604100.000,1601550.000,688.547,134.121
604150.000,1601550.000,685.678,96.617
604200.000,1601550.000,682.189,79.996
604250.000,1601550.000,678.159,72.769
604300.000,1601550.000,673.680,53.317
604350.000,1601550.000,668.858,37.015
604400.000,1601550.000,663.787,38.160
604450.000,1601550.000,658.552,38.014
604500.000,1601550.000,653.227,10.252
604550.000,1601550.000,647.903,2.128
604600.000,1601550.000,642.649,-0.211
604650.000,1601550.000,637.530,-10.961
604700.000,1601550.000,632.666,-2.760
604750.000,1601550.000,628.129,-13.291
604800.000,1601550.000,624.051,-20.874
604850.000,1601550.000,620.565,-11.301
604900.000,1601550.000,617.806,-21.303
604950.000,1601550.000,615.929,-12.603
605000.000,1601550.000,615.074,-23.224
600000.000,1601600.000,722.447,-11.581
600050.000,1601600.000,722.144,-12.880
600100.000,1601600.000,721.690,-13.867
600150.000,1601600.000,720.940,-14.184
600200.000,1601600.000,719.756,-4.406
600250.000,1601600.000,718.020,-11.924
600300.000,1601600.000,715.602,-8.273
600350.000,1601600.000,712.413,1.297
600400.000,1601600.000,708.390,-4.453
600450.000,1601600.000,703.506,-2.795
600500.000,1601600.000,697.785,-3.046
600550.000,1601600.000,691.288,-5.573
600600.000,1601600.000,684.154,7.764
600650.000,1601600.000,676.530,2.699
600700.000,1601600.000,668.628,8.286
600750.000,1601600.000,660.678,10.117
600800.000,1601600.000,652.914,21.164
600850.000,1601600.000,645.575,19.764
600900.000,1601600.000,638.879,26.858
600950.000,1601600.000,633.024,38.030
601000.000,1601600.000,628.144,49.679
601050.000,1601600.000,624.366,44.250
601100.000,1601600.000,621.721,68.102
601150.000,1601600.000,620.216,54.969
601200.000,1601600.000,619.816,65.914
601250.000,1601600.000,620.439,63.066
601300.000,1601600.000,621.996,61.107
601350.000,1601600.000,624.356,48.353
601400.000,1601600.000,627.397,68.875
601450.000,1601600.000,630.977,51.755
601500.000,1601600.000,635.000,53.300
601550.000,1601600.000,639.331,36.664
601600.000,1601600.000,643.864,28.299
601650.000,1601600.000,648.490,22.009
601700.000,1601600.000,653.117,17.754
601750.000,1601600.000,657.625,5.559
601800.000,1601600.000,661.914,-0.680
601850.000,1601600.000,665.888,-7.189
601900.000,1601600.000,669.458,-10.960
601950.000,1601600.000,672.536,-18.691
602000.000,1601600.000,675.060,-30.466
602050.000,1601600.000,676.954,-29.526
602100.000,1601600.000,678.206,-41.423
602150.000,1601600.000,678.814,-47.100
602200.000,1601600.000,678.808,-49.058
602250.000,1601600.000,678.248,-53.760
602300.000,1601600.000,677.204,-61.066
602350.000,1601600.000,675.791,-61.989
602400.000,1601600.000,674.097,-56.777
602450.000,1601600.000,672.267,-51.457
602500.000,1601600.000,670.406,-48.597
602550.000,1601600.000,668.618,-39.607
602600.000,1601600.000,666.974,-45.322
602650.000,1601600.000,665.551,-35.278
602700.000,1601600.000,664.378,-19.500
602750.000,1601600.000,663.466,-6.121
602800.000,1601600.000,662.814,40.110
602850.000,1601600.000,662.414,101.731
602900.000,1601600.000,662.229,188.562
602950.000,1601600.000,662.221,334.425
603000.000,1601600.000,662.382,500.156
603050.000,1601600.000,662.681,624.543
603100.000,1601600.000,663.107,639.160
603150.000,1601600.000,663.666,676.252
603200.000,1601600.000,664.371,645.296
603250.000,1601600.000,665.249,595.932
603300.000,1601600.000,666.330,596.912
603350.000,1601600.000,667.648,555.507
603400.000,1601600.000,669.218,511.909
603450.000,1601600.000,671.045,474.862
603500.000,1601600.000,673.104,445.020
603550.000,1601600.000,675.371,395.412
603600.000,1601600.000,677.765,352.298
603650.000,1601600.000,680.208,306.301
603700.000,1601600.000,682.581,274.635
603750.000,1601600.000,684.757,263.007
603800.000,1601600.000,686.603,223.643
603850.000,1601600.000,687.989,186.919
603900.000,1601600.000,688.813,163.835
603950.000,1601600.000,688.981,150.185
604000.000,1601600.000,688.429,120.810
604050.000,1601600.000,687.122,105.950
604100.000,1601600.000,685.088,95.742
604150.000,1601600.000,682.341,72.353
604200.000,1601600.000,678.950,54.416
604250.000,1601600.000,674.987,54.435
604300.000,1601600.000,670.531,37.300
604350.000,1601600.000,665.680,24.783
604400.000,1601600.000,660.525,11.153
604450.000,1601600.000,655.143,7.875
604500.000,1601600.000,649.608,7.737
604550.000,1601600.000,644.011,-9.800
604600.000,1601600.000,638.424,-12.651
604650.000,1601600.000,632.918,-22.391
604700.000,1601600.000,627.624,-24.942
604750.000,1601600.000,622.623,-19.854
604800.000,1601600.000,618.063,-23.678
604850.000,1601600.000,614.092,-21.371
604900.000,1601600.000,610.862,-29.542
604950.000,1601600.000,608.544,-29.278
605000.000,1601600.000,607.295,-22.751
600000.000,1601650.000,718.782,-14.142
600050.000,1601650.000,718.694,-11.767
600100.000,1601650.000,718.420,-12.383
600150.000,1601650.000,717.815,-17.697
600200.000,1601650.000,716.743,-8.475
600250.000,1601650.000,715.095,-6.758
600300.000,1601650.000,712.748,-16.794
600350.000,1601650.000,709.624,-16.951
600400.000,1601650.000,705.673,-2.165
600450.000,1601650.000,700.878,-6.885
600500.000,1601650.000,695.275,-9.746
600550.000,1601650.000,688.936,1.165
600600.000,1601650.000,682.009,-1.156
600650.000,1601650.000,674.646,9.378
600700.000,1601650.000,667.060,15.439
600750.000,1601650.000,659.481,24.555
600800.000,1601650.000,652.138,20.924
600850.000,1601650.000,645.259,26.271
600900.000,1601650.000,639.052,33.872
600950.000,1601650.000,633.701,45.020
601000.000,1601650.000,629.323,55.758
601050.000,1601650.000,626.029,59.296
601100.000,1601650.000,623.832,80.967
601150.000,1601650.000,622.725,67.236
601200.000,1601650.000,622.656,88.116
601250.000,1601650.000,623.532,78.771
601300.000,1601650.000,625.253,67.148
601350.000,1601650.000,627.684,69.796
601400.000,1601650.000,630.697,76.934
601450.000,1601650.000,634.153,57.290
601500.000,1601650.000,637.958,60.774
601550.000,1601650.000,641.986,52.956
601600.000,1601650.000,646.140,42.532
601650.000,1601650.000,650.328,32.360
601700.000,1601650.000,654.471,11.155
601750.000,1601650.000,658.467,2.926
601800.000,1601650.000,662.234,-8.132
601850.000,1601650.000,665.691,-10.256
601900.000,1601650.000,668.767,-31.528
601950.000,1601650.000,671.385,-27.972
602000.000,1601650.000,673.492,-38.267
602050.000,1601650.000,675.021,-47.623
602100.000,1601650.000,675.964,-45.799
602150.000,1601650.000,676.318,-60.865
602200.000,1601650.000,676.111,-66.241
602250.000,1601650.000,675.399,-61.434
602300.000,1601650.000,674.248,-68.004
602350.000,1601650.000,672.766,-74.556
602400.000,1601650.000,671.036,-77.564
602450.000,1601650.000,669.197,-91.473
602500.000,1601650.000,667.350,-87.155
602550.000,1601650.000,665.596,-98.565
602600.000,1601650.000,664.002,-85.584
602650.000,1601650.000,662.645,-96.614
602700.000,1601650.000,661.550,-78.292
602750.000,1601650.000,660.724,-102.577
602800.000,1601650.000,660.167,-73.829
602850.000,1601650.000,659.863,-43.419
602900.000,1601650.000,659.773,27.314
602950.000,1601650.000,659.851,135.166
603000.000,1601650.000,660.087,241.311
603050.000,1601650.000,660.442,341.982
603100.000,1601650.000,660.900,358.355
603150.000,1601650.000,661.463,410.398
603200.000,1601650.000,662.145,412.326
603250.000,1601650.000,662.968,392.272
603300.000,1601650.000,663.968,425.819
603350.000,1601650.000,665.179,403.267
603400.000,1601650.000,666.623,362.488
603450.000,1601650.000,668.311,352.751
603500.000,1601650.000,670.225,309.356
603550.000,1601650.000,672.347,284.506
603600.000,1601650.000,674.607,271.233
603650.000,1601650.000,676.931,232.242
603700.000,1601650.000,679.209,222.394
603750.000,1601650.000,681.318,191.755
603800.000,1601650.000,683.127,176.591
603850.000,1601650.000,684.508,136.756
603900.000,1601650.000,685.358,132.006
603950.000,1601650.000,685.583,115.396
604000.000,1601650.000,685.112,87.235
604050.000,1601650.000,683.905,68.278
604100.000,1601650.000,681.981,61.582
604150.000,1601650.000,679.348,48.639
604200.000,1601650.000,676.061,41.330
604250.000,1601650.000,672.185,28.610
604300.000,1601650.000,667.789,12.314
604350.000,1601650.000,662.962,6.205
604400.000,1601650.000,657.786,7.143
604450.000,1601650.000,652.331,-1.956
604500.000,1601650.000,646.669,-17.071
604550.000,1601650.000,640.888,-20.016
604600.000,1601650.000,635.060,-17.912
604650.000,1601650.000,629.262,-30.767
604700.000,1601650.000,623.627,-21.454
604750.000,1601650.000,618.248,-28.537
604800.000,1601650.000,613.283,-30.949
604850.000,1601650.000,608.894,-26.580
604900.000,1601650.000,605.246,-33.894
604950.000,1601650.000,602.525,-36.003
605000.000,1601650.000,600.906,-38.293
600000.000,1601700.000,713.297,-16.776
600050.000,1601700.000,713.435,-12.770
600100.000,1601700.000,713.371,-9.081
600150.000,1601700.000,712.959,-21.023
600200.000,1601700.000,712.067,-18.318
600250.000,1601700.000,710.589,-7.743
600300.000,1601700.000,708.410,-7.393
600350.000,1601700.000,705.459,-6.100
600400.000,1601700.000,701.695,-5.320
600450.000,1601700.000,697.111,-12.928
600500.000,1601700.000,691.752,-6.781
600550.000,1601700.000,685.695,-1.791
600600.000,1601700.000,679.096,2.638
600650.000,1601700.000,672.108,5.100
600700.000,1601700.000,664.943,14.420
600750.000,1601700.000,657.832,15.316
600800.000,1601700.000,650.995,22.332
600850.000,1601700.000,644.654,29.755
600900.000,1601700.000,639.004,44.949
600950.000,1601700.000,634.216,52.449
601000.000,1601700.000,630.395,57.806
601050.000,1601700.000,627.636,78.689
601100.000,1601700.000,625.937,80.133
601150.000,1601700.000,625.277,83.125
601200.000,1601700.000,625.591,88.938
601250.000,1601700.000,626.775,95.573
601300.000,1601700.000,628.718,101.991
601350.000,1601700.000,631.278,91.701
601400.000,1601700.000,634.323,75.865
601450.000,1601700.000,637.712,65.249
601500.000,1601700.000,641.351,80.746
601550.000,1601700.000,645.120,54.713
601600.000,1601700.000,648.928,41.691
601650.000,1601700.000,652.696,28.922
601700.000,1601700.000,656.357,14.016
601750.000,1601700.000,659.823,0.135
601800.000,1601700.000,663.031,-7.585
601850.000,1601700.000,665.915,-16.693
601900.000,1601700.000,668.421,-34.337
601950.000,1601700.000,670.488,-42.800
602000.000,1601700.000,672.075,-49.498
602050.000,1601700.000,673.128,-62.044
602100.000,1601700.000,673.649,-58.752
602150.000,1601700.000,673.637,-73.297
602200.000,1601700.000,673.124,-83.618
602250.000,1601700.000,672.168,-81.518
602300.000,1601700.000,670.833,-93.781
602350.000,1601700.000,669.224,-107.424
602400.000,1601700.000,667.422,-88.976
602450.000,1601700.000,665.559,-123.137
602500.000,1601700.000,663.735,-106.051
602550.000,1601700.000,662.046,-131.569
602600.000,1601700.000,660.554,-138.948
602650.000,1601700.000,659.332,-150.303
602700.000,1601700.000,658.399,-141.029
602750.000,1601700.000,657.758,-147.191
602800.000,1601700.000,657.401,-158.316
602850.000,1601700.000,657.307,-124.528
602900.000,1601700.000,657.427,-77.800
602950.000,1601700.000,657.709,30.120
603000.000,1601700.000,658.134,156.252
603050.000,1601700.000,658.656,247.310
603100.000,1601700.000,659.249,254.768
603150.000,1601700.000,659.914,270.648
603200.000,1601700.000,660.659,278.990
603250.000,1601700.000,661.502,266.400
603300.000,1601700.000,662.483,267.641
603350.000,1601700.000,663.636,253.179
603400.000,1601700.000,664.988,262.468
603450.000,1601700.000,666.555,237.833
603500.000,1601700.000,668.325,237.154
603550.000,1601700.000,670.289,196.914
603600.000,1601700.000,672.388,194.756
603650.000,1601700.000,674.553,178.586
603700.000,1601700.000,676.684,148.991
603750.000,1601700.000,678.666,133.323
603800.000,1601700.000,680.373,126.163
603850.000,1601700.000,681.681,99.040
603900.000,1601700.000,682.493,81.460
603950.000,1601700.000,682.713,78.285
604000.000,1601700.000,682.270,51.388
604050.000,1601700.000,681.120,51.595
604100.000,1601700.000,679.278,31.527
604150.000,1601700.000,676.741,26.637
604200.000,1601700.000,673.560,17.650
604250.000,1601700.000,669.789,3.804
604300.000,1601700.000,665.485,-10.705
604350.000,1601700.000,660.730,-13.913
604400.000,1601700.000,655.596,-8.655
604450.000,1601700.000,650.144,-28.836
604500.000,1601700.000,644.440,-29.569
604550.000,1601700.000,638.566,-27.403
604600.000,1601700.000,632.595,-31.168
604650.000,1601700.000,626.601,-37.235
604700.000,1601700.000,620.722,-41.985
604750.000,1601700.000,615.058,-35.095
604800.000,1601700.000,609.772,-38.550
604850.000,1601700.000,605.039,-40.128
604900.000,1601700.000,601.033,-43.649
604950.000,1601700.000,597.956,-45.719
605000.000,1601700.000,595.995,-38.691
600000.000,1601750.000,706.068,-33.181
600050.000,1601750.000,706.445,-17.809
600100.000,1601750.000,706.622,-18.472
600150.000,1601750.000,706.455,-9.895
600200.000,1601750.000,705.811,-22.008
600250.000,1601750.000,704.589,-12.765
600300.000,1601750.000,702.679,-10.550
600350.000,1601750.000,700.014,-9.006
600400.000,1601750.000,696.558,-11.342
600450.000,1601750.000,692.313,-1.929
600500.000,1601750.000,687.326,-7.009
600550.000,1601750.000,681.678,-2.761
600600.000,1601750.000,675.526,-0.209
600650.000,1601750.000,669.025,12.672
600700.000,1601750.000,662.383,10.837
600750.000,1601750.000,655.827,22.704
600800.000,1601750.000,649.571,25.905
600850.000,1601750.000,643.828,28.819
600900.000,1601750.000,638.783,40.834
600950.000,1601750.000,634.597,52.142
601000.000,1601750.000,631.362,74.611
601050.000,1601750.000,629.162,82.251
601100.000,1601750.000,627.983,79.520
601150.000,1601750.000,627.791,109.436
601200.000,1601750.000,628.514,124.015
601250.000,1601750.000,630.034,110.586
601300.000,1601750.000,632.232,111.667
601350.000,1601750.000,634.960,122.794
601400.000,1601750.000,638.080,111.692
601450.000,1601750.000,641.445,98.397
601500.000,1601750.000,644.963,76.332
601550.000,1601750.000,648.515,61.907
601600.000,1601750.000,652.013,58.195
601650.000,1601750.000,655.386,30.677
601700.000,1601750.000,658.577,18.733
601750.000,1601750.000,661.512,9.895
601800.000,1601750.000,664.141,-5.352
601850.000,1601750.000,666.418,-16.723
601900.000,1601750.000,668.301,-38.906
601950.000,1601750.000,669.750,-43.774
602000.000,1601750.000,670.738,-62.041
602050.000,1601750.000,671.227,-62.073
602100.000,1601750.000,671.232,-72.951
602150.000,1601750.000,670.761,-87.960
602200.000,1601750.000,669.854,-89.724
602250.000,1601750.000,668.574,-99.692
602300.000,1601750.000,666.989,-107.607
602350.000,1601750.000,665.204,-117.423
602400.000,1601750.000,663.298,-119.710
602450.000,1601750.000,661.403,-134.050
602500.000,1601750.000,659.613,-157.228
602550.000,1601750.000,658.020,-148.868
602600.000,1601750.000,656.680,-178.344
602650.000,1601750.000,655.659,-186.669
602700.000,1601750.000,654.973,-205.351
602750.000,1601750.000,654.610,-220.526
602800.000,1601750.000,654.558,-200.287
602850.000,1601750.000,654.784,-187.632
602900.000,1601750.000,655.229,-128.955
602950.000,1601750.000,655.830,-3.116
603000.000,1601750.000,656.558,124.772
603050.000,1601750.000,657.358,225.772
603100.000,1601750.000,658.193,258.484
603150.000,1601750.000,659.057,245.350
603200.000,1601750.000,659.954,215.084
603250.000,1601750.000,660.897,205.235
603300.000,1601750.000,661.924,187.512
603350.000,1601750.000,663.070,181.752
603400.000,1601750.000,664.365,172.881
603450.000,1601750.000,665.832,157.414
603500.000,1601750.000,667.463,143.909
603550.000,1601750.000,669.258,131.449
603600.000,1601750.000,671.167,117.571
603650.000,1601750.000,673.133,108.037
603700.000,1601750.000,675.063,92.702
603750.000,1601750.000,676.856,83.589
603800.000,1601750.000,678.391,61.974
603850.000,1601750.000,679.556,59.395
603900.000,1601750.000,680.257,56.865
603950.000,1601750.000,680.404,36.043
604000.000,1601750.000,679.928,33.797
604050.000,1601750.000,678.786,3.698
604100.000,1601750.000,676.986,9.527
604150.000,1601750.000,674.524,-3.040
604200.000,1601750.000,671.441,-11.630
604250.000,1601750.000,667.783,-12.582
604300.000,1601750.000,663.599,-26.936
604350.000,1601750.000,658.958,-29.267
604400.000,1601750.000,653.924,-24.472
604450.000,1601750.000,648.545,-39.125
604500.000,1601750.000,642.880,-36.484
604550.000,1601750.000,637.006,-48.569
604600.000,1601750.000,630.988,-49.219
604650.000,1601750.000,624.901,-51.563
604700.000,1601750.000,618.880,-54.647
604750.000,1601750.000,613.027,-62.488
604800.000,1601750.000,607.512,-47.325
604850.000,1601750.000,602.515,-53.095
604900.000,1601750.000,598.220,-59.919
604950.000,1601750.000,594.838,-52.489
605000.000,1601750.000,592.570,-43.471
600000.000,1601800.000,697.265,-21.444
600050.000,1601800.000,697.888,-15.303
600100.000,1601800.000,698.333,-11.878
600150.000,1601800.000,698.457,-18.364
600200.000,1601800.000,698.128,-23.398
600250.000,1601800.000,697.246,-15.267
600300.000,1601800.000,695.703,-21.758
600350.000,1601800.000,693.434,-14.986
600400.000,1601800.000,690.407,-20.685
600450.000,1601800.000,686.625,-4.839
600500.000,1601800.000,682.133,-15.307
600550.000,1601800.000,677.016,-9.301
600600.000,1601800.000,671.426,-14.526
600650.000,1601800.000,665.516,5.622
600700.000,1601800.000,659.487,4.193
600750.000,1601800.000,653.562,24.647
600800.000,1601800.000,647.946,38.516
600850.000,1601800.000,642.844,36.091
600900.000,1601800.000,638.432,47.950
600950.000,1601800.000,634.863,63.545
601000.000,1601800.000,632.220,99.499
601050.000,1601800.000,630.577,96.579
601100.000,1601800.000,629.913,103.521
601150.000,1601800.000,630.184,133.029
601200.000,1601800.000,631.312,135.037
601250.000,1601800.000,633.171,136.310
601300.000,1601800.000,635.633,141.251
601350.000,1601800.000,638.546,135.514
601400.000,1601800.000,641.763,115.828
601450.000,1601800.000,645.137,111.880
601500.000,1601800.000,648.569,103.297
601550.000,1601800.000,651.940,79.499
601600.000,1601800.000,655.163,64.804
601650.000,1601800.000,658.172,40.646
601700.000,1601800.000,660.918,25.248
601750.000,1601800.000,663.335,6.702
601800.000,1601800.000,665.386,-2.783
601850.000,1601800.000,667.041,-22.653
601900.000,1601800.000,668.275,-44.678
601950.000,1601800.000,669.064,-50.290
602000.000,1601800.000,669.401,-65.155
602050.000,1601800.000,669.264,-82.515
602100.000,1601800.000,668.686,-68.146
602150.000,1601800.000,667.685,-84.272
602200.000,1601800.000,666.316,-104.103
602250.000,1601800.000,664.651,-112.029
602300.000,1601800.000,662.764,-128.017
602350.000,1601800.000,660.764,-142.117
602400.000,1601800.000,658.732,-146.802
602450.000,1601800.000,656.798,-160.051
602500.000,1601800.000,655.054,-190.764
602550.000,1601800.000,653.587,-179.444
602600.000,1601800.000,652.446,-209.758
602650.000,1601800.000,651.691,-223.232
602700.000,1601800.000,651.327,-242.013
602750.000,1601800.000,651.330,-251.544
602800.000,1601800.000,651.680,-243.704
602850.000,1601800.000,652.331,-213.181
602900.000,1601800.000,653.208,-127.991
602950.000,1601800.000,654.237,-8.641
603000.000,1601800.000,655.377,129.616
603050.000,1601800.000,656.560,250.114
603100.000,1601800.000,657.738,303.443
603150.000,1601800.000,658.897,275.987
603200.000,1601800.000,660.032,232.426
603250.000,1601800.000,661.150,178.661
603300.000,1601800.000,662.289,133.169
603350.000,1601800.000,663.481,107.978
603400.000,1601800.000,664.757,107.624
603450.000,1601800.000,666.145,110.495
603500.000,1601800.000,667.643,82.717
603550.000,1601800.000,669.259,75.522
603600.000,1601800.000,670.955,59.956
603650.000,1601800.000,672.681,61.931
603700.000,1601800.000,674.359,44.752
603750.000,1601800.000,675.899,35.627
603800.000,1601800.000,677.194,32.811
603850.000,1601800.000,678.141,33.550
603900.000,1601800.000,678.657,15.053
603950.000,1601800.000,678.660,5.376
604000.000,1601800.000,678.086,-0.981
604050.000,1601800.000,676.894,-12.421
604100.000,1601800.000,675.093,-25.299
604150.000,1601800.000,672.676,-25.848
604200.000,1601800.000,669.677,-30.401
604250.000,1601800.000,666.135,-40.529
604300.000,1601800.000,662.090,-38.656
604350.000,1601800.000,657.599,-46.093
604400.000,1601800.000,652.714,-49.711
604450.000,1601800.000,647.474,-48.056
604500.000,1601800.000,641.928,-65.785
604550.000,1601800.000,636.142,-63.213
604600.000,1601800.000,630.174,-67.691
604650.000,1601800.000,624.093,-72.675
604700.000,1601800.000,618.033,-63.624
604750.000,1601800.000,612.094,-68.411
604800.000,1601800.000,606.445,-47.626
604850.000,1601800.000,601.272,-60.106
604900.000,1601800.000,596.763,-60.805
604950.000,1601800.000,593.137,-58.369
605000.000,1601800.000,590.603,-55.573
600000.000,1601850.000,687.146,-15.474
600050.000,1601850.000,688.017,-17.778
600100.000,1601850.000,688.752,-25.506
600150.000,1601850.000,689.207,-21.161
600200.000,1601850.000,689.250,-21.676
600250.000,1601850.000,688.782,-18.250
600300.000,1601850.000,687.695,-17.609
600350.000,1601850.000,685.922,-27.824
600400.000,1601850.000,683.432,-24.150
600450.000,1601850.000,680.225,-20.408
600500.000,1601850.000,676.343,-9.166
600550.000,1601850.000,671.866,-3.989
600600.000,1601850.000,666.938,-4.064
600650.000,1601850.000,661.708,-5.954
600700.000,1601850.000,656.366,17.199
600750.000,1601850.000,651.130,10.041
600800.000,1601850.000,646.194,29.383
600850.000,1601850.000,641.756,46.426
600900.000,1601850.000,637.985,54.627
600950.000,1601850.000,635.025,92.557
601000.000,1601850.000,632.955,103.836
601050.000,1601850.000,631.843,129.427
601100.000,1601850.000,631.663,135.940
601150.000,1601850.000,632.367,130.444
601200.000,1601850.000,633.872,165.554
601250.000,1601850.000,636.048,164.145
601300.000,1601850.000,638.762,156.022
601350.000,1601850.000,641.857,162.061
601400.000,1601850.000,645.181,144.641
601450.000,1601850.000,648.581,136.936
601500.000,1601850.000,651.953,98.302
601550.000,1601850.000,655.177,88.252
601600.000,1601850.000,658.164,68.069
601650.000,1601850.000,660.847,51.708
601700.000,1601850.000,663.183,20.908
601750.000,1601850.000,665.112,11.202
601800.000,1601850.000,666.608,-16.778
601850.000,1601850.000,667.653,-26.313
601900.000,1601850.000,668.237,-48.194
601950.000,1601850.000,668.356,-59.739
602000.000,1601850.000,668.018,-68.290
602050.000,1601850.000,667.223,-86.706
602100.000,1601850.000,666.021,-96.460
602150.000,1601850.000,664.447,-104.976
602200.000,1601850.000,662.572,-121.194
602250.000,1601850.000,660.479,-127.777
602300.000,1601850.000,658.255,-138.296
602350.000,1601850.000,656.013,-157.455
602400.000,1601850.000,653.839,-178.504
602450.000,1601850.000,651.864,-175.310
602500.000,1601850.000,650.178,-207.769
602550.000,1601850.000,648.863,-224.768
602600.000,1601850.000,647.964,-233.061
602650.000,1601850.000,647.529,-274.728
602700.000,1601850.000,647.552,-263.960
602750.000,1601850.000,648.000,-303.852
602800.000,1601850.000,648.836,-267.848
602850.000,1601850.000,650.002,-235.302
602900.000,1601850.000,651.407,-149.869
602950.000,1601850.000,652.961,-8.032
603000.000,1601850.000,654.610,170.980
603050.000,1601850.000,656.272,268.154
603100.000,1601850.000,657.884,304.162
603150.000,1601850.000,659.424,264.794
603200.000,1601850.000,660.877,203.280
603250.000,1601850.000,662.241,147.571
603300.000,1601850.000,663.552,113.410
603350.000,1601850.000,664.837,86.581
603400.000,1601850.000,666.130,54.803
603450.000,1601850.000,667.460,48.215
603500.000,1601850.000,668.832,41.426
603550.000,1601850.000,670.259,31.014
603600.000,1601850.000,671.717,15.517
603650.000,1601850.000,673.165,8.310
603700.000,1601850.000,674.541,-1.323
603750.000,1601850.000,675.771,-15.539
603800.000,1601850.000,676.758,-10.972
603850.000,1601850.000,677.416,-21.552
603900.000,1601850.000,677.675,-18.313
603950.000,1601850.000,677.464,-30.710
604000.000,1601850.000,676.729,-43.299
604050.000,1601850.000,675.433,-43.131
604100.000,1601850.000,673.587,-36.394
604150.000,1601850.000,671.183,-50.575
604200.000,1601850.000,668.251,-60.027
604250.000,1601850.000,664.825,-55.034
604300.000,1601850.000,660.932,-60.655
604350.000,1601850.000,656.621,-74.553
604400.000,1601850.000,651.932,-79.413
604450.000,1601850.000,646.889,-72.113
604500.000,1601850.000,641.534,-74.097
604550.000,1601850.000,635.917,-60.514
604600.000,1601850.000,630.090,-79.783
604650.000,1601850.000,624.113,-68.069
604700.000,1601850.000,618.111,-67.300
604750.000,1601850.000,612.183,-75.178
604800.000,1601850.000,606.494,-77.621
604850.000,1601850.000,601.229,-65.993
604900.000,1601850.000,596.581,-68.415
604950.000,1601850.000,592.769,-59.295
605000.000,1601850.000,590.011,-68.646
600000.000,1601900.000,676.020,-27.105
600050.000,1601900.000,677.138,-26.738
600100.000,1601900.000,678.178,-23.345
600150.000,1601900.000,678.996,-27.111
600200.000,1601900.000,679.459,-20.517
600250.000,1601900.000,679.467,-28.657
600300.000,1601900.000,678.911,-18.472
600350.000,1601900.000,677.720,-17.592
600400.000,1601900.000,675.860,-20.031
600450.000,1601900.000,673.324,-26.087
600500.000,1601900.000,670.147,-20.678
600550.000,1601900.000,666.398,-12.404
600600.000,1601900.000,662.215,-0.283
600650.000,1601900.000,657.733,-5.785
600700.000,1601900.000,653.134,-2.076
600750.000,1601900.000,648.623,13.950
600800.000,1601900.000,644.387,37.513
600850.000,1601900.000,640.614,47.619
600900.000,1601900.000,637.469,59.816
600950.000,1601900.000,635.090,86.479
601000.000,1601900.000,633.552,117.337
601050.000,1601900.000,632.922,138.903
601100.000,1601900.000,633.173,161.100
601150.000,1601900.000,634.256,178.125
601200.000,1601900.000,636.090,204.160
601250.000,1601900.000,638.541,196.139
601300.000,1601900.000,641.476,207.005
601350.000,1601900.000,644.734,221.142
601400.000,1601900.000,648.158,194.193
601450.000,1601900.000,651.592,166.248
601500.000,1601900.000,654.924,145.604
601550.000,1601900.000,658.032,109.293
601600.000,1601900.000,660.820,95.172
601650.000,1601900.000,663.222,58.850
601700.000,1601900.000,665.194,34.404
601750.000,1601900.000,666.680,7.845
601800.000,1601900.000,667.662,-19.919
601850.000,1601900.000,668.133,-38.901
601900.000,1601900.000,668.094,-54.318
601950.000,1601900.000,667.558,-79.199
602000.000,1601900.000,666.553,-78.792
602050.000,1601900.000,665.097,-115.350
602100.000,1601900.000,663.260,-103.309
602150.000,1601900.000,661.097,-113.713
602200.000,1601900.000,658.695,-142.977
602250.000,1601900.000,656.154,-150.210
602300.000,1601900.000,653.572,-157.561
602350.000,1601900.000,651.074,-169.785
602400.000,1601900.000,648.750,-164.882
602450.000,1601900.000,646.735,-216.487
602500.000,1601900.000,645.119,-210.868
602550.000,1601900.000,643.981,-230.393
602600.000,1601900.000,643.356,-279.849
602650.000,1601900.000,643.286,-307.161
602700.000,1601900.000,643.753,-296.336
602750.000,1601900.000,644.708,-338.172
602800.000,1601900.000,646.102,-309.019
602850.000,1601900.000,647.859,-257.835
602900.000,1601900.000,649.872,-167.451
602950.000,1601900.000,652.034,-8.837
603000.000,1601900.000,654.276,163.366
603050.000,1601900.000,656.498,280.238
603100.000,1601900.000,658.624,322.473
603150.000,1601900.000,660.619,266.306
603200.000,1601900.000,662.459,197.948
603250.000,1601900.000,664.130,141.474
603300.000,1601900.000,665.665,75.277
603350.000,1601900.000,667.085,51.218
603400.000,1601900.000,668.424,15.674
603450.000,1601900.000,669.714,3.568
603500.000,1601900.000,670.962,-7.892
603550.000,1601900.000,672.191,-13.176
603600.000,1601900.000,673.386,-18.908
603650.000,1601900.000,674.521,-29.854
603700.000,1601900.000,675.547,-44.535
603750.000,1601900.000,676.408,-46.964
603800.000,1601900.000,677.023,-53.155
603850.000,1601900.000,677.326,-45.888
603900.000,1601900.000,677.259,-58.062
603950.000,1601900.000,676.768,-59.782
604000.000,1601900.000,675.808,-72.812
604050.000,1601900.000,674.354,-68.572
604100.000,1601900.000,672.417,-89.357
604150.000,1601900.000,669.992,-63.687
604200.000,1601900.000,667.105,-74.926
604250.000,1601900.000,663.786,-82.461
604300.000,1601900.000,660.053,-81.321
604350.000,1601900.000,655.943,-84.684
604400.000,1601900.000,651.484,-98.072
604450.000,1601900.000,646.687,-91.945
604500.000,1601900.000,641.582,-93.310
604550.000,1601900.000,636.206,-95.792
604600.000,1601900.000,630.598,-73.259
604650.000,1601900.000,624.812,-90.269
604700.000,1601900.000,618.960,-94.226
604750.000,1601900.000,613.134,-70.926
604800.000,1601900.000,607.495,-81.548
604850.000,1601900.000,602.223,-76.686
604900.000,1601900.000,597.509,-70.791
604950.000,1601900.000,593.573,-73.614
605000.000,1601900.000,590.637,-71.469
600000.000,1601950.000,664.257,-24.099
600050.000,1601950.000,665.613,-26.544
600100.000,1601950.000,666.960,-22.564
600150.000,1601950.000,668.157,-18.810
600200.000,1601950.000,669.069,-31.666
600250.000,1601950.000,669.594,-31.190
600300.000,1601950.000,669.621,-22.367
600350.000,1601950.000,669.074,-25.945
600400.000,1601950.000,667.910,-30.055
600450.000,1601950.000,666.114,-23.461
600500.000,1601950.000,663.709,-19.413
600550.000,1601950.000,660.754,-14.446
600600.000,1601950.000,657.370,-15.884
600650.000,1601950.000,653.682,-7.299
600700.000,1601950.000,649.855,3.371
600750.000,1601950.000,646.086,5.877
600800.000,1601950.000,642.547,25.156
600850.000,1601950.000,639.423,48.425
600900.000,1601950.000,636.870,59.648
600950.000,1601950.000,635.026,101.367
601000.000,1601950.000,633.963,123.425
601050.000,1601950.000,633.750,165.974
601100.000,1601950.000,634.365,192.486
601150.000,1601950.000,635.761,209.196
601200.000,1601950.000,637.860,235.435
601250.000,1601950.000,640.532,252.322
601300.000,1601950.000,643.642,250.321
601350.000,1601950.000,647.033,229.730
601400.000,1601950.000,650.541,227.185
601450.000,1601950.000,654.008,200.892
601500.000,1601950.000,657.314,157.403
601550.000,1601950.000,660.334,122.880
601600.000,1601950.000,662.965,82.337
601650.000,1601950.000,665.136,69.442
601700.000,1601950.000,666.801,36.168
601750.000,1601950.000,667.905,5.672
601800.000,1601950.000,668.433,-4.758
601850.000,1601950.000,668.386,-42.651
601900.000,1601950.000,667.777,-66.575
601950.000,1601950.000,666.631,-74.557
602000.000,1601950.000,664.994,-106.019
602050.000,1601950.000,662.904,-118.592
602100.000,1601950.000,660.452,-119.703
602150.000,1601950.000,657.708,-140.250
602200.000,1601950.000,654.784,-170.824
602250.000,1601950.000,651.793,-166.645
602300.000,1601950.000,648.852,-170.791
602350.000,1601950.000,646.094,-185.724
602400.000,1601950.000,643.620,-218.516
602450.000,1601950.000,641.570,-222.746
602500.000,1601950.000,640.034,-244.575
602550.000,1601950.000,639.089,-253.730
602600.000,1601950.000,638.765,-290.778
602650.000,1601950.000,639.093,-301.011
602700.000,1601950.000,640.045,-323.453
602750.000,1601950.000,641.557,-362.951
602800.000,1601950.000,643.564,-360.810
602850.000,1601950.000,645.974,-311.090
602900.000,1601950.000,648.659,-225.974
602950.000,1601950.000,651.496,-59.613
603000.000,1601950.000,654.398,131.234
603050.000,1601950.000,657.249,260.940
603100.000,1601950.000,659.954,284.407
603150.000,1601950.000,662.467,248.386
603200.000,1601950.000,664.751,180.925
603250.000,1601950.000,666.781,125.593
603300.000,1601950.000,668.583,72.250
603350.000,1601950.000,670.173,31.638
603400.000,1601950.000,671.580,-0.212
603450.000,1601950.000,672.842,-10.680
603500.000,1601950.000,673.966,-30.869
603550.000,1601950.000,674.984,-44.202
603600.000,1601950.000,675.893,-42.000
603650.000,1601950.000,676.678,-59.848
603700.000,1601950.000,677.308,-61.609
603750.000,1601950.000,677.747,-68.180
603800.000,1601950.000,677.930,-85.848
603850.000,1601950.000,677.813,-84.334
603900.000,1601950.000,677.355,-95.987
603950.000,1601950.000,676.520,-84.468
604000.000,1601950.000,675.277,-92.948
604050.000,1601950.000,673.611,-88.714
604100.000,1601950.000,671.538,-97.009
604150.000,1601950.000,669.057,-105.688
604200.000,1601950.000,666.192,-99.527
604250.000,1601950.000,662.968,-88.018
604300.000,1601950.000,659.396,-117.152
604350.000,1601950.000,655.499,-97.718
604400.000,1601950.000,651.297,-97.923
604450.000,1601950.000,646.783,-101.726
604500.000,1601950.000,641.979,-103.838
604550.000,1601950.000,636.904,-94.921
604600.000,1601950.000,631.587,-90.516
604650.000,1601950.000,626.067,-101.913
604700.000,1601950.000,620.447,-93.173
604750.000,1601950.000,614.809,-85.846
604800.000,1601950.000,609.302,-76.627
604850.000,1601950.000,604.102,-98.975
604900.000,1601950.000,599.393,-77.406
604950.000,1601950.000,595.393,-71.969
605000.000,1601950.000,592.324,-74.587
600000.000,1602000.000,652.275,-22.206
600050.000,1602000.000,653.851,-29.584
600100.000,1602000.000,655.496,-22.045
600150.000,1602000.000,657.071,-29.029
600200.000,1602000.000,658.442,-33.953
600250.000,1602000.000,659.504,-30.004
600300.000,1602000.000,660.142,-30.012
600350.000,1602000.000,660.271,-25.907
600400.000,1602000.000,659.842,-31.839
600450.000,1602000.000,658.826,-29.939
600500.000,1602000.000,657.233,-25.559
600550.000,1602000.000,655.105,-24.399
600600.000,1602000.000,652.548,-17.337
600650.000,1602000.000,649.670,-17.499
600700.000,1602000.000,646.620,-7.630
600750.000,1602000.000,643.583,1.705
600800.000,1602000.000,640.719,20.995
600850.000,1602000.000,638.204,36.646
600900.000,1602000.000,636.193,76.166
600950.000,1602000.000,634.819,85.972
601000.000,1602000.000,634.160,125.943
601050.000,1602000.000,634.286,165.542
601100.000,1602000.000,635.184,234.235
601150.000,1602000.000,636.812,273.815
601200.000,1602000.000,639.102,282.015
601250.000,1602000.000,641.928,301.005
601300.000,1602000.000,645.160,299.015
601350.000,1602000.000,648.642,307.701
601400.000,1602000.000,652.210,267.802
601450.000,1602000.000,655.703,218.899
601500.000,1602000.000,658.994,181.394
601550.000,1602000.000,661.952,153.913
601600.000,1602000.000,664.468,104.335
601650.000,1602000.000,666.463,61.919
601700.000,1602000.000,667.888,18.143
601750.000,1602000.000,668.682,1.882
601800.000,1602000.000,668.833,-29.533
601850.000,1602000.000,668.346,-54.088
601900.000,1602000.000,667.241,-75.611
601950.000,1602000.000,665.557,-95.621
602000.000,1602000.000,663.351,-95.635
602050.000,1602000.000,660.682,-117.607
602100.000,1602000.000,657.658,-140.696
602150.000,1602000.000,654.371,-128.325
602200.000,1602000.000,650.950,-177.913
602250.000,1602000.000,647.529,-161.594
602300.000,1602000.000,644.241,-184.449
602350.000,1602000.000,641.232,-225.444
602400.000,1602000.000,638.615,-230.639
602450.000,1602000.000,636.536,-257.327
602500.000,1602000.000,635.090,-260.169
602550.000,1602000.000,634.349,-288.115
602600.000,1602000.000,634.342,-315.349
602650.000,1602000.000,635.091,-323.121
602700.000,1602000.000,636.555,-383.990
602750.000,1602000.000,638.656,-390.800
602800.000,1602000.000,641.314,-405.890
602850.000,1602000.000,644.418,-358.182
602900.000,1602000.000,647.822,-282.254
602950.000,1602000.000,651.383,-116.277
603000.000,1602000.000,654.995,72.970
603050.000,1602000.000,658.524,240.322
603100.000,1602000.000,661.859,273.449
603150.000,1602000.000,664.937,227.180
603200.000,1602000.000,667.708,158.341
603250.000,1602000.000,670.136,104.922
603300.000,1602000.000,672.237,55.918
603350.000,1602000.000,674.021,28.174
603400.000,1602000.000,675.513,-5.095
603450.000,1602000.000,676.752,-27.153
603500.000,1602000.000,677.750,-46.876
603550.000,1602000.000,678.543,-70.723
603600.000,1602000.000,679.141,-87.682
603650.000,1602000.000,679.543,-82.278
603700.000,1602000.000,679.736,-80.541
603750.000,1602000.000,679.703,-101.032
603800.000,1602000.000,679.401,-114.333
603850.000,1602000.000,678.808,-109.631
603900.000,1602000.000,677.903,-99.940
603950.000,1602000.000,676.668,-119.165
604000.000,1602000.000,675.089,-114.817
604050.000,1602000.000,673.164,-121.855
604100.000,1602000.000,670.915,-112.047
604150.000,1602000.000,668.345,-140.730
604200.000,1602000.000,665.478,-129.673
604250.000,1602000.000,662.334,-124.773
604300.000,1602000.000,658.918,-125.318
604350.000,1602000.000,655.241,-118.092
604400.000,1602000.000,651.310,-105.829
604450.000,1602000.000,647.108,-117.988
604500.000,1602000.000,642.640,-117.724
604550.000,1602000.000,637.913,-106.725
604600.000,1602000.000,632.940,-123.435
604650.000,1602000.000,627.750,-105.924
604700.000,1602000.000,622.429,-95.548
604750.000,1602000.000,617.048,-103.826
604800.000,1602000.000,611.746,-105.912
604850.000,1602000.000,606.686,-87.342
604900.000,1602000.000,602.046,-81.966
604950.000,1602000.000,598.036,-101.562
605000.000,1602000.000,594.876,-75.341
600000.000,1602050.000,640.477,-25.741
600050.000,1602050.000,642.246,-28.697
600100.000,1602050.000,644.167,-25.102
600150.000,1602050.000,646.104,-34.007
600200.000,1602050.000,647.922,-39.555
600250.000,1602050.000,649.514,-29.931
600300.000,1602050.000,650.763,-32.852
600350.000,1602050.000,651.574,-39.896
600400.000,1602050.000,651.885,-47.829
600450.000,1602050.000,651.657,-36.351
600500.000,1602050.000,650.882,-37.412
600550.000,1602050.000,649.585,-26.911
600600.000,1602050.000,647.851,-27.219
600650.000,1602050.000,645.772,-15.723
600700.000,1602050.000,643.479,-17.901
600750.000,1602050.000,641.141,-5.315
600800.000,1602050.000,638.908,15.886
600850.000,1602050.000,636.949,38.552
600900.000,1602050.000,635.414,60.350
600950.000,1602050.000,634.437,105.355
601000.000,1602050.000,634.101,146.641
601050.000,1602050.000,634.481,219.074
601100.000,1602050.000,635.575,249.068
601150.000,1602050.000,637.353,295.335
601200.000,1602050.000,639.756,320.760
601250.000,1602050.000,642.666,387.763
601300.000,1602050.000,645.962,379.819
601350.000,1602050.000,649.493,343.207
601400.000,1602050.000,653.093,323.716
601450.000,1602050.000,656.603,272.409
601500.000,1602050.000,659.886,211.517
601550.000,1602050.000,662.810,158.373
601600.000,1602050.000,665.255,107.896
601650.000,1602050.000,667.134,52.789
601700.000,1602050.000,668.390,19.889
601750.000,1602050.000,668.958,-9.818
601800.000,1602050.000,668.823,-38.563
601850.000,1602050.000,667.991,-52.827
601900.000,1602050.000,666.485,-80.427
601950.000,1602050.000,664.352,-108.411
602000.000,1602050.000,661.664,-139.457
602050.000,1602050.000,658.494,-131.445
602100.000,1602050.000,654.967,-147.649
602150.000,1602050.000,651.193,-152.736
602200.000,1602050.000,647.323,-186.335
602250.000,1602050.000,643.508,-184.968
602300.000,1602050.000,639.900,-209.058
602350.000,1602050.000,636.659,-226.426
602400.000,1602050.000,633.912,-259.490
602450.000,1602050.000,631.813,-262.938
602500.000,1602050.000,630.461,-283.442
602550.000,1602050.000,629.930,-289.180
602600.000,1602050.000,630.246,-353.512
602650.000,1602050.000,631.423,-357.016
602700.000,1602050.000,633.411,-378.209
602750.000,1602050.000,636.116,-396.905
602800.000,1602050.000,639.444,-416.682
602850.000,1602050.000,643.265,-411.799
602900.000,1602050.000,647.414,-303.545
602950.000,1602050.000,651.727,-133.106
603000.000,1602050.000,656.081,71.871
603050.000,1602050.000,660.320,227.757
603100.000,1602050.000,664.317,264.681
603150.000,1602050.000,667.991,233.478
603200.000,1602050.000,671.278,170.790
603250.000,1602050.000,674.128,119.347
603300.000,1602050.000,676.549,52.636
603350.000,1602050.000,678.540,17.357
603400.000,1602050.000,680.124,-7.493
603450.000,1602050.000,681.339,-38.643
603500.000,1602050.000,682.201,-72.011
603550.000,1602050.000,682.751,-88.014
603600.000,1602050.000,683.013,-108.313
603650.000,1602050.000,683.000,-107.190
603700.000,1602050.000,682.716,-127.012
603750.000,1602050.000,682.169,-131.691
603800.000,1602050.000,681.335,-145.406
603850.000,1602050.000,680.217,-142.089
603900.000,1602050.000,678.815,-151.977
603950.000,1602050.000,677.133,-132.206
604000.000,1602050.000,675.173,-145.735
604050.000,1602050.000,672.949,-142.148
604100.000,1602050.000,670.487,-129.809
604150.000,1602050.000,667.798,-139.662
604200.000,1602050.000,664.905,-124.048
604250.000,1602050.000,661.826,-135.060
604300.000,1602050.000,658.556,-133.057
604350.000,1602050.000,655.097,-133.193
604400.000,1602050.000,651.445,-133.632
604450.000,1602050.000,647.568,-120.377
604500.000,1602050.000,643.461,-133.019
604550.000,1602050.000,639.113,-118.728
604600.000,1602050.000,634.524,-135.785
604650.000,1602050.000,629.709,-109.833
604700.000,1602050.000,624.739,-89.061
604750.000,1602050.000,619.673,-102.301
604800.000,1602050.000,614.633,-108.164
604850.000,1602050.000,609.771,-96.824
604900.000,1602050.000,605.253,-91.477
604950.000,1602050.000,601.280,-103.670
605000.000,1602050.000,598.065,-71.005
600000.000,1602100.000,629.266,-26.566
600050.000,1602100.000,631.193,-29.744
600100.000,1602100.000,633.354,-28.378
600150.000,1602100.000,635.618,-29.237
600200.000,1602100.000,637.851,-33.580
600250.000,1602100.000,639.944,-31.297
600300.000,1602100.000,641.775,-41.803
600350.000,1602100.000,643.242,-44.583
600400.000,1602100.000,644.272,-49.699
600450.000,1602100.000,644.807,-37.322
600500.000,1602100.000,644.825,-38.847
600550.000,1602100.000,644.331,-31.351
600600.000,1602100.000,643.388,-36.995
600650.000,1602100.000,642.070,-25.872
600700.000,1602100.000,640.488,-19.270
600750.000,1602100.000,638.799,-13.282
600800.000,1602100.000,637.137,-5.267
600850.000,1602100.000,635.666,24.503
600900.000,1602100.000,634.533,49.990
600950.000,1602100.000,633.874,97.769
601000.000,1602100.000,633.777,146.241
601050.000,1602100.000,634.324,230.640
601100.000,1602100.000,635.531,286.351
601150.000,1602100.000,637.375,356.505
601200.000,1602100.000,639.814,395.749
601250.000,1602100.000,642.741,430.596
601300.000,1602100.000,646.045,429.121
601350.000,1602100.000,649.580,393.274
601400.000,1602100.000,653.185,363.786
601450.000,1602100.000,656.701,304.468
601500.000,1602100.000,659.985,238.522
601550.000,1602100.000,662.901,165.795
601600.000,1602100.000,665.318,104.468
601650.000,1602100.000,667.142,53.145
601700.000,1602100.000,668.305,12.107
601750.000,1602100.000,668.734,-18.374
601800.000,1602100.000,668.410,-57.834
601850.000,1602100.000,667.335,-85.226
601900.000,1602100.000,665.533,-96.108
601950.000,1602100.000,663.058,-121.616
602000.000,1602100.000,659.988,-135.030
602050.000,1602100.000,656.409,-145.105
602100.000,1602100.000,652.463,-153.647
602150.000,1602100.000,648.276,-152.676
602200.000,1602100.000,644.017,-218.335
602250.000,1602100.000,639.856,-229.647
602300.000,1602100.000,635.963,-227.702
602350.000,1602100.000,632.514,-237.277
602400.000,1602100.000,629.651,-263.743
602450.000,1602100.000,627.538,-278.385
602500.000,1602100.000,626.281,-291.656
602550.000,1602100.000,625.955,-326.336
602600.000,1602100.000,626.587,-348.572
602650.000,1602100.000,628.185,-385.339
602700.000,1602100.000,630.691,-386.174
602750.000,1602100.000,633.996,-416.093
602800.000,1602100.000,637.993,-436.008
602850.000,1602100.000,642.535,-383.711
602900.000,1602100.000,647.436,-305.744
602950.000,1602100.000,652.513,-107.213
603000.000,1602100.000,657.622,127.663
603050.000,1602100.000,662.588,313.980
603100.000,1602100.000,667.263,319.922
603150.000,1602100.000,671.551,275.443
603200.000,1602100.000,675.371,199.432
603250.000,1602100.000,678.659,108.976
603300.000,1602100.000,681.411,53.492
603350.000,1602100.000,683.617,4.044
603400.000,1602100.000,685.295,-24.569
603450.000,1602100.000,686.484,-54.823
603500.000,1602100.000,687.199,-77.361
603550.000,1602100.000,687.492,-103.172
603600.000,1602100.000,687.396,-114.992
603650.000,1602100.000,686.940,-126.268
603700.000,1602100.000,686.149,-141.935
603750.000,1602100.000,685.052,-152.219
603800.000,1602100.000,683.648,-152.571
603850.000,1602100.000,681.966,-151.071
603900.000,1602100.000,680.029,-149.006
603950.000,1602100.000,677.863,-142.495
604000.000,1602100.000,675.487,-166.927
604050.000,1602100.000,672.930,-158.265
604100.000,1602100.000,670.226,-154.963
604150.000,1602100.000,667.392,-177.720
604200.000,1602100.000,664.451,-162.035
604250.000,1602100.000,661.418,-157.324
604300.000,1602100.000,658.281,-147.848
604350.000,1602100.000,655.032,-131.423
604400.000,1602100.000,651.655,-146.039
604450.000,1602100.000,648.106,-134.689
604500.000,1602100.000,644.367,-129.793
604550.000,1602100.000,640.414,-147.926
604600.000,1602100.000,636.230,-133.992
604650.000,1602100.000,631.819,-123.433
604700.000,1602100.000,627.235,-114.576
604750.000,1602100.000,622.522,-109.213
604800.000,1602100.000,617.785,-108.592
604850.000,1602100.000,613.164,-107.053
604900.000,1602100.000,608.810,-96.190
604950.000,1602100.000,604.911,-79.256
605000.000,1602100.000,601.673,-90.895
600000.000,1602150.000,619.035,-24.658
600050.000,1602150.000,621.078,-31.441
600100.000,1602150.000,623.430,-31.193
600150.000,1602150.000,625.970,-38.820
600200.000,1602150.000,628.563,-35.291
600250.000,1602150.000,631.103,-37.280
600300.000,1602150.000,633.461,-42.665
600350.000,1602150.000,635.528,-41.594
600400.000,1602150.000,637.219,-45.428
600450.000,1602150.000,638.461,-39.325
600500.000,1602150.000,639.214,-45.044
600550.000,1602150.000,639.462,-47.404
600600.000,1602150.000,639.247,-42.621
600650.000,1602150.000,638.625,-43.821
600700.000,1602150.000,637.687,-32.900
600750.000,1602150.000,636.572,-32.163
600800.000,1602150.000,635.406,-22.364
600850.000,1602150.000,634.344,1.423
600900.000,1602150.000,633.531,35.883
600950.000,1602150.000,633.105,89.932
601000.000,1602150.000,633.163,150.065
601050.000,1602150.000,633.795,206.035
601100.000,1602150.000,635.032,315.804
601150.000,1602150.000,636.867,374.431
601200.000,1602150.000,639.271,439.563
601250.000,1602150.000,642.153,483.169
601300.000,1602150.000,645.413,482.667
601350.000,1602150.000,648.915,467.060
601400.000,1602150.000,652.502,391.813
601450.000,1602150.000,656.015,333.164
601500.000,1602150.000,659.311,254.445
601550.000,1602150.000,662.246,168.452
601600.000,1602150.000,664.683,91.769
601650.000,1602150.000,666.514,39.377
601700.000,1602150.000,667.664,-2.244
601750.000,1602150.000,668.048,-42.130
601800.000,1602150.000,667.639,-75.166
601850.000,1602150.000,666.434,-93.731
601900.000,1602150.000,664.454,-113.448
601950.000,1602150.000,661.754,-127.103
602000.000,1602150.000,658.417,-152.536
602050.000,1602150.000,654.540,-162.607
602100.000,1602150.000,650.273,-169.747
602150.000,1602150.000,645.761,-195.442
602200.000,1602150.000,641.187,-201.526
602250.000,1602150.000,636.740,-219.318
602300.000,1602150.000,632.607,-249.120
602350.000,1602150.000,628.981,-238.781
602400.000,1602150.000,626.019,-260.519
602450.000,1602150.000,623.896,-306.921
602500.000,1602150.000,622.728,-312.365
602550.000,1602150.000,622.594,-328.325
602600.000,1602150.000,623.525,-368.217
602650.000,1602150.000,625.522,-386.216
602700.000,1602150.000,628.522,-400.275
602750.000,1602150.000,632.405,-447.187
602800.000,1602150.000,637.052,-445.319
602850.000,1602150.000,642.296,-393.059
602900.000,1602150.000,647.935,-260.762
602950.000,1602150.000,653.766,-31.933
603000.000,1602150.000,659.624,233.956
603050.000,1602150.000,665.314,363.338
603100.000,1602150.000,670.667,394.299
603150.000,1602150.000,675.571,302.788
603200.000,1602150.000,679.926,192.008
603250.000,1602150.000,683.653,128.210
603300.000,1602150.000,686.737,62.057
603350.000,1602150.000,689.155,11.054
603400.000,1602150.000,690.923,-28.803
603450.000,1602150.000,692.076,-83.825
603500.000,1602150.000,692.633,-101.780
603550.000,1602150.000,692.651,-120.712
603600.000,1602150.000,692.177,-138.125
603650.000,1602150.000,691.256,-132.529
603700.000,1602150.000,689.931,-163.519
603750.000,1602150.000,688.257,-170.117
603800.000,1602150.000,686.255,-173.375
603850.000,1602150.000,683.982,-186.927
603900.000,1602150.000,681.483,-172.454
603950.000,1602150.000,678.806,-187.639
604000.000,1602150.000,675.989,-182.067
604050.000,1602150.000,673.077,-170.692
604100.000,1602150.000,670.110,-187.791
604150.000,1602150.000,667.111,-182.410
604200.000,1602150.000,664.103,-182.773
604250.000,1602150.000,661.099,-190.269
604300.000,1602150.000,658.080,-175.117
604350.000,1602150.000,655.028,-150.370
604400.000,1602150.000,651.916,-153.778
604450.000,1602150.000,648.688,-136.973
604500.000,1602150.000,645.315,-148.964
604550.000,1602150.000,641.757,-145.840
604600.000,1602150.000,637.986,-141.825
604650.000,1602150.000,633.990,-127.229
604700.000,1602150.000,629.809,-133.386
604750.000,1602150.000,625.471,-115.643
604800.000,1602150.000,621.065,-115.425
604850.000,1602150.000,616.712,-123.126
604900.000,1602150.000,612.551,-117.784
604950.000,1602150.000,608.753,-103.546
605000.000,1602150.000,605.513,-84.094
600000.000,1602200.000,610.098,-31.008
600050.000,1602200.000,612.205,-24.500
600100.000,1602200.000,614.690,-33.447
600150.000,1602200.000,617.437,-34.983
600200.000,1602200.000,620.320,-49.561
600250.000,1602200.000,623.228,-39.797
600300.000,1602200.000,626.033,-46.096
600350.000,1602200.000,628.619,-50.771
600400.000,1602200.000,630.886,-52.914
600450.000,1602200.000,632.751,-56.825
600500.000,1602200.000,634.153,-58.252
600550.000,1602200.000,635.057,-45.962
600600.000,1602200.000,635.486,-62.556
600650.000,1602200.000,635.473,-61.867
600700.000,1602200.000,635.093,-49.331
600750.000,1602200.000,634.469,-55.006
600800.000,1602200.000,633.714,-36.052
600850.000,1602200.000,632.977,-17.662
600900.000,1602200.000,632.404,6.671
600950.000,1602200.000,632.131,55.132
601000.000,1602200.000,632.266,114.368
601050.000,1602200.000,632.909,193.829
601100.000,1602200.000,634.106,299.304
601150.000,1602200.000,635.865,376.880
601200.000,1602200.000,638.175,478.905
601250.000,1602200.000,640.961,525.075
601300.000,1602200.000,644.135,526.479
601350.000,1602200.000,647.572,519.542
601400.000,1602200.000,651.121,419.513
601450.000,1602200.000,654.630,324.767
601500.000,1602200.000,657.946,237.629
601550.000,1602200.000,660.929,161.066
601600.000,1602200.000,663.428,60.308
601650.000,1602200.000,665.328,16.015
601700.000,1602200.000,666.540,-37.857
601750.000,1602200.000,666.969,-79.669
601800.000,1602200.000,666.578,-94.460
601850.000,1602200.000,665.354,-115.256
601900.000,1602200.000,663.312,-135.403
601950.000,1602200.000,660.507,-154.361
602000.000,1602200.000,657.020,-157.493
602050.000,1602200.000,652.957,-166.076
602100.000,1602200.000,648.475,-177.658
602150.000,1602200.000,643.730,-195.101
602200.000,1602200.000,638.921,-212.354
602250.000,1602200.000,634.252,-226.153
602300.000,1602200.000,629.926,-241.003
602350.000,1602200.000,626.153,-257.854
602400.000,1602200.000,623.108,-292.454
602450.000,1602200.000,620.976,-303.828
602500.000,1602200.000,619.887,-340.636
602550.000,1602200.000,619.924,-358.459
602600.000,1602200.000,621.124,-396.119
602650.000,1602200.000,623.486,-417.873
602700.000,1602200.000,626.943,-404.741
602750.000,1602200.000,631.367,-443.602
602800.000,1602200.000,636.626,-428.423
602850.000,1602200.000,642.539,-380.466
602900.000,1602200.000,648.886,-217.835
602950.000,1602200.000,655.446,10.867
603000.000,1602200.000,662.032,263.854
603050.000,1602200.000,668.429,406.120
603100.000,1602200.000,674.449,396.621
603150.000,1602200.000,679.960,314.060
603200.000,1602200.000,684.843,197.423
603250.000,1602200.000,689.004,118.207
603300.000,1602200.000,692.415,44.213
603350.000,1602200.000,695.041,-1.584
603400.000,1602200.000,696.890,-50.941
603450.000,1602200.000,697.999,-110.843
603500.000,1602200.000,698.388,-127.173
603550.000,1602200.000,698.119,-151.966
603600.000,1602200.000,697.252,-159.560
603650.000,1602200.000,695.850,-169.321
603700.000,1602200.000,693.975,-194.161
603750.000,1602200.000,691.706,-188.040
603800.000,1602200.000,689.090,-197.266
603850.000,1602200.000,686.210,-187.427
603900.000,1602200.000,683.132,-199.642
603950.000,1602200.000,679.930,-198.386
604000.000,1602200.000,676.660,-220.867
604050.000,1602200.000,673.378,-196.569
604100.000,1602200.000,670.135,-196.447
604150.000,1602200.000,666.958,-201.997
604200.000,1602200.000,663.870,-202.650
604250.000,1602200.000,660.879,-205.327
604300.000,1602200.000,657.963,-171.231
604350.000,1602200.000,655.091,-175.659
604400.000,1602200.000,652.226,-169.993
604450.000,1602200.000,649.302,-150.459
604500.000,1602200.000,646.279,-172.697
604550.000,1602200.000,643.104,-152.038
604600.000,1602200.000,639.735,-145.034
604650.000,1602200.000,636.150,-143.135
604700.000,1602200.000,632.371,-146.129
604750.000,1602200.000,628.412,-119.710
604800.000,1602200.000,624.343,-124.551
604850.000,1602200.000,620.271,-117.080
604900.000,1602200.000,616.315,-102.272
604950.000,1602200.000,612.631,-102.285
605000.000,1602200.000,609.403,-100.627
600000.000,1602250.000,602.725,-41.922
600050.000,1602250.000,604.844,-49.121
600100.000,1602250.000,607.396,-39.866
600150.000,1602250.000,610.277,-34.590
600200.000,1602250.000,613.362,-47.233
600250.000,1602250.000,616.548,-41.621
600300.000,1602250.000,619.702,-43.608
600350.000,1602250.000,622.703,-61.283
600400.000,1602250.000,625.443,-58.472
600450.000,1602250.000,627.823,-58.025
600500.000,1602250.000,629.766,-65.381
600550.000,1602250.000,631.220,-63.536
600600.000,1602250.000,632.185,-68.811
600650.000,1602250.000,632.680,-82.686
600700.000,1602250.000,632.758,-81.111
600750.000,1602250.000,632.529,-75.685
600800.000,1602250.000,632.095,-60.757
600850.000,1602250.000,631.599,-65.159
600900.000,1602250.000,631.183,-42.615
600950.000,1602250.000,630.989,-6.931
601000.000,1602250.000,631.132,60.727
601050.000,1602250.000,631.720,153.216
601100.000,1602250.000,632.818,258.677
601150.000,1602250.000,634.448,376.661
601200.000,1602250.000,636.617,466.511
601250.000,1602250.000,639.265,530.055
601300.000,1602250.000,642.320,535.285
601350.000,1602250.000,645.669,468.482
601400.000,1602250.000,649.168,412.606
601450.000,1602250.000,652.669,301.404
601500.000,1602250.000,656.019,191.245
601550.000,1602250.000,659.075,103.597
601600.000,1602250.000,661.680,27.351
601650.000,1602250.000,663.705,-35.492
601700.000,1602250.000,665.052,-70.784
601750.000,1602250.000,665.612,-110.791
601800.000,1602250.000,665.337,-132.875
601850.000,1602250.000,664.202,-144.034
601900.000,1602250.000,662.213,-143.660
601950.000,1602250.000,659.421,-163.269
602000.000,1602250.000,655.903,-176.678
602050.000,1602250.000,651.767,-193.167
602100.000,1602250.000,647.174,-203.314
602150.000,1602250.000,642.291,-198.644
602200.000,1602250.000,637.328,-233.859
602250.000,1602250.000,632.502,-238.920
602300.000,1602250.000,628.032,-255.677
602350.000,1602250.000,624.143,-273.504
602400.000,1602250.000,621.026,-289.226
602450.000,1602250.000,618.884,-308.547
602500.000,1602250.000,617.854,-314.544
602550.000,1602250.000,618.032,-380.214
602600.000,1602250.000,619.460,-381.850
602650.000,1602250.000,622.140,-399.462
602700.000,1602250.000,626.002,-447.993
602750.000,1602250.000,630.913,-451.481
602800.000,1602250.000,636.731,-445.644
602850.000,1602250.000,643.262,-378.581
602900.000,1602250.000,650.271,-233.693
602950.000,1602250.000,657.517,0.661
603000.000,1602250.000,664.796,271.225
603050.000,1602250.000,671.870,377.788
603100.000,1602250.000,678.532,375.239
603150.000,1602250.000,684.629,276.470
603200.000,1602250.000,690.026,185.399
603250.000,1602250.000,694.608,93.596
603300.000,1602250.000,698.335,26.441
603350.000,1602250.000,701.159,-27.643
603400.000,1602250.000,703.082,-71.663
603450.000,1602250.000,704.138,-105.690
603500.000,1602250.000,704.350,-141.412
603550.000,1602250.000,703.785,-157.258
603600.000,1602250.000,702.518,-186.562
603650.000,1602250.000,700.626,-184.597
603700.000,1602250.000,698.194,-195.315
603750.000,1602250.000,695.325,-229.993
603800.000,1602250.000,692.091,-230.962
603850.000,1602250.000,688.599,-202.497
603900.000,1602250.000,684.942,-210.705
603950.000,1602250.000,681.213,-221.948
604000.000,1602250.000,677.486,-225.123
604050.000,1602250.000,673.833,-229.138
604100.000,1602250.000,670.309,-216.889
604150.000,1602250.000,666.948,-219.773
604200.000,1602250.000,663.769,-195.605
604250.000,1602250.000,660.779,-199.576
604300.000,1602250.000,657.949,-200.648
604350.000,1602250.000,655.236,-183.631
604400.000,1602250.000,652.596,-180.880
604450.000,1602250.000,649.952,-186.222
604500.000,1602250.000,647.254,-168.446
604550.000,1602250.000,644.436,-169.161
604600.000,1602250.000,641.447,-153.694
604650.000,1602250.000,638.253,-146.487
604700.000,1602250.000,634.859,-143.887
604750.000,1602250.000,631.268,-144.966
604800.000,1602250.000,627.531,-133.700
604850.000,1602250.000,623.737,-123.777
604900.000,1602250.000,619.987,-121.884
604950.000,1602250.000,616.421,-110.278
605000.000,1602250.000,613.208,-93.828
600000.000,1602300.000,597.103,-33.454
600050.000,1602300.000,599.180,-46.755
600100.000,1602300.000,601.730,-40.642
600150.000,1602300.000,604.661,-41.338
600200.000,1602300.000,607.856,-50.264
600250.000,1602300.000,611.215,-53.579
600300.000,1602300.000,614.606,-52.773
600350.000,1602300.000,617.905,-62.694
600400.000,1602300.000,620.995,-56.786
600450.000,1602300.000,623.764,-76.477
600500.000,1602300.000,626.124,-56.253
600550.000,1602300.000,628.005,-81.824
600600.000,1602300.000,629.388,-92.652
600650.000,1602300.000,630.275,-101.067
600700.000,1602300.000,630.703,-98.689
600750.000,1602300.000,630.769,-112.575
600800.000,1602300.000,630.564,-112.515
600850.000,1602300.000,630.224,-99.343
600900.000,1602300.000,629.892,-104.313
600950.000,1602300.000,629.711,-57.868
601000.000,1602300.000,629.803,-15.265
601050.000,1602300.000,630.286,47.690
601100.000,1602300.000,631.241,136.016
601150.000,1602300.000,632.705,257.537
601200.000,1602300.000,634.700,370.485
601250.000,1602300.000,637.186,423.302
601300.000,1602300.000,640.102,437.837
601350.000,1602300.000,643.351,402.006
601400.000,1602300.000,646.794,333.040
601450.000,1602300.000,650.293,205.937
601500.000,1602300.000,653.692,103.837
601550.000,1602300.000,656.849,20.277
601600.000,1602300.000,659.598,-47.701
601650.000,1602300.000,661.801,-104.280
601700.000,1602300.000,663.349,-128.002
601750.000,1602300.000,664.119,-128.843
601800.000,1602300.000,664.050,-147.429
601850.000,1602300.000,663.103,-171.666
601900.000,1602300.000,661.274,-177.938
601950.000,1602300.000,658.604,-193.459
602000.000,1602300.000,655.165,-207.538
602050.000,1602300.000,651.064,-198.977
602100.000,1602300.000,646.461,-211.877
602150.000,1602300.000,641.531,-235.481
602200.000,1602300.000,636.490,-236.278
602250.000,1602300.000,631.568,-268.021
602300.000,1602300.000,626.996,-283.226
602350.000,1602300.000,623.017,-272.398
602400.000,1602300.000,619.836,-309.767
602450.000,1602300.000,617.672,-346.211
602500.000,1602300.000,616.676,-330.449
602550.000,1602300.000,616.954,-373.099
602600.000,1602300.000,618.559,-409.557
602650.000,1602300.000,621.495,-440.613
602700.000,1602300.000,625.696,-480.401
602750.000,1602300.000,631.025,-462.323
602800.000,1602300.000,637.334,-474.554
602850.000,1602300.000,644.417,-407.230
602900.000,1602300.000,652.026,-270.003
602950.000,1602300.000,659.903,-26.986
603000.000,1602300.000,667.825,197.858
603050.000,1602300.000,675.535,316.875
603100.000,1602300.000,682.804,324.688
603150.000,1602300.000,689.459,235.876
603200.000,1602300.000,695.346,149.705
603250.000,1602300.000,700.332,66.523
603300.000,1602300.000,704.361,-1.965
603350.000,1602300.000,707.374,-64.087
603400.000,1602300.000,709.363,-97.741
603450.000,1602300.000,710.362,-134.019
603500.000,1602300.000,710.394,-150.907
603550.000,1602300.000,709.533,-173.307
603600.000,1602300.000,707.866,-197.815
603650.000,1602300.000,705.488,-212.489
603700.000,1602300.000,702.504,-221.329
603750.000,1602300.000,699.041,-244.968
603800.000,1602300.000,695.197,-252.010
603850.000,1602300.000,691.105,-232.556
603900.000,1602300.000,686.878,-235.054
603950.000,1602300.000,682.633,-242.952
604000.000,1602300.000,678.461,-241.696
604050.000,1602300.000,674.445,-228.948
604100.000,1602300.000,670.647,-228.368
604150.000,1602300.000,667.102,-232.300
604200.000,1602300.000,663.829,-212.013
604250.000,1602300.000,660.832,-210.758
604300.000,1602300.000,658.073,-219.237
604350.000,1602300.000,655.499,-203.853
604400.000,1602300.000,653.058,-184.123
604450.000,1602300.000,650.665,-174.305
604500.000,1602300.000,648.258,-176.741
604550.000,1602300.000,645.764,-164.136
604600.000,1602300.000,643.121,-156.163
604650.000,1602300.000,640.284,-141.336
604700.000,1602300.000,637.246,-158.744
604750.000,1602300.000,633.996,-124.873
604800.000,1602300.000,630.568,-144.350
604850.000,1602300.000,627.035,-134.090
604900.000,1602300.000,623.480,-112.727
604950.000,1602300.000,620.023,-113.478
605000.000,1602300.000,616.819,-100.390
600000.000,1602350.000,593.382,-38.939
600050.000,1602350.000,595.366,-35.550
600100.000,1602350.000,597.848,-44.593
600150.000,1602350.000,600.746,-44.032
600200.000,1602350.000,603.954,-39.069
600250.000,1602350.000,607.377,-42.859
600300.000,1602350.000,610.886,-55.085
600350.000,1602350.000,614.355,-62.827
600400.000,1602350.000,617.662,-62.961
600450.000,1602350.000,620.687,-70.433
600500.000,1602350.000,623.326,-85.888
600550.000,1602350.000,625.500,-97.149
600600.000,1602350.000,627.171,-97.040
600650.000,1602350.000,628.328,-117.639
600700.000,1602350.000,628.994,-123.471
600750.000,1602350.000,629.252,-134.574
600800.000,1602350.000,629.184,-142.361
600850.000,1602350.000,628.921,-162.896
600900.000,1602350.000,628.605,-165.550
600950.000,1602350.000,628.381,-150.739
601000.000,1602350.000,628.375,-138.091
601050.000,1602350.000,628.717,-96.694
601100.000,1602350.000,629.499,-31.720
601150.000,1602350.000,630.773,49.222
601200.000,1602350.000,632.577,136.846
601250.000,1602350.000,634.886,181.582
601300.000,1602350.000,637.655,205.082
601350.000,1602350.000,640.798,200.071
601400.000,1602350.000,644.187,131.113
601450.000,1602350.000,647.691,36.744
601500.000,1602350.000,651.153,-35.882
601550.000,1602350.000,654.434,-92.484
601600.000,1602350.000,657.360,-140.256
601650.000,1602350.000,659.786,-168.722
601700.000,1602350.000,661.589,-197.558
601750.000,1602350.000,662.636,-183.313
601800.000,1602350.000,662.851,-199.617
601850.000,1602350.000,662.179,-199.971
601900.000,1602350.000,660.603,-211.730
601950.000,1602350.000,658.153,-210.253
602000.000,1602350.000,654.892,-222.789
602050.000,1602350.000,650.922,-218.198
602100.000,1602350.000,646.400,-236.602
602150.000,1602350.000,641.504,-228.182
602200.000,1602350.000,636.455,-255.000
602250.000,1602350.000,631.491,-281.295
602300.000,1602350.000,626.857,-276.409
602350.000,1602350.000,622.807,-288.718
602400.000,1602350.000,619.565,-296.911
602450.000,1602350.000,617.364,-342.571
602500.000,1602350.000,616.369,-362.215
602550.000,1602350.000,616.701,-388.768
602600.000,1602350.000,618.423,-430.555
602650.000,1602350.000,621.548,-433.582
602700.000,1602350.000,626.014,-488.725
602750.000,1602350.000,631.683,-496.606
602800.000,1602350.000,638.405,-515.470
602850.000,1602350.000,645.964,-449.995
602900.000,1602350.000,654.101,-313.244
602950.000,1602350.000,662.544,-84.664
603000.000,1602350.000,671.051,108.915
603050.000,1602350.000,679.345,235.320
603100.000,1602350.000,687.180,230.484
603150.000,1602350.000,694.359,184.909
603200.000,1602350.000,700.709,104.359
603250.000,1602350.000,706.079,31.149
603300.000,1602350.000,710.396,-36.255
603350.000,1602350.000,713.587,-81.852
603400.000,1602350.000,715.638,-123.961
603450.000,1602350.000,716.577,-154.998
603500.000,1602350.000,716.431,-193.543
603550.000,1602350.000,715.280,-213.167
603600.000,1602350.000,713.222,-231.130
603650.000,1602350.000,710.370,-235.571
603700.000,1602350.000,706.850,-236.521
603750.000,1602350.000,702.811,-251.394
603800.000,1602350.000,698.377,-246.661
603850.000,1602350.000,693.707,-257.342
603900.000,1602350.000,688.934,-249.956
603950.000,1602350.000,684.197,-266.748
604000.000,1602350.000,679.600,-263.265
604050.000,1602350.000,675.240,-244.907
604100.000,1602350.000,671.181,-234.498
604150.000,1602350.000,667.462,-237.235
604200.000,1602350.000,664.097,-238.782
604250.000,1602350.000,661.086,-232.514
604300.000,1602350.000,658.384,-242.587
604350.000,1602350.000,655.929,-203.058
604400.000,1602350.000,653.659,-210.336
604450.000,1602350.000,651.482,-196.167
604500.000,1602350.000,649.329,-197.560
604550.000,1602350.000,647.115,-187.053
604600.000,1602350.000,644.774,-174.787
604650.000,1602350.000,642.250,-159.145
604700.000,1602350.000,639.526,-159.120
604750.000,1602350.000,636.578,-150.292
604800.000,1602350.000,633.426,-140.937
604850.000,1602350.000,630.125,-134.369
604900.000,1602350.000,626.740,-137.223
604950.000,1602350.000,623.375,-113.107
605000.000,1602350.000,620.167,-118.133
600000.000,1602400.000,591.600,-41.096
600050.000,1602400.000,593.448,-36.366
600100.000,1602400.000,595.799,-48.742
600150.000,1602400.000,598.586,-43.705
600200.000,1602400.000,601.715,-51.758
600250.000,1602400.000,605.095,-51.817
600300.000,1602400.000,608.604,-61.502
600350.000,1602400.000,612.117,-60.102
600400.000,1602400.000,615.507,-53.325
600450.000,1602400.000,618.649,-89.114
600500.000,1602400.000,621.432,-81.936
600550.000,1602400.000,623.763,-99.044
600600.000,1602400.000,625.593,-125.933
600650.000,1602400.000,626.897,-120.995
600700.000,1602400.000,627.690,-153.213
600750.000,1602400.000,628.041,-162.957
600800.000,1602400.000,628.024,-199.012
600850.000,1602400.000,627.767,-192.666
600900.000,1602400.000,627.408,-212.189
600950.000,1602400.000,627.094,-264.613
601000.000,1602400.000,626.958,-263.820
601050.000,1602400.000,627.133,-265.498
601100.000,1602400.000,627.725,-238.228
601150.000,1602400.000,628.800,-204.026
601200.000,1602400.000,630.407,-168.731
601250.000,1602400.000,632.537,-140.119
601300.000,1602400.000,635.159,-129.101
601350.000,1602400.000,638.199,-140.525
601400.000,1602400.000,641.539,-137.510
601450.000,1602400.000,645.056,-175.725
601500.000,1602400.000,648.595,-218.863
601550.000,1602400.000,652.019,-256.875
601600.000,1602400.000,655.150,-257.974
601650.000,1602400.000,657.834,-245.556
601700.000,1602400.000,659.937,-240.176
601750.000,1602400.000,661.314,-235.562
601800.000,1602400.000,661.875,-232.994
601850.000,1602400.000,661.548,-224.678
601900.000,1602400.000,660.303,-231.059
601950.000,1602400.000,658.155,-220.035
602000.000,1602400.000,655.155,-225.767
602050.000,1602400.000,651.398,-237.857
602100.000,1602400.000,647.033,-240.166
602150.000,1602400.000,642.241,-233.555
602200.000,1602400.000,637.242,-242.926
602250.000,1602400.000,632.282,-272.648
602300.000,1602400.000,627.614,-287.044
602350.000,1602400.000,623.506,-300.506
602400.000,1602400.000,620.198,-337.317
602450.000,1602400.000,617.937,-342.058
602500.000,1602400.000,616.905,-369.902
602550.000,1602400.000,617.236,-406.474
602600.000,1602400.000,619.011,-435.596
602650.000,1602400.000,622.248,-460.439
602700.000,1602400.000,626.896,-483.974
602750.000,1602400.000,632.818,-491.269
602800.000,1602400.000,639.865,-511.524
602850.000,1602400.000,647.815,-470.412
602900.000,1602400.000,656.399,-362.723
602950.000,1602400.000,665.334,-145.691
603000.000,1602400.000,674.359,46.534
603050.000,1602400.000,683.180,168.549
603100.000,1602400.000,691.531,189.353
603150.000,1602400.000,699.195,138.801
603200.000,1602400.000,705.977,66.966
603250.000,1602400.000,711.708,-4.374
603300.000,1602400.000,716.298,-77.156
603350.000,1602400.000,719.660,-117.484
603400.000,1602400.000,721.771,-160.325
603450.000,1602400.000,722.655,-177.166
603500.000,1602400.000,722.343,-222.324
603550.000,1602400.000,720.916,-224.577
603600.000,1602400.000,718.487,-259.005
603650.000,1602400.000,715.186,-254.162
603700.000,1602400.000,711.158,-272.755
603750.000,1602400.000,706.577,-279.078
603800.000,1602400.000,701.588,-269.620
603850.000,1602400.000,696.376,-275.084
603900.000,1602400.000,691.095,-279.620
603950.000,1602400.000,685.900,-260.621
604000.000,1602400.000,680.911,-282.878
604050.000,1602400.000,676.235,-283.316
604100.000,1602400.000,671.937,-259.271
604150.000,1602400.000,668.059,-256.671
604200.000,1602400.000,664.610,-264.373
604250.000,1602400.000,661.583,-247.973
604300.000,1602400.000,658.928,-239.859
604350.000,1602400.000,656.571,-222.366
604400.000,1602400.000,654.443,-204.959
604450.000,1602400.000,652.446,-196.039
604500.000,1602400.000,650.502,-199.945
604550.000,1602400.000,648.523,-192.858
604600.000,1602400.000,646.433,-171.148
604650.000,1602400.000,644.172,-155.733
604700.000,1602400.000,641.712,-166.026
604750.000,1602400.000,639.020,-155.658
604800.000,1602400.000,636.101,-139.599
604850.000,1602400.000,632.995,-136.437
604900.000,1602400.000,629.751,-131.389
604950.000,1602400.000,626.454,-127.554
605000.000,1602400.000,623.226,-122.104
600000.000,1602450.000,591.733,-34.747
600050.000,1602450.000,593.411,-40.686
600100.000,1602450.000,595.581,-38.097
600150.000,1602450.000,598.189,-38.946
600200.000,1602450.000,601.153,-47.020
600250.000,1602450.000,604.392,-54.391
600300.000,1602450.000,607.789,-56.126
600350.000,1602450.000,611.225,-70.899
600400.000,1602450.000,614.569,-84.176
600450.000,1602450.000,617.695,-78.127
600500.000,1602450.000,620.486,-83.519
600550.000,1602450.000,622.843,-97.732
600600.000,1602450.000,624.705,-133.065
600650.000,1602450.000,626.042,-136.685
600700.000,1602450.000,626.855,-167.906
600750.000,1602450.000,627.207,-169.960
600800.000,1602450.000,627.165,-205.356
600850.000,1602450.000,626.852,-265.729
600900.000,1602450.000,626.403,-255.198
600950.000,1602450.000,625.966,-345.573
601000.000,1602450.000,625.677,-400.469
601050.000,1602450.000,625.675,-418.184
601100.000,1602450.000,626.075,-461.103
601150.000,1602450.000,626.952,-491.320
601200.000,1602450.000,628.366,-481.822
601250.000,1602450.000,630.325,-509.562
601300.000,1602450.000,632.808,-509.715
601350.000,1602450.000,635.753,-490.870
601400.000,1602450.000,639.053,-428.472
601450.000,1602450.000,642.592,-416.767
601500.000,1602450.000,646.220,-416.484
601550.000,1602450.000,649.800,-388.584
601600.000,1602450.000,653.153,-361.676
601650.000,1602450.000,656.119,-336.119
601700.000,1602450.000,658.554,-293.575
601750.000,1602450.000,660.300,-291.877
601800.000,1602450.000,661.252,-248.077
601850.000,1602450.000,661.325,-255.595
601900.000,1602450.000,660.468,-248.164
601950.000,1602450.000,658.686,-249.015
602000.000,1602450.000,656.011,-254.138
602050.000,1602450.000,652.531,-242.540
602100.000,1602450.000,648.385,-240.447
602150.000,1602450.000,643.751,-262.288
602200.000,1602450.000,638.847,-258.195
602250.000,1602450.000,633.924,-263.625
602300.000,1602450.000,629.243,-283.120
602350.000,1602450.000,625.083,-309.598
602400.000,1602450.000,621.697,-324.531
602450.000,1602450.000,619.349,-368.840
602500.000,1602450.000,618.237,-396.041
602550.000,1602450.000,618.511,-423.907
602600.000,1602450.000,620.268,-465.111
602650.000,1602450.000,623.539,-463.985
602700.000,1602450.000,628.283,-505.304
602750.000,1602450.000,634.370,-552.136
602800.000,1602450.000,641.651,-542.414
602850.000,1602450.000,649.902,-538.994
602900.000,1602450.000,658.848,-379.063
602950.000,1602450.000,668.195,-203.557
603000.000,1602450.000,677.668,29.637
603050.000,1602450.000,686.954,167.117
603100.000,1602450.000,695.769,177.214
603150.000,1602450.000,703.874,115.404
603200.000,1602450.000,711.055,31.269
603250.000,1602450.000,717.124,-37.940
603300.000,1602450.000,721.972,-88.137
603350.000,1602450.000,725.498,-129.475
603400.000,1602450.000,727.670,-184.119
603450.000,1602450.000,728.508,-227.885
603500.000,1602450.000,728.043,-240.773
603550.000,1602450.000,726.363,-231.911
603600.000,1602450.000,723.590,-292.264
603650.000,1602450.000,719.873,-283.573
603700.000,1602450.000,715.375,-291.047
603750.000,1602450.000,710.292,-306.301
603800.000,1602450.000,704.792,-311.186
603850.000,1602450.000,699.083,-297.884
603900.000,1602450.000,693.337,-301.565
603950.000,1602450.000,687.728,-321.176
604000.000,1602450.000,682.387,-289.007
604050.000,1602450.000,677.429,-287.457
604100.000,1602450.000,672.920,-302.636
604150.000,1602450.000,668.902,-281.483
604200.000,1602450.000,665.379,-256.460
604250.000,1602450.000,662.338,-244.013
604300.000,1602450.000,659.719,-262.606
604350.000,1602450.000,657.442,-238.544
604400.000,1602450.000,655.428,-221.417
604450.000,1602450.000,653.575,-201.644
604500.000,1602450.000,651.797,-193.030
604550.000,1602450.000,650.003,-208.854
604600.000,1602450.000,648.112,-187.223
604650.000,1602450.000,646.060,-174.272
604700.000,1602450.000,643.811,-170.986
604750.000,1602450.000,641.324,-158.653
604800.000,1602450.000,638.591,-159.389
604850.000,1602450.000,635.641,-143.611
604900.000,1602450.000,632.504,-134.940
604950.000,1602450.000,629.251,-125.809
605000.000,1602450.000,625.985,-114.936
600000.000,1602500.000,593.657,-29.807
600050.000,1602500.000,595.146,-44.717
600100.000,1602500.000,597.098,-39.439
600150.000,1602500.000,599.474,-39.344
600200.000,1602500.000,602.205,-56.226
600250.000,1602500.000,605.218,-51.414
600300.000,1602500.000,608.407,-48.695
600350.000,1602500.000,611.656,-74.123
600400.000,1602500.000,614.838,-71.997
600450.000,1602500.000,617.827,-85.116
600500.000,1602500.000,620.504,-94.504
600550.000,1602500.000,622.765,-97.489
600600.000,1602500.000,624.545,-128.014
600650.000,1602500.000,625.807,-148.660
600700.000,1602500.000,626.547,-169.347
600750.000,1602500.000,626.819,-192.976
600800.000,1602500.000,626.687,-241.006
600850.000,1602500.000,626.266,-283.270
600900.000,1602500.000,625.693,-347.947
600950.000,1602500.000,625.111,-414.309
601000.000,1602500.000,624.660,-487.186
601050.000,1602500.000,624.480,-557.173
601100.000,1602500.000,624.694,-672.114
601150.000,1602500.000,625.385,-755.839
601200.000,1602500.000,626.621,-795.470
601250.000,1602500.000,628.423,-830.185
601300.000,1602500.000,630.779,-826.234
601350.000,1602500.000,633.641,-826.068
601400.000,1602500.000,636.910,-769.670
601450.000,1602500.000,640.480,-674.242
601500.000,1602500.000,644.203,-580.186
601550.000,1602500.000,647.948,-537.626
601600.000,1602500.000,651.534,-461.881
601650.000,1602500.000,654.794,-391.207
601700.000,1602500.000,657.577,-360.479
601750.000,1602500.000,659.716,-341.339
601800.000,1602500.000,661.089,-295.545
601850.000,1602500.000,661.594,-276.015
601900.000,1602500.000,661.166,-265.617
601950.000,1602500.000,659.793,-247.491
602000.000,1602500.000,657.489,-251.541
602050.000,1602500.000,654.331,-266.974
602100.000,1602500.000,650.447,-239.129
602150.000,1602500.000,646.008,-259.066
602200.000,1602500.000,641.231,-253.867
602250.000,1602500.000,636.365,-268.579
602300.000,1602500.000,631.680,-307.011
602350.000,1602500.000,627.462,-325.735
602400.000,1602500.000,623.981,-339.044
602450.000,1602500.000,621.513,-356.695
602500.000,1602500.000,620.276,-381.116
602550.000,1602500.000,620.434,-414.366
602600.000,1602500.000,622.103,-472.716
602650.000,1602500.000,625.329,-487.989
602700.000,1602500.000,630.082,-525.661
602750.000,1602500.000,636.242,-571.710
602800.000,1602500.000,643.666,-586.059
602850.000,1602500.000,652.127,-584.592
602900.000,1602500.000,661.349,-462.163
602950.000,1602500.000,671.027,-243.769
603000.000,1602500.000,680.873,-8.525
603050.000,1602500.000,690.559,154.199
603100.000,1602500.000,699.782,141.238
603150.000,1602500.000,708.284,78.212
603200.000,1602500.000,715.829,4.351
603250.000,1602500.000,722.209,-74.421
603300.000,1602500.000,727.300,-148.225
603350.000,1602500.000,730.985,-181.063
603400.000,1602500.000,733.221,-230.914
603450.000,1602500.000,734.025,-256.574
603500.000,1602500.000,733.428,-282.071
603550.000,1602500.000,731.522,-297.025
603600.000,1602500.000,728.441,-284.125
603650.000,1602500.000,724.349,-301.621
603700.000,1602500.000,719.428,-328.764
603750.000,1602500.000,713.892,-340.093
603800.000,1602500.000,707.935,-323.601
603850.000,1602500.000,701.782,-348.941
603900.000,1602500.000,695.625,-319.213
603950.000,1602500.000,689.652,-309.217
604000.000,1602500.000,684.004,-309.057
604050.000,1602500.000,678.803,-308.250
604100.000,1602500.000,674.116,-282.018
604150.000,1602500.000,669.982,-278.515
604200.000,1602500.000,666.398,-266.087
604250.000,1602500.000,663.345,-245.163
604300.000,1602500.000,660.757,-248.118
604350.000,1602500.000,658.542,-239.088
604400.000,1602500.000,656.614,-221.305
604450.000,1602500.000,654.869,-209.716
604500.000,1602500.000,653.215,-190.951
604550.000,1602500.000,651.557,-198.452
604600.000,1602500.000,649.813,-192.524
604650.000,1602500.000,647.917,-173.957
604700.000,1602500.000,645.825,-170.261
604750.000,1602500.000,643.494,-156.959
604800.000,1602500.000,640.902,-151.179
604850.000,1602500.000,638.067,-145.077
604900.000,1602500.000,635.007,-135.729
604950.000,1602500.000,631.773,-134.679
605000.000,1602500.000,628.457,-122.578
600000.000,1602550.000,597.214,-43.731
600050.000,1602550.000,598.511,-40.109
600100.000,1602550.000,600.225,-46.728
600150.000,1602550.000,602.334,-50.113
600200.000,1602550.000,604.780,-53.298
600250.000,1602550.000,607.502,-69.067
600300.000,1602550.000,610.401,-62.383
600350.000,1602550.000,613.372,-71.695
600400.000,1602550.000,616.291,-75.324
600450.000,1602550.000,619.036,-84.563
600500.000,1602550.000,621.489,-107.560
600550.000,1602550.000,623.547,-116.382
600600.000,1602550.000,625.144,-119.299
600650.000,1602550.000,626.236,-148.800
600700.000,1602550.000,626.820,-196.130
600750.000,1602550.000,626.943,-196.661
600800.000,1602550.000,626.665,-248.163
600850.000,1602550.000,626.098,-281.950
600900.000,1602550.000,625.373,-364.955
600950.000,1602550.000,624.635,-409.836
601000.000,1602550.000,624.020,-575.967
601050.000,1602550.000,623.669,-668.317
601100.000,1602550.000,623.711,-770.131
601150.000,1602550.000,624.233,-864.875
601200.000,1602550.000,625.311,-973.355
601250.000,1602550.000,626.973,-1080.978
601300.000,1602550.000,629.218,-1057.646
601350.000,1602550.000,632.008,-1027.491
601400.000,1602550.000,635.253,-919.736
601450.000,1602550.000,638.857,-830.115
601500.000,1602550.000,642.677,-722.344
601550.000,1602550.000,646.587,-583.072
601600.000,1602550.000,650.404,-499.846
601650.000,1602550.000,653.960,-433.905
601700.000,1602550.000,657.094,-361.035
601750.000,1602550.000,659.631,-337.311
601800.000,1602550.000,661.436,-297.742
601850.000,1602550.000,662.390,-280.373
601900.000,1602550.000,662.410,-282.393
601950.000,1602550.000,661.469,-258.263
602000.000,1602550.000,659.562,-245.647
602050.000,1602550.000,656.753,-265.598
602100.000,1602550.000,653.155,-254.969
602150.000,1602550.000,648.935,-251.649
602200.000,1602550.000,644.300,-274.519
602250.000,1602550.000,639.502,-293.264
602300.000,1602550.000,634.813,-299.426
602350.000,1602550.000,630.529,-304.321
602400.000,1602550.000,626.930,-331.878
602450.000,1602550.000,624.310,-382.509
602500.000,1602550.000,622.901,-389.255
602550.000,1602550.000,622.888,-398.088
602600.000,1602550.000,624.402,-478.895
602650.000,1602550.000,627.506,-513.547
602700.000,1602550.000,632.187,-538.529
602750.000,1602550.000,638.333,-608.975
602800.000,1602550.000,645.812,-621.469
602850.000,1602550.000,654.395,-645.305
602900.000,1602550.000,663.806,-510.112
602950.000,1602550.000,673.735,-283.217
603000.000,1602550.000,683.881,-46.971
603050.000,1602550.000,693.899,115.136
603100.000,1602550.000,703.474,114.609
603150.000,1602550.000,712.325,35.374
603200.000,1602550.000,720.197,-51.864
603250.000,1602550.000,726.865,-108.174
603300.000,1602550.000,732.182,-168.356
603350.000,1602550.000,736.020,-233.751
603400.000,1602550.000,738.327,-253.516
603450.000,1602550.000,739.111,-287.268
603500.000,1602550.000,738.407,-316.208
603550.000,1602550.000,736.308,-336.976
603600.000,1602550.000,732.959,-345.888
603650.000,1602550.000,728.539,-354.932
603700.000,1602550.000,723.248,-348.313
603750.000,1602550.000,717.316,-342.958
603800.000,1602550.000,710.960,-349.759
603850.000,1602550.000,704.423,-332.346
603900.000,1602550.000,697.910,-335.292
603950.000,1602550.000,691.626,-332.324
604000.000,1602550.000,685.720,-316.093
604050.000,1602550.000,680.317,-327.305
604100.000,1602550.000,675.483,-300.773
604150.000,1602550.000,671.256,-293.168
604200.000,1602550.000,667.624,-286.071
604250.000,1602550.000,664.563,-268.255
604300.000,1602550.000,661.996,-262.900
604350.000,1602550.000,659.825,-247.515
604400.000,1602550.000,657.957,-230.023
604450.000,1602550.000,656.285,-233.421
604500.000,1602550.000,654.714,-222.241
604550.000,1602550.000,653.145,-182.002
604600.000,1602550.000,651.499,-199.109
604650.000,1602550.000,649.707,-178.636
604700.000,1602550.000,647.725,-149.153
604750.000,1602550.000,645.501,-170.783
604800.000,1602550.000,643.010,-166.297
604850.000,1602550.000,640.258,-156.222
604900.000,1602550.000,637.249,-126.325
604950.000,1602550.000,634.021,-126.388
605000.000,1602550.000,630.649,-118.222
600000.000,1602600.000,602.163,-36.667
600050.000,1602600.000,603.278,-38.131
600100.000,1602600.000,604.753,-49.480
600150.000,1602600.000,606.577,-49.505
600200.000,1602600.000,608.707,-46.906
600250.000,1602600.000,611.091,-57.038
600300.000,1602600.000,613.642,-63.597
600350.000,1602600.000,616.264,-75.016
600400.000,1602600.000,618.839,-69.283
600450.000,1602600.000,621.254,-90.220
600500.000,1602600.000,623.394,-99.308
600550.000,1602600.000,625.160,-111.663
600600.000,1602600.000,626.488,-139.767
600650.000,1602600.000,627.335,-145.395
600700.000,1602600.000,627.695,-183.663
600750.000,1602600.000,627.614,-220.286
600800.000,1602600.000,627.149,-221.900
600850.000,1602600.000,626.407,-302.406
600900.000,1602600.000,625.517,-357.419
600950.000,1602600.000,624.619,-430.874
601000.000,1602600.000,623.848,-542.214
601050.000,1602600.000,623.342,-647.077
601100.000,1602600.000,623.232,-812.460
601150.000,1602600.000,623.608,-903.547
601200.000,1602600.000,624.547,-1088.773
601250.000,1602600.000,626.089,-1099.912
601300.000,1602600.000,628.239,-1143.087
601350.000,1602600.000,630.967,-1081.324
601400.000,1602600.000,634.194,-941.961
601450.000,1602600.000,637.833,-810.192
601500.000,1602600.000,641.746,-719.396
601550.000,1602600.000,645.812,-635.478
601600.000,1602600.000,649.852,-521.574
601650.000,1602600.000,653.692,-448.188
601700.000,1602600.000,657.170,-367.837
601750.000,1602600.000,660.099,-330.076
601800.000,1602600.000,662.331,-312.945
601850.000,1602600.000,663.734,-287.186
601900.000,1602600.000,664.205,-275.227
601950.000,1602600.000,663.703,-268.170
602000.000,1602600.000,662.201,-271.285
602050.000,1602600.000,659.752,-253.577
602100.000,1602600.000,656.451,-239.918
602150.000,1602600.000,652.458,-272.157
602200.000,1602600.000,647.970,-283.499
602250.000,1602600.000,643.239,-291.634
602300.000,1602600.000,638.539,-302.500
602350.000,1602600.000,634.174,-317.391
602400.000,1602600.000,630.435,-361.979
602450.000,1602600.000,627.630,-353.661
602500.000,1602600.000,626.007,-390.843
602550.000,1602600.000,625.769,-430.554
602600.000,1602600.000,627.068,-436.612
602650.000,1602600.000,629.982,-504.543
602700.000,1602600.000,634.516,-551.717
602750.000,1602600.000,640.570,-603.654
602800.000,1602600.000,648.021,-710.490
602850.000,1602600.000,656.644,-629.168
602900.000,1602600.000,666.164,-568.109
602950.000,1602600.000,676.266,-357.179
603000.000,1602600.000,686.639,-105.907
603050.000,1602600.000,696.925,54.183
603100.000,1602600.000,706.793,55.053
603150.000,1602600.000,715.944,-18.593
603200.000,1602600.000,724.104,-109.176
603250.000,1602600.000,731.029,-166.948
603300.000,1602600.000,736.554,-221.594
603350.000,1602600.000,740.538,-271.060
603400.000,1602600.000,742.917,-287.580
603450.000,1602600.000,743.695,-319.540
603500.000,1602600.000,742.907,-324.315
603550.000,1602600.000,740.648,-355.318
603600.000,1602600.000,737.073,-360.744
603650.000,1602600.000,732.375,-364.786
603700.000,1602600.000,726.767,-367.284
603750.000,1602600.000,720.498,-368.411
603800.000,1602600.000,713.803,-367.150
603850.000,1602600.000,706.941,-366.404
603900.000,1602600.000,700.131,-365.914
603950.000,1602600.000,693.590,-351.122
604000.000,1602600.000,687.472,-333.244
604050.000,1602600.000,681.907,-324.680
604100.000,1602600.000,676.958,-329.999
604150.000,1602600.000,672.660,-314.007
604200.000,1602600.000,668.993,-292.523
604250.000,1602600.000,665.924,-276.189
604300.000,1602600.000,663.373,-261.926
604350.000,1602600.000,661.229,-275.793
604400.000,1602600.000,659.398,-231.801
604450.000,1602600.000,657.768,-243.442
604500.000,1602600.000,656.242,-211.191
604550.000,1602600.000,654.724,-207.266
604600.000,1602600.000,653.133,-215.281
604650.000,1602600.000,651.404,-190.485
604700.000,1602600.000,649.489,-183.861
604750.000,1602600.000,647.338,-165.496
604800.000,1602600.000,644.917,-158.954
604850.000,1602600.000,642.224,-151.770
604900.000,1602600.000,639.252,-153.691
604950.000,1602600.000,636.026,-135.990
605000.000,1602600.000,632.606,-131.781
600000.000,1602650.000,608.220,-32.830
600050.000,1602650.000,609.180,-41.380
600100.000,1602650.000,610.432,-52.054
600150.000,1602650.000,611.976,-47.971
600200.000,1602650.000,613.781,-52.689
600250.000,1602650.000,615.805,-56.849
600300.000,1602650.000,617.972,-66.155
600350.000,1602650.000,620.199,-59.704
600400.000,1602650.000,622.376,-80.258
600450.000,1602650.000,624.398,-86.754
600500.000,1602650.000,626.161,-96.059
600550.000,1602650.000,627.570,-108.969
600600.000,1602650.000,628.567,-119.544
600650.000,1602650.000,629.112,-149.520
600700.000,1602650.000,629.202,-162.698
600750.000,1602650.000,628.880,-205.888
600800.000,1602650.000,628.202,-230.107
600850.000,1602650.000,627.272,-269.675
600900.000,1602650.000,626.212,-339.175
600950.000,1602650.000,625.161,-396.431
601000.000,1602650.000,624.247,-476.685
601050.000,1602650.000,623.605,-591.629
601100.000,1602650.000,623.364,-720.199
601150.000,1602650.000,623.615,-797.981
601200.000,1602650.000,624.437,-908.548
601250.000,1602650.000,625.876,-999.437
601300.000,1602650.000,627.941,-1010.339
601350.000,1602650.000,630.613,-1009.996
601400.000,1602650.000,633.821,-927.868
601450.000,1602650.000,637.487,-798.342
601500.000,1602650.000,641.479,-685.533
601550.000,1602650.000,645.686,-621.876
601600.000,1602650.000,649.927,-480.244
601650.000,1602650.000,654.031,-446.031
601700.000,1602650.000,657.829,-371.993
601750.000,1602650.000,661.129,-335.083
601800.000,1602650.000,663.770,-296.373
601850.000,1602650.000,665.605,-278.980
601900.000,1602650.000,666.516,-256.696
601950.000,1602650.000,666.442,-268.037
602000.000,1602650.000,665.339,-265.375
602050.000,1602650.000,663.243,-241.771
602100.000,1602650.000,660.235,-247.532
602150.000,1602650.000,656.464,-269.123
602200.000,1602650.000,652.118,-277.460
602250.000,1602650.000,647.447,-281.533
602300.000,1602650.000,642.725,-302.710
602350.000,1602650.000,638.261,-310.980
602400.000,1602650.000,634.359,-339.853
602450.000,1602650.000,631.339,-366.125
602500.000,1602650.000,629.465,-408.704
602550.000,1602650.000,628.958,-449.495
602600.000,1602650.000,629.990,-465.044
602650.000,1602650.000,632.657,-509.879
602700.000,1602650.000,636.979,-565.824
602750.000,1602650.000,642.872,-581.664
602800.000,1602650.000,650.223,-651.624
602850.000,1602650.000,658.812,-627.002
602900.000,1602650.000,668.367,-566.742
602950.000,1602650.000,678.570,-368.379
603000.000,1602650.000,689.100,-138.509
603050.000,1602650.000,699.590,-6.492
603100.000,1602650.000,709.695,-18.047
603150.000,1602650.000,719.096,-86.909
603200.000,1602650.000,727.503,-163.325
603250.000,1602650.000,734.653,-227.454
603300.000,1602650.000,740.366,-274.987
603350.000,1602650.000,744.486,-306.673
603400.000,1602650.000,746.939,-365.924
603450.000,1602650.000,747.723,-355.802
603500.000,1602650.000,746.873,-380.038
603550.000,1602650.000,744.487,-370.067
603600.000,1602650.000,740.727,-384.673
603650.000,1602650.000,735.799,-415.751
603700.000,1602650.000,729.929,-376.099
603750.000,1602650.000,723.379,-402.690
603800.000,1602650.000,716.404,-391.494
603850.000,1602650.000,709.274,-378.149
603900.000,1602650.000,702.222,-380.614
603950.000,1602650.000,695.473,-382.151
604000.000,1602650.000,689.187,-351.822
604050.000,1602650.000,683.495,-370.808
604100.000,1602650.000,678.458,-342.197
604150.000,1602650.000,674.106,-320.004
604200.000,1602650.000,670.411,-306.768
604250.000,1602650.000,667.336,-286.070
604300.000,1602650.000,664.789,-284.520
604350.000,1602650.000,662.657,-267.413
604400.000,1602650.000,660.838,-260.983
604450.000,1602650.000,659.223,-239.493
604500.000,1602650.000,657.710,-232.419
604550.000,1602650.000,656.206,-215.626
604600.000,1602650.000,654.635,-216.004
604650.000,1602650.000,652.933,-174.418
604700.000,1602650.000,651.054,-186.402
604750.000,1602650.000,648.947,-186.679
604800.000,1602650.000,646.575,-178.014
604850.000,1602650.000,643.928,-151.169
604900.000,1602650.000,640.991,-138.514
604950.000,1602650.000,637.775,-130.253
605000.000,1602650.000,634.328,-127.007
600000.000,1602700.000,615.076,-43.891
600050.000,1602700.000,615.923,-42.335
600100.000,1602700.000,616.984,-43.564
600150.000,1602700.000,618.272,-56.544
600200.000,1602700.000,619.765,-47.897
600250.000,1602700.000,621.429,-60.288
600300.000,1602700.000,623.203,-56.105
600350.000,1602700.000,625.014,-66.448
600400.000,1602700.000,626.761,-71.958
600450.000,1602700.000,628.355,-68.355
600500.000,1602700.000,629.699,-95.815
600550.000,1602700.000,630.710,-108.020
600600.000,1602700.000,631.336,-112.225
600650.000,1602700.000,631.544,-127.246
600700.000,1602700.000,631.334,-153.872
600750.000,1602700.000,630.749,-188.581
600800.000,1602700.000,629.845,-216.347
600850.000,1602700.000,628.722,-244.482
600900.000,1602700.000,627.497,-291.635
600950.000,1602700.000,626.302,-356.119
601000.000,1602700.000,625.262,-435.452
601050.000,1602700.000,624.503,-486.146
601100.000,1602700.000,624.151,-578.513
601150.000,1602700.000,624.297,-632.556
601200.000,1602700.000,625.017,-756.789
601250.000,1602700.000,626.363,-757.761
601300.000,1602700.000,628.349,-788.089
601350.000,1602700.000,630.963,-778.323
601400.000,1602700.000,634.142,-688.129
601450.000,1602700.000,637.820,-676.871
601500.000,1602700.000,641.871,-566.917
601550.000,1602700.000,646.191,-490.220
601600.000,1602700.000,650.603,-435.100
601650.000,1602700.000,654.939,-373.896
601700.000,1602700.000,659.024,-352.853
601750.000,1602700.000,662.663,-315.407
601800.000,1602700.000,665.681,-282.615
601850.000,1602700.000,667.920,-254.918
601900.000,1602700.000,669.243,-255.824
601950.000,1602700.000,669.576,-248.573
602000.000,1602700.000,668.852,-244.880
602050.000,1602700.000,667.093,-267.229
602100.000,1602700.000,664.364,-255.089
602150.000,1602700.000,660.803,-250.976
602200.000,1602700.000,656.586,-256.535
602250.000,1602700.000,651.961,-288.858
602300.000,1602700.000,647.203,-308.000
602350.000,1602700.000,642.626,-334.997
602400.000,1602700.000,638.542,-344.882
602450.000,1602700.000,635.282,-379.836
602500.000,1602700.000,633.129,-400.645
602550.000,1602700.000,632.321,-430.309
602600.000,1602700.000,633.046,-484.494
602650.000,1602700.000,635.420,-516.098
602700.000,1602700.000,639.480,-550.705
602750.000,1602700.000,645.155,-619.426
602800.000,1602700.000,652.346,-644.614
602850.000,1602700.000,660.837,-606.001
602900.000,1602700.000,670.361,-573.344
602950.000,1602700.000,680.599,-412.861
603000.000,1602700.000,691.222,-181.948
603050.000,1602700.000,701.853,-76.583
603100.000,1602700.000,712.136,-85.729
603150.000,1602700.000,721.735,-154.803
603200.000,1602700.000,730.344,-225.091
603250.000,1602700.000,737.684,-278.467
603300.000,1602700.000,743.557,-326.190
603350.000,1602700.000,747.797,-354.375
603400.000,1602700.000,750.319,-376.318
603450.000,1602700.000,751.115,-393.894
603500.000,1602700.000,750.222,-408.247
603550.000,1602700.000,747.736,-389.351
603600.000,1602700.000,743.827,-437.077
603650.000,1602700.000,738.711,-428.326
603700.000,1602700.000,732.627,-431.125
603750.000,1602700.000,725.849,-425.072
603800.000,1602700.000,718.646,-433.364
603850.000,1602700.000,711.299,-405.738
603900.000,1602700.000,704.052,-382.689
603950.000,1602700.000,697.137,-386.726
604000.000,1602700.000,690.718,-364.312
604050.000,1602700.000,684.926,-356.905
604100.000,1602700.000,679.820,-358.917
604150.000,1602700.000,675.425,-328.941
604200.000,1602700.000,671.705,-316.077
604250.000,1602700.000,668.618,-317.669
604300.000,1602700.000,666.065,-298.306
604350.000,1602700.000,663.928,-278.885
604400.000,1602700.000,662.101,-268.234
604450.000,1602700.000,660.475,-248.595
604500.000,1602700.000,658.949,-233.746
604550.000,1602700.000,657.435,-216.595
604600.000,1602700.000,655.859,-202.028
604650.000,1602700.000,654.163,-188.466
604700.000,1602700.000,652.303,-198.016
604750.000,1602700.000,650.230,-182.171
604800.000,1602700.000,647.903,-162.718
604850.000,1602700.000,645.309,-146.563
604900.000,1602700.000,642.424,-158.052
604950.000,1602700.000,639.247,-159.880
605000.000,1602700.000,635.812,-129.880
600000.000,1602750.000,622.385,-40.423
600050.000,1602750.000,623.166,-47.090
600100.000,1602750.000,624.082,-34.840
600150.000,1602750.000,625.150,-35.678
600200.000,1602750.000,626.359,-62.401
600250.000,1602750.000,627.684,-68.016
600300.000,1602750.000,629.074,-56.217
600350.000,1602750.000,630.470,-67.603
600400.000,1602750.000,631.782,-69.967
600450.000,1602750.000,632.935,-76.624
600500.000,1602750.000,633.844,-89.268
600550.000,1602750.000,634.439,-99.563
600600.000,1602750.000,634.678,-117.142
600650.000,1602750.000,634.536,-122.244
600700.000,1602750.000,634.016,-149.996
600750.000,1602750.000,633.166,-154.337
600800.000,1602750.000,632.039,-176.740
600850.000,1602750.000,630.732,-216.988
600900.000,1602750.000,629.358,-240.535
600950.000,1602750.000,628.040,-263.763
601000.000,1602750.000,626.894,-341.644
601050.000,1602750.000,626.041,-385.836
601100.000,1602750.000,625.602,-423.184
601150.000,1602750.000,625.661,-483.865
601200.000,1602750.000,626.295,-492.968
601250.000,1602750.000,627.556,-556.337
601300.000,1602750.000,629.465,-559.113
601350.000,1602750.000,632.015,-557.670
601400.000,1602750.000,635.152,-548.806
601450.000,1602750.000,638.821,-461.487
601500.000,1602750.000,642.904,-440.025
601550.000,1602750.000,647.304,-415.315
601600.000,1602750.000,651.853,-379.709
601650.000,1602750.000,656.380,-317.973
601700.000,1602750.000,660.712,-319.572
601750.000,1602750.000,664.648,-292.949
601800.000,1602750.000,668.004,-268.921
601850.000,1602750.000,670.609,-248.066
601900.000,1602750.000,672.309,-224.359
601950.000,1602750.000,673.014,-236.748
602000.000,1602750.000,672.640,-234.163
602050.000,1602750.000,671.191,-235.189
602100.000,1602750.000,668.718,-260.217
602150.000,1602750.000,665.347,-237.792
602200.000,1602750.000,661.242,-250.858
602250.000,1602750.000,656.648,-290.552
602300.000,1602750.000,651.840,-306.420
602350.000,1602750.000,647.135,-325.901
602400.000,1602750.000,642.854,-344.361
602450.000,1602750.000,639.339,-376.015
602500.000,1602750.000,636.889,-402.203
602550.000,1602750.000,635.756,-428.008
602600.000,1602750.000,636.147,-471.946
602650.000,1602750.000,638.197,-505.044
602700.000,1602750.000,641.958,-545.183
602750.000,1602750.000,647.373,-615.534
602800.000,1602750.000,654.356,-625.812
602850.000,1602750.000,662.696,-638.386
602900.000,1602750.000,672.133,-571.180
602950.000,1602750.000,682.348,-397.764
603000.000,1602750.000,693.003,-243.698
603050.000,1602750.000,703.716,-140.514
603100.000,1602750.000,714.120,-167.947
603150.000,1602750.000,723.864,-223.413
603200.000,1602750.000,732.628,-281.637
603250.000,1602750.000,740.117,-352.837
603300.000,1602750.000,746.120,-380.393
603350.000,1602750.000,750.458,-413.819
603400.000,1602750.000,753.040,-440.420
603450.000,1602750.000,753.849,-422.711
603500.000,1602750.000,752.922,-455.408
603550.000,1602750.000,750.358,-449.084
603600.000,1602750.000,746.330,-483.076
603650.000,1602750.000,741.063,-457.593
603700.000,1602750.000,734.807,-464.357
603750.000,1602750.000,727.843,-421.926
603800.000,1602750.000,720.457,-415.846
603850.000,1602750.000,712.935,-438.628
603900.000,1602750.000,705.531,-404.232
603950.000,1602750.000,698.482,-419.933
604000.000,1602750.000,691.955,-381.418
604050.000,1602750.000,686.080,-370.614
604100.000,1602750.000,680.914,-354.139
604150.000,1602750.000,676.478,-359.798
604200.000,1602750.000,672.730,-327.695
604250.000,1602750.000,669.620,-332.178
604300.000,1602750.000,667.047,-299.942
604350.000,1602750.000,664.886,-280.019
604400.000,1602750.000,663.032,-263.119
604450.000,1602750.000,661.375,-252.261
604500.000,1602750.000,659.818,-227.339
604550.000,1602750.000,658.276,-209.877
604600.000,1602750.000,656.682,-210.036
604650.000,1602750.000,654.983,-196.624
604700.000,1602750.000,653.139,-167.344
604750.000,1602750.000,651.104,-165.474
604800.000,1602750.000,648.836,-164.257
604850.000,1602750.000,646.319,-159.650
604900.000,1602750.000,643.519,-136.249
604950.000,1602750.000,640.427,-125.900
605000.000,1602750.000,637.063,-131.817
600000.000,1602800.000,629.794,-38.065
600050.000,1602800.000,630.566,-39.240
600100.000,1602800.000,631.391,-48.192
600150.000,1602800.000,632.290,-47.820
600200.000,1602800.000,633.260,-48.629
600250.000,1602800.000,634.283,-55.323
600300.000,1602800.000,635.320,-49.114
600350.000,1602800.000,636.324,-51.122
600400.000,1602800.000,637.219,-65.057
600450.000,1602800.000,637.943,-75.150
600500.000,1602800.000,638.427,-91.813
600550.000,1602800.000,638.612,-86.274
600600.000,1602800.000,638.471,-96.398
600650.000,1602800.000,637.986,-111.906
600700.000,1602800.000,637.169,-128.958
600750.000,1602800.000,636.066,-143.896
600800.000,1602800.000,634.734,-157.236
600850.000,1602800.000,633.265,-175.117
600900.000,1602800.000,631.763,-201.804
600950.000,1602800.000,630.344,-209.381
601000.000,1602800.000,629.118,-219.411
601050.000,1602800.000,628.193,-283.201
601100.000,1602800.000,627.684,-278.860
601150.000,1602800.000,627.670,-314.971
601200.000,1602800.000,628.225,-338.004
601250.000,1602800.000,629.403,-338.201
601300.000,1602800.000,631.228,-354.211
601350.000,1602800.000,633.700,-366.909
601400.000,1602800.000,636.775,-352.672
601450.000,1602800.000,640.407,-348.229
601500.000,1602800.000,644.488,-346.189
601550.000,1602800.000,648.931,-308.644
601600.000,1602800.000,653.573,-304.140
601650.000,1602800.000,658.248,-287.835
601700.000,1602800.000,662.781,-271.947
601750.000,1602800.000,666.969,-243.518
601800.000,1602800.000,670.619,-254.851
601850.000,1602800.000,673.546,-233.302
601900.000,1602800.000,675.583,-231.907
601950.000,1602800.000,676.626,-228.357
602000.000,1602800.000,676.568,-222.957
602050.000,1602800.000,675.401,-237.638
602100.000,1602800.000,673.159,-222.956
602150.000,1602800.000,669.956,-260.254
602200.000,1602800.000,665.946,-272.470
602250.000,1602800.000,661.370,-282.593
602300.000,1602800.000,656.501,-309.183
602350.000,1602800.000,651.661,-317.464
602400.000,1602800.000,647.176,-334.276
602450.000,1602800.000,643.401,-365.385
602500.000,1602800.000,640.646,-394.058
602550.000,1602800.000,639.180,-457.373
602600.000,1602800.000,639.226,-494.611
602650.000,1602800.000,640.934,-540.837
602700.000,1602800.000,644.374,-550.755
602750.000,1602800.000,649.501,-629.613
602800.000,1602800.000,656.241,-639.532
602850.000,1602800.000,664.390,-638.997
602900.000,1602800.000,673.693,-568.052
602950.000,1602800.000,683.831,-432.564
603000.000,1602800.000,694.463,-246.835
603050.000,1602800.000,705.201,-189.727
603100.000,1602800.000,715.667,-227.119
603150.000,1602800.000,725.499,-299.357
603200.000,1602800.000,734.365,-349.240
603250.000,1602800.000,741.958,-411.156
603300.000,1602800.000,748.052,-431.754
603350.000,1602800.000,752.460,-451.668
603400.000,1602800.000,755.082,-471.666
603450.000,1602800.000,755.896,-465.807
603500.000,1602800.000,754.937,-472.484
603550.000,1602800.000,752.304,-478.169
603600.000,1602800.000,748.177,-494.045
603650.000,1602800.000,742.785,-477.956
603700.000,1602800.000,736.387,-473.145
603750.000,1602800.000,729.271,-456.981
603800.000,1602800.000,721.733,-450.739
603850.000,1602800.000,714.066,-446.078
603900.000,1602800.000,706.529,-429.244
603950.000,1602800.000,699.366,-403.674
604000.000,1602800.000,692.744,-388.985
604050.000,1602800.000,686.792,-376.009
604100.000,1602800.000,681.567,-394.647
604150.000,1602800.000,677.083,-335.774
604200.000,1602800.000,673.293,-344.085
604250.000,1602800.000,670.146,-317.061
604300.000,1602800.000,667.535,-292.896
604350.000,1602800.000,665.332,-264.039
604400.000,1602800.000,663.433,-275.159
604450.000,1602800.000,661.732,-266.944
604500.000,1602800.000,660.132,-247.741
604550.000,1602800.000,658.555,-245.308
604600.000,1602800.000,656.942,-199.380
604650.000,1602800.000,655.245,-208.714
604700.000,1602800.000,653.430,-200.931
604750.000,1602800.000,651.455,-183.547
604800.000,1602800.000,649.277,-152.669
604850.000,1602800.000,646.877,-152.729
604900.000,1602800.000,644.216,-144.714
604950.000,1602800.000,641.273,-147.355
605000.000,1602800.000,638.057,-119.074
600000.000,1602850.000,636.946,-36.168
600050.000,1602850.000,637.766,-46.684
600100.000,1602850.000,638.556,-39.435
600150.000,1602850.000,639.343,-41.843
600200.000,1602850.000,640.130,-51.364
600250.000,1602850.000,640.903,-46.365
600300.000,1602850.000,641.634,-53.209
600350.000,1602850.000,642.290,-59.505
600400.000,1602850.000,642.806,-58.981
600450.000,1602850.000,643.136,-71.258
600500.000,1602850.000,643.227,-69.594
600550.000,1602850.000,643.035,-90.331
600600.000,1602850.000,642.545,-82.658
600650.000,1602850.000,641.748,-114.597
600700.000,1602850.000,640.664,-95.988
600750.000,1602850.000,639.342,-104.506
600800.000,1602850.000,637.839,-115.646
600850.000,1602850.000,636.240,-129.237
600900.000,1602850.000,634.643,-150.864
600950.000,1602850.000,633.156,-169.736
601000.000,1602850.000,631.876,-187.656
601050.000,1602850.000,630.903,-182.991
601100.000,1602850.000,630.341,-182.050
601150.000,1602850.000,630.265,-210.894
601200.000,1602850.000,630.745,-206.765
601250.000,1602850.000,631.836,-203.308
601300.000,1602850.000,633.564,-223.892
601350.000,1602850.000,635.938,-208.143
601400.000,1602850.000,638.923,-233.341
601450.000,1602850.000,642.484,-244.472
601500.000,1602850.000,646.523,-249.367
601550.000,1602850.000,650.964,-251.431
601600.000,1602850.000,655.651,-229.332
601650.000,1602850.000,660.424,-225.338
601700.000,1602850.000,665.106,-242.900
601750.000,1602850.000,669.497,-228.003
601800.000,1602850.000,673.390,-227.490
601850.000,1602850.000,676.593,-211.977
601900.000,1602850.000,678.923,-216.576
601950.000,1602850.000,680.262,-217.251
602000.000,1602850.000,680.485,-223.971
602050.000,1602850.000,679.568,-216.264
602100.000,1602850.000,677.531,-229.427
602150.000,1602850.000,674.476,-239.142
602200.000,1602850.000,670.545,-263.443
602250.000,1602850.000,665.978,-296.570
602300.000,1602850.000,661.044,-292.172
602350.000,1602850.000,656.066,-332.769
602400.000,1602850.000,651.382,-342.168
602450.000,1602850.000,647.350,-386.436
602500.000,1602850.000,644.296,-409.350
602550.000,1602850.000,642.503,-455.262
602600.000,1602850.000,642.205,-475.282
602650.000,1602850.000,643.571,-545.658
602700.000,1602850.000,646.682,-534.649
602750.000,1602850.000,651.507,-632.108
602800.000,1602850.000,657.982,-692.935
602850.000,1602850.000,665.911,-698.215
602900.000,1602850.000,675.042,-597.860
602950.000,1602850.000,685.059,-438.680
603000.000,1602850.000,695.617,-312.574
603050.000,1602850.000,706.324,-243.352
603100.000,1602850.000,716.795,-306.191
603150.000,1602850.000,726.659,-327.760
603200.000,1602850.000,735.573,-374.773
603250.000,1602850.000,743.218,-455.811
603300.000,1602850.000,749.360,-480.848
603350.000,1602850.000,753.802,-499.441
603400.000,1602850.000,756.438,-514.610
603450.000,1602850.000,757.240,-524.866
603500.000,1602850.000,756.243,-558.545
603550.000,1602850.000,753.545,-545.272
603600.000,1602850.000,749.328,-530.000
603650.000,1602850.000,743.829,-504.041
603700.000,1602850.000,737.309,-499.531
603750.000,1602850.000,730.063,-497.110
603800.000,1602850.000,722.394,-488.028
603850.000,1602850.000,714.600,-462.436
603900.000,1602850.000,706.946,-451.054
603950.000,1602850.000,699.678,-422.665
604000.000,1602850.000,692.962,-411.855
604050.000,1602850.000,686.930,-391.447
604100.000,1602850.000,681.635,-384.047
604150.000,1602850.000,677.089,-366.971
604200.000,1602850.000,673.241,-340.191
604250.000,1602850.000,670.038,-323.254
604300.000,1602850.000,667.369,-301.145
604350.000,1602850.000,665.108,-282.377
604400.000,1602850.000,663.151,-274.496
604450.000,1602850.000,661.395,-264.995
604500.000,1602850.000,659.749,-242.803
604550.000,1602850.000,658.141,-215.955
604600.000,1602850.000,656.519,-213.452
604650.000,1602850.000,654.844,-191.509
604700.000,1602850.000,653.084,-194.285
604750.000,1602850.000,651.204,-167.187
604800.000,1602850.000,649.162,-172.264
604850.000,1602850.000,646.935,-138.270
604900.000,1602850.000,644.479,-142.620
604950.000,1602850.000,641.764,-141.925
605000.000,1602850.000,638.785,-125.324
600000.000,1602900.000,643.567,-35.764
600050.000,1602900.000,644.483,-30.868
600100.000,1602900.000,645.294,-42.066
600150.000,1602900.000,646.026,-41.044
600200.000,1602900.000,646.686,-44.046
600250.000,1602900.000,647.267,-52.138
600300.000,1602900.000,647.750,-54.314
600350.000,1602900.000,648.113,-42.703
600400.000,1602900.000,648.304,-47.094
600450.000,1602900.000,648.294,-60.685
600500.000,1602900.000,648.043,-63.206
600550.000,1602900.000,647.524,-69.348
600600.000,1602900.000,646.735,-88.170
600650.000,1602900.000,645.676,-93.156
600700.000,1602900.000,644.375,-95.849
600750.000,1602900.000,642.882,-102.081
600800.000,1602900.000,641.254,-105.001
600850.000,1602900.000,639.570,-109.360
600900.000,1602900.000,637.919,-116.728
600950.000,1602900.000,636.399,-122.116
601000.000,1602900.000,635.096,-145.595
601050.000,1602900.000,634.098,-112.074
601100.000,1602900.000,633.500,-134.835
601150.000,1602900.000,633.372,-123.628
601200.000,1602900.000,633.776,-119.062
601250.000,1602900.000,634.771,-138.293
601300.000,1602900.000,636.386,-143.169
601350.000,1602900.000,638.636,-144.535
601400.000,1602900.000,641.499,-157.831
601450.000,1602900.000,644.951,-176.152
601500.000,1602900.000,648.905,-185.249
601550.000,1602900.000,653.296,-171.195
601600.000,1602900.000,657.979,-188.355
601650.000,1602900.000,662.797,-206.205
601700.000,1602900.000,667.577,-190.205
601750.000,1602900.000,672.117,-207.189
601800.000,1602900.000,676.203,-192.433
601850.000,1602900.000,679.634,-190.143
601900.000,1602900.000,682.213,-200.013
601950.000,1602900.000,683.807,-212.229
602000.000,1602900.000,684.275,-209.451
602050.000,1602900.000,683.576,-204.123
602100.000,1602900.000,681.720,-223.933
602150.000,1602900.000,678.793,-242.622
602200.000,1602900.000,674.930,-244.002
602250.000,1602900.000,670.365,-273.164
602300.000,1602900.000,665.368,-278.602
602350.000,1602900.000,660.261,-292.797
602400.000,1602900.000,655.388,-343.468
602450.000,1602900.000,651.117,-371.667
602500.000,1602900.000,647.782,-396.902
602550.000,1602900.000,645.679,-418.510
602600.000,1602900.000,645.055,-468.390
602650.000,1602900.000,646.091,-578.747
602700.000,1602900.000,648.881,-594.687
602750.000,1602900.000,653.403,-654.604
602800.000,1602900.000,659.606,-740.739
602850.000,1602900.000,667.295,-699.112
602900.000,1602900.000,676.227,-669.567
602950.000,1602900.000,686.086,-540.242
603000.000,1602900.000,696.526,-367.856
603050.000,1602900.000,707.150,-327.796
603100.000,1602900.000,717.572,-349.512
603150.000,1602900.000,727.410,-398.972
603200.000,1602900.000,736.314,-469.954
603250.000,1602900.000,743.959,-506.362
603300.000,1602900.000,750.098,-519.761
603350.000,1602900.000,754.533,-546.058
603400.000,1602900.000,757.149,-577.671
603450.000,1602900.000,757.913,-591.700
603500.000,1602900.000,756.861,-564.920
603550.000,1602900.000,754.090,-575.151
603600.000,1602900.000,749.781,-552.127
603650.000,1602900.000,744.176,-560.816
603700.000,1602900.000,737.541,-516.882
603750.000,1602900.000,730.171,-516.572
603800.000,1602900.000,722.377,-495.934
603850.000,1602900.000,714.458,-478.932
603900.000,1602900.000,706.684,-479.078
603950.000,1602900.000,699.302,-445.509
604000.000,1602900.000,692.481,-408.367
604050.000,1602900.000,686.350,-426.829
604100.000,1602900.000,680.963,-374.786
604150.000,1602900.000,676.330,-373.271
604200.000,1602900.000,672.399,-354.552
604250.000,1602900.000,669.115,-329.405
604300.000,1602900.000,666.368,-316.561
604350.000,1602900.000,664.032,-270.577
604400.000,1602900.000,662.006,-267.881
604450.000,1602900.000,660.193,-234.942
604500.000,1602900.000,658.506,-227.705
604550.000,1602900.000,656.880,-231.452
604600.000,1602900.000,655.272,-210.787
604650.000,1602900.000,653.650,-195.984
604700.000,1602900.000,651.988,-189.998
604750.000,1602900.000,650.254,-160.465
604800.000,1602900.000,648.408,-155.873
604850.000,1602900.000,646.425,-148.457
604900.000,1602900.000,644.257,-144.014
604950.000,1602900.000,641.861,-133.707
605000.000,1602900.000,639.222,-135.987
600000.000,1602950.000,649.370,-30.451
600050.000,1602950.000,650.421,-21.227
600100.000,1602950.000,651.300,-32.110
600150.000,1602950.000,652.031,-37.866
600200.000,1602950.000,652.623,-45.601
600250.000,1602950.000,653.074,-46.240
600300.000,1602950.000,653.372,-48.550
600350.000,1602950.000,653.507,-61.236
600400.000,1602950.000,653.440,-53.050
600450.000,1602950.000,653.156,-66.186
600500.000,1602950.000,652.632,-55.569
600550.000,1602950.000,651.853,-61.816
600600.000,1602950.000,650.832,-63.635
600650.000,1602950.000,649.578,-71.237
600700.000,1602950.000,648.123,-75.242
600750.000,1602950.000,646.521,-66.399
600800.000,1602950.000,644.825,-77.194
600850.000,1602950.000,643.109,-101.963
600900.000,1602950.000,641.451,-88.064
600950.000,1602950.000,639.937,-83.125
601000.000,1602950.000,638.644,-85.678
601050.000,1602950.000,637.644,-88.460
601100.000,1602950.000,637.024,-83.163
601150.000,1602950.000,636.847,-76.354
601200.000,1602950.000,637.172,-71.177
601250.000,1602950.000,638.057,-72.092
601300.000,1602950.000,639.537,-87.687
601350.000,1602950.000,641.636,-91.608
601400.000,1602950.000,644.341,-94.703
601450.000,1602950.000,647.644,-116.319
601500.000,1602950.000,651.468,-120.393
601550.000,1602950.000,655.762,-144.728
601600.000,1602950.000,660.391,-131.058
601650.000,1602950.000,665.205,-159.815
601700.000,1602950.000,670.032,-159.266
601750.000,1602950.000,674.673,-153.118
601800.000,1602950.000,678.904,-179.918
601850.000,1602950.000,682.517,-186.710
601900.000,1602950.000,685.304,-182.598
601950.000,1602950.000,687.117,-201.502
602000.000,1602950.000,687.798,-187.122
602050.000,1602950.000,687.292,-213.602
602100.000,1602950.000,685.597,-233.773
602150.000,1602950.000,682.787,-221.345
602200.000,1602950.000,678.987,-255.045
602250.000,1602950.000,674.427,-258.336
602300.000,1602950.000,669.375,-292.593
602350.000,1602950.000,664.156,-308.278
602400.000,1602950.000,659.117,-348.523
602450.000,1602950.000,654.631,-357.758
602500.000,1602950.000,651.045,-399.292
602550.000,1602950.000,648.661,-410.035
602600.000,1602950.000,647.739,-463.670
602650.000,1602950.000,648.469,-546.183
602700.000,1602950.000,650.955,-620.716
602750.000,1602950.000,655.185,-651.858
602800.000,1602950.000,661.114,-717.893
602850.000,1602950.000,668.555,-737.815
602900.000,1602950.000,677.266,-722.120
602950.000,1602950.000,686.937,-602.226
603000.000,1602950.000,697.217,-427.613
603050.000,1602950.000,707.712,-373.458
603100.000,1602950.000,718.030,-386.730
603150.000,1602950.000,727.785,-470.623
603200.000,1602950.000,736.622,-523.936
603250.000,1602950.000,744.211,-591.015
603300.000,1602950.000,750.297,-608.811
603350.000,1602950.000,754.678,-603.251
603400.000,1602950.000,757.236,-614.708
603450.000,1602950.000,757.932,-610.194
603500.000,1602950.000,756.802,-615.260
603550.000,1602950.000,753.942,-580.837
603600.000,1602950.000,749.532,-593.274
603650.000,1602950.000,743.815,-563.387
603700.000,1602950.000,737.060,-553.990
603750.000,1602950.000,729.562,-535.147
603800.000,1602950.000,721.638,-511.122
603850.000,1602950.000,713.584,-497.260
603900.000,1602950.000,705.677,-465.473
603950.000,1602950.000,698.163,-457.091
604000.000,1602950.000,691.212,-437.110
604050.000,1602950.000,684.956,-428.460
604100.000,1602950.000,679.447,-410.359
604150.000,1602950.000,674.697,-366.581
604200.000,1602950.000,670.654,-366.567
604250.000,1602950.000,667.263,-343.232
604300.000,1602950.000,664.417,-330.939
604350.000,1602950.000,661.992,-294.202
604400.000,1602950.000,659.893,-265.020
604450.000,1602950.000,658.026,-261.455
604500.000,1602950.000,656.312,-259.730
604550.000,1602950.000,654.694,-214.868
604600.000,1602950.000,653.135,-215.551
604650.000,1602950.000,651.610,-193.825
604700.000,1602950.000,650.099,-188.607
604750.000,1602950.000,648.576,-170.323
604800.000,1602950.000,646.998,-168.980
604850.000,1602950.000,645.341,-155.396
604900.000,1602950.000,643.550,-139.060
604950.000,1602950.000,641.574,-138.426
605000.000,1602950.000,639.383,-121.259
600000.000,1603000.000,654.159,-26.179
600050.000,1603000.000,655.372,-34.596
600100.000,1603000.000,656.354,-29.289
600150.000,1603000.000,657.128,-47.335
600200.000,1603000.000,657.705,-26.219
600250.000,1603000.000,658.084,-36.681
600300.000,1603000.000,658.263,-43.410
600350.000,1603000.000,658.241,-39.209
600400.000,1603000.000,657.989,-50.883
600450.000,1603000.000,657.510,-44.531
600500.000,1603000.000,656.792,-59.342
600550.000,1603000.000,655.835,-54.815
600600.000,1603000.000,654.664,-52.025
600650.000,1603000.000,653.294,-56.131
600700.000,1603000.000,651.764,-72.672
600750.000,1603000.000,650.126,-61.480
600800.000,1603000.000,648.432,-72.913
600850.000,1603000.000,646.745,-72.019
600900.000,1603000.000,645.134,-62.813
600950.000,1603000.000,643.673,-74.180
601000.000,1603000.000,642.424,-43.180
601050.000,1603000.000,641.449,-54.540
601100.000,1603000.000,640.823,-53.737
601150.000,1603000.000,640.603,-58.275
601200.000,1603000.000,640.844,-41.145
601250.000,1603000.000,641.607,-39.238
601300.000,1603000.000,642.932,-42.913
601350.000,1603000.000,644.850,-54.789
601400.000,1603000.000,647.364,-57.207
601450.000,1603000.000,650.476,-79.053
601500.000,1603000.000,654.128,-101.557
601550.000,1603000.000,658.278,-112.795
601600.000,1603000.000,662.803,-111.305
601650.000,1603000.000,667.563,-127.466
601700.000,1603000.000,672.388,-134.087
601750.000,1603000.000,677.080,-153.607
601800.000,1603000.000,681.410,-145.988
601850.000,1603000.000,685.161,-172.111
601900.000,1603000.000,688.113,-178.032
601950.000,1603000.000,690.107,-178.745
602000.000,1603000.000,690.969,-172.776
602050.000,1603000.000,690.631,-199.574
602100.000,1603000.000,689.077,-199.082
602150.000,1603000.000,686.372,-219.235
602200.000,1603000.000,682.631,-248.263
602250.000,1603000.000,678.082,-249.911
602300.000,1603000.000,672.989,-298.053
602350.000,1603000.000,667.678,-309.376
602400.000,1603000.000,662.500,-309.391
602450.000,1603000.000,657.834,-363.205
602500.000,1603000.000,654.032,-417.856
602550.000,1603000.000,651.406,-445.651
602600.000,1603000.000,650.222,-510.189
602650.000,1603000.000,650.679,-586.433
602700.000,1603000.000,652.889,-623.546
602750.000,1603000.000,656.844,-691.596
602800.000,1603000.000,662.509,-752.711
602850.000,1603000.000,669.697,-801.571
602900.000,1603000.000,678.174,-756.541
602950.000,1603000.000,687.629,-672.457
603000.000,1603000.000,697.714,-524.940
603050.000,1603000.000,708.034,-460.195
603100.000,1603000.000,718.195,-498.655
603150.000,1603000.000,727.811,-518.892
603200.000,1603000.000,736.524,-620.495
603250.000,1603000.000,744.000,-630.981
603300.000,1603000.000,749.979,-653.098
603350.000,1603000.000,754.259,-685.159
603400.000,1603000.000,756.717,-668.676
603450.000,1603000.000,757.311,-679.821
603500.000,1603000.000,756.076,-632.530
603550.000,1603000.000,753.105,-640.194
603600.000,1603000.000,748.578,-622.766
603650.000,1603000.000,742.737,-586.893
603700.000,1603000.000,735.850,-580.171
603750.000,1603000.000,728.213,-551.544
603800.000,1603000.000,720.144,-547.027
603850.000,1603000.000,711.940,-537.131
603900.000,1603000.000,703.877,-480.458
603950.000,1603000.000,696.206,-484.238
604000.000,1603000.000,689.096,-454.529
604050.000,1603000.000,682.681,-424.669
604100.000,1603000.000,677.017,-387.913
604150.000,1603000.000,672.117,-376.183
604200.000,1603000.000,667.930,-347.928
604250.000,1603000.000,664.407,-322.209
604300.000,1603000.000,661.443,-312.434
604350.000,1603000.000,658.919,-296.349
604400.000,1603000.000,656.746,-276.931
604450.000,1603000.000,654.837,-265.307
604500.000,1603000.000,653.118,-235.148
604550.000,1603000.000,651.540,-223.811
604600.000,1603000.000,650.072,-211.045
604650.000,1603000.000,648.697,-203.005
604700.000,1603000.000,647.400,-204.103
604750.000,1603000.000,646.156,-157.563
604800.000,1603000.000,644.926,-163.818
604850.000,1603000.000,643.679,-151.356
604900.000,1603000.000,642.358,-133.740
604950.000,1603000.000,640.901,-135.982
605000.000,1603000.000,639.267,-128.503
600000.000,1603050.000,657.816,-34.361
600050.000,1603050.000,659.199,-33.318
600100.000,1603050.000,660.304,-30.472
600150.000,1603050.000,661.152,-29.794
600200.000,1603050.000,661.754,-40.162
600250.000,1603050.000,662.113,-41.000
600300.000,1603050.000,662.233,-34.667
600350.000,1603050.000,662.121,-41.566
600400.000,1603050.000,661.762,-44.591
600450.000,1603050.000,661.169,-41.195
600500.000,1603050.000,660.343,-45.219
600550.000,1603050.000,659.296,-51.446
600600.000,1603050.000,658.064,-48.493
600650.000,1603050.000,656.668,-48.089
600700.000,1603050.000,655.148,-48.308
600750.000,1603050.000,653.556,-47.951
600800.000,1603050.000,651.938,-62.872
600850.000,1603050.000,650.348,-52.847
600900.000,1603050.000,648.842,-45.339
600950.000,1603050.000,647.481,-39.846
601000.000,1603050.000,646.314,-42.048
601050.000,1603050.000,645.389,-39.095
601100.000,1603050.000,644.772,-32.416
601150.000,1603050.000,644.513,-20.721
601200.000,1603050.000,644.666,-28.335
601250.000,1603050.000,645.292,-27.777
601300.000,1603050.000,646.440,-39.881
601350.000,1603050.000,648.150,-20.134
601400.000,1603050.000,650.438,-48.571
601450.000,1603050.000,653.323,-59.199
601500.000,1603050.000,656.761,-77.040
601550.000,1603050.000,660.724,-90.854
601600.000,1603050.000,665.102,-108.560
601650.000,1603050.000,669.763,-116.000
601700.000,1603050.000,674.541,-127.738
601750.000,1603050.000,679.240,-126.425
601800.000,1603050.000,683.626,-140.668
601850.000,1603050.000,687.476,-151.297
601900.000,1603050.000,690.559,-157.393
601950.000,1603050.000,692.702,-165.073
602000.000,1603050.000,693.718,-175.931
602050.000,1603050.000,693.526,-182.683
602100.000,1603050.000,692.100,-199.903
602150.000,1603050.000,689.494,-227.414
602200.000,1603050.000,685.814,-234.980
602250.000,1603050.000,681.285,-248.923
602300.000,1603050.000,676.170,-264.804
602350.000,1603050.000,670.793,-300.270
602400.000,1603050.000,665.510,-322.887
602450.000,1603050.000,660.701,-363.792
602500.000,1603050.000,656.725,-393.011
602550.000,1603050.000,653.900,-432.190
602600.000,1603050.000,652.495,-479.952
602650.000,1603050.000,652.717,-525.967
602700.000,1603050.000,654.681,-653.590
602750.000,1603050.000,658.385,-688.926
602800.000,1603050.000,663.796,-798.166
602850.000,1603050.000,670.734,-790.389
602900.000,1603050.000,678.964,-852.835
602950.000,1603050.000,688.182,-694.816
603000.000,1603050.000,698.037,-585.610
603050.000,1603050.000,708.140,-548.489
603100.000,1603050.000,718.096,-577.878
603150.000,1603050.000,727.518,-660.358
603200.000,1603050.000,736.051,-671.809
603250.000,1603050.000,743.359,-704.106
603300.000,1603050.000,749.179,-735.715
603350.000,1603050.000,753.310,-723.526
603400.000,1603050.000,755.626,-730.569
603450.000,1603050.000,756.083,-702.043
603500.000,1603050.000,754.712,-686.660
603550.000,1603050.000,751.606,-688.269
603600.000,1603050.000,746.941,-674.141
603650.000,1603050.000,740.958,-636.447
603700.000,1603050.000,733.924,-596.135
603750.000,1603050.000,726.131,-585.085
603800.000,1603050.000,717.898,-580.515
603850.000,1603050.000,709.520,-529.680
603900.000,1603050.000,701.277,-530.006
603950.000,1603050.000,693.419,-484.614
604000.000,1603050.000,686.118,-447.170
604050.000,1603050.000,679.511,-419.817
604100.000,1603050.000,673.659,-418.791
604150.000,1603050.000,668.577,-393.132
604200.000,1603050.000,664.221,-374.038
604250.000,1603050.000,660.547,-339.494
604300.000,1603050.000,657.454,-309.865
604350.000,1603050.000,654.831,-288.202
604400.000,1603050.000,652.594,-263.663
604450.000,1603050.000,650.663,-265.560
604500.000,1603050.000,648.971,-238.931
604550.000,1603050.000,647.476,-209.834
604600.000,1603050.000,646.152,-209.308
604650.000,1603050.000,644.989,-186.863
604700.000,1603050.000,643.973,-190.201
604750.000,1603050.000,643.084,-174.220
604800.000,1603050.000,642.280,-159.967
604850.000,1603050.000,641.528,-152.143
604900.000,1603050.000,640.767,-149.521
604950.000,1603050.000,639.924,-133.201
605000.000,1603050.000,638.945,-131.130
600000.000,1603100.000,660.285,-27.812
600050.000,1603100.000,661.827,-28.235
600100.000,1603100.000,663.057,-26.821
600150.000,1603100.000,663.995,-32.972
600200.000,1603100.000,664.652,-36.627
600250.000,1603100.000,665.032,-33.025
600300.000,1603100.000,665.147,-32.185
600350.000,1603100.000,665.012,-31.443
600400.000,1603100.000,664.620,-32.954
600450.000,1603100.000,663.996,-29.508
600500.000,1603100.000,663.153,-44.910
600550.000,1603100.000,662.110,-51.430
600600.000,1603100.000,660.913,-56.094
600650.000,1603100.000,659.586,-40.843
600700.000,1603100.000,658.168,-36.191
600750.000,1603100.000,656.710,-40.372
600800.000,1603100.000,655.249,-53.722
600850.000,1603100.000,653.827,-36.665
600900.000,1603100.000,652.488,-25.228
600950.000,1603100.000,651.278,-43.261
601000.000,1603100.000,650.232,-28.171
601050.000,1603100.000,649.385,-30.704
601100.000,1603100.000,648.795,-23.480
601150.000,1603100.000,648.504,-16.704
601200.000,1603100.000,648.567,-14.680
601250.000,1603100.000,649.045,-29.408
601300.000,1603100.000,649.997,-17.709
601350.000,1603100.000,651.475,-22.196
601400.000,1603100.000,653.508,-36.663
601450.000,1603100.000,656.132,-39.214
601500.000,1603100.000,659.319,-65.399
601550.000,1603100.000,663.056,-68.651
601600.000,1603100.000,667.247,-76.424
601650.000,1603100.000,671.769,-99.056
601700.000,1603100.000,676.458,-112.507
601750.000,1603100.000,681.125,-124.578
601800.000,1603100.000,685.527,-125.110
601850.000,1603100.000,689.438,-127.430
601900.000,1603100.000,692.615,-139.595
601950.000,1603100.000,694.877,-155.644
602000.000,1603100.000,696.021,-169.939
602050.000,1603100.000,695.954,-170.411
602100.000,1603100.000,694.643,-197.930
602150.000,1603100.000,692.128,-211.481
602200.000,1603100.000,688.512,-217.403
602250.000,1603100.000,684.013,-249.226
602300.000,1603100.000,678.894,-260.250
602350.000,1603100.000,673.478,-277.682
602400.000,1603100.000,668.123,-320.552
602450.000,1603100.000,663.210,-341.212
602500.000,1603100.000,659.103,-369.912
602550.000,1603100.000,656.120,-424.047
602600.000,1603100.000,654.537,-480.020
602650.000,1603100.000,654.561,-556.806
602700.000,1603100.000,656.311,-638.744
602750.000,1603100.000,659.786,-742.730
602800.000,1603100.000,664.958,-781.295
602850.000,1603100.000,671.646,-841.457
602900.000,1603100.000,679.621,-867.146
602950.000,1603100.000,688.580,-780.182
603000.000,1603100.000,698.176,-663.071
603050.000,1603100.000,708.022,-653.367
603100.000,1603100.000,717.728,-674.931
603150.000,1603100.000,726.908,-718.387
603200.000,1603100.000,735.209,-788.390
603250.000,1603100.000,742.299,-797.808
603300.000,1603100.000,747.913,-844.540
603350.000,1603100.000,751.852,-802.421
603400.000,1603100.000,753.990,-754.758
603450.000,1603100.000,754.276,-743.552
603500.000,1603100.000,752.745,-743.809
603550.000,1603100.000,749.482,-721.839
603600.000,1603100.000,744.662,-664.693
603650.000,1603100.000,738.522,-654.233
603700.000,1603100.000,731.324,-625.966
603750.000,1603100.000,723.358,-550.742
603800.000,1603100.000,714.941,-544.303
603850.000,1603100.000,706.367,-517.904
603900.000,1603100.000,697.917,-515.980
603950.000,1603100.000,689.843,-481.864
604000.000,1603100.000,682.320,-480.049
604050.000,1603100.000,675.488,-409.337
604100.000,1603100.000,669.417,-405.510
604150.000,1603100.000,664.126,-404.756
604200.000,1603100.000,659.579,-355.918
604250.000,1603100.000,655.739,-346.609
604300.000,1603100.000,652.511,-316.586
604350.000,1603100.000,649.794,-286.066
604400.000,1603100.000,647.510,-280.955
604450.000,1603100.000,645.586,-255.504
604500.000,1603100.000,643.961,-241.439
604550.000,1603100.000,642.598,-220.833
604600.000,1603100.000,641.476,-219.041
604650.000,1603100.000,640.589,-195.975
604700.000,1603100.000,639.925,-182.264
604750.000,1603100.000,639.464,-173.100
604800.000,1603100.000,639.164,-156.609
604850.000,1603100.000,638.987,-153.387
604900.000,1603100.000,638.867,-150.809
604950.000,1603100.000,638.720,-126.468
605000.000,1603100.000,638.482,-128.323
600000.000,1603150.000,661.613,-26.356
600050.000,1603150.000,663.287,-28.878
600100.000,1603150.000,664.630,-25.538
600150.000,1603150.000,665.658,-43.517
600200.000,1603150.000,666.385,-36.081
600250.000,1603150.000,666.817,-25.698
600300.000,1603150.000,666.972,-28.899
600350.000,1603150.000,666.870,-31.258
600400.000,1603150.000,666.514,-38.015
600450.000,1603150.000,665.938,-40.661
600500.000,1603150.000,665.162,-42.394
600550.000,1603150.000,664.215,-42.305
600600.000,1603150.000,663.147,-38.641
600650.000,1603150.000,661.980,-38.643
600700.000,1603150.000,660.756,-39.503
600750.000,1603150.000,659.516,-30.354
600800.000,1603150.000,658.290,-31.335
600850.000,1603150.000,657.105,-48.005
600900.000,1603150.000,655.992,-30.132
600950.000,1603150.000,654.981,-26.418
601000.000,1603150.000,654.093,-16.944
601050.000,1603150.000,653.352,-25.198
601100.000,1603150.000,652.804,-14.851
601150.000,1603150.000,652.489,-13.170
601200.000,1603150.000,652.459,-6.449
601250.000,1603150.000,652.781,-14.808
601300.000,1603150.000,653.522,-18.294
601350.000,1603150.000,654.747,-25.254
601400.000,1603150.000,656.502,-27.769
601450.000,1603150.000,658.838,-34.486
601500.000,1603150.000,661.745,-49.263
601550.000,1603150.000,665.225,-55.698
601600.000,1603150.000,669.194,-77.025
601650.000,1603150.000,673.541,-88.615
601700.000,1603150.000,678.108,-88.296
601750.000,1603150.000,682.706,-97.618
601800.000,1603150.000,687.089,-121.996
601850.000,1603150.000,691.026,-116.915
601900.000,1603150.000,694.267,-138.594
601950.000,1603150.000,696.617,-142.621
602000.000,1603150.000,697.864,-151.028
602050.000,1603150.000,697.903,-163.341
602100.000,1603150.000,696.692,-182.528
602150.000,1603150.000,694.263,-186.333
602200.000,1603150.000,690.711,-213.446
602250.000,1603150.000,686.253,-228.259
602300.000,1603150.000,681.149,-221.479
602350.000,1603150.000,675.719,-273.572
602400.000,1603150.000,670.324,-316.477
602450.000,1603150.000,665.345,-341.408
602500.000,1603150.000,661.145,-381.855
602550.000,1603150.000,658.048,-426.507
602600.000,1603150.000,656.326,-503.698
602650.000,1603150.000,656.189,-556.399
602700.000,1603150.000,657.755,-646.573
602750.000,1603150.000,661.024,-694.139
602800.000,1603150.000,665.968,-840.963
602850.000,1603150.000,672.411,-908.514
602900.000,1603150.000,680.122,-977.561
602950.000,1603150.000,688.804,-900.015
603000.000,1603150.000,698.113,-796.417
603050.000,1603150.000,707.668,-732.755
603100.000,1603150.000,717.082,-799.733
603150.000,1603150.000,725.976,-841.267
603200.000,1603150.000,734.001,-897.164
603250.000,1603150.000,740.830,-879.888
603300.000,1603150.000,746.198,-904.782
603350.000,1603150.000,749.909,-879.272
603400.000,1603150.000,751.838,-872.559
603450.000,1603150.000,751.931,-809.997
603500.000,1603150.000,750.218,-777.280
603550.000,1603150.000,746.784,-751.869
603600.000,1603150.000,741.796,-736.282
603650.000,1603150.000,735.487,-657.394
603700.000,1603150.000,728.115,-624.084
603750.000,1603150.000,719.964,-641.985
603800.000,1603150.000,711.350,-587.217
603850.000,1603150.000,702.562,-534.543
603900.000,1603150.000,693.886,-537.171
603950.000,1603150.000,685.571,-488.779
604000.000,1603150.000,677.801,-448.054
604050.000,1603150.000,670.721,-414.166
604100.000,1603150.000,664.408,-404.046
604150.000,1603150.000,658.888,-368.726
604200.000,1603150.000,654.136,-362.328
604250.000,1603150.000,650.125,-318.011
604300.000,1603150.000,646.766,-310.584
604350.000,1603150.000,643.968,-283.397
604400.000,1603150.000,641.661,-268.064
604450.000,1603150.000,639.778,-235.205
604500.000,1603150.000,638.262,-223.218
604550.000,1603150.000,637.083,-220.004
604600.000,1603150.000,636.222,-204.222
604650.000,1603150.000,635.675,-182.973
604700.000,1603150.000,635.429,-165.349
604750.000,1603150.000,635.464,-150.512
604800.000,1603150.000,635.735,-171.224
604850.000,1603150.000,636.200,-150.205
604900.000,1603150.000,636.787,-121.087
604950.000,1603150.000,637.403,-125.699
605000.000,1603150.000,637.969,-112.841
600000.000,1603200.000,661.936,-31.510
600050.000,1603200.000,663.700,-21.066
600100.000,1603200.000,665.127,-30.293
600150.000,1603200.000,666.232,-27.725
600200.000,1603200.000,667.032,-33.222
600250.000,1603200.000,667.533,-29.507
600300.000,1603200.000,667.760,-29.073
600350.000,1603200.000,667.739,-33.515
600400.000,1603200.000,667.479,-40.038
600450.000,1603200.000,667.022,-34.626
600500.000,1603200.000,666.394,-33.209
600550.000,1603200.000,665.628,-27.996
600600.000,1603200.000,664.776,-25.816
600650.000,1603200.000,663.860,-33.572
600700.000,1603200.000,662.915,-34.228
600750.000,1603200.000,661.973,-37.298
600800.000,1603200.000,661.055,-28.294
600850.000,1603200.000,660.174,-19.720
600900.000,1603200.000,659.342,-28.026
600950.000,1603200.000,658.576,-16.856
601000.000,1603200.000,657.883,-6.917
601050.000,1603200.000,657.272,-14.986
601100.000,1603200.000,656.784,-9.553
601150.000,1603200.000,656.452,-15.593
601200.000,1603200.000,656.330,-11.546
601250.000,1603200.000,656.492,-15.072
601300.000,1603200.000,657.012,-10.178
601350.000,1603200.000,657.970,-15.314
601400.000,1603200.000,659.427,-22.029
601450.000,1603200.000,661.454,-31.516
601500.000,1603200.000,664.058,-41.194
601550.000,1603200.000,667.254,-48.438
601600.000,1603200.000,670.975,-51.831
601650.000,1603200.000,675.117,-64.909
601700.000,1603200.000,679.528,-70.961
601750.000,1603200.000,684.024,-99.120
601800.000,1603200.000,688.355,-105.410
601850.000,1603200.000,692.284,-119.893
601900.000,1603200.000,695.555,-122.639
601950.000,1603200.000,697.963,-151.523
602000.000,1603200.000,699.286,-150.651
602050.000,1603200.000,699.407,-154.245
602100.000,1603200.000,698.278,-172.452
602150.000,1603200.000,695.924,-183.234
602200.000,1603200.000,692.435,-189.994
602250.000,1603200.000,688.022,-200.903
602300.000,1603200.000,682.945,-253.818
602350.000,1603200.000,677.521,-267.339
602400.000,1603200.000,672.112,-297.663
602450.000,1603200.000,667.097,-317.933
602500.000,1603200.000,662.839,-355.686
602550.000,1603200.000,659.660,-412.700
602600.000,1603200.000,657.833,-470.492
602650.000,1603200.000,657.564,-583.509
602700.000,1603200.000,658.970,-630.284
602750.000,1603200.000,662.049,-789.164
602800.000,1603200.000,666.774,-873.412
602850.000,1603200.000,672.968,-975.537
602900.000,1603200.000,680.405,-1060.534
602950.000,1603200.000,688.791,-1008.507
603000.000,1603200.000,697.786,-992.211
603050.000,1603200.000,707.017,-934.739
603100.000,1603200.000,716.103,-990.184
603150.000,1603200.000,724.673,-1058.344
603200.000,1603200.000,732.385,-1024.486
603250.000,1603200.000,738.917,-1005.509
603300.000,1603200.000,744.009,-953.304
603350.000,1603200.000,747.467,-913.424
603400.000,1603200.000,749.166,-895.141
603450.000,1603200.000,749.050,-885.402
603500.000,1603200.000,747.148,-842.329
603550.000,1603200.000,743.537,-770.635
603600.000,1603200.000,738.381,-729.026
603650.000,1603200.000,731.902,-665.265
603700.000,1603200.000,724.357,-631.349
603750.000,1603200.000,716.019,-627.449
603800.000,1603200.000,707.204,-594.847
603850.000,1603200.000,698.196,-564.117
603900.000,1603200.000,689.284,-507.299
603950.000,1603200.000,680.719,-482.756
604000.000,1603200.000,672.688,-456.406
604050.000,1603200.000,665.347,-454.557
604100.000,1603200.000,658.781,-403.863
604150.000,1603200.000,653.026,-366.677
604200.000,1603200.000,648.068,-366.393
604250.000,1603200.000,643.891,-340.585
604300.000,1603200.000,640.416,-310.554
604350.000,1603200.000,637.561,-287.842
604400.000,1603200.000,635.265,-279.292
604450.000,1603200.000,633.465,-247.853
604500.000,1603200.000,632.111,-228.059
604550.000,1603200.000,631.172,-206.614
604600.000,1603200.000,630.633,-197.987
604650.000,1603200.000,630.488,-167.297
604700.000,1603200.000,630.723,-167.753
604750.000,1603200.000,631.316,-144.915
604800.000,1603200.000,632.216,-149.383
604850.000,1603200.000,633.376,-144.015
604900.000,1603200.000,634.718,-131.562
604950.000,1603200.000,636.141,-121.314
605000.000,1603200.000,637.555,-129.040
600000.000,1603250.000,661.440,-27.428
600050.000,1603250.000,663.243,-14.988
600100.000,1603250.000,664.714,-27.913
600150.000,1603250.000,665.871,-23.829
600200.000,1603250.000,666.734,-27.747
600250.000,1603250.000,667.310,-20.859
600300.000,1603250.000,667.631,-33.859
600350.000,1603250.000,667.727,-21.678
600400.000,1603250.000,667.614,-25.420
600450.000,1603250.000,667.336,-38.644
600500.000,1603250.000,666.926,-20.279
600550.000,1603250.000,666.416,-36.456
600600.000,1603250.000,665.859,-33.478
600650.000,1603250.000,665.272,-32.729
600700.000,1603250.000,664.681,-28.824
600750.000,1603250.000,664.110,-31.105
600800.000,1603250.000,663.567,-28.743
600850.000,1603250.000,663.045,-24.783
600900.000,1603250.000,662.543,-24.267
600950.000,1603250.000,662.061,-21.283
601000.000,1603250.000,661.593,-17.531
601050.000,1603250.000,661.136,-6.158
601100.000,1603250.000,660.722,-16.740
601150.000,1603250.000,660.383,-7.044
601200.000,1603250.000,660.174,-6.838
601250.000,1603250.000,660.173,-15.242
601300.000,1603250.000,660.467,-11.995
601350.000,1603250.000,661.150,-12.650
601400.000,1603250.000,662.299,-18.227
601450.000,1603250.000,664.004,-40.690
601500.000,1603250.000,666.287,-37.760
601550.000,1603250.000,669.181,-35.917
601600.000,1603250.000,672.631,-58.358
601650.000,1603250.000,676.545,-58.953
601700.000,1603250.000,680.774,-80.041
601750.000,1603250.000,685.138,-80.968
601800.000,1603250.000,689.384,-81.477
601850.000,1603250.000,693.272,-102.874
601900.000,1603250.000,696.539,-122.521
601950.000,1603250.000,698.971,-129.362
602000.000,1603250.000,700.338,-137.590
602050.000,1603250.000,700.514,-144.899
602100.000,1603250.000,699.446,-170.703
602150.000,1603250.000,697.150,-168.269
602200.000,1603250.000,693.713,-186.062
602250.000,1603250.000,689.343,-201.130
602300.000,1603250.000,684.297,-224.803
602350.000,1603250.000,678.890,-241.608
602400.000,1603250.000,673.483,-258.510
602450.000,1603250.000,668.454,-292.226
602500.000,1603250.000,664.162,-372.832
602550.000,1603250.000,660.927,-413.011
602600.000,1603250.000,659.018,-448.610
602650.000,1603250.000,658.638,-544.787
602700.000,1603250.000,659.900,-629.417
602750.000,1603250.000,662.798,-735.954
602800.000,1603250.000,667.306,-883.676
602850.000,1603250.000,673.247,-1068.748
602900.000,1603250.000,680.396,-1106.650
602950.000,1603250.000,688.467,-1198.854
603000.000,1603250.000,697.124,-1177.815
603050.000,1603250.000,706.002,-1106.853
603100.000,1603250.000,714.731,-1202.807
603150.000,1603250.000,722.947,-1184.148
603200.000,1603250.000,730.317,-1182.009
603250.000,1603250.000,736.528,-1159.564
603300.000,1603250.000,741.323,-1113.403
603350.000,1603250.000,744.514,-1003.583
603400.000,1603250.000,745.977,-976.657
603450.000,1603250.000,745.653,-884.233
603500.000,1603250.000,743.566,-846.920
603550.000,1603250.000,739.788,-782.904
603600.000,1603250.000,734.474,-726.467
603650.000,1603250.000,727.841,-691.459
603700.000,1603250.000,720.135,-658.973
603750.000,1603250.000,711.625,-647.151
603800.000,1603250.000,702.619,-594.594
603850.000,1603250.000,693.401,-543.705
603900.000,1603250.000,684.259,-540.276
603950.000,1603250.000,675.447,-503.128
604000.000,1603250.000,667.160,-440.475
604050.000,1603250.000,659.560,-431.936
604100.000,1603250.000,652.746,-397.477
604150.000,1603250.000,646.763,-362.510
604200.000,1603250.000,641.613,-341.672
604250.000,1603250.000,637.288,-316.821
604300.000,1603250.000,633.722,-300.204
604350.000,1603250.000,630.843,-282.714
604400.000,1603250.000,628.598,-243.870
604450.000,1603250.000,626.927,-256.559
604500.000,1603250.000,625.785,-227.373
604550.000,1603250.000,625.142,-204.601
604600.000,1603250.000,624.980,-200.393
604650.000,1603250.000,625.292,-175.392
604700.000,1603250.000,626.060,-176.822
604750.000,1603250.000,627.256,-167.529
604800.000,1603250.000,628.825,-131.068
604850.000,1603250.000,630.712,-132.482
604900.000,1603250.000,632.836,-130.008
604950.000,1603250.000,635.084,-124.567
605000.000,1603250.000,637.357,-111.669
600000.000,1603300.000,660.404,-13.883
600050.000,1603300.000,662.189,-21.783
600100.000,1603300.000,663.660,-20.802
600150.000,1603300.000,664.836,-22.759
600200.000,1603300.000,665.742,-22.038
600250.000,1603300.000,666.390,-22.891
600300.000,1603300.000,666.816,-32.484
600350.000,1603300.000,667.054,-14.996
600400.000,1603300.000,667.125,-24.641
600450.000,1603300.000,667.075,-31.550
600500.000,1603300.000,666.937,-24.076
600550.000,1603300.000,666.745,-15.425
600600.000,1603300.000,666.547,-33.249
600650.000,1603300.000,666.351,-28.362
600700.000,1603300.000,666.177,-23.497
600750.000,1603300.000,666.033,-24.360
600800.000,1603300.000,665.914,-20.280
600850.000,1603300.000,665.796,-13.340
600900.000,1603300.000,665.663,-23.178
600950.000,1603300.000,665.495,-14.753
601000.000,1603300.000,665.276,-3.634
601050.000,1603300.000,664.990,-10.248
601100.000,1603300.000,664.663,-18.692
601150.000,1603300.000,664.324,-0.878
601200.000,1603300.000,664.032,-15.187
601250.000,1603300.000,663.871,-18.935
601300.000,1603300.000,663.939,-19.476
601350.000,1603300.000,664.345,-20.573
601400.000,1603300.000,665.183,-15.392
601450.000,1603300.000,666.558,-37.700
601500.000,1603300.000,668.512,-30.119
601550.000,1603300.000,671.092,-45.404
601600.000,1603300.000,674.256,-46.424
601650.000,1603300.000,677.920,-54.937
601700.000,1603300.000,681.942,-70.878
601750.000,1603300.000,686.146,-82.726
601800.000,1603300.000,690.275,-87.525
601850.000,1603300.000,694.087,-90.476
601900.000,1603300.000,697.312,-118.491
601950.000,1603300.000,699.732,-107.980
602000.000,1603300.000,701.107,-125.127
602050.000,1603300.000,701.303,-143.844
602100.000,1603300.000,700.265,-155.497
602150.000,1603300.000,698.002,-162.288
602200.000,1603300.000,694.599,-169.223
602250.000,1603300.000,690.258,-194.933
602300.000,1603300.000,685.238,-205.514
602350.000,1603300.000,679.848,-223.903
602400.000,1603300.000,674.450,-266.092
602450.000,1603300.000,669.415,-297.163
602500.000,1603300.000,665.101,-331.324
602550.000,1603300.000,661.823,-391.578
602600.000,1603300.000,659.844,-446.216
602650.000,1603300.000,659.361,-512.169
602700.000,1603300.000,660.484,-596.156
602750.000,1603300.000,663.203,-755.581
602800.000,1603300.000,667.488,-870.635
602850.000,1603300.000,673.166,-1030.001
602900.000,1603300.000,680.012,-1237.729
602950.000,1603300.000,687.747,-1350.668
603000.000,1603300.000,696.042,-1339.911
603050.000,1603300.000,704.544,-1360.667
603100.000,1603300.000,712.891,-1323.607
603150.000,1603300.000,720.731,-1359.416
603200.000,1603300.000,727.742,-1268.989
603250.000,1603300.000,733.622,-1229.017
603300.000,1603300.000,738.116,-1174.720
603350.000,1603300.000,741.043,-1108.473
603400.000,1603300.000,742.279,-947.267
603450.000,1603300.000,741.763,-899.575
603500.000,1603300.000,739.514,-885.334
603550.000,1603300.000,735.597,-815.816
603600.000,1603300.000,730.157,-762.626
603650.000,1603300.000,723.402,-711.536
603700.000,1603300.000,715.570,-645.630
603750.000,1603300.000,706.919,-615.196
603800.000,1603300.000,697.754,-588.960
603850.000,1603300.000,688.352,-519.153
603900.000,1603300.000,679.006,-498.500
603950.000,1603300.000,669.969,-482.824
604000.000,1603300.000,661.445,-452.512
604050.000,1603300.000,653.607,-412.103
604100.000,1603300.000,646.565,-391.641
604150.000,1603300.000,640.376,-342.910
604200.000,1603300.000,635.057,-333.127
604250.000,1603300.000,630.615,-296.449
604300.000,1603300.000,626.992,-307.721
604350.000,1603300.000,624.128,-274.608
604400.000,1603300.000,621.978,-244.687
604450.000,1603300.000,620.485,-229.810
604500.000,1603300.000,619.605,-212.896
604550.000,1603300.000,619.310,-209.689
604600.000,1603300.000,619.574,-187.616
604650.000,1603300.000,620.390,-159.149
604700.000,1603300.000,621.731,-161.090
604750.000,1603300.000,623.563,-168.026
604800.000,1603300.000,625.823,-143.261
604850.000,1603300.000,628.451,-122.808
604900.000,1603300.000,631.357,-124.391
604950.000,1603300.000,634.423,-122.367
605000.000,1603300.000,637.541,-116.985
600000.000,1603350.000,659.134,-17.652
600050.000,1603350.000,660.848,-15.671
600100.000,1603350.000,662.275,-32.948
600150.000,1603350.000,663.438,-27.649
600200.000,1603350.000,664.368,-27.093
600250.000,1603350.000,665.080,-19.356
600300.000,1603350.000,665.617,-17.766
600350.000,1603350.000,666.013,-33.264
600400.000,1603350.000,666.296,-26.725
600450.000,1603350.000,666.510,-17.652
600500.000,1603350.000,666.687,-25.582
600550.000,1603350.000,666.859,-30.484
600600.000,1603350.000,667.066,-18.032
600650.000,1603350.000,667.309,-25.283
600700.000,1603350.000,667.594,-17.383
600750.000,1603350.000,667.916,-16.481
600800.000,1603350.000,668.255,-20.216
600850.000,1603350.000,668.568,-19.935
600900.000,1603350.000,668.824,-20.271
600950.000,1603350.000,668.987,-8.120
601000.000,1603350.000,669.029,-15.827
601050.000,1603350.000,668.922,-8.569
601100.000,1603350.000,668.688,-11.985
601150.000,1603350.000,668.354,-3.567
601200.000,1603350.000,667.981,-3.355
601250.000,1603350.000,667.664,-20.215
601300.000,1603350.000,667.508,-14.860
601350.000,1603350.000,667.638,-22.398
601400.000,1603350.000,668.165,-26.008
601450.000,1603350.000,669.209,-28.749
601500.000,1603350.000,670.830,-27.894
601550.000,1603350.000,673.088,-47.256
601600.000,1603350.000,675.953,-46.730
601650.000,1603350.000,679.350,-57.258
601700.000,1603350.000,683.142,-58.918
601750.000,1603350.000,687.155,-75.242
601800.000,1603350.000,691.132,-65.981
601850.000,1603350.000,694.828,-82.670
601900.000,1603350.000,697.971,-92.389
601950.000,1603350.000,700.333,-105.390
602000.000,1603350.000,701.671,-102.748
602050.000,1603350.000,701.846,-125.444
602100.000,1603350.000,700.799,-134.746
602150.000,1603350.000,698.534,-144.959
602200.000,1603350.000,695.134,-152.598
602250.000,1603350.000,690.801,-180.108
602300.000,1603350.000,685.790,-189.546
602350.000,1603350.000,680.406,-215.472
602400.000,1603350.000,675.010,-231.362
602450.000,1603350.000,669.968,-279.310
602500.000,1603350.000,665.632,-319.281
602550.000,1603350.000,662.312,-338.672
602600.000,1603350.000,660.263,-399.390
602650.000,1603350.000,659.677,-477.038
602700.000,1603350.000,660.656,-591.907
602750.000,1603350.000,663.186,-703.618
602800.000,1603350.000,667.236,-841.134
602850.000,1603350.000,672.633,-1027.676
602900.000,1603350.000,679.157,-1271.020
602950.000,1603350.000,686.535,-1408.128
603000.000,1603350.000,694.446,-1565.344
603050.000,1603350.000,702.551,-1552.031
603100.000,1603350.000,710.498,-1572.687
603150.000,1603350.000,717.949,-1507.633
603200.000,1603350.000,724.595,-1387.047
603250.000,1603350.000,730.142,-1320.013
603300.000,1603350.000,734.345,-1253.131
603350.000,1603350.000,737.025,-1117.078
603400.000,1603350.000,738.061,-983.230
603450.000,1603350.000,737.387,-924.177
603500.000,1603350.000,735.017,-832.603
603550.000,1603350.000,731.008,-784.281
603600.000,1603350.000,725.494,-730.045
603650.000,1603350.000,718.670,-713.989
603700.000,1603350.000,710.764,-612.227
603750.000,1603350.000,702.027,-602.973
603800.000,1603350.000,692.754,-539.336
603850.000,1603350.000,683.218,-519.257
603900.000,1603350.000,673.712,-487.547
603950.000,1603350.000,664.493,-478.820
604000.000,1603350.000,655.772,-417.971
604050.000,1603350.000,647.732,-388.879
604100.000,1603350.000,640.498,-376.212
604150.000,1603350.000,634.139,-329.715
604200.000,1603350.000,628.689,-326.120
604250.000,1603350.000,624.167,-316.659
604300.000,1603350.000,620.527,-249.323
604350.000,1603350.000,617.723,-267.244
604400.000,1603350.000,615.712,-240.217
604450.000,1603350.000,614.443,-226.230
604500.000,1603350.000,613.872,-197.269
604550.000,1603350.000,613.968,-189.042
604600.000,1603350.000,614.700,-167.039
604650.000,1603350.000,616.052,-163.395
604700.000,1603350.000,617.992,-155.754
604750.000,1603350.000,620.474,-137.873
604800.000,1603350.000,623.430,-146.126
604850.000,1603350.000,626.789,-121.580
604900.000,1603350.000,630.457,-120.254
604950.000,1603350.000,634.309,-107.720
605000.000,1603350.000,638.227,-95.106
600000.000,1603400.000,657.975,-17.552
600050.000,1603400.000,659.572,-26.073
600100.000,1603400.000,660.915,-24.887
600150.000,1603400.000,662.033,-14.748
600200.000,1603400.000,662.964,-16.865
600250.000,1603400.000,663.728,-30.374
600300.000,1603400.000,664.372,-18.771
600350.000,1603400.000,664.935,-17.591
600400.000,1603400.000,665.444,-22.825
600450.000,1603400.000,665.943,-20.276
600500.000,1603400.000,666.462,-24.468
600550.000,1603400.000,667.024,-15.357
600600.000,1603400.000,667.664,-18.156
600650.000,1603400.000,668.372,-17.663
600700.000,1603400.000,669.138,-15.034
600750.000,1603400.000,669.945,-19.610
600800.000,1603400.000,670.755,-29.342
600850.000,1603400.000,671.510,-21.300
600900.000,1603400.000,672.160,-11.469
600950.000,1603400.000,672.657,-14.578
601000.000,1603400.000,672.960,-9.284
601050.000,1603400.000,673.032,-7.313
601100.000,1603400.000,672.890,-9.726
601150.000,1603400.000,672.561,-11.427
601200.000,1603400.000,672.111,-7.548
601250.000,1603400.000,671.639,-14.304
601300.000,1603400.000,671.263,-10.159
601350.000,1603400.000,671.123,-18.110
601400.000,1603400.000,671.342,-30.997
601450.000,1603400.000,672.058,-24.718
601500.000,1603400.000,673.346,-33.400
601550.000,1603400.000,675.275,-25.231
601600.000,1603400.000,677.830,-39.330
601650.000,1603400.000,680.942,-47.140
601700.000,1603400.000,684.478,-57.781
601750.000,1603400.000,688.269,-64.029
601800.000,1603400.000,692.055,-77.869
601850.000,1603400.000,695.591,-88.432
601900.000,1603400.000,698.600,-74.177
601950.000,1603400.000,700.853,-88.450
602000.000,1603400.000,702.102,-112.096
602050.000,1603400.000,702.203,-119.018
602100.000,1603400.000,701.096,-133.741
602150.000,1603400.000,698.784,-142.480
602200.000,1603400.000,695.349,-143.079
602250.000,1603400.000,690.988,-158.500
602300.000,1603400.000,685.957,-172.127
602350.000,1603400.000,680.556,-194.805
602400.000,1603400.000,675.144,-205.264
602450.000,1603400.000,670.080,-235.444
602500.000,1603400.000,665.711,-270.511
602550.000,1603400.000,662.338,-314.933
602600.000,1603400.000,660.208,-345.166
602650.000,1603400.000,659.506,-425.290
602700.000,1603400.000,660.328,-503.357
602750.000,1603400.000,662.654,-653.259
602800.000,1603400.000,666.449,-815.574
602850.000,1603400.000,671.546,-1039.471
602900.000,1603400.000,677.726,-1269.448
602950.000,1603400.000,684.726,-1574.377
603000.000,1603400.000,692.235,-1684.332
603050.000,1603400.000,699.928,-1716.445
603100.000,1603400.000,707.465,-1669.514
603150.000,1603400.000,714.525,-1584.383
603200.000,1603400.000,720.809,-1398.525
603250.000,1603400.000,726.039,-1334.369
603300.000,1603400.000,729.973,-1137.086
603350.000,1603400.000,732.441,-1099.358
603400.000,1603400.000,733.320,-967.820
603450.000,1603400.000,732.540,-865.993
603500.000,1603400.000,730.109,-818.516
603550.000,1603400.000,726.073,-760.308
603600.000,1603400.000,720.555,-671.683
603650.000,1603400.000,713.736,-642.694
603700.000,1603400.000,705.832,-600.033
603750.000,1603400.000,697.082,-576.243
603800.000,1603400.000,687.772,-541.395
603850.000,1603400.000,678.171,-509.338
603900.000,1603400.000,668.572,-443.520
603950.000,1603400.000,659.232,-423.779
604000.000,1603400.000,650.372,-380.118
604050.000,1603400.000,642.185,-381.882
604100.000,1603400.000,634.809,-358.893
604150.000,1603400.000,628.328,-338.014
604200.000,1603400.000,622.793,-296.634
604250.000,1603400.000,618.238,-267.071
604300.000,1603400.000,614.627,-261.769
604350.000,1603400.000,611.925,-236.633
604400.000,1603400.000,610.098,-217.612
604450.000,1603400.000,609.095,-230.092
604500.000,1603400.000,608.872,-195.783
604550.000,1603400.000,609.392,-186.985
604600.000,1603400.000,610.619,-165.481
604650.000,1603400.000,612.528,-155.155
604700.000,1603400.000,615.074,-150.925
604750.000,1603400.000,618.204,-135.128
604800.000,1603400.000,621.838,-126.323
604850.000,1603400.000,625.898,-115.514
604900.000,1603400.000,630.285,-112.969
604950.000,1603400.000,634.864,-97.891
605000.000,1603400.000,639.514,-99.195
600000.000,1603450.000,657.248,-15.326
600050.000,1603450.000,658.696,-19.345
600100.000,1603450.000,659.926,-20.950
600150.000,1603450.000,660.976,-13.395
600200.000,1603450.000,661.893,-12.802
600250.000,1603450.000,662.699,-18.033
600300.000,1603450.000,663.449,-25.049
600350.000,1603450.000,664.181,-10.598
600400.000,1603450.000,664.924,-20.780
600450.000,1603450.000,665.720,-13.159
600500.000,1603450.000,666.591,-19.231
600550.000,1603450.000,667.557,-9.306
600600.000,1603450.000,668.640,-16.665
600650.000,1603450.000,669.819,-20.891
600700.000,1603450.000,671.070,-12.819
600750.000,1603450.000,672.359,-11.867
600800.000,1603450.000,673.634,-14.487
600850.000,1603450.000,674.820,-24.453
600900.000,1603450.000,675.853,-3.564
600950.000,1603450.000,676.670,-21.333
601000.000,1603450.000,677.219,-3.504
601050.000,1603450.000,677.458,-15.359
601100.000,1603450.000,677.398,-9.254
601150.000,1603450.000,677.067,-12.149
601200.000,1603450.000,676.535,-14.684
601250.000,1603450.000,675.909,-16.661
601300.000,1603450.000,675.316,-10.393
601350.000,1603450.000,674.910,-11.673
601400.000,1603450.000,674.827,-20.651
601450.000,1603450.000,675.218,-22.083
601500.000,1603450.000,676.171,-29.428
601550.000,1603450.000,677.768,-27.809
601600.000,1603450.000,680.002,-42.875
601650.000,1603450.000,682.810,-47.886
601700.000,1603450.000,686.065,-56.978
601750.000,1603450.000,689.598,-64.646
601800.000,1603450.000,693.151,-73.624
601850.000,1603450.000,696.477,-65.739
601900.000,1603450.000,699.299,-78.976
601950.000,1603450.000,701.384,-89.224
602000.000,1603450.000,702.484,-96.617
602050.000,1603450.000,702.451,-114.740
602100.000,1603450.000,701.228,-111.813
602150.000,1603450.000,698.815,-117.932
602200.000,1603450.000,695.294,-140.465
602250.000,1603450.000,690.863,-128.753
602300.000,1603450.000,685.775,-161.268
602350.000,1603450.000,680.323,-182.522
602400.000,1603450.000,674.868,-192.710
602450.000,1603450.000,669.759,-206.814
602500.000,1603450.000,665.334,-236.367
602550.000,1603450.000,661.888,-282.555
602600.000,1603450.000,659.659,-319.414
602650.000,1603450.000,658.820,-388.691
602700.000,1603450.000,659.464,-441.988
602750.000,1603450.000,661.563,-527.572
602800.000,1603450.000,665.081,-669.381
602850.000,1603450.000,669.854,-884.095
602900.000,1603450.000,675.667,-1150.576
602950.000,1603450.000,682.269,-1397.592
603000.000,1603450.000,689.358,-1632.603
603050.000,1603450.000,696.625,-1758.568
603100.000,1603450.000,703.747,-1685.984
603150.000,1603450.000,710.418,-1482.622
603200.000,1603450.000,716.355,-1337.544
603250.000,1603450.000,721.289,-1211.837
603300.000,1603450.000,724.989,-1111.762
603350.000,1603450.000,727.289,-1000.472
603400.000,1603450.000,728.067,-889.846
603450.000,1603450.000,727.247,-819.582
603500.000,1603450.000,724.829,-749.361
603550.000,1603450.000,720.848,-728.151
603600.000,1603450.000,715.414,-673.560
603650.000,1603450.000,708.690,-632.739
603700.000,1603450.000,700.881,-566.312
603750.000,1603450.000,692.211,-541.422
603800.000,1603450.000,682.957,-488.273
603850.000,1603450.000,673.380,-451.376
603900.000,1603450.000,663.771,-450.977
603950.000,1603450.000,654.391,-396.304
604000.000,1603450.000,645.465,-356.369
604050.000,1603450.000,637.199,-362.887
604100.000,1603450.000,629.746,-329.051
604150.000,1603450.000,623.201,-283.578
604200.000,1603450.000,617.636,-280.705
604250.000,1603450.000,613.096,-259.438
604300.000,1603450.000,609.560,-237.849
604350.000,1603450.000,607.003,-226.883
604400.000,1603450.000,605.396,-229.408
604450.000,1603450.000,604.692,-197.142
604500.000,1603450.000,604.845,-186.269
604550.000,1603450.000,605.811,-163.345
604600.000,1603450.000,607.545,-168.242
604650.000,1603450.000,610.012,-150.635
604700.000,1603450.000,613.156,-140.136
604750.000,1603450.000,616.912,-137.561
604800.000,1603450.000,621.189,-124.487
604850.000,1603450.000,625.901,-108.113
604900.000,1603450.000,630.941,-102.952
604950.000,1603450.000,636.171,-98.596
605000.000,1603450.000,641.463,-86.712
600000.000,1603500.000,657.270,-20.471
600050.000,1603500.000,658.554,-13.737
600100.000,1603500.000,659.658,-24.485
600150.000,1603500.000,660.629,-18.996
600200.000,1603500.000,661.522,-18.283
600250.000,1603500.000,662.367,-14.071
600300.000,1603500.000,663.220,-20.588
600350.000,1603500.000,664.123,-22.880
600400.000,1603500.000,665.102,-22.292
600450.000,1603500.000,666.196,-15.377
600500.000,1603500.000,667.420,-26.076
600550.000,1603500.000,668.785,-11.875
600600.000,1603500.000,670.304,-11.205
600650.000,1603500.000,671.940,-20.804
600700.000,1603500.000,673.657,-2.540
600750.000,1603500.000,675.404,-16.623
600800.000,1603500.000,677.118,-5.092
600850.000,1603500.000,678.704,-2.169
600900.000,1603500.000,680.089,-9.439
600950.000,1603500.000,681.193,-11.563
601000.000,1603500.000,681.961,-9.041
601050.000,1603500.000,682.341,0.386
601100.000,1603500.000,682.343,-16.000
601150.000,1603500.000,681.996,-12.462
601200.000,1603500.000,681.373,-19.439
601250.000,1603500.000,680.589,-5.797
601300.000,1603500.000,679.780,2.583
601350.000,1603500.000,679.110,-15.048
601400.000,1603500.000,678.729,-27.477
601450.000,1603500.000,678.798,-22.947
601500.000,1603500.000,679.417,-36.644
601550.000,1603500.000,680.675,-35.145
601600.000,1603500.000,682.575,-37.422
601650.000,1603500.000,685.058,-41.823
601700.000,1603500.000,688.000,-46.159
601750.000,1603500.000,691.236,-53.204
601800.000,1603500.000,694.506,-67.114
601850.000,1603500.000,697.566,-69.115
601900.000,1603500.000,700.138,-82.972
601950.000,1603500.000,701.988,-74.934
602000.000,1603500.000,702.870,-86.445
602050.000,1603500.000,702.635,-100.485
602100.000,1603500.000,701.228,-104.163
602150.000,1603500.000,698.651,-116.027
602200.000,1603500.000,694.987,-129.534
602250.000,1603500.000,690.432,-131.161
602300.000,1603500.000,685.239,-144.195
602350.000,1603500.000,679.697,-150.214
602400.000,1603500.000,674.161,-166.451
602450.000,1603500.000,668.974,-191.506
602500.000,1603500.000,664.463,-185.474
602550.000,1603500.000,660.916,-243.087
602600.000,1603500.000,658.558,-267.406
602650.000,1603500.000,657.557,-272.019
602700.000,1603500.000,657.995,-360.796
602750.000,1603500.000,659.841,-426.366
602800.000,1603500.000,663.056,-529.302
602850.000,1603500.000,667.480,-668.840
602900.000,1603500.000,672.904,-900.947
602950.000,1603500.000,679.089,-1086.638
603000.000,1603500.000,685.747,-1301.341
603050.000,1603500.000,692.584,-1452.218
603100.000,1603500.000,699.294,-1420.217
603150.000,1603500.000,705.590,-1306.088
603200.000,1603500.000,711.203,-1187.854
603250.000,1603500.000,715.878,-1028.317
603300.000,1603500.000,719.393,-951.976
603350.000,1603500.000,721.585,-890.766
603400.000,1603500.000,722.332,-767.246
603450.000,1603500.000,721.554,-738.123
603500.000,1603500.000,719.241,-668.727
603550.000,1603500.000,715.414,-599.653
603600.000,1603500.000,710.168,-572.769
603650.000,1603500.000,703.648,-520.397
603700.000,1603500.000,696.044,-507.166
603750.000,1603500.000,687.565,-495.759
603800.000,1603500.000,678.475,-441.010
603850.000,1603500.000,669.026,-419.201
603900.000,1603500.000,659.507,-397.734
603950.000,1603500.000,650.178,-361.358
604000.000,1603500.000,641.273,-352.470
604050.000,1603500.000,633.008,-322.082
604100.000,1603500.000,625.546,-296.976
604150.000,1603500.000,619.000,-288.823
604200.000,1603500.000,613.459,-251.435
604250.000,1603500.000,608.982,-247.842
604300.000,1603500.000,605.561,-208.956
604350.000,1603500.000,603.183,-210.785
604400.000,1603500.000,601.825,-192.551
604450.000,1603500.000,601.440,-173.566
604500.000,1603500.000,601.980,-167.954
604550.000,1603500.000,603.396,-149.416
604600.000,1603500.000,605.632,-129.493
604650.000,1603500.000,608.643,-134.888
604700.000,1603500.000,612.359,-122.747
604750.000,1603500.000,616.701,-116.223
604800.000,1603500.000,621.569,-107.312
604850.000,1603500.000,626.867,-90.142
604900.000,1603500.000,632.483,-99.612
604950.000,1603500.000,638.272,-90.141
605000.000,1603500.000,644.102,-92.289
600000.000,1603550.000,658.276,-12.318
600050.000,1603550.000,659.403,-12.033
600100.000,1603550.000,660.386,-15.972
600150.000,1603550.000,661.282,-22.251
600200.000,1603550.000,662.156,-16.750
600250.000,1603550.000,663.041,-15.646
600300.000,1603550.000,664.001,-16.069
600350.000,1603550.000,665.073,-14.348
600400.000,1603550.000,666.287,-25.069
600450.000,1603550.000,667.671,-13.815
600500.000,1603550.000,669.236,-17.527
600550.000,1603550.000,670.983,-9.624
600600.000,1603550.000,672.912,-21.063
600650.000,1603550.000,674.975,-24.110
600700.000,1603550.000,677.121,-12.197
600750.000,1603550.000,679.286,-19.932
600800.000,1603550.000,681.390,-10.797
600850.000,1603550.000,683.329,-13.126
600900.000,1603550.000,685.017,-10.808
600950.000,1603550.000,686.365,-17.757
601000.000,1603550.000,687.310,-23.357
601050.000,1603550.000,687.795,-5.226
601100.000,1603550.000,687.831,0.475
601150.000,1603550.000,687.445,-8.023
601200.000,1603550.000,686.718,-9.320
601250.000,1603550.000,685.769,-10.016
601300.000,1603550.000,684.742,-9.898
601350.000,1603550.000,683.812,-20.362
601400.000,1603550.000,683.136,-15.487
601450.000,1603550.000,682.885,-30.749
601500.000,1603550.000,683.169,-22.302
601550.000,1603550.000,684.082,-27.800
601600.000,1603550.000,685.633,-28.949
601650.000,1603550.000,687.767,-36.637
601700.000,1603550.000,690.363,-38.222
601750.000,1603550.000,693.257,-42.827
601800.000,1603550.000,696.193,-55.256
601850.000,1603550.000,698.926,-52.461
601900.000,1603550.000,701.180,-68.305
601950.000,1603550.000,702.723,-69.162
602000.000,1603550.000,703.313,-90.425
602050.000,1603550.000,702.802,-81.924
602100.000,1603550.000,701.140,-88.606
602150.000,1603550.000,698.330,-93.866
602200.000,1603550.000,694.460,-111.655
602250.000,1603550.000,689.723,-104.653
602300.000,1603550.000,684.374,-122.739
602350.000,1603550.000,678.693,-138.994
602400.000,1603550.000,673.035,-157.581
602450.000,1603550.000,667.733,-164.375
602500.000,1603550.000,663.103,-168.257
602550.000,1603550.000,659.422,-203.676
602600.000,1603550.000,656.907,-196.150
602650.000,1603550.000,655.714,-235.641
602700.000,1603550.000,655.917,-260.481
602750.000,1603550.000,657.483,-314.146
602800.000,1603550.000,660.369,-361.944
602850.000,1603550.000,664.421,-455.160
602900.000,1603550.000,669.437,-583.754
602950.000,1603550.000,675.191,-676.708
603000.000,1603550.000,681.409,-835.690
603050.000,1603550.000,687.816,-922.330
603100.000,1603550.000,694.125,-928.996
603150.000,1603550.000,700.066,-923.490
603200.000,1603550.000,705.385,-861.433
603250.000,1603550.000,709.845,-805.476
603300.000,1603550.000,713.229,-754.946
603350.000,1603550.000,715.380,-713.181
603400.000,1603550.000,716.176,-643.239
603450.000,1603550.000,715.530,-603.011
603500.000,1603550.000,713.421,-608.462
603550.000,1603550.000,709.855,-546.007
603600.000,1603550.000,704.910,-513.808
603650.000,1603550.000,698.713,-472.673
603700.000,1603550.000,691.434,-443.738
603750.000,1603550.000,683.266,-432.518
603800.000,1603550.000,674.458,-379.443
603850.000,1603550.000,665.252,-379.895
603900.000,1603550.000,655.931,-347.303
603950.000,1603550.000,646.755,-332.654
604000.000,1603550.000,637.963,-280.011
604050.000,1603550.000,629.779,-268.754
604100.000,1603550.000,622.382,-276.295
604150.000,1603550.000,615.896,-249.939
604200.000,1603550.000,610.431,-244.453
604250.000,1603550.000,606.057,-213.706
604300.000,1603550.000,602.782,-195.936
604350.000,1603550.000,600.604,-190.510
604400.000,1603550.000,599.506,-181.217
604450.000,1603550.000,599.444,-152.101
604500.000,1603550.000,600.366,-162.055
604550.000,1603550.000,602.218,-128.237
604600.000,1603550.000,604.933,-135.644
604650.000,1603550.000,608.453,-128.681
604700.000,1603550.000,612.697,-125.604
604750.000,1603550.000,617.570,-107.659
604800.000,1603550.000,622.963,-103.067
604850.000,1603550.000,628.769,-99.597
604900.000,1603550.000,634.869,-89.108
604950.000,1603550.000,641.115,-78.588
605000.000,1603550.000,647.372,-84.471
600000.000,1603600.000,660.468,-24.028
600050.000,1603600.000,661.464,-20.070
600100.000,1603600.000,662.349,-16.138
600150.000,1603600.000,663.191,-11.854
600200.000,1603600.000,664.062,-16.166
600250.000,1603600.000,665.001,-5.806
600300.000,1603600.000,666.074,-14.103
600350.000,1603600.000,667.319,-24.238
600400.000,1603600.000,668.762,-11.455
600450.000,1603600.000,670.426,-15.388
600500.000,1603600.000,672.314,-15.211
600550.000,1603600.000,674.415,-13.644
600600.000,1603600.000,676.717,-9.306
600650.000,1603600.000,679.163,-23.735
600700.000,1603600.000,681.686,-15.872
600750.000,1603600.000,684.208,-19.192
600800.000,1603600.000,686.643,-13.047
600850.000,1603600.000,688.871,-6.895
600900.000,1603600.000,690.799,-21.717
600950.000,1603600.000,692.329,-5.549
601000.000,1603600.000,693.396,-9.371
601050.000,1603600.000,693.939,-12.034
601100.000,1603600.000,693.968,-12.529
601150.000,1603600.000,693.514,-12.246
601200.000,1603600.000,692.661,-20.653
601250.000,1603600.000,691.534,-8.033
601300.000,1603600.000,690.281,-13.974
601350.000,1603600.000,689.087,-10.484
601400.000,1603600.000,688.115,-21.142
601450.000,1603600.000,687.542,-23.138
601500.000,1603600.000,687.484,-21.155
601550.000,1603600.000,688.040,-23.957
601600.000,1603600.000,689.223,-32.852
601650.000,1603600.000,690.978,-40.645
601700.000,1603600.000,693.190,-37.187
601750.000,1603600.000,695.695,-38.566
601800.000,1603600.000,698.237,-42.754
601850.000,1603600.000,700.578,-53.027
601900.000,1603600.000,702.443,-62.314
601950.000,1603600.000,703.604,-59.126
602000.000,1603600.000,703.824,-74.726
602050.000,1603600.000,702.961,-66.247
602100.000,1603600.000,700.969,-79.745
602150.000,1603600.000,697.856,-83.738
602200.000,1603600.000,693.714,-84.002
602250.000,1603600.000,688.736,-97.842
602300.000,1603600.000,683.176,-107.725
602350.000,1603600.000,677.311,-98.497
602400.000,1603600.000,671.489,-118.467
602450.000,1603600.000,666.033,-131.293
602500.000,1603600.000,661.249,-144.131
602550.000,1603600.000,657.404,-137.601
602600.000,1603600.000,654.701,-142.920
602650.000,1603600.000,653.287,-161.290
602700.000,1603600.000,653.230,-193.190
602750.000,1603600.000,654.491,-190.621
602800.000,1603600.000,657.025,-192.282
602850.000,1603600.000,660.686,-217.632
602900.000,1603600.000,665.281,-258.433
602950.000,1603600.000,670.595,-281.707
603000.000,1603600.000,676.371,-320.253
603050.000,1603600.000,682.355,-400.875
603100.000,1603600.000,688.277,-456.728
603150.000,1603600.000,693.888,-505.190
603200.000,1603600.000,698.952,-550.617
603250.000,1603600.000,703.244,-546.058
603300.000,1603600.000,706.558,-543.068
603350.000,1603600.000,708.742,-525.180
603400.000,1603600.000,709.671,-507.907
603450.000,1603600.000,709.250,-469.295
603500.000,1603600.000,707.450,-468.854
603550.000,1603600.000,704.258,-424.099
603600.000,1603600.000,699.733,-431.000
603650.000,1603600.000,693.982,-400.605
603700.000,1603600.000,687.154,-366.694
603750.000,1603600.000,679.423,-330.935
603800.000,1603600.000,671.022,-333.101
603850.000,1603600.000,662.179,-319.657
603900.000,1603600.000,653.171,-293.714
603950.000,1603600.000,644.253,-256.036
604000.000,1603600.000,635.670,-258.378
604050.000,1603600.000,627.652,-255.464
604100.000,1603600.000,620.391,-228.670
604150.000,1603600.000,614.024,-219.975
604200.000,1603600.000,608.680,-206.009
604250.000,1603600.000,604.442,-208.290
604300.000,1603600.000,601.334,-178.112
604350.000,1603600.000,599.365,-154.403
604400.000,1603600.000,598.524,-159.353
604450.000,1603600.000,598.771,-154.329
604500.000,1603600.000,600.052,-142.673
604550.000,1603600.000,602.308,-122.418
604600.000,1603600.000,605.458,-124.585
604650.000,1603600.000,609.437,-106.860
604700.000,1603600.000,614.148,-124.064
604750.000,1603600.000,619.483,-115.349
604800.000,1603600.000,625.321,-98.945
604850.000,1603600.000,631.547,-92.158
604900.000,1603600.000,638.033,-80.031
604950.000,1603600.000,644.629,-80.749
605000.000,1603600.000,651.196,-71.076
600000.000,1603650.000,663.950,-12.188
600050.000,1603650.000,664.862,-20.222
600100.000,1603650.000,665.691,-21.931
600150.000,1603650.000,666.514,-12.516
600200.000,1603650.000,667.412,-10.154
600250.000,1603650.000,668.428,-20.565
600300.000,1603650.000,669.629,-6.176
600350.000,1603650.000,671.054,-17.503
600400.000,1603650.000,672.724,-17.867
600450.000,1603650.000,674.655,-11.454
600500.000,1603650.000,676.841,-12.690
600550.000,1603650.000,679.262,-15.538
600600.000,1603650.000,681.894,-13.455
600650.000,1603650.000,684.668,-13.153
600700.000,1603650.000,687.506,-8.474
600750.000,1603650.000,690.319,-12.588
600800.000,1603650.000,693.010,-3.036
600850.000,1603650.000,695.453,-9.890
600900.000,1603650.000,697.549,-11.698
600950.000,1603650.000,699.193,-6.309
601000.000,1603650.000,700.318,-20.583
601050.000,1603650.000,700.864,-12.017
601100.000,1603650.000,700.841,-7.973
601150.000,1603650.000,700.283,-10.248
601200.000,1603650.000,699.276,-15.714
601250.000,1603650.000,697.951,-5.307
601300.000,1603650.000,696.461,-13.769
601350.000,1603650.000,694.994,-28.067
601400.000,1603650.000,693.720,-11.986
601450.000,1603650.000,692.817,-20.760
601500.000,1603650.000,692.406,-18.984
601550.000,1603650.000,692.587,-28.853
601600.000,1603650.000,693.376,-13.962
601650.000,1603650.000,694.719,-29.992
601700.000,1603650.000,696.502,-37.422
601750.000,1603650.000,698.563,-38.049
601800.000,1603650.000,700.651,-42.798
601850.000,1603650.000,702.529,-47.311
601900.000,1603650.000,703.931,-51.117
601950.000,1603650.000,704.632,-53.962
602000.000,1603650.000,704.404,-51.052
602050.000,1603650.000,703.111,-65.280
602100.000,1603650.000,700.715,-75.157
602150.000,1603650.000,697.231,-73.786
602200.000,1603650.000,692.755,-75.348
602250.000,1603650.000,687.480,-88.368
602300.000,1603650.000,681.660,-92.848
602350.000,1603650.000,675.566,-97.723
602400.000,1603650.000,669.541,-100.839
602450.000,1603650.000,663.899,-96.952
602500.000,1603650.000,658.932,-100.263
602550.000,1603650.000,654.896,-104.877
602600.000,1603650.000,651.982,-90.985
602650.000,1603650.000,650.325,-100.032
602700.000,1603650.000,649.988,-106.915
602750.000,1603650.000,650.926,-90.643
602800.000,1603650.000,653.094,-74.599
602850.000,1603650.000,656.352,-54.575
602900.000,1603650.000,660.517,-29.335
602950.000,1603650.000,665.389,-12.519
603000.000,1603650.000,670.729,-20.147
603050.000,1603650.000,676.301,-49.521
603100.000,1603650.000,681.857,-111.043
603150.000,1603650.000,687.170,-181.161
603200.000,1603650.000,692.019,-268.064
603250.000,1603650.000,696.193,-290.556
603300.000,1603650.000,699.500,-326.047
603350.000,1603650.000,701.787,-345.665
603400.000,1603650.000,702.932,-361.555
603450.000,1603650.000,702.830,-327.860
603500.000,1603650.000,701.439,-314.501
603550.000,1603650.000,698.730,-316.456
603600.000,1603650.000,694.742,-322.520
603650.000,1603650.000,689.557,-310.367
603700.000,1603650.000,683.303,-270.667
603750.000,1603650.000,676.133,-290.359
603800.000,1603650.000,668.260,-269.378
603850.000,1603650.000,659.897,-238.512
603900.000,1603650.000,651.312,-238.708
603950.000,1603650.000,642.755,-228.585
604000.000,1603650.000,634.470,-231.712
604050.000,1603650.000,626.696,-208.504
604100.000,1603650.000,619.635,-198.707
604150.000,1603650.000,613.437,-200.592
604200.000,1603650.000,608.248,-168.599
604250.000,1603650.000,604.166,-146.583
604300.000,1603650.000,601.230,-152.886
604350.000,1603650.000,599.460,-154.149
604400.000,1603650.000,598.856,-136.822
604450.000,1603650.000,599.379,-133.779
604500.000,1603650.000,600.977,-123.782
604550.000,1603650.000,603.583,-118.688
604600.000,1603650.000,607.110,-106.624
604650.000,1603650.000,611.480,-114.175
604700.000,1603650.000,616.584,-101.443
604750.000,1603650.000,622.299,-97.215
604800.000,1603650.000,628.496,-101.571
604850.000,1603650.000,635.047,-85.521
604900.000,1603650.000,641.820,-87.319
604950.000,1603650.000,648.660,-66.614
605000.000,1603650.000,655.426,-90.999
600000.000,1603700.000,668.712,-11.332
600050.000,1603700.000,669.605,-14.426
600100.000,1603700.000,670.436,-13.785
600150.000,1603700.000,671.292,-8.025
600200.000,1603700.000,672.259,-6.454
600250.000,1603700.000,673.384,-11.999
600300.000,1603700.000,674.738,-10.424
600350.000,1603700.000,676.354,-7.849
600400.000,1603700.000,678.251,-22.356
600450.000,1603700.000,680.437,-15.916
600500.000,1603700.000,682.897,-7.404
600550.000,1603700.000,685.601,-13.686
600600.000,1603700.000,688.513,-8.650
600650.000,1603700.000,691.556,1.721
600700.000,1603700.000,694.639,-10.302
600750.000,1603700.000,697.667,-13.301
600800.000,1603700.000,700.534,-9.293
600850.000,1603700.000,703.110,-15.741
600900.000,1603700.000,705.293,-10.611
600950.000,1603700.000,706.975,-15.962
601000.000,1603700.000,708.089,-17.501
601050.000,1603700.000,708.576,-7.380
601100.000,1603700.000,708.450,-14.459
601150.000,1603700.000,707.744,-8.256
601200.000,1603700.000,706.551,0.244
601250.000,1603700.000,705.005,-4.145
601300.000,1603700.000,703.260,-21.749
601350.000,1603700.000,701.509,-21.103
601400.000,1603700.000,699.921,-16.385
601450.000,1603700.000,698.676,-17.977
601500.000,1603700.000,697.898,-10.547
601550.000,1603700.000,697.683,-28.974
601600.000,1603700.000,698.050,-31.510
601650.000,1603700.000,698.944,-38.085
601700.000,1603700.000,700.252,-29.492
601750.000,1603700.000,701.814,-41.779
601800.000,1603700.000,703.385,-28.044
601850.000,1603700.000,704.733,-46.048
601900.000,1603700.000,705.598,-43.903
601950.000,1603700.000,705.764,-38.059
602000.000,1603700.000,705.013,-44.801
602050.000,1603700.000,703.218,-45.524
602100.000,1603700.000,700.350,-55.630
602150.000,1603700.000,696.431,-65.075
602200.000,1603700.000,691.563,-62.815
602250.000,1603700.000,685.941,-72.656
602300.000,1603700.000,679.817,-68.623
602350.000,1603700.000,673.457,-65.759
602400.000,1603700.000,667.199,-76.553
602450.000,1603700.000,661.343,-67.351
602500.000,1603700.000,656.171,-62.548
602550.000,1603700.000,651.925,-67.824
602600.000,1603700.000,648.783,-50.842
602650.000,1603700.000,646.871,-40.829
602700.000,1603700.000,646.242,-26.760
602750.000,1603700.000,646.848,-9.489
602800.000,1603700.000,648.645,12.426
602850.000,1603700.000,651.498,65.935
602900.000,1603700.000,655.235,106.472
602950.000,1603700.000,659.673,134.884
603000.000,1603700.000,664.588,158.776
603050.000,1603700.000,669.768,137.980
603100.000,1603700.000,674.985,78.469
603150.000,1603700.000,680.032,26.122
603200.000,1603700.000,684.709,-48.200
603250.000,1603700.000,688.818,-99.335
603300.000,1603700.000,692.176,-147.136
603350.000,1603700.000,694.637,-177.760
603400.000,1603700.000,696.074,-207.897
603450.000,1603700.000,696.378,-199.492
603500.000,1603700.000,695.492,-220.721
603550.000,1603700.000,693.368,-221.004
603600.000,1603700.000,690.024,-224.689
603650.000,1603700.000,685.518,-222.364
603700.000,1603700.000,679.954,-232.876
603750.000,1603700.000,673.461,-202.448
603800.000,1603700.000,666.230,-203.254
603850.000,1603700.000,658.459,-203.877
603900.000,1603700.000,650.400,-205.259
603950.000,1603700.000,642.299,-186.945
604000.000,1603700.000,634.397,-195.588
604050.000,1603700.000,626.938,-179.278
604100.000,1603700.000,620.132,-171.003
604150.000,1603700.000,614.142,-156.008
604200.000,1603700.000,609.132,-138.554
604250.000,1603700.000,605.211,-142.801
604300.000,1603700.000,602.436,-141.042
604350.000,1603700.000,600.841,-126.170
604400.000,1603700.000,600.434,-123.941
604450.000,1603700.000,601.183,-114.112
604500.000,1603700.000,603.034,-116.880
604550.000,1603700.000,605.920,-98.911
604600.000,1603700.000,609.744,-105.585
604650.000,1603700.000,614.421,-97.277
604700.000,1603700.000,619.829,-100.338
604750.000,1603700.000,625.832,-76.185
604800.000,1603700.000,632.292,-94.055
604850.000,1603700.000,639.070,-90.752
604900.000,1603700.000,646.030,-82.555
604950.000,1603700.000,653.010,-62.873
605000.000,1603700.000,659.867,-67.946
600000.000,1603750.000,674.659,-13.506
600050.000,1603750.000,675.609,-3.951
600100.000,1603750.000,676.510,-16.658
600150.000,1603750.000,677.459,-16.290
600200.000,1603750.000,678.547,-20.427
600250.000,1603750.000,679.824,-11.652
600300.000,1603750.000,681.361,-8.300
600350.000,1603750.000,683.186,-17.109
600400.000,1603750.000,685.315,-18.287
600450.000,1603750.000,687.747,-7.295
600500.000,1603750.000,690.459,-10.941
600550.000,1603750.000,693.411,-13.798
600600.000,1603750.000,696.555,-14.767
600650.000,1603750.000,699.807,-9.463
600700.000,1603750.000,703.069,-13.770
600750.000,1603750.000,706.235,-10.781
600800.000,1603750.000,709.200,-13.657
600850.000,1603750.000,711.828,-11.092
600900.000,1603750.000,714.018,-11.106
600950.000,1603750.000,715.660,-6.923
601000.000,1603750.000,716.693,-4.214
601050.000,1603750.000,717.059,-14.572
601100.000,1603750.000,716.775,-14.296
601150.000,1603750.000,715.878,-7.303
601200.000,1603750.000,714.465,-14.875
601250.000,1603750.000,712.671,-21.200
601300.000,1603750.000,710.650,-7.451
601350.000,1603750.000,708.598,-14.458
601400.000,1603750.000,706.681,-10.706
601450.000,1603750.000,705.079,-15.274
601500.000,1603750.000,703.913,-16.794
601550.000,1603750.000,703.277,-29.877
601600.000,1603750.000,703.190,-26.136
601650.000,1603750.000,703.594,-23.541
601700.000,1603750.000,704.379,-21.601
601750.000,1603750.000,705.387,-28.469
601800.000,1603750.000,706.378,-37.589
601850.000,1603750.000,707.129,-38.664
601900.000,1603750.000,707.388,-44.797
601950.000,1603750.000,706.949,-35.952
602000.000,1603750.000,705.606,-47.731
602050.000,1603750.000,703.244,-39.614
602100.000,1603750.000,699.843,-44.392
602150.000,1603750.000,695.434,-46.178
602200.000,1603750.000,690.128,-43.132
602250.000,1603750.000,684.117,-52.004
602300.000,1603750.000,677.657,-50.664
602350.000,1603750.000,671.005,-42.174
602400.000,1603750.000,664.492,-42.947
602450.000,1603750.000,658.409,-45.189
602500.000,1603750.000,653.020,-36.644
602550.000,1603750.000,648.556,-30.441
602600.000,1603750.000,645.183,-16.107
602650.000,1603750.000,643.012,-8.738
602700.000,1603750.000,642.092,23.683
602750.000,1603750.000,642.371,44.770
602800.000,1603750.000,643.802,75.808
602850.000,1603750.000,646.259,123.814
602900.000,1603750.000,649.581,163.760
602950.000,1603750.000,653.601,199.835
603000.000,1603750.000,658.114,221.120
603050.000,1603750.000,662.927,230.120
603100.000,1603750.000,667.836,180.608
603150.000,1603750.000,672.656,143.574
603200.000,1603750.000,677.203,112.216
603250.000,1603750.000,681.295,38.040
603300.000,1603750.000,684.761,-10.077
603350.000,1603750.000,687.457,-46.753
603400.000,1603750.000,689.257,-76.833
603450.000,1603750.000,690.042,-99.281
603500.000,1603750.000,689.741,-116.065
603550.000,1603750.000,688.290,-135.284
603600.000,1603750.000,685.684,-155.528
603650.000,1603750.000,681.954,-154.866
603700.000,1603750.000,677.181,-157.630
603750.000,1603750.000,671.466,-153.524
603800.000,1603750.000,664.979,-156.107
603850.000,1603750.000,657.896,-145.239
603900.000,1603750.000,650.455,-145.379
603950.000,1603750.000,642.891,-152.642
604000.000,1603750.000,635.444,-137.674
604050.000,1603750.000,628.358,-144.053
604100.000,1603750.000,621.850,-139.850
604150.000,1603750.000,616.095,-120.325
604200.000,1603750.000,611.272,-119.926
604250.000,1603750.000,607.504,-123.193
604300.000,1603750.000,604.866,-124.611
604350.000,1603750.000,603.404,-103.938
604400.000,1603750.000,603.138,-95.963
604450.000,1603750.000,604.043,-95.695
604500.000,1603750.000,606.069,-96.631
604550.000,1603750.000,609.148,-93.003
604600.000,1603750.000,613.177,-83.084
604650.000,1603750.000,618.063,-81.426
604700.000,1603750.000,623.676,-92.036
604750.000,1603750.000,629.868,-71.834
604800.000,1603750.000,636.491,-74.849
604850.000,1603750.000,643.399,-72.618
604900.000,1603750.000,650.447,-64.137
604950.000,1603750.000,657.471,-71.139
605000.000,1603750.000,664.324,-62.116
600000.000,1603800.000,681.596,-12.778
600050.000,1603800.000,682.685,-10.190
600100.000,1603800.000,683.733,-13.487
600150.000,1603800.000,684.843,-12.927
600200.000,1603800.000,686.110,-16.344
600250.000,1603800.000,687.586,-5.358
600300.000,1603800.000,689.340,-14.429
600350.000,1603800.000,691.397,-11.762
600400.000,1603800.000,693.767,-18.460
600450.000,1603800.000,696.441,-5.511
600500.000,1603800.000,699.388,-16.386
600550.000,1603800.000,702.556,-3.334
600600.000,1603800.000,705.891,-10.005
600650.000,1603800.000,709.300,-8.552
600700.000,1603800.000,712.678,-7.510
600750.000,1603800.000,715.915,-6.417
600800.000,1603800.000,718.904,-9.644
600850.000,1603800.000,721.510,-13.587
600900.000,1603800.000,723.634,-12.884
600950.000,1603800.000,725.168,-3.982
601000.000,1603800.000,726.057,-13.667
601050.000,1603800.000,726.245,-15.549
601100.000,1603800.000,725.756,-7.501
601150.000,1603800.000,724.629,-0.383
601200.000,1603800.000,722.963,-5.729
601250.000,1603800.000,720.896,-12.273
601300.000,1603800.000,718.580,-18.350
601350.000,1603800.000,716.209,-22.370
601400.000,1603800.000,713.947,-15.517
601450.000,1603800.000,711.969,-7.226
601500.000,1603800.000,710.393,-21.371
601550.000,1603800.000,709.308,-18.619
601600.000,1603800.000,708.732,-11.259
601650.000,1603800.000,708.604,-19.053
601700.000,1603800.000,708.818,-24.755
601750.000,1603800.000,709.216,-26.446
601800.000,1603800.000,709.569,-36.912
601850.000,1603800.000,709.659,-31.310
601900.000,1603800.000,709.247,-28.001
601950.000,1603800.000,708.139,-31.829
602000.000,1603800.000,706.144,-43.849
602050.000,1603800.000,703.159,-32.715
602100.000,1603800.000,699.175,-43.611
602150.000,1603800.000,694.235,-35.849
602200.000,1603800.000,688.453,-26.726
602250.000,1603800.000,682.027,-33.300
602300.000,1603800.000,675.209,-30.382
602350.000,1603800.000,668.250,-37.194
602400.000,1603800.000,661.476,-42.083
602450.000,1603800.000,655.161,-26.924
602500.000,1603800.000,649.557,-11.089
602550.000,1603800.000,644.881,-1.835
602600.000,1603800.000,641.283,13.599
602650.000,1603800.000,638.866,28.280
602700.000,1603800.000,637.668,52.719
602750.000,1603800.000,637.635,88.186
602800.000,1603800.000,638.718,115.129
602850.000,1603800.000,640.800,168.336
602900.000,1603800.000,643.731,200.395
602950.000,1603800.000,647.359,220.425
603000.000,1603800.000,651.497,256.539
603050.000,1603800.000,655.975,258.511
603100.000,1603800.000,660.610,262.330
603150.000,1603800.000,665.239,237.323
603200.000,1603800.000,669.696,173.892
603250.000,1603800.000,673.813,133.465
603300.000,1603800.000,677.433,90.667
603350.000,1603800.000,680.414,51.839
603400.000,1603800.000,682.630,10.377
603450.000,1603800.000,683.954,-9.421
603500.000,1603800.000,684.303,-44.122
603550.000,1603800.000,683.593,-57.032
603600.000,1603800.000,681.798,-73.002
603650.000,1603800.000,678.921,-100.129
603700.000,1603800.000,675.018,-95.275
603750.000,1603800.000,670.164,-102.522
603800.000,1603800.000,664.503,-114.476
603850.000,1603800.000,658.189,-115.467
603900.000,1603800.000,651.441,-104.263
603950.000,1603800.000,644.484,-111.049
604000.000,1603800.000,637.550,-115.211
604050.000,1603800.000,630.882,-121.376
604100.000,1603800.000,624.704,-116.635
604150.000,1603800.000,619.199,-102.323
604200.000,1603800.000,614.562,-90.116
604250.000,1603800.000,610.927,-90.855
604300.000,1603800.000,608.388,-97.226
604350.000,1603800.000,607.005,-93.503
604400.000,1603800.000,606.811,-86.073
604450.000,1603800.000,607.791,-81.733
604500.000,1603800.000,609.900,-83.292
604550.000,1603800.000,613.071,-86.760
604600.000,1603800.000,617.200,-70.921
604650.000,1603800.000,622.188,-73.296
604700.000,1603800.000,627.899,-68.599
604750.000,1603800.000,634.174,-79.563
604800.000,1603800.000,640.859,-62.545
604850.000,1603800.000,647.800,-71.500
604900.000,1603800.000,654.845,-71.115
604950.000,1603800.000,661.826,-64.408
605000.000,1603800.000,668.592,-57.262
600000.000,1603850.000,689.272,-7.553
600050.000,1603850.000,690.582,-9.864
600100.000,1603850.000,691.851,-8.038
600150.000,1603850.000,693.189,-11.505
600200.000,1603850.000,694.694,-6.645
600250.000,1603850.000,696.417,-10.862
600300.000,1603850.000,698.426,-5.450
600350.000,1603850.000,700.739,-15.618
600400.000,1603850.000,703.361,-4.463
600450.000,1603850.000,706.277,-11.892
600500.000,1603850.000,709.444,-11.981
600550.000,1603850.000,712.805,3.528
600600.000,1603850.000,716.293,-12.816
600650.000,1603850.000,719.814,-13.849
600700.000,1603850.000,723.254,-13.146
600750.000,1603850.000,726.503,-12.336
600800.000,1603850.000,729.453,-11.474
600850.000,1603850.000,731.972,-2.754
600900.000,1603850.000,733.968,-8.354
600950.000,1603850.000,735.333,-13.866
601000.000,1603850.000,736.023,-12.266
601050.000,1603850.000,735.984,-7.498
601100.000,1603850.000,735.247,-16.852
601150.000,1603850.000,733.856,-12.049
601200.000,1603850.000,731.910,-6.209
601250.000,1603850.000,729.548,-9.317
601300.000,1603850.000,726.918,-20.308
601350.000,1603850.000,724.213,-6.643
601400.000,1603850.000,721.590,-8.568
601450.000,1603850.000,719.218,-14.128
601500.000,1603850.000,717.211,-18.668
601550.000,1603850.000,715.651,-3.640
601600.000,1603850.000,714.553,-20.166
601650.000,1603850.000,713.854,-27.566
601700.000,1603850.000,713.451,-22.544
601750.000,1603850.000,713.191,-21.235
601800.000,1603850.000,712.851,-28.515
601850.000,1603850.000,712.226,-31.936
601900.000,1603850.000,711.090,-28.591
601950.000,1603850.000,709.261,-26.205
602000.000,1603850.000,706.564,-24.059
602050.000,1603850.000,702.913,-22.815
602100.000,1603850.000,698.311,-41.018
602150.000,1603850.000,692.808,-25.560
602200.000,1603850.000,686.529,-21.329
602250.000,1603850.000,679.672,-25.439
602300.000,1603850.000,672.488,-23.815
602350.000,1603850.000,665.221,-21.601
602400.000,1603850.000,658.189,-4.609
602450.000,1603850.000,651.651,-2.396
602500.000,1603850.000,645.847,-4.335
602550.000,1603850.000,640.974,13.889
602600.000,1603850.000,637.174,36.303
602650.000,1603850.000,634.534,53.766
602700.000,1603850.000,633.085,82.244
602750.000,1603850.000,632.768,117.286
602800.000,1603850.000,633.535,143.129
602850.000,1603850.000,635.275,169.071
602900.000,1603850.000,637.849,228.408
602950.000,1603850.000,641.121,252.134
603000.000,1603850.000,644.921,281.878
603050.000,1603850.000,649.101,293.760
603100.000,1603850.000,653.498,268.278
603150.000,1603850.000,657.973,259.906
603200.000,1603850.000,662.375,229.402
603250.000,1603850.000,666.553,177.439
603300.000,1603850.000,670.361,156.784
603350.000,1603850.000,673.663,110.873
603400.000,1603850.000,676.330,68.555
603450.000,1603850.000,678.232,38.097
603500.000,1603850.000,679.272,15.544
603550.000,1603850.000,679.347,-7.306
603600.000,1603850.000,678.411,-23.480
603650.000,1603850.000,676.441,-39.214
603700.000,1603850.000,673.464,-58.917
603750.000,1603850.000,669.530,-54.790
603800.000,1603850.000,664.756,-63.010
603850.000,1603850.000,659.272,-79.315
603900.000,1603850.000,653.276,-83.236
603950.000,1603850.000,646.979,-72.306
604000.000,1603850.000,640.605,-85.083
604050.000,1603850.000,634.392,-77.588
604100.000,1603850.000,628.566,-83.362
604150.000,1603850.000,623.319,-91.732
604200.000,1603850.000,618.858,-76.657
604250.000,1603850.000,615.330,-79.811
604300.000,1603850.000,612.847,-78.994
604350.000,1603850.000,611.483,-75.333
604400.000,1603850.000,611.285,-80.271
604450.000,1603850.000,612.251,-65.292
604500.000,1603850.000,614.343,-82.294
604550.000,1603850.000,617.499,-73.475
604600.000,1603850.000,621.615,-71.419
604650.000,1603850.000,626.593,-71.953
604700.000,1603850.000,632.289,-69.792
604750.000,1603850.000,638.540,-57.651
604800.000,1603850.000,645.185,-47.132
604850.000,1603850.000,652.064,-58.643
604900.000,1603850.000,659.020,-63.438
604950.000,1603850.000,665.880,-59.905
605000.000,1603850.000,672.488,-46.496
600000.000,1603900.000,697.321,-9.382
600050.000,1603900.000,698.926,-11.836
600100.000,1603900.000,700.487,-10.036
600150.000,1603900.000,702.119,-24.931
600200.000,1603900.000,703.918,-7.880
600250.000,1603900.000,705.936,-11.335
600300.000,1603900.000,708.238,-6.765
600350.000,1603900.000,710.835,-5.185
600400.000,1603900.000,713.727,-17.601
600450.000,1603900.000,716.891,0.877
600500.000,1603900.000,720.275,-8.813
600550.000,1603900.000,723.813,-7.292
600600.000,1603900.000,727.432,-3.122
600650.000,1603900.000,731.032,-10.090
600700.000,1603900.000,734.497,3.196
600750.000,1603900.000,737.715,-4.892
600800.000,1603900.000,740.580,-9.842
600850.000,1603900.000,742.966,-10.317
600900.000,1603900.000,744.786,-5.263
600950.000,1603900.000,745.939,-8.232
601000.000,1603900.000,746.388,-8.855
601050.000,1603900.000,746.088,-10.493
601100.000,1603900.000,745.074,-5.715
601150.000,1603900.000,743.393,-9.121
601200.000,1603900.000,741.146,-8.932
601250.000,1603900.000,738.472,-8.896
601300.000,1603900.000,735.514,-14.218
601350.000,1603900.000,732.461,-17.707
601400.000,1603900.000,729.462,-20.650
601450.000,1603900.000,726.679,-13.732
601500.000,1603900.000,724.219,-16.758
601550.000,1603900.000,722.157,-14.712
601600.000,1603900.000,720.507,-20.462
601650.000,1603900.000,719.202,-18.820
601700.000,1603900.000,718.143,-20.560
601750.000,1603900.000,717.182,-24.451
601800.000,1603900.000,716.106,-6.272
601850.000,1603900.000,714.723,-15.774
601900.000,1603900.000,712.821,-22.062
601950.000,1603900.000,710.234,-19.484
602000.000,1603900.000,706.804,-20.133
602050.000,1603900.000,702.461,-17.142
602100.000,1603900.000,697.220,-25.796
602150.000,1603900.000,691.144,-27.773
602200.000,1603900.000,684.364,-13.408
602250.000,1603900.000,677.078,-11.066
602300.000,1603900.000,669.537,-14.350
602350.000,1603900.000,661.977,-12.006
602400.000,1603900.000,654.705,-6.440
602450.000,1603900.000,647.970,3.299
602500.000,1603900.000,641.991,29.667
602550.000,1603900.000,636.954,42.571
602600.000,1603900.000,632.984,49.891
602650.000,1603900.000,630.157,80.956
602700.000,1603900.000,628.495,89.846
602750.000,1603900.000,627.936,123.701
602800.000,1603900.000,628.429,165.521
602850.000,1603900.000,629.869,194.247
602900.000,1603900.000,632.130,227.409
602950.000,1603900.000,635.088,262.313
603000.000,1603900.000,638.593,269.828
603050.000,1603900.000,642.514,285.016
603100.000,1603900.000,646.711,274.508
603150.000,1603900.000,651.065,276.317
603200.000,1603900.000,655.443,249.329
603250.000,1603900.000,659.708,208.742
603300.000,1603900.000,663.727,181.450
603350.000,1603900.000,667.370,160.988
603400.000,1603900.000,670.508,129.371
603450.000,1603900.000,673.004,86.237
603500.000,1603900.000,674.752,54.715
603550.000,1603900.000,675.633,38.401
603600.000,1603900.000,675.579,22.741
603650.000,1603900.000,674.542,7.317
603700.000,1603900.000,672.523,-8.817
603750.000,1603900.000,669.544,-18.630
603800.000,1603900.000,665.695,-30.503
603850.000,1603900.000,661.082,-43.210
603900.000,1603900.000,655.878,-48.171
603950.000,1603900.000,650.280,-47.367
604000.000,1603900.000,644.499,-42.478
604050.000,1603900.000,638.765,-47.128
604100.000,1603900.000,633.306,-42.578
604150.000,1603900.000,628.319,-53.836
604200.000,1603900.000,624.021,-58.257
604250.000,1603900.000,620.570,-61.638
604300.000,1603900.000,618.096,-59.269
604350.000,1603900.000,616.688,-59.743
604400.000,1603900.000,616.408,-57.857
604450.000,1603900.000,617.268,-56.076
604500.000,1603900.000,619.238,-52.127
604550.000,1603900.000,622.268,-58.310
604600.000,1603900.000,626.256,-50.052
604650.000,1603900.000,631.105,-59.863
604700.000,1603900.000,636.672,-45.211
604750.000,1603900.000,642.789,-51.282
604800.000,1603900.000,649.292,-47.387
604850.000,1603900.000,656.018,-56.631
604900.000,1603900.000,662.802,-44.625
604950.000,1603900.000,669.470,-51.344
605000.000,1603900.000,675.860,-47.871
600000.000,1603950.000,705.378,-17.247
600050.000,1603950.000,707.341,-11.017
600100.000,1603950.000,709.252,-7.625
600150.000,1603950.000,711.232,-21.522
600200.000,1603950.000,713.374,-8.662
600250.000,1603950.000,715.728,-10.013
600300.000,1603950.000,718.356,-15.479
600350.000,1603950.000,721.262,-8.662
600400.000,1603950.000,724.442,-7.664
600450.000,1603950.000,727.861,-8.771
600500.000,1603950.000,731.463,-7.729
600550.000,1603950.000,735.173,-10.333
600600.000,1603950.000,738.910,-7.485
600650.000,1603950.000,742.572,-10.959
600700.000,1603950.000,746.040,-8.500
600750.000,1603950.000,749.201,-6.168
600800.000,1603950.000,751.954,-13.744
600850.000,1603950.000,754.180,-14.672
600900.000,1603950.000,755.798,-11.087
600950.000,1603950.000,756.715,-4.684
601000.000,1603950.000,756.903,-4.373
601050.000,1603950.000,756.324,2.431
601100.000,1603950.000,755.019,0.277
601150.000,1603950.000,753.039,-9.572
601200.000,1603950.000,750.485,-9.254
601250.000,1603950.000,747.494,-12.901
601300.000,1603950.000,744.205,-8.314
601350.000,1603950.000,740.798,-16.047
601400.000,1603950.000,737.417,-13.555
601450.000,1603950.000,734.213,-15.185
601500.000,1603950.000,731.286,-10.142
601550.000,1603950.000,728.705,-5.862
601600.000,1603950.000,726.479,-10.419
601650.000,1603950.000,724.542,-17.828
601700.000,1603950.000,722.798,-12.399
601750.000,1603950.000,721.105,-9.907
601800.000,1603950.000,719.263,-9.266
601850.000,1603950.000,717.093,-13.245
601900.000,1603950.000,714.399,-8.984
601950.000,1603950.000,711.032,-19.516
602000.000,1603950.000,706.854,-5.551
602050.000,1603950.000,701.811,-15.711
602100.000,1603950.000,695.929,-8.955
602150.000,1603950.000,689.283,-4.634
602200.000,1603950.000,682.011,-10.683
602250.000,1603950.000,674.313,-0.161
602300.000,1603950.000,666.436,2.096
602350.000,1603950.000,658.609,0.728
602400.000,1603950.000,651.128,13.827
602450.000,1603950.000,644.227,29.358
602500.000,1603950.000,638.111,36.709
602550.000,1603950.000,632.948,53.397
602600.000,1603950.000,628.850,63.312
602650.000,1603950.000,625.879,75.814
602700.000,1603950.000,624.050,99.451
602750.000,1603950.000,623.296,139.824
602800.000,1603950.000,623.565,164.210
602850.000,1603950.000,624.755,190.408
602900.000,1603950.000,626.753,222.697
602950.000,1603950.000,629.446,249.155
603000.000,1603950.000,632.701,250.176
603050.000,1603950.000,636.405,271.569
603100.000,1603950.000,640.438,278.867
603150.000,1603950.000,644.701,280.690
603200.000,1603950.000,649.078,249.634
603250.000,1603950.000,653.446,213.596
603300.000,1603950.000,657.685,201.338
603350.000,1603950.000,661.672,173.246
603400.000,1603950.000,665.277,152.430
603450.000,1603950.000,668.362,117.913
603500.000,1603950.000,670.811,90.429
603550.000,1603950.000,672.489,82.582
603600.000,1603950.000,673.311,48.129
603650.000,1603950.000,673.205,31.545
603700.000,1603950.000,672.147,23.370
603750.000,1603950.000,670.131,6.308
603800.000,1603950.000,667.220,-1.881
603850.000,1603950.000,663.496,-1.755
603900.000,1603950.000,659.106,-20.956
603950.000,1603950.000,654.229,-19.618
604000.000,1603950.000,649.061,-29.263
604050.000,1603950.000,643.823,-33.760
604100.000,1603950.000,638.740,-37.865
604150.000,1603950.000,634.011,-49.897
604200.000,1603950.000,629.862,-43.421
604250.000,1603950.000,626.459,-48.586
604300.000,1603950.000,623.951,-54.055
604350.000,1603950.000,622.438,-42.219
604400.000,1603950.000,622.001,-44.423
604450.000,1603950.000,622.666,-49.571
604500.000,1603950.000,624.414,-40.557
604550.000,1603950.000,627.209,-59.132
604600.000,1603950.000,630.955,-32.990
604650.000,1603950.000,635.561,-41.778
604700.000,1603950.000,640.885,-41.478
604750.000,1603950.000,646.760,-47.492
604800.000,1603950.000,653.023,-41.926
604850.000,1603950.000,659.506,-45.510
604900.000,1603950.000,666.042,-47.589
604950.000,1603950.000,672.454,-51.031
605000.000,1603950.000,678.576,-49.065
600000.000,1604000.000,713.048,-7.235
600050.000,1604000.000,715.411,-9.317
600100.000,1604000.000,717.714,-4.558
600150.000,1604000.000,720.080,-7.929
600200.000,1604000.000,722.600,-6.998
600250.000,1604000.000,725.321,-10.818
600300.000,1604000.000,728.300,-9.714
600350.000,1604000.000,731.537,-12.442
600400.000,1604000.000,735.019,-3.883
600450.000,1604000.000,738.706,-14.000
600500.000,1604000.000,742.533,-7.280
600550.000,1604000.000,746.418,-7.286
600600.000,1604000.000,750.273,-4.789
600650.000,1604000.000,753.996,-14.241
600700.000,1604000.000,757.462,-7.086
600750.000,1604000.000,760.562,-11.093
600800.000,1604000.000,763.199,-9.689
600850.000,1604000.000,765.260,-6.999
600900.000,1604000.000,766.673,-11.101
600950.000,1604000.000,767.353,3.287
601000.000,1604000.000,767.281,-11.534
601050.000,1604000.000,766.426,-4.063
601100.000,1604000.000,764.835,0.004
601150.000,1604000.000,762.562,-5.412
601200.000,1604000.000,759.708,-1.650
601250.000,1604000.000,756.408,-15.030
601300.000,1604000.000,752.792,-6.355
601350.000,1604000.000,749.037,-7.022
601400.000,1604000.000,745.274,-5.851
601450.000,1604000.000,741.645,-5.798
601500.000,1604000.000,738.246,-8.990
601550.000,1604000.000,735.133,-11.431
601600.000,1604000.000,732.318,-15.850
601650.000,1604000.000,729.731,-14.528
601700.000,1604000.000,727.284,-6.513
601750.000,1604000.000,724.840,-10.560
601800.000,1604000.000,722.216,-12.800
601850.000,1604000.000,719.245,-12.799
601900.000,1604000.000,715.751,-21.371
601950.000,1604000.000,711.601,-17.412
602000.000,1604000.000,706.676,-9.533
602050.000,1604000.000,700.941,-13.160
602100.000,1604000.000,694.433,-1.432
602150.000,1604000.000,687.238,6.861
602200.000,1604000.000,679.501,0.019
602250.000,1604000.000,671.422,4.234
602300.000,1604000.000,663.242,5.684
602350.000,1604000.000,655.186,12.477
602400.000,1604000.000,647.535,27.647
602450.000,1604000.000,640.511,45.054
602500.000,1604000.000,634.302,43.219
602550.000,1604000.000,629.059,65.864
602600.000,1604000.000,624.881,79.986
602650.000,1604000.000,621.817,93.260
602700.000,1604000.000,619.874,106.947
602750.000,1604000.000,618.979,144.880
602800.000,1604000.000,619.078,159.567
602850.000,1604000.000,620.074,194.791
602900.000,1604000.000,621.863,193.946
602950.000,1604000.000,624.343,224.082
603000.000,1604000.000,627.396,249.255
603050.000,1604000.000,630.926,272.176
603100.000,1604000.000,634.829,268.868
603150.000,1604000.000,639.027,261.269
603200.000,1604000.000,643.419,247.744
603250.000,1604000.000,647.897,250.858
603300.000,1604000.000,652.352,207.390
603350.000,1604000.000,656.668,191.755
603400.000,1604000.000,660.720,164.866
603450.000,1604000.000,664.367,144.641
603500.000,1604000.000,667.485,133.283
603550.000,1604000.000,669.929,105.591
603600.000,1604000.000,671.597,76.239
603650.000,1604000.000,672.395,64.901
603700.000,1604000.000,672.276,45.347
603750.000,1604000.000,671.209,32.568
603800.000,1604000.000,669.231,37.665
603850.000,1604000.000,666.396,13.514
603900.000,1604000.000,662.828,5.511
603950.000,1604000.000,658.686,5.154
604000.000,1604000.000,654.147,-7.595
604050.000,1604000.000,649.420,-5.628
604100.000,1604000.000,644.724,-18.153
604150.000,1604000.000,640.259,-24.394
604200.000,1604000.000,636.253,-20.710
604250.000,1604000.000,632.881,-22.505
604300.000,1604000.000,630.306,-29.381
604350.000,1604000.000,628.641,-42.863
604400.000,1604000.000,627.984,-38.923
604450.000,1604000.000,628.375,-36.469
604500.000,1604000.000,629.812,-30.655
604550.000,1604000.000,632.271,-35.673
604600.000,1604000.000,635.668,-37.906
604650.000,1604000.000,639.921,-30.858
604700.000,1604000.000,644.894,-30.367
604750.000,1604000.000,650.422,-34.292
604800.000,1604000.000,656.347,-39.288
604850.000,1604000.000,662.502,-43.279
604900.000,1604000.000,668.717,-28.654
604950.000,1604000.000,674.815,-44.499
605000.000,1604000.000,680.623,-34.106
600000.000,1604050.000,719.945,-5.958
600050.000,1604050.000,722.729,-6.823
600100.000,1604050.000,725.446,2.498
600150.000,1604050.000,728.219,-14.733
600200.000,1604050.000,731.136,-4.858
600250.000,1604050.000,734.242,-11.901
600300.000,1604050.000,737.589,-6.623
600350.000,1604050.000,741.170,-5.833
600400.000,1604050.000,744.967,-12.924
600450.000,1604050.000,748.933,-13.541
600500.000,1604050.000,752.995,-6.955
600550.000,1604050.000,757.066,-8.248
600600.000,1604050.000,761.051,-14.691
600650.000,1604050.000,764.846,-3.142
600700.000,1604050.000,768.324,-9.050
600750.000,1604050.000,771.378,-10.499
600800.000,1604050.000,773.915,-5.256
600850.000,1604050.000,775.831,-4.849
600900.000,1604050.000,777.059,0.292
600950.000,1604050.000,777.525,-4.959
601000.000,1604050.000,777.217,-2.795
601050.000,1604050.000,776.111,-8.686
601100.000,1604050.000,774.260,-12.417
601150.000,1604050.000,771.720,-8.017
601200.000,1604050.000,768.590,-7.201
601250.000,1604050.000,765.004,-3.779
601300.000,1604050.000,761.084,-20.680
601350.000,1604050.000,756.996,-2.529
601400.000,1604050.000,752.864,-16.538
601450.000,1604050.000,748.821,-13.517
601500.000,1604050.000,744.952,-9.912
601550.000,1604050.000,741.310,-5.389
601600.000,1604050.000,737.903,-6.752
601650.000,1604050.000,734.664,-12.507
601700.000,1604050.000,731.510,-3.214
601750.000,1604050.000,728.314,-2.784
601800.000,1604050.000,724.908,-13.194
601850.000,1604050.000,721.140,-8.174
601900.000,1604050.000,716.855,-7.156
601950.000,1604050.000,711.937,-8.616
602000.000,1604050.000,706.286,-7.737
602050.000,1604050.000,699.885,-4.852
602100.000,1604050.000,692.782,3.473
602150.000,1604050.000,685.074,7.135
602200.000,1604050.000,676.910,3.903
602250.000,1604050.000,668.490,9.196
602300.000,1604050.000,660.052,14.789
602350.000,1604050.000,651.810,28.866
602400.000,1604050.000,644.036,26.927
602450.000,1604050.000,636.934,42.482
602500.000,1604050.000,630.679,56.672
602550.000,1604050.000,625.405,74.237
602600.000,1604050.000,621.196,82.514
602650.000,1604050.000,618.092,99.876
602700.000,1604050.000,616.088,128.066
602750.000,1604050.000,615.109,136.491
602800.000,1604050.000,615.096,169.383
602850.000,1604050.000,615.956,192.552
602900.000,1604050.000,617.592,202.502
602950.000,1604050.000,619.913,216.466
603000.000,1604050.000,622.813,219.965
603050.000,1604050.000,626.210,239.727
603100.000,1604050.000,630.017,252.969
603150.000,1604050.000,634.173,242.715
603200.000,1604050.000,638.590,236.681
603250.000,1604050.000,643.174,236.490
603300.000,1604050.000,647.829,213.994
603350.000,1604050.000,652.448,204.432
603400.000,1604050.000,656.907,178.343
603450.000,1604050.000,661.068,142.155
603500.000,1604050.000,664.802,140.750
603550.000,1604050.000,667.954,117.613
603600.000,1604050.000,670.411,94.574
603650.000,1604050.000,672.060,73.013
603700.000,1604050.000,672.833,74.966
603750.000,1604050.000,672.677,44.529
603800.000,1604050.000,671.602,30.795
603850.000,1604050.000,669.639,24.115
603900.000,1604050.000,666.885,20.195
603950.000,1604050.000,663.477,5.393
604000.000,1604050.000,659.575,0.792
604050.000,1604050.000,655.372,5.147
604100.000,1604050.000,651.076,-0.845
604150.000,1604050.000,646.884,-14.612
604200.000,1604050.000,643.026,-7.617
604250.000,1604050.000,639.679,-11.299
604300.000,1604050.000,637.019,-29.750
604350.000,1604050.000,635.171,-22.734
604400.000,1604050.000,634.249,-22.543
604450.000,1604050.000,634.307,-30.528
604500.000,1604050.000,635.359,-27.251
604550.000,1604050.000,637.397,-27.374
604600.000,1604050.000,640.352,-38.262
604650.000,1604050.000,644.153,-33.414
604700.000,1604050.000,648.676,-40.230
604750.000,1604050.000,653.762,-33.023
604800.000,1604050.000,659.260,-29.687
604850.000,1604050.000,665.007,-25.987
604900.000,1604050.000,670.833,-29.410
604950.000,1604050.000,676.561,-37.972
605000.000,1604050.000,682.018,-28.327
600000.000,1604100.000,725.746,-10.452
600050.000,1604100.000,728.949,-5.742
600100.000,1604100.000,732.077,-5.137
600150.000,1604100.000,735.258,-8.516
600200.000,1604100.000,738.573,-13.139
600250.000,1604100.000,742.064,-6.478
600300.000,1604100.000,745.781,-11.576
600350.000,1604100.000,749.708,2.060
600400.000,1604100.000,753.825,-12.053
600450.000,1604100.000,758.077,-6.009
600500.000,1604100.000,762.384,-11.671
600550.000,1604100.000,766.653,-15.725
600600.000,1604100.000,770.785,-4.884
600650.000,1604100.000,774.673,-4.126
600700.000,1604100.000,778.189,-5.515
600750.000,1604100.000,781.227,-6.283
600800.000,1604100.000,783.697,-6.827
600850.000,1604100.000,785.505,-8.904
600900.000,1604100.000,786.590,-8.660
600950.000,1604100.000,786.884,-0.557
601000.000,1604100.000,786.384,-8.690
601050.000,1604100.000,785.072,-10.833
601100.000,1604100.000,783.006,-8.841
601150.000,1604100.000,780.242,-3.206
601200.000,1604100.000,776.878,-2.447
601250.000,1604100.000,773.043,-12.135
601300.000,1604100.000,768.851,-2.308
601350.000,1604100.000,764.461,-9.683
601400.000,1604100.000,759.985,-6.080
601450.000,1604100.000,755.548,-8.463
601500.000,1604100.000,751.228,-7.339
601550.000,1604100.000,747.070,-5.433
601600.000,1604100.000,743.085,-9.940
601650.000,1604100.000,739.206,-7.304
601700.000,1604100.000,735.359,-10.067
601750.000,1604100.000,731.427,-2.218
601800.000,1604100.000,727.259,-11.487
601850.000,1604100.000,722.719,-14.480
601900.000,1604100.000,717.671,-3.185
601950.000,1604100.000,712.020,0.659
602000.000,1604100.000,705.682,3.484
602050.000,1604100.000,698.658,3.190
602100.000,1604100.000,691.008,-0.720
602150.000,1604100.000,682.836,-2.304
602200.000,1604100.000,674.296,22.149
602250.000,1604100.000,665.587,18.142
602300.000,1604100.000,656.940,26.486
602350.000,1604100.000,648.563,34.239
602400.000,1604100.000,640.713,52.489
602450.000,1604100.000,633.581,44.444
602500.000,1604100.000,627.327,64.513
602550.000,1604100.000,622.069,67.717
602600.000,1604100.000,617.878,85.332
602650.000,1604100.000,614.781,106.715
602700.000,1604100.000,612.768,121.778
602750.000,1604100.000,611.756,142.051
602800.000,1604100.000,611.685,155.455
602850.000,1604100.000,612.463,151.872
602900.000,1604100.000,614.001,180.634
602950.000,1604100.000,616.214,201.265
603000.000,1604100.000,619.007,202.616
603050.000,1604100.000,622.309,224.055
603100.000,1604100.000,626.048,232.830
603150.000,1604100.000,630.179,233.363
603200.000,1604100.000,634.626,216.687
603250.000,1604100.000,639.306,215.039
603300.000,1604100.000,644.135,226.684
603350.000,1604100.000,649.018,190.106
603400.000,1604100.000,653.832,167.176
603450.000,1604100.000,658.445,167.489
603500.000,1604100.000,662.725,149.722
603550.000,1604100.000,666.511,120.084
603600.000,1604100.000,669.682,101.969
603650.000,1604100.000,672.110,86.380
603700.000,1604100.000,673.710,84.034
603750.000,1604100.000,674.409,57.056
603800.000,1604100.000,674.193,62.598
603850.000,1604100.000,673.070,44.430
603900.000,1604100.000,671.112,40.578
603950.000,1604100.000,668.435,28.042
604000.000,1604100.000,665.176,21.974
604050.000,1604100.000,661.510,13.375
604100.000,1604100.000,657.634,5.561
604150.000,1604100.000,653.735,3.894
604200.000,1604100.000,650.041,0.051
604250.000,1604100.000,646.731,3.687
604300.000,1604100.000,643.989,-11.698
604350.000,1604100.000,641.947,-20.065
604400.000,1604100.000,640.734,-17.852
604450.000,1604100.000,640.419,-20.329
604500.000,1604100.000,641.033,-15.556
604550.000,1604100.000,642.584,-18.007
604600.000,1604100.000,645.021,-28.407
604650.000,1604100.000,648.288,-21.835
604700.000,1604100.000,652.272,-28.975
604750.000,1604100.000,656.830,-22.762
604800.000,1604100.000,661.819,-34.359
604850.000,1604100.000,667.083,-34.167
604900.000,1604100.000,672.455,-29.754
604950.000,1604100.000,677.763,-24.937
605000.000,1604100.000,682.830,-33.495
600000.000,1604150.000,730.187,-13.201
600050.000,1604150.000,733.779,-3.903
600100.000,1604150.000,737.294,-6.336
600150.000,1604150.000,740.859,-6.737
600200.000,1604150.000,744.551,-13.458
600250.000,1604150.000,748.411,-9.153
600300.000,1604150.000,752.483,-5.702
600350.000,1604150.000,756.748,-5.028
600400.000,1604150.000,761.180,-0.720
600450.000,1604150.000,765.720,-4.574
600500.000,1604150.000,770.281,-15.537
600550.000,1604150.000,774.766,1.787
600600.000,1604150.000,779.069,-5.316
600650.000,1604150.000,783.083,-17.239
600700.000,1604150.000,786.676,-14.254
600750.000,1604150.000,789.745,-9.869
600800.000,1604150.000,792.203,-5.668
600850.000,1604150.000,793.960,-9.878
600900.000,1604150.000,794.961,-9.344
600950.000,1604150.000,795.148,-8.692
601000.000,1604150.000,794.521,-13.819
601050.000,1604150.000,793.067,-1.243
601100.000,1604150.000,790.848,-1.337
601150.000,1604150.000,787.919,-9.767
601200.000,1604150.000,784.376,-3.475
601250.000,1604150.000,780.342,-5.165
601300.000,1604150.000,775.924,-2.184
601350.000,1604150.000,771.271,-6.859
601400.000,1604150.000,766.487,0.563
601450.000,1604150.000,761.687,-2.649
601500.000,1604150.000,756.943,-5.435
601550.000,1604150.000,752.296,-13.756
601600.000,1604150.000,747.757,-7.718
601650.000,1604150.000,743.264,-0.360
601700.000,1604150.000,738.752,-4.642
601750.000,1604150.000,734.115,-9.037
601800.000,1604150.000,729.221,1.087
601850.000,1604150.000,723.951,-1.377
601900.000,1604150.000,718.188,-7.237
601950.000,1604150.000,711.855,-2.291
602000.000,1604150.000,704.886,-2.051
602050.000,1604150.000,697.300,5.292
602100.000,1604150.000,689.163,12.541
602150.000,1604150.000,680.588,15.579
602200.000,1604150.000,671.732,20.900
602250.000,1604150.000,662.792,19.967
602300.000,1604150.000,653.992,31.853
602350.000,1604150.000,645.530,25.649
602400.000,1604150.000,637.653,49.031
602450.000,1604150.000,630.537,50.494
602500.000,1604150.000,624.326,60.137
602550.000,1604150.000,619.126,87.529
602600.000,1604150.000,614.994,97.639
602650.000,1604150.000,611.949,113.174
602700.000,1604150.000,609.971,121.348
602750.000,1604150.000,608.975,128.418
602800.000,1604150.000,608.895,157.027
602850.000,1604150.000,609.642,172.138
602900.000,1604150.000,611.131,181.255
602950.000,1604150.000,613.285,188.727
603000.000,1604150.000,616.014,202.979
603050.000,1604150.000,619.260,205.648
603100.000,1604150.000,622.958,210.743
603150.000,1604150.000,627.080,226.583
603200.000,1604150.000,631.557,212.070
603250.000,1604150.000,636.319,213.322
603300.000,1604150.000,641.293,184.402
603350.000,1604150.000,646.393,184.804
603400.000,1604150.000,651.502,163.441
603450.000,1604150.000,656.493,155.702
603500.000,1604150.000,661.236,144.195
603550.000,1604150.000,665.568,131.947
603600.000,1604150.000,669.362,118.209
603650.000,1604150.000,672.481,108.472
603700.000,1604150.000,674.825,80.470
603750.000,1604150.000,676.306,68.810
603800.000,1604150.000,676.890,65.401
603850.000,1604150.000,676.563,50.276
603900.000,1604150.000,675.373,51.838
603950.000,1604150.000,673.414,40.788
604000.000,1604150.000,670.800,22.802
604050.000,1604150.000,667.688,19.700
604100.000,1604150.000,664.255,13.373
604150.000,1604150.000,660.682,11.900
604200.000,1604150.000,657.185,8.301
604250.000,1604150.000,653.940,-4.044
604300.000,1604150.000,651.138,-5.477
604350.000,1604150.000,648.916,-5.672
604400.000,1604150.000,647.412,-2.181
604450.000,1604150.000,646.712,-17.947
604500.000,1604150.000,646.858,-10.485
604550.000,1604150.000,647.882,-15.528
604600.000,1604150.000,649.745,-14.073
604650.000,1604150.000,652.414,-21.848
604700.000,1604150.000,655.792,-16.171
604750.000,1604150.000,659.748,-19.844
604800.000,1604150.000,664.156,-26.589
604850.000,1604150.000,668.871,-26.310
604900.000,1604150.000,673.731,-26.006
604950.000,1604150.000,678.570,-16.970
605000.000,1604150.000,683.212,-21.905
600000.000,1604200.000,733.116,-9.349
600050.000,1604200.000,737.045,-5.667
600100.000,1604200.000,740.898,-10.936
600150.000,1604200.000,744.802,-7.502
600200.000,1604200.000,748.830,-4.895
600250.000,1604200.000,753.021,-7.975
600300.000,1604200.000,757.417,10.299
600350.000,1604200.000,761.995,2.135
600400.000,1604200.000,766.725,-6.485
600450.000,1604200.000,771.544,2.060
600500.000,1604200.000,776.361,-6.585
600550.000,1604200.000,781.074,-2.285
600600.000,1604200.000,785.570,1.208
600650.000,1604200.000,789.743,-18.611
600700.000,1604200.000,793.458,-0.069
600750.000,1604200.000,796.611,-6.769
600800.000,1604200.000,799.117,-8.122
600850.000,1604200.000,800.892,-1.960
600900.000,1604200.000,801.884,-7.881
600950.000,1604200.000,802.040,-8.550
601000.000,1604200.000,801.364,-1.919
601050.000,1604200.000,799.847,-0.763
601100.000,1604200.000,797.551,-6.950
601150.000,1604200.000,794.530,1.685
601200.000,1604200.000,790.875,-9.111
601250.000,1604200.000,786.706,1.453
601300.000,1604200.000,782.120,-5.272
601350.000,1604200.000,777.257,-13.168
601400.000,1604200.000,772.212,0.771
601450.000,1604200.000,767.092,-16.117
601500.000,1604200.000,761.966,-1.096
601550.000,1604200.000,756.870,2.185
601600.000,1604200.000,751.818,4.394
601650.000,1604200.000,746.753,-9.289
601700.000,1604200.000,741.623,-8.328
601750.000,1604200.000,736.332,12.215
601800.000,1604200.000,730.767,4.744
601850.000,1604200.000,724.826,5.713
601900.000,1604200.000,718.413,-4.338
601950.000,1604200.000,711.466,4.853
602000.000,1604200.000,703.938,-0.737
602050.000,1604200.000,695.861,5.376
602100.000,1604200.000,687.310,11.055
602150.000,1604200.000,678.402,26.568
602200.000,1604200.000,669.296,24.567
602250.000,1604200.000,660.186,27.641
602300.000,1604200.000,651.288,33.132
602350.000,1604200.000,642.792,44.939
602400.000,1604200.000,634.932,51.303
602450.000,1604200.000,627.871,62.856
602500.000,1604200.000,621.739,79.854
602550.000,1604200.000,616.630,83.054
602600.000,1604200.000,612.591,91.422
602650.000,1604200.000,609.630,105.706
602700.000,1604200.000,607.722,113.581
602750.000,1604200.000,606.779,139.283
602800.000,1604200.000,606.731,142.600
602850.000,1604200.000,607.489,161.071
602900.000,1604200.000,608.972,172.607
602950.000,1604200.000,611.108,172.191
603000.000,1604200.000,613.812,200.099
603050.000,1604200.000,617.033,199.137
603100.000,1604200.000,620.715,207.705
603150.000,1604200.000,624.838,196.894
603200.000,1604200.000,629.344,194.398
603250.000,1604200.000,634.170,192.657
603300.000,1604200.000,639.255,188.353
603350.000,1604200.000,644.521,166.395
603400.000,1604200.000,649.859,174.139
603450.000,1604200.000,655.149,151.702
603500.000,1604200.000,660.264,146.263
603550.000,1604200.000,665.044,134.427
603600.000,1604200.000,669.359,106.752
603650.000,1604200.000,673.069,98.035
603700.000,1604200.000,676.064,92.807
603750.000,1604200.000,678.243,91.950
603800.000,1604200.000,679.557,62.934
603850.000,1604200.000,679.974,60.384
603900.000,1604200.000,679.517,58.334
603950.000,1604200.000,678.260,45.450
604000.000,1604200.000,676.295,46.519
604050.000,1604200.000,673.755,37.722
604100.000,1604200.000,670.801,14.971
604150.000,1604200.000,667.595,24.028
604200.000,1604200.000,664.344,14.553
604250.000,1604200.000,661.216,7.002
604300.000,1604200.000,658.400,14.721
604350.000,1604200.000,656.036,-2.512
604400.000,1604200.000,654.270,-12.229
604450.000,1604200.000,653.198,-2.228
604500.000,1604200.000,652.878,-11.675
604550.000,1604200.000,653.358,-12.982
604600.000,1604200.000,654.620,-19.185
604650.000,1604200.000,656.650,-10.482
604700.000,1604200.000,659.370,-17.454
604750.000,1604200.000,662.670,-13.470
604800.000,1604200.000,666.437,-26.166
604850.000,1604200.000,670.544,-21.604
604900.000,1604200.000,674.838,-25.491
604950.000,1604200.000,679.162,-23.121
605000.000,1604200.000,683.342,-22.433
600000.000,1604250.000,734.452,-6.301
600050.000,1604250.000,738.647,-11.937
600100.000,1604250.000,742.768,-5.008
600150.000,1604250.000,746.947,-4.083
600200.000,1604250.000,751.251,-1.663
600250.000,1604250.000,755.720,1.099
600300.000,1604250.000,760.393,-9.230
600350.000,1604250.000,765.244,-12.166
600400.000,1604250.000,770.244,-9.531
600450.000,1604250.000,775.324,-5.049
600500.000,1604250.000,780.391,1.167
600550.000,1604250.000,785.338,0.302
600600.000,1604250.000,790.048,-10.352
600650.000,1604250.000,794.413,-3.877
600700.000,1604250.000,798.295,-0.890
600750.000,1604250.000,801.590,-7.816
600800.000,1604250.000,804.212,-7.687
600850.000,1604250.000,806.080,-3.781
600900.000,1604250.000,807.145,-4.466
600950.000,1604250.000,807.356,-2.486
601000.000,1604250.000,806.718,-3.877
601050.000,1604250.000,805.226,-2.320
601100.000,1604250.000,802.937,4.085
601150.000,1604250.000,799.906,-1.637
601200.000,1604250.000,796.217,2.836
601250.000,1604250.000,791.984,-3.389
601300.000,1604250.000,787.297,2.338
601350.000,1604250.000,782.285,-7.632
601400.000,1604250.000,777.037,-14.903
601450.000,1604250.000,771.653,-8.553
601500.000,1604250.000,766.197,-5.972
601550.000,1604250.000,760.705,-5.955
601600.000,1604250.000,755.194,-4.451
601650.000,1604250.000,749.616,0.709
601700.000,1604250.000,743.928,-1.733
601750.000,1604250.000,738.051,10.932
601800.000,1604250.000,731.887,0.179
601850.000,1604250.000,725.352,-3.589
601900.000,1604250.000,718.370,4.879
601950.000,1604250.000,710.893,17.533
602000.000,1604250.000,702.891,19.200
602050.000,1604250.000,694.408,21.594
602100.000,1604250.000,685.523,9.986
602150.000,1604250.000,676.360,16.866
602200.000,1604250.000,667.074,29.390
602250.000,1604250.000,657.858,33.858
602300.000,1604250.000,648.917,34.834
602350.000,1604250.000,640.434,55.134
602400.000,1604250.000,632.629,53.800
602450.000,1604250.000,625.653,61.275
602500.000,1604250.000,619.627,68.588
602550.000,1604250.000,614.631,73.693
602600.000,1604250.000,610.705,95.963
602650.000,1604250.000,607.849,91.773
602700.000,1604250.000,606.033,119.643
602750.000,1604250.000,605.167,124.193
602800.000,1604250.000,605.178,137.670
602850.000,1604250.000,605.977,156.271
602900.000,1604250.000,607.488,157.961
602950.000,1604250.000,609.638,173.543
603000.000,1604250.000,612.348,166.347
603050.000,1604250.000,615.570,181.946
603100.000,1604250.000,619.253,200.212
603150.000,1604250.000,623.387,197.939
603200.000,1604250.000,627.916,184.568
603250.000,1604250.000,632.788,181.156
603300.000,1604250.000,637.948,190.240
603350.000,1604250.000,643.329,190.924
603400.000,1604250.000,648.827,172.629
603450.000,1604250.000,654.334,150.533
603500.000,1604250.000,659.727,145.865
603550.000,1604250.000,664.852,128.249
603600.000,1604250.000,669.583,122.462
603650.000,1604250.000,673.777,98.376
603700.000,1604250.000,677.322,96.392
603750.000,1604250.000,680.108,86.714
603800.000,1604250.000,682.075,83.363
603850.000,1604250.000,683.174,68.763
603900.000,1604250.000,683.410,42.161
603950.000,1604250.000,682.837,52.443
604000.000,1604250.000,681.523,40.735
604050.000,1604250.000,679.578,35.843
604100.000,1604250.000,677.140,33.133
604150.000,1604250.000,674.356,28.434
604200.000,1604250.000,671.412,30.610
604250.000,1604250.000,668.468,20.714
604300.000,1604250.000,665.706,19.658
604350.000,1604250.000,663.263,2.841
604400.000,1604250.000,661.290,6.209
604450.000,1604250.000,659.889,5.200
604500.000,1604250.000,659.130,7.691
604550.000,1604250.000,659.081,-2.929
604600.000,1604250.000,659.742,-5.731
604650.000,1604250.000,661.118,-9.554
604700.000,1604250.000,663.152,-6.185
604750.000,1604250.000,665.759,-2.936
604800.000,1604250.000,668.843,-6.346
604850.000,1604250.000,672.297,-10.098
604900.000,1604250.000,675.979,-18.648
604950.000,1604250.000,679.745,-18.857
605000.000,1604250.000,683.429,-19.265
600000.000,1604300.000,734.259,-3.200
600050.000,1604300.000,738.631,-6.160
600100.000,1604300.000,742.936,4.175
600150.000,1604300.000,747.308,-4.913
600200.000,1604300.000,751.810,-9.309
600250.000,1604300.000,756.484,-8.340
600300.000,1604300.000,761.371,-11.285
600350.000,1604300.000,766.440,-0.832
600400.000,1604300.000,771.663,-2.154
600450.000,1604300.000,776.973,-7.863
600500.000,1604300.000,782.269,-6.279
600550.000,1604300.000,787.446,-3.511
600600.000,1604300.000,792.380,-2.331
600650.000,1604300.000,796.962,-6.000
600700.000,1604300.000,801.050,-8.875
600750.000,1604300.000,804.539,-4.037
600800.000,1604300.000,807.340,-0.453
600850.000,1604300.000,809.375,-9.620
600900.000,1604300.000,810.593,1.547
600950.000,1604300.000,810.945,-2.702
601000.000,1604300.000,810.433,-1.151
601050.000,1604300.000,809.053,-5.604
601100.000,1604300.000,806.859,-2.031
601150.000,1604300.000,803.901,-2.257
601200.000,1604300.000,800.257,10.771
601250.000,1604300.000,796.035,1.115
601300.000,1604300.000,791.315,3.025
601350.000,1604300.000,786.220,2.851
601400.000,1604300.000,780.831,2.017
601450.000,1604300.000,775.243,-0.662
601500.000,1604300.000,769.518,-3.282
601550.000,1604300.000,763.692,-5.891
601600.000,1604300.000,757.788,-0.527
601650.000,1604300.000,751.767,2.233
601700.000,1604300.000,745.597,0.843
601750.000,1604300.000,739.213,11.579
601800.000,1604300.000,732.537,8.554
601850.000,1604300.000,725.498,9.315
601900.000,1604300.000,718.040,11.128
601950.000,1604300.000,710.129,4.578
602000.000,1604300.000,701.748,10.358
602050.000,1604300.000,692.951,15.293
602100.000,1604300.000,683.821,23.231
602150.000,1604300.000,674.483,17.405
602200.000,1604300.000,665.090,29.085
602250.000,1604300.000,655.829,33.878
602300.000,1604300.000,646.898,48.945
602350.000,1604300.000,638.469,29.312
602400.000,1604300.000,630.750,48.550
602450.000,1604300.000,623.884,60.951
602500.000,1604300.000,617.979,68.871
602550.000,1604300.000,613.109,88.008
602600.000,1604300.000,609.304,90.756
602650.000,1604300.000,606.561,105.494
602700.000,1604300.000,604.849,106.927
602750.000,1604300.000,604.072,118.328
602800.000,1604300.000,604.160,146.104
602850.000,1604300.000,605.021,139.211
602900.000,1604300.000,606.583,154.975
602950.000,1604300.000,608.772,169.538
603000.000,1604300.000,611.514,165.012
603050.000,1604300.000,614.759,166.739
603100.000,1604300.000,618.461,172.567
603150.000,1604300.000,622.612,187.443
603200.000,1604300.000,627.162,168.221
603250.000,1604300.000,632.062,165.306
603300.000,1604300.000,637.266,156.643
603350.000,1604300.000,642.713,169.421
603400.000,1604300.000,648.307,159.489
603450.000,1604300.000,653.952,134.447
603500.000,1604300.000,659.532,140.137
603550.000,1604300.000,664.900,119.947
603600.000,1604300.000,669.939,124.706
603650.000,1604300.000,674.510,110.795
603700.000,1604300.000,678.500,100.720
603750.000,1604300.000,681.798,91.993
603800.000,1604300.000,684.334,75.305
603850.000,1604300.000,686.051,66.400
603900.000,1604300.000,686.935,65.329
603950.000,1604300.000,687.023,63.146
604000.000,1604300.000,686.359,49.363
604050.000,1604300.000,685.031,43.122
604100.000,1604300.000,683.153,28.919
604150.000,1604300.000,680.850,31.677
604200.000,1604300.000,678.289,21.697
604250.000,1604300.000,675.611,21.063
604300.000,1604300.000,672.989,12.916
604350.000,1604300.000,670.552,13.765
604400.000,1604300.000,668.451,11.696
604450.000,1604300.000,666.790,9.393
604500.000,1604300.000,665.651,5.870
604550.000,1604300.000,665.115,6.744
604600.000,1604300.000,665.201,-1.553
604650.000,1604300.000,665.935,-6.521
604700.000,1604300.000,667.282,-6.519
604750.000,1604300.000,669.179,-4.976
604800.000,1604300.000,671.556,-9.569
604850.000,1604300.000,674.324,-11.928
604900.000,1604300.000,677.358,-0.662
604950.000,1604300.000,680.529,-12.704
605000.000,1604300.000,683.680,-17.640
600000.000,1604350.000,732.705,-6.196
600050.000,1604350.000,737.154,-2.266
600100.000,1604350.000,741.545,-5.570
600150.000,1604350.000,746.013,-16.022
600200.000,1604350.000,750.622,-8.620
600250.000,1604350.000,755.415,1.014
600300.000,1604350.000,760.434,-15.638
600350.000,1604350.000,765.651,-3.544
600400.000,1604350.000,771.039,-6.392
600450.000,1604350.000,776.529,3.051
600500.000,1604350.000,782.022,-9.788
600550.000,1604350.000,787.409,-3.951
600600.000,1604350.000,792.563,-8.813
600650.000,1604350.000,797.375,-8.491
600700.000,1604350.000,801.696,-1.153
600750.000,1604350.000,805.421,-0.364
600800.000,1604350.000,808.456,-0.880
600850.000,1604350.000,810.724,-6.683
600900.000,1604350.000,812.168,-6.412
600950.000,1604350.000,812.740,-2.528
601000.000,1604350.000,812.437,-2.867
601050.000,1604350.000,811.254,0.306
601100.000,1604350.000,809.238,-5.359
601150.000,1604350.000,806.432,-6.702
601200.000,1604350.000,802.910,-0.182
601250.000,1604350.000,798.772,-4.758
601300.000,1604350.000,794.090,3.565
601350.000,1604350.000,788.979,2.040
601400.000,1604350.000,783.514,-1.982
601450.000,1604350.000,777.788,-2.872
601500.000,1604350.000,771.861,-7.183
601550.000,1604350.000,765.772,1.962
601600.000,1604350.000,759.549,6.494
601650.000,1604350.000,753.164,7.445
601700.000,1604350.000,746.599,9.491
601750.000,1604350.000,739.800,11.308
601800.000,1604350.000,732.709,15.237
601850.000,1604350.000,725.269,11.441
601900.000,1604350.000,717.438,12.138
601950.000,1604350.000,709.198,10.625
602000.000,1604350.000,700.540,15.116
602050.000,1604350.000,691.528,7.972
602100.000,1604350.000,682.243,21.465
602150.000,1604350.000,672.812,24.548
602200.000,1604350.000,663.382,28.119
602250.000,1604350.000,654.137,24.509
602300.000,1604350.000,645.261,40.821
602350.000,1604350.000,636.920,34.966
602400.000,1604350.000,629.311,61.040
602450.000,1604350.000,622.566,65.922
602500.000,1604350.000,616.787,72.728
602550.000,1604350.000,612.040,75.354
602600.000,1604350.000,608.352,87.214
602650.000,1604350.000,605.717,99.777
602700.000,1604350.000,604.102,115.927
602750.000,1604350.000,603.415,112.013
602800.000,1604350.000,603.581,124.604
602850.000,1604350.000,604.512,138.717
602900.000,1604350.000,606.137,141.642
602950.000,1604350.000,608.382,161.205
603000.000,1604350.000,611.172,164.776
603050.000,1604350.000,614.458,162.572
603100.000,1604350.000,618.192,175.723
603150.000,1604350.000,622.369,154.475
603200.000,1604350.000,626.938,183.243
603250.000,1604350.000,631.854,172.101
603300.000,1604350.000,637.073,176.957
603350.000,1604350.000,642.545,157.615
603400.000,1604350.000,648.179,149.181
603450.000,1604350.000,653.890,145.261
603500.000,1604350.000,659.570,133.347
603550.000,1604350.000,665.086,131.227
603600.000,1604350.000,670.331,109.107
603650.000,1604350.000,675.173,106.341
603700.000,1604350.000,679.503,100.424
603750.000,1604350.000,683.215,84.176
603800.000,1604350.000,686.235,66.154
603850.000,1604350.000,688.498,78.759
603900.000,1604350.000,689.980,62.316
603950.000,1604350.000,690.699,66.059
604000.000,1604350.000,690.681,47.505
604050.000,1604350.000,689.988,55.217
604100.000,1604350.000,688.711,37.788
604150.000,1604350.000,686.950,34.852
604200.000,1604350.000,684.847,24.472
604250.000,1604350.000,682.525,26.171
604300.000,1604350.000,680.141,28.375
604350.000,1604350.000,677.810,15.293
604400.000,1604350.000,675.679,23.986
604450.000,1604350.000,673.851,14.487
604500.000,1604350.000,672.414,8.753
604550.000,1604350.000,671.460,10.748
604600.000,1604350.000,671.027,-1.056
604650.000,1604350.000,671.159,5.393
604700.000,1604350.000,671.843,-5.788
604750.000,1604350.000,673.043,7.121
604800.000,1604350.000,674.708,-7.174
604850.000,1604350.000,676.777,-3.384
604900.000,1604350.000,679.141,-8.381
604950.000,1604350.000,681.690,-4.807
605000.000,1604350.000,684.281,-15.942
600000.000,1604400.000,730.051,-9.275
600050.000,1604400.000,734.473,-6.175
600100.000,1604400.000,738.844,1.143
600150.000,1604400.000,743.305,-3.370
600200.000,1604400.000,747.919,0.136
600250.000,1604400.000,752.733,3.888
600300.000,1604400.000,757.793,-1.168
600350.000,1604400.000,763.074,-2.098
600400.000,1604400.000,768.552,-9.940
600450.000,1604400.000,774.161,-5.437
600500.000,1604400.000,779.801,-5.031
600550.000,1604400.000,785.363,-1.771
600600.000,1604400.000,790.719,-5.742
600650.000,1604400.000,795.757,-0.020
600700.000,1604400.000,800.324,-0.244
600750.000,1604400.000,804.312,3.130
600800.000,1604400.000,807.622,-6.471
600850.000,1604400.000,810.173,6.028
600900.000,1604400.000,811.903,-6.435
600950.000,1604400.000,812.763,-0.573
601000.000,1604400.000,812.740,-7.265
601050.000,1604400.000,811.826,-5.331
601100.000,1604400.000,810.060,-1.520
601150.000,1604400.000,807.479,4.806
601200.000,1604400.000,804.147,-1.790
601250.000,1604400.000,800.159,3.542
601300.000,1604400.000,795.579,0.446
601350.000,1604400.000,790.514,-3.452
601400.000,1604400.000,785.037,0.877
601450.000,1604400.000,779.236,-7.642
601500.000,1604400.000,773.174,-2.361
601550.000,1604400.000,766.894,8.273
601600.000,1604400.000,760.430,11.298
601650.000,1604400.000,753.767,10.194
601700.000,1604400.000,746.896,0.764
601750.000,1604400.000,739.781,3.669
601800.000,1604400.000,732.378,6.643
601850.000,1604400.000,724.642,4.978
601900.000,1604400.000,716.549,6.999
601950.000,1604400.000,708.088,12.772
602000.000,1604400.000,699.258,14.110
602050.000,1604400.000,690.128,20.582
602100.000,1604400.000,680.780,23.593
602150.000,1604400.000,671.336,30.322
602200.000,1604400.000,661.938,30.369
602250.000,1604400.000,652.764,38.611
602300.000,1604400.000,643.986,42.363
602350.000,1604400.000,635.762,44.781
602400.000,1604400.000,628.278,55.765
602450.000,1604400.000,621.660,77.210
602500.000,1604400.000,616.003,71.450
602550.000,1604400.000,611.369,83.575
602600.000,1604400.000,607.784,88.825
602650.000,1604400.000,605.241,89.234
602700.000,1604400.000,603.709,116.300
602750.000,1604400.000,603.098,111.050
602800.000,1604400.000,603.338,126.724
602850.000,1604400.000,604.337,132.363
602900.000,1604400.000,606.029,130.408
602950.000,1604400.000,608.339,143.091
603000.000,1604400.000,611.189,168.087
603050.000,1604400.000,614.529,144.951
603100.000,1604400.000,618.308,153.149
603150.000,1604400.000,622.519,172.734
603200.000,1604400.000,627.108,147.847
603250.000,1604400.000,632.032,159.704
603300.000,1604400.000,637.248,139.243
603350.000,1604400.000,642.711,152.928
603400.000,1604400.000,648.336,149.216
603450.000,1604400.000,654.049,148.013
603500.000,1604400.000,659.754,128.931
603550.000,1604400.000,665.330,114.825
603600.000,1604400.000,670.683,104.588
603650.000,1604400.000,675.694,102.142
603700.000,1604400.000,680.263,92.071
603750.000,1604400.000,684.291,83.155
603800.000,1604400.000,687.706,72.621
603850.000,1604400.000,690.442,70.465
603900.000,1604400.000,692.464,73.156
603950.000,1604400.000,693.779,69.981
604000.000,1604400.000,694.393,50.519
604050.000,1604400.000,694.347,48.348
604100.000,1604400.000,693.706,41.674
604150.000,1604400.000,692.545,29.477
604200.000,1604400.000,690.979,35.323
604250.000,1604400.000,689.106,26.088
604300.000,1604400.000,687.064,25.220
604350.000,1604400.000,684.952,17.430
604400.000,1604400.000,682.904,10.716
604450.000,1604400.000,681.020,9.620
604500.000,1604400.000,679.389,10.767
604550.000,1604400.000,678.114,12.811
604600.000,1604400.000,677.242,10.102
604650.000,1604400.000,676.838,-10.744
604700.000,1604400.000,676.910,-8.059
604750.000,1604400.000,677.446,-1.734
604800.000,1604400.000,678.420,-2.162
604850.000,1604400.000,679.794,-1.336
604900.000,1604400.000,681.481,0.636
604950.000,1604400.000,683.390,-11.417
605000.000,1604400.000,685.396,9.099
600000.000,1604450.000,726.658,-0.373
600050.000,1604450.000,730.947,-3.037
600100.000,1604450.000,735.193,-8.800
600150.000,1604450.000,739.538,-11.078
600200.000,1604450.000,744.050,-5.368
600250.000,1604450.000,748.780,-2.315
600300.000,1604450.000,753.780,-6.112
600350.000,1604450.000,759.030,-11.986
600400.000,1604450.000,764.510,-8.777
600450.000,1604450.000,770.161,-4.484
600500.000,1604450.000,775.881,-7.673
600550.000,1604450.000,781.566,-5.329
600600.000,1604450.000,787.085,-12.219
600650.000,1604450.000,792.324,2.748
600700.000,1604450.000,797.128,-8.370
600750.000,1604450.000,801.383,-2.735
600800.000,1604450.000,804.985,-5.624
600850.000,1604450.000,807.849,-12.328
600900.000,1604450.000,809.904,2.119
600950.000,1604450.000,811.096,-0.339
601000.000,1604450.000,811.403,-3.084
601050.000,1604450.000,810.812,5.436
601100.000,1604450.000,809.350,-2.494
601150.000,1604450.000,807.049,-5.372
601200.000,1604450.000,803.962,4.539
601250.000,1604450.000,800.178,-4.953
601300.000,1604450.000,795.753,-5.176
601350.000,1604450.000,790.789,5.044
601400.000,1604450.000,785.356,6.203
601450.000,1604450.000,779.542,3.524
601500.000,1604450.000,773.412,-3.423
601550.000,1604450.000,767.015,4.005
601600.000,1604450.000,760.391,10.428
601650.000,1604450.000,753.539,3.070
601700.000,1604450.000,746.460,2.252
601750.000,1604450.000,739.132,8.990
601800.000,1604450.000,731.527,10.109
601850.000,1604450.000,723.609,12.063
601900.000,1604450.000,715.367,11.541
601950.000,1604450.000,706.796,11.019
602000.000,1604450.000,697.902,15.239
602050.000,1604450.000,688.756,15.996
602100.000,1604450.000,679.436,26.240
602150.000,1604450.000,670.059,29.626
602200.000,1604450.000,660.759,35.851
602250.000,1604450.000,651.707,35.869
602300.000,1604450.000,643.064,53.780
602350.000,1604450.000,634.978,48.023
602400.000,1604450.000,627.629,64.599
602450.000,1604450.000,621.135,45.762
602500.000,1604450.000,615.587,66.707
602550.000,1604450.000,611.046,84.413
602600.000,1604450.000,607.538,90.208
602650.000,1604450.000,605.060,75.984
602700.000,1604450.000,603.585,91.777
602750.000,1604450.000,603.028,109.450
602800.000,1604450.000,603.320,113.145
602850.000,1604450.000,604.375,123.142
602900.000,1604450.000,606.126,123.083
602950.000,1604450.000,608.499,130.354
603000.000,1604450.000,611.413,133.952
603050.000,1604450.000,614.813,138.224
603100.000,1604450.000,618.643,138.036
603150.000,1604450.000,622.894,156.925
603200.000,1604450.000,627.504,148.740
603250.000,1604450.000,632.430,143.312
603300.000,1604450.000,637.626,130.844
603350.000,1604450.000,643.053,149.185
603400.000,1604450.000,648.629,130.607
603450.000,1604450.000,654.291,130.765
603500.000,1604450.000,659.954,122.268
603550.000,1604450.000,665.511,110.177
603600.000,1604450.000,670.884,107.516
603650.000,1604450.000,675.969,112.666
603700.000,1604450.000,680.680,100.247
603750.000,1604450.000,684.929,89.865
603800.000,1604450.000,688.651,71.322
603850.000,1604450.000,691.782,61.956
603900.000,1604450.000,694.282,65.201
603950.000,1604450.000,696.151,62.371
604000.000,1604450.000,697.377,52.343
604050.000,1604450.000,697.981,49.598
604100.000,1604450.000,698.003,45.928
604150.000,1604450.000,697.492,42.385
604200.000,1604450.000,696.534,27.334
604250.000,1604450.000,695.201,38.878
604300.000,1604450.000,693.606,30.164
604350.000,1604450.000,691.828,18.778
604400.000,1604450.000,689.987,15.690
604450.000,1604450.000,688.171,16.887
604500.000,1604450.000,686.467,13.139
604550.000,1604450.000,684.983,19.219
604600.000,1604450.000,683.777,13.378
604650.000,1604450.000,682.928,11.962
604700.000,1604450.000,682.463,5.698
604750.000,1604450.000,682.393,-2.160
604800.000,1604450.000,682.716,10.507
604850.000,1604450.000,683.421,3.719
604900.000,1604450.000,684.440,-5.714
604950.000,1604450.000,685.706,-4.779
605000.000,1604450.000,687.111,-2.419
600000.000,1604500.000,722.910,-2.116
600050.000,1604500.000,726.970,-13.343
600100.000,1604500.000,730.989,-8.646
600150.000,1604500.000,735.116,-9.076
600200.000,1604500.000,739.419,-2.683
600250.000,1604500.000,743.959,1.804
600300.000,1604500.000,748.794,-2.508
600350.000,1604500.000,753.911,-5.109
600400.000,1604500.000,759.298,-6.934
600450.000,1604500.000,764.902,-0.531
600500.000,1604500.000,770.624,-0.011
600550.000,1604500.000,776.363,-4.021
600600.000,1604500.000,781.988,-11.042
600650.000,1604500.000,787.386,3.171
600700.000,1604500.000,792.395,-3.289
600750.000,1604500.000,796.900,5.201
600800.000,1604500.000,800.790,-8.878
600850.000,1604500.000,803.971,-8.831
600900.000,1604500.000,806.365,-3.821
600950.000,1604500.000,807.911,-3.021
601000.000,1604500.000,808.575,-2.584
601050.000,1604500.000,808.338,1.307
601100.000,1604500.000,807.214,-7.737
601150.000,1604500.000,805.225,0.240
601200.000,1604500.000,802.418,1.263
601250.000,1604500.000,798.874,-2.185
601300.000,1604500.000,794.641,1.087
601350.000,1604500.000,789.820,4.833
601400.000,1604500.000,784.476,-3.949
601450.000,1604500.000,778.701,-4.438
601500.000,1604500.000,772.561,2.092
601550.000,1604500.000,766.112,2.740
601600.000,1604500.000,759.404,4.398
601650.000,1604500.000,752.447,5.695
601700.000,1604500.000,745.254,13.652
601750.000,1604500.000,737.814,3.626
601800.000,1604500.000,730.113,9.313
601850.000,1604500.000,722.123,0.347
601900.000,1604500.000,713.841,18.936
601950.000,1604500.000,705.270,21.254
602000.000,1604500.000,696.416,19.558
602050.000,1604500.000,687.350,28.248
602100.000,1604500.000,678.144,30.145
602150.000,1604500.000,668.908,25.190
602200.000,1604500.000,659.768,36.704
602250.000,1604500.000,650.886,42.772
602300.000,1604500.000,642.411,42.038
602350.000,1604500.000,634.483,51.946
602400.000,1604500.000,627.273,66.417
602450.000,1604500.000,620.897,66.344
602500.000,1604500.000,615.442,73.456
602550.000,1604500.000,610.971,73.255
602600.000,1604500.000,607.512,92.920
602650.000,1604500.000,605.068,95.154
602700.000,1604500.000,603.618,104.011
602750.000,1604500.000,603.086,93.049
602800.000,1604500.000,603.406,96.888
602850.000,1604500.000,604.496,103.451
602900.000,1604500.000,606.293,120.089
602950.000,1604500.000,608.722,118.232
603000.000,1604500.000,611.697,134.150
603050.000,1604500.000,615.160,141.879
603100.000,1604500.000,619.046,137.194
603150.000,1604500.000,623.342,139.846
603200.000,1604500.000,627.975,128.770
603250.000,1604500.000,632.899,132.704
603300.000,1604500.000,638.067,144.623
603350.000,1604500.000,643.436,120.344
603400.000,1604500.000,648.931,121.400
603450.000,1604500.000,654.498,122.202
603500.000,1604500.000,660.062,111.498
603550.000,1604500.000,665.531,103.669
603600.000,1604500.000,670.844,110.050
603650.000,1604500.000,675.916,95.249
603700.000,1604500.000,680.676,85.666
603750.000,1604500.000,685.053,78.270
603800.000,1604500.000,688.992,85.713
603850.000,1604500.000,692.437,76.688
603900.000,1604500.000,695.347,61.426
603950.000,1604500.000,697.718,51.566
604000.000,1604500.000,699.523,43.127
604050.000,1604500.000,700.766,53.085
604100.000,1604500.000,701.464,51.873
604150.000,1604500.000,701.641,37.316
604200.000,1604500.000,701.352,36.819
604250.000,1604500.000,700.641,36.719
604300.000,1604500.000,699.592,34.073
604350.000,1604500.000,698.264,12.984
604400.000,1604500.000,696.754,29.810
604450.000,1604500.000,695.136,24.966
604500.000,1604500.000,693.493,12.651
604550.000,1604500.000,691.929,7.864
604600.000,1604500.000,690.512,10.068
604650.000,1604500.000,689.330,6.725
604700.000,1604500.000,688.426,5.674
604750.000,1604500.000,687.834,8.737
604800.000,1604500.000,687.572,8.979
604850.000,1604500.000,687.654,-8.465
604900.000,1604500.000,688.034,-4.234
604950.000,1604500.000,688.668,7.074
605000.000,1604500.000,689.469,4.437
600000.000,1604550.000,719.241,-1.751
600050.000,1604550.000,722.986,-6.009
600100.000,1604550.000,726.688,-9.960
600150.000,1604550.000,730.501,-2.656
600200.000,1604550.000,734.496,-5.555
600250.000,1604550.000,738.744,-3.764
600300.000,1604550.000,743.310,-2.811
600350.000,1604550.000,748.192,-2.088
600400.000,1604550.000,753.386,-2.747
600450.000,1604550.000,758.845,-8.574
600500.000,1604550.000,764.478,-5.145
600550.000,1604550.000,770.189,-5.364
600600.000,1604550.000,775.846,-3.034
600650.000,1604550.000,781.338,3.715
600700.000,1604550.000,786.500,4.295
600750.000,1604550.000,791.213,-1.353
600800.000,1604550.000,795.358,5.043
600850.000,1604550.000,798.835,-2.134
600900.000,1604550.000,801.554,0.007
600950.000,1604550.000,803.448,-3.695
601000.000,1604550.000,804.468,-0.228
601050.000,1604550.000,804.587,9.144
601100.000,1604550.000,803.806,3.511
601150.000,1604550.000,802.140,-2.351
601200.000,1604550.000,799.626,6.266
601250.000,1604550.000,796.336,-0.143
601300.000,1604550.000,792.316,4.789
601350.000,1604550.000,787.662,-0.301
601400.000,1604550.000,782.439,13.544
601450.000,1604550.000,776.741,5.935
601500.000,1604550.000,770.640,10.759
601550.000,1604550.000,764.200,14.576
601600.000,1604550.000,757.478,8.681
601650.000,1604550.000,750.496,15.779
601700.000,1604550.000,743.279,0.508
601750.000,1604550.000,735.824,18.531
601800.000,1604550.000,728.129,11.784
601850.000,1604550.000,720.174,16.378
601900.000,1604550.000,711.961,20.616
601950.000,1604550.000,703.493,15.124
602000.000,1604550.000,694.779,20.311
602050.000,1604550.000,685.886,22.395
602100.000,1604550.000,676.878,31.564
602150.000,1604550.000,667.854,25.740
602200.000,1604550.000,658.931,30.229
602250.000,1604550.000,650.262,45.436
602300.000,1604550.000,641.985,44.778
602350.000,1604550.000,634.230,43.946
602400.000,1604550.000,627.163,55.518
602450.000,1604550.000,620.895,64.426
602500.000,1604550.000,615.514,67.799
602550.000,1604550.000,611.087,74.146
602600.000,1604550.000,607.644,77.901
602650.000,1604550.000,605.198,88.908
602700.000,1604550.000,603.737,91.671
602750.000,1604550.000,603.193,102.492
602800.000,1604550.000,603.509,100.236
602850.000,1604550.000,604.607,106.625
602900.000,1604550.000,606.427,116.646
602950.000,1604550.000,608.894,116.649
603000.000,1604550.000,611.920,122.476
603050.000,1604550.000,615.440,125.337
603100.000,1604550.000,619.380,133.728
603150.000,1604550.000,623.720,123.826
603200.000,1604550.000,628.375,140.990
603250.000,1604550.000,633.295,120.864
603300.000,1604550.000,638.424,133.955
603350.000,1604550.000,643.721,122.392
603400.000,1604550.000,649.109,119.418
603450.000,1604550.000,654.544,114.262
603500.000,1604550.000,659.959,105.424
603550.000,1604550.000,665.280,108.845
603600.000,1604550.000,670.462,103.056
603650.000,1604550.000,675.440,104.128
603700.000,1604550.000,680.162,88.663
603750.000,1604550.000,684.577,86.643
603800.000,1604550.000,688.645,74.193
603850.000,1604550.000,692.318,74.599
603900.000,1604550.000,695.563,69.037
603950.000,1604550.000,698.372,67.470
604000.000,1604550.000,700.712,66.344
604050.000,1604550.000,702.569,58.431
604100.000,1604550.000,703.941,53.566
604150.000,1604550.000,704.826,48.905
604200.000,1604550.000,705.249,38.706
604250.000,1604550.000,705.226,37.799
604300.000,1604550.000,704.812,41.287
604350.000,1604550.000,704.038,32.175
604400.000,1604550.000,702.980,29.571
604450.000,1604550.000,701.692,13.432
604500.000,1604550.000,700.247,23.127
604550.000,1604550.000,698.744,12.266
604600.000,1604550.000,697.252,14.322
604650.000,1604550.000,695.866,14.411
604700.000,1604550.000,694.643,10.271
604750.000,1604550.000,693.632,-0.155
604800.000,1604550.000,692.873,13.774
604850.000,1604550.000,692.403,8.605
604900.000,1604550.000,692.193,6.123
604950.000,1604550.000,692.226,1.523
605000.000,1604550.000,692.437,-1.875
600000.000,1604600.000,716.076,-17.627
600050.000,1604600.000,719.435,-6.917
600100.000,1604600.000,722.743,2.351
600150.000,1604600.000,726.155,-0.610
600200.000,1604600.000,729.751,-7.719
600250.000,1604600.000,733.610,-14.759
600300.000,1604600.000,737.807,4.145
600350.000,1604600.000,742.351,-3.675
600400.000,1604600.000,747.247,1.589
600450.000,1604600.000,752.460,-2.916
600500.000,1604600.000,757.905,-0.025
600550.000,1604600.000,763.491,0.964
600600.000,1604600.000,769.091,-4.084
600650.000,1604600.000,774.596,2.702
600700.000,1604600.000,779.836,0.794
600750.000,1604600.000,784.692,-1.588
600800.000,1604600.000,789.037,-10.120
600850.000,1604600.000,792.760,-2.406
600900.000,1604600.000,795.765,-0.101
600950.000,1604600.000,797.972,-8.652
601000.000,1604600.000,799.320,4.009
601050.000,1604600.000,799.773,-3.885
601100.000,1604600.000,799.317,-1.475
601150.000,1604600.000,797.958,0.179
601200.000,1604600.000,795.725,0.448
601250.000,1604600.000,792.684,-2.849
601300.000,1604600.000,788.877,6.056
601350.000,1604600.000,784.395,4.318
601400.000,1604600.000,779.309,0.008
601450.000,1604600.000,773.713,3.041
601500.000,1604600.000,767.687,10.083
601550.000,1604600.000,761.304,8.060
601600.000,1604600.000,754.626,14.834
601650.000,1604600.000,747.690,14.190
601700.000,1604600.000,740.528,9.610
601750.000,1604600.000,733.147,10.992
601800.000,1604600.000,725.555,12.138
601850.000,1604600.000,717.732,30.680
601900.000,1604600.000,709.686,16.615
601950.000,1604600.000,701.421,23.445
602000.000,1604600.000,692.939,22.048
602050.000,1604600.000,684.304,28.375
602100.000,1604600.000,675.569,28.959
602150.000,1604600.000,666.824,40.540
602200.000,1604600.000,658.172,29.550
602250.000,1604600.000,649.758,30.644
602300.000,1604600.000,641.705,50.213
602350.000,1604600.000,634.140,51.126
602400.000,1604600.000,627.219,47.324
602450.000,1604600.000,621.052,54.932
602500.000,1604600.000,615.728,61.978
602550.000,1604600.000,611.318,63.770
602600.000,1604600.000,607.861,72.686
602650.000,1604600.000,605.379,92.481
602700.000,1604600.000,603.870,78.723
602750.000,1604600.000,603.278,92.701
602800.000,1604600.000,603.554,94.779
602850.000,1604600.000,604.628,105.365
602900.000,1604600.000,606.444,109.683
602950.000,1604600.000,608.928,109.824
603000.000,1604600.000,611.988,126.025
603050.000,1604600.000,615.552,108.869
603100.000,1604600.000,619.540,122.714
603150.000,1604600.000,623.918,133.362
603200.000,1604600.000,628.592,114.492
603250.000,1604600.000,633.503,115.080
603300.000,1604600.000,638.585,119.275
603350.000,1604600.000,643.795,118.415
603400.000,1604600.000,649.055,116.771
603450.000,1604600.000,654.327,120.940
603500.000,1604600.000,659.553,110.534
603550.000,1604600.000,664.672,95.662
603600.000,1604600.000,669.660,92.376
603650.000,1604600.000,674.471,96.995
603700.000,1604600.000,679.074,81.262
603750.000,1604600.000,683.441,83.957
603800.000,1604600.000,687.547,67.736
603850.000,1604600.000,691.361,71.653
603900.000,1604600.000,694.859,72.855
603950.000,1604600.000,698.035,53.180
604000.000,1604600.000,700.849,59.433
604050.000,1604600.000,703.279,49.553
604100.000,1604600.000,705.302,53.480
604150.000,1604600.000,706.895,48.067
604200.000,1604600.000,708.055,46.484
604250.000,1604600.000,708.768,32.821
604300.000,1604600.000,709.059,46.777
604350.000,1604600.000,708.932,28.342
604400.000,1604600.000,708.436,27.793
604450.000,1604600.000,707.603,18.389
604500.000,1604600.000,706.492,11.150
604550.000,1604600.000,705.194,18.819
604600.000,1604600.000,703.772,19.186
604650.000,1604600.000,702.325,12.389
604700.000,1604600.000,700.916,12.740
604750.000,1604600.000,699.610,12.187
604800.000,1604600.000,698.460,6.156
604850.000,1604600.000,697.526,4.925
604900.000,1604600.000,696.796,-3.732
604950.000,1604600.000,696.277,-0.221
605000.000,1604600.000,695.924,-2.815
600000.000,1604650.000,713.799,-6.764
600050.000,1604650.000,716.721,-7.328
600100.000,1604650.000,719.573,-0.357
600150.000,1604650.000,722.516,10.174
600200.000,1604650.000,725.635,-2.852
600250.000,1604650.000,729.020,8.242
600300.000,1604650.000,732.758,1.570
600350.000,1604650.000,736.866,-2.971
600400.000,1604650.000,741.364,-7.512
600450.000,1604650.000,746.227,0.854
600500.000,1604650.000,751.377,-1.573
600550.000,1604650.000,756.735,1.293
600600.000,1604650.000,762.176,-3.747
600650.000,1604650.000,767.595,-3.803
600700.000,1604650.000,772.823,-8.246
600750.000,1604650.000,777.735,-14.365
600800.000,1604650.000,782.199,0.463
600850.000,1604650.000,786.097,0.745
600900.000,1604650.000,789.321,-0.266
600950.000,1604650.000,791.781,-5.062
601000.000,1604650.000,793.403,1.358
601050.000,1604650.000,794.139,-0.446
601100.000,1604650.000,793.964,-0.279
601150.000,1604650.000,792.873,2.421
601200.000,1604650.000,790.888,6.155
601250.000,1604650.000,788.068,5.853
601300.000,1604650.000,784.453,5.304
601350.000,1604650.000,780.134,1.786
601400.000,1604650.000,775.183,6.939
601450.000,1604650.000,769.699,2.997
601500.000,1604650.000,763.771,6.323
601550.000,1604650.000,757.478,13.988
601600.000,1604650.000,750.893,4.214
601650.000,1604650.000,744.061,8.622
601700.000,1604650.000,737.024,13.999
601750.000,1604650.000,729.795,17.551
601800.000,1604650.000,722.389,15.780
601850.000,1604650.000,714.786,10.090
601900.000,1604650.000,706.998,29.958
601950.000,1604650.000,699.021,19.875
602000.000,1604650.000,690.857,28.571
602050.000,1604650.000,682.557,24.384
602100.000,1604650.000,674.166,30.432
602150.000,1604650.000,665.758,33.979
602200.000,1604650.000,657.426,40.008
602250.000,1604650.000,649.305,37.494
602300.000,1604650.000,641.506,48.833
602350.000,1604650.000,634.145,45.560
602400.000,1604650.000,627.376,57.102
602450.000,1604650.000,621.305,53.413
602500.000,1604650.000,616.024,54.487
602550.000,1604650.000,611.612,68.660
602600.000,1604650.000,608.114,69.308
602650.000,1604650.000,605.563,77.150
602700.000,1604650.000,603.971,87.176
602750.000,1604650.000,603.295,86.585
602800.000,1604650.000,603.495,83.664
602850.000,1604650.000,604.511,107.535
602900.000,1604650.000,606.292,98.351
602950.000,1604650.000,608.765,107.488
603000.000,1604650.000,611.835,120.704
603050.000,1604650.000,615.425,104.753
603100.000,1604650.000,619.444,117.584
603150.000,1604650.000,623.848,125.772
603200.000,1604650.000,628.529,106.023
603250.000,1604650.000,633.420,122.223
603300.000,1604650.000,638.444,108.171
603350.000,1604650.000,643.550,116.893
603400.000,1604650.000,648.660,100.366
603450.000,1604650.000,653.740,89.494
603500.000,1604650.000,658.739,107.861
603550.000,1604650.000,663.610,91.673
603600.000,1604650.000,668.346,85.124
603650.000,1604650.000,672.921,82.714
603700.000,1604650.000,677.328,82.996
603750.000,1604650.000,681.562,92.362
603800.000,1604650.000,685.619,83.645
603850.000,1604650.000,689.484,77.274
603900.000,1604650.000,693.147,69.632
603950.000,1604650.000,696.607,64.713
604000.000,1604650.000,699.825,65.878
604050.000,1604650.000,702.768,57.262
604100.000,1604650.000,705.403,48.215
604150.000,1604650.000,707.684,43.631
604200.000,1604650.000,709.582,37.547
604250.000,1604650.000,711.058,34.672
604300.000,1604650.000,712.104,28.747
604350.000,1604650.000,712.697,32.370
604400.000,1604650.000,712.858,28.708
604450.000,1604650.000,712.594,21.994
604500.000,1604650.000,711.948,28.599
604550.000,1604650.000,710.993,24.501
604600.000,1604650.000,709.788,14.229
604650.000,1604650.000,708.428,8.433
604700.000,1604650.000,706.979,22.999
604750.000,1604650.000,705.514,9.459
604800.000,1604650.000,704.097,-0.942
604850.000,1604650.000,702.805,3.050
604900.000,1604650.000,701.644,14.809
604950.000,1604650.000,700.640,6.645
605000.000,1604650.000,699.772,6.735
600000.000,1604700.000,712.729,-6.333
600050.000,1604700.000,715.182,-1.200
600100.000,1604700.000,717.537,-1.029
600150.000,1604700.000,719.960,-13.037
600200.000,1604700.000,722.543,-7.652
600250.000,1604700.000,725.385,-6.508
600300.000,1604700.000,728.584,5.920
600350.000,1604700.000,732.173,0.149
600400.000,1604700.000,736.180,-5.046
600450.000,1604700.000,740.594,2.351
600500.000,1604700.000,745.348,-4.214
600550.000,1604700.000,750.371,-0.203
600600.000,1604700.000,755.548,1.500
600650.000,1604700.000,760.776,3.553
600700.000,1604700.000,765.886,-0.529
600750.000,1604700.000,770.754,6.864
600800.000,1604700.000,775.241,5.036
600850.000,1604700.000,779.223,-1.341
600900.000,1604700.000,782.578,10.627
600950.000,1604700.000,785.209,9.502
601000.000,1604700.000,787.026,-0.839
601050.000,1604700.000,787.974,3.857
601100.000,1604700.000,788.012,6.493
601150.000,1604700.000,787.127,8.808
601200.000,1604700.000,785.333,-1.789
601250.000,1604700.000,782.686,4.508
601300.000,1604700.000,779.223,13.828
601350.000,1604700.000,775.035,11.870
601400.000,1604700.000,770.199,4.219
601450.000,1604700.000,764.821,5.312
601500.000,1604700.000,758.995,11.038
601550.000,1604700.000,752.812,17.820
601600.000,1604700.000,746.351,13.334
601650.000,1604700.000,739.669,16.887
601700.000,1604700.000,732.812,15.677
601750.000,1604700.000,725.800,7.016
601800.000,1604700.000,718.652,14.704
601850.000,1604700.000,711.347,25.874
601900.000,1604700.000,703.893,19.692
601950.000,1604700.000,696.284,30.947
602000.000,1604700.000,688.511,21.955
602050.000,1604700.000,680.617,22.602
602100.000,1604700.000,672.633,29.666
602150.000,1604700.000,664.620,35.093
602200.000,1604700.000,656.655,34.704
602250.000,1604700.000,648.866,49.604
602300.000,1604700.000,641.347,51.810
602350.000,1604700.000,634.210,43.021
602400.000,1604700.000,627.601,50.241
602450.000,1604700.000,621.627,56.107
602500.000,1604700.000,616.382,60.624
602550.000,1604700.000,611.952,71.819
602600.000,1604700.000,608.390,71.648
602650.000,1604700.000,605.743,62.251
602700.000,1604700.000,604.036,88.927
602750.000,1604700.000,603.240,79.696
602800.000,1604700.000,603.328,99.543
602850.000,1604700.000,604.248,85.243
602900.000,1604700.000,605.957,106.418
602950.000,1604700.000,608.383,95.942
603000.000,1604700.000,611.430,113.164
603050.000,1604700.000,615.015,98.724
603100.000,1604700.000,619.039,101.079
603150.000,1604700.000,623.445,119.592
603200.000,1604700.000,628.113,105.715
603250.000,1604700.000,632.964,104.519
603300.000,1604700.000,637.909,108.230
603350.000,1604700.000,642.890,106.263
603400.000,1604700.000,647.826,93.629
603450.000,1604700.000,652.685,102.229
603500.000,1604700.000,657.420,92.532
603550.000,1604700.000,661.999,92.744
603600.000,1604700.000,666.429,86.911
603650.000,1604700.000,670.707,95.543
603700.000,1604700.000,674.846,75.745
603750.000,1604700.000,678.868,84.603
603800.000,1604700.000,682.788,73.519
603850.000,1604700.000,686.615,73.449
603900.000,1604700.000,690.350,61.290
603950.000,1604700.000,694.006,67.283
604000.000,1604700.000,697.545,56.525
604050.000,1604700.000,700.930,62.368
604100.000,1604700.000,704.118,53.214
604150.000,1604700.000,707.048,48.346
604200.000,1604700.000,709.665,32.154
604250.000,1604700.000,711.907,25.917
604300.000,1604700.000,713.736,34.872
604350.000,1604700.000,715.101,28.718
604400.000,1604700.000,715.994,27.921
604450.000,1604700.000,716.398,29.839
604500.000,1604700.000,716.333,19.872
604550.000,1604700.000,715.855,19.880
604600.000,1604700.000,715.010,5.685
604650.000,1604700.000,713.886,10.482
604700.000,1604700.000,712.545,11.738
604750.000,1604700.000,711.065,14.246
604800.000,1604700.000,709.516,9.440
604850.000,1604700.000,707.988,13.334
604900.000,1604700.000,706.499,5.395
604950.000,1604700.000,705.095,13.718
605000.000,1604700.000,703.774,1.814
600000.000,1604750.000,713.092,2.915
600050.000,1604750.000,715.061,-9.501
600100.000,1604750.000,716.896,3.747
600150.000,1604750.000,718.765,-3.008
600200.000,1604750.000,720.768,-0.483
600250.000,1604750.000,723.014,-5.061
600300.000,1604750.000,725.611,-9.225
600350.000,1604750.000,728.605,-1.788
600400.000,1604750.000,732.039,-8.641
600450.000,1604750.000,735.913,-6.421
600500.000,1604750.000,740.172,-0.231
600550.000,1604750.000,744.758,1.042
600600.000,1604750.000,749.562,6.575
600650.000,1604750.000,754.490,-2.692
600700.000,1604750.000,759.372,3.960
600750.000,1604750.000,764.087,-8.903
600800.000,1604750.000,768.490,10.735
600850.000,1604750.000,772.448,6.135
600900.000,1604750.000,775.834,-0.853
600950.000,1604750.000,778.537,-5.261
601000.000,1604750.000,780.456,0.689
601050.000,1604750.000,781.526,3.901
601100.000,1604750.000,781.691,5.537
601150.000,1604750.000,780.933,11.831
601200.000,1604750.000,779.259,2.509
601250.000,1604750.000,776.719,8.462
601300.000,1604750.000,773.353,8.777
601350.000,1604750.000,769.251,19.759
601400.000,1604750.000,764.497,15.153
601450.000,1604750.000,759.204,11.779
601500.000,1604750.000,753.475,5.043
601550.000,1604750.000,747.409,14.372
601600.000,1604750.000,741.093,-0.168
601650.000,1604750.000,734.593,14.048
601700.000,1604750.000,727.960,10.960
601750.000,1604750.000,721.219,19.574
601800.000,1604750.000,714.389,13.164
601850.000,1604750.000,707.446,23.782
601900.000,1604750.000,700.396,21.981
601950.000,1604750.000,693.221,21.723
602000.000,1604750.000,685.906,36.723
602050.000,1604750.000,678.479,23.759
602100.000,1604750.000,670.959,29.368
602150.000,1604750.000,663.391,35.978
602200.000,1604750.000,655.838,30.338
602250.000,1604750.000,648.415,33.685
602300.000,1604750.000,641.207,40.057
602350.000,1604750.000,634.314,51.176
602400.000,1604750.000,627.879,50.656
602450.000,1604750.000,622.008,59.938
602500.000,1604750.000,616.796,53.552
602550.000,1604750.000,612.339,66.709
602600.000,1604750.000,608.699,75.496
602650.000,1604750.000,605.936,71.587
602700.000,1604750.000,604.088,68.133
602750.000,1604750.000,603.141,83.609
602800.000,1604750.000,603.082,78.219
602850.000,1604750.000,603.869,87.227
602900.000,1604750.000,605.467,87.484
602950.000,1604750.000,607.806,91.355
603000.000,1604750.000,610.791,96.160
603050.000,1604750.000,614.334,92.401
603100.000,1604750.000,618.327,95.673
603150.000,1604750.000,622.702,94.785
603200.000,1604750.000,627.324,115.776
603250.000,1604750.000,632.105,103.328
603300.000,1604750.000,636.943,109.469
603350.000,1604750.000,641.771,100.751
603400.000,1604750.000,646.501,93.687
603450.000,1604750.000,651.105,80.830
603500.000,1604750.000,655.539,101.481
603550.000,1604750.000,659.780,85.719
603600.000,1604750.000,663.852,97.785
603650.000,1604750.000,667.772,87.993
603700.000,1604750.000,671.574,70.917
603750.000,1604750.000,675.305,63.748
603800.000,1604750.000,679.004,64.891
603850.000,1604750.000,682.700,62.765
603900.000,1604750.000,686.413,66.404
603950.000,1604750.000,690.168,54.356
604000.000,1604750.000,693.935,61.497
604050.000,1604750.000,697.677,44.617
604100.000,1604750.000,701.343,57.877
604150.000,1604750.000,704.861,49.387
604200.000,1604750.000,708.157,41.143
604250.000,1604750.000,711.145,42.117
604300.000,1604750.000,713.761,44.583
604350.000,1604750.000,715.929,35.187
604400.000,1604750.000,717.610,24.761
604450.000,1604750.000,718.760,27.386
604500.000,1604750.000,719.378,27.584
604550.000,1604750.000,719.498,28.530
604600.000,1604750.000,719.150,14.048
604650.000,1604750.000,718.406,16.763
604700.000,1604750.000,717.324,17.050
604750.000,1604750.000,715.979,10.572
604800.000,1604750.000,714.443,9.258
604850.000,1604750.000,712.812,6.550
604900.000,1604750.000,711.114,2.931
604950.000,1604750.000,709.411,9.217
605000.000,1604750.000,707.721,4.293
600000.000,1604800.000,715.013,-5.537
600050.000,1604800.000,716.500,3.674
600100.000,1604800.000,717.811,-10.207
600150.000,1604800.000,719.112,-9.481
600200.000,1604800.000,720.511,-10.301
600250.000,1604800.000,722.126,-0.794
600300.000,1604800.000,724.077,-0.760
600350.000,1604800.000,726.421,-1.503
600400.000,1604800.000,729.214,-0.828
600450.000,1604800.000,732.471,-4.696
600500.000,1604800.000,736.149,-3.483
600550.000,1604800.000,740.202,-1.195
600600.000,1604800.000,744.532,1.404
600650.000,1604800.000,749.052,-2.661
600700.000,1604800.000,753.596,2.264
600750.000,1604800.000,758.045,3.521
600800.000,1604800.000,762.252,2.672
600850.000,1604800.000,766.077,4.051
600900.000,1604800.000,769.383,-5.141
600950.000,1604800.000,772.051,1.499
601000.000,1604800.000,773.967,2.500
601050.000,1604800.000,775.058,6.688
601100.000,1604800.000,775.255,0.726
601150.000,1604800.000,774.533,9.535
601200.000,1604800.000,772.894,7.056
601250.000,1604800.000,770.385,4.675
601300.000,1604800.000,767.047,8.980
601350.000,1604800.000,762.975,11.054
601400.000,1604800.000,758.257,15.185
601450.000,1604800.000,753.015,2.148
601500.000,1604800.000,747.362,8.701
601550.000,1604800.000,741.405,15.545
601600.000,1604800.000,735.241,9.603
601650.000,1604800.000,728.940,9.656
601700.000,1604800.000,722.560,16.316
601750.000,1604800.000,716.126,16.702
601800.000,1604800.000,709.659,21.338
601850.000,1604800.000,703.128,15.701
601900.000,1604800.000,696.533,17.288
601950.000,1604800.000,689.847,29.191
602000.000,1604800.000,683.043,20.901
602050.000,1604800.000,676.136,19.916
602100.000,1604800.000,669.129,37.254
602150.000,1604800.000,662.051,27.884
602200.000,1604800.000,654.951,35.821
602250.000,1604800.000,647.931,43.614
602300.000,1604800.000,641.064,39.965
602350.000,1604800.000,634.440,47.249
602400.000,1604800.000,628.199,49.046
602450.000,1604800.000,622.444,56.801
602500.000,1604800.000,617.273,55.931
602550.000,1604800.000,612.790,62.644
602600.000,1604800.000,609.066,65.340
602650.000,1604800.000,606.174,69.668
602700.000,1604800.000,604.167,79.408
602750.000,1604800.000,603.045,70.362
602800.000,1604800.000,602.808,76.284
602850.000,1604800.000,603.428,91.907
602900.000,1604800.000,604.876,85.847
602950.000,1604800.000,607.087,94.665
603000.000,1604800.000,609.966,100.362
603050.000,1604800.000,613.421,101.130
603100.000,1604800.000,617.339,95.362
603150.000,1604800.000,621.638,97.230
603200.000,1604800.000,626.172,90.996
603250.000,1604800.000,630.842,99.596
603300.000,1604800.000,635.533,106.319
603350.000,1604800.000,640.168,102.334
603400.000,1604800.000,644.656,90.285
603450.000,1604800.000,648.965,96.948
603500.000,1604800.000,653.056,79.100
603550.000,1604800.000,656.914,91.295
603600.000,1604800.000,660.578,70.222
603650.000,1604800.000,664.081,83.163
603700.000,1604800.000,667.481,73.305
603750.000,1604800.000,670.846,76.384
603800.000,1604800.000,674.240,69.450
603850.000,1604800.000,677.715,69.347
603900.000,1604800.000,681.311,63.316
603950.000,1604800.000,685.067,57.349
604000.000,1604800.000,688.962,59.025
604050.000,1604800.000,692.963,65.111
604100.000,1604800.000,697.019,44.171
604150.000,1604800.000,701.049,45.489
604200.000,1604800.000,704.962,44.294
604250.000,1604800.000,708.656,41.731
604300.000,1604800.000,712.041,34.631
604350.000,1604800.000,715.016,28.517
604400.000,1604800.000,717.516,25.657
604450.000,1604800.000,719.470,26.477
604500.000,1604800.000,720.852,27.042
604550.000,1604800.000,721.672,11.260
604600.000,1604800.000,721.939,14.557
604650.000,1604800.000,721.710,22.099
604700.000,1604800.000,721.029,8.583
604750.000,1604800.000,719.964,9.769
604800.000,1604800.000,718.584,10.089
604850.000,1604800.000,716.987,13.062
604900.000,1604800.000,715.207,13.387
604950.000,1604800.000,713.317,13.424
605000.000,1604800.000,711.353,4.680
600000.000,1604850.000,718.500,-0.676
600050.000,1604850.000,719.524,-1.167
600100.000,1604850.000,720.319,-4.630
600150.000,1604850.000,721.055,-9.569
600200.000,1604850.000,721.843,-3.916
600250.000,1604850.000,722.812,-0.780
600300.000,1604850.000,724.089,-5.716
600350.000,1604850.000,725.745,3.717
600400.000,1604850.000,727.848,-2.437
600450.000,1604850.000,730.428,8.268
600500.000,1604850.000,733.453,-0.155
600550.000,1604850.000,736.894,2.052
600600.000,1604850.000,740.662,-0.633
600650.000,1604850.000,744.680,9.471
600700.000,1604850.000,748.787,1.879
600750.000,1604850.000,752.867,3.798
600800.000,1604850.000,756.771,0.659
600850.000,1604850.000,760.356,-2.679
600900.000,1604850.000,763.475,-4.442
600950.000,1604850.000,766.002,0.770
601000.000,1604850.000,767.811,8.799
601050.000,1604850.000,768.820,4.273
601100.000,1604850.000,768.950,15.308
601150.000,1604850.000,768.169,3.786
601200.000,1604850.000,766.476,7.193
601250.000,1604850.000,763.916,14.169
601300.000,1604850.000,760.533,3.283
601350.000,1604850.000,756.425,17.795
601400.000,1604850.000,751.690,5.656
601450.000,1604850.000,746.457,11.934
601500.000,1604850.000,740.849,3.468
601550.000,1604850.000,734.984,13.565
601600.000,1604850.000,728.965,19.234
601650.000,1604850.000,722.870,14.317
601700.000,1604850.000,716.758,20.986
601750.000,1604850.000,710.657,12.490
601800.000,1604850.000,704.585,19.364
601850.000,1604850.000,698.504,21.254
601900.000,1604850.000,692.405,24.473
601950.000,1604850.000,686.252,20.206
602000.000,1604850.000,680.003,28.397
602050.000,1604850.000,673.660,36.767
602100.000,1604850.000,667.207,37.606
602150.000,1604850.000,660.660,37.435
602200.000,1604850.000,654.048,22.753
602250.000,1604850.000,647.466,30.707
602300.000,1604850.000,640.969,38.187
602350.000,1604850.000,634.641,39.883
602400.000,1604850.000,628.615,44.061
602450.000,1604850.000,622.993,47.132
602500.000,1604850.000,617.875,57.890
602550.000,1604850.000,613.373,66.466
602600.000,1604850.000,609.565,63.532
602650.000,1604850.000,606.538,71.464
602700.000,1604850.000,604.356,79.308
602750.000,1604850.000,603.039,63.551
602800.000,1604850.000,602.598,76.108
602850.000,1604850.000,603.015,76.628
602900.000,1604850.000,604.273,87.760
602950.000,1604850.000,606.310,73.698
603000.000,1604850.000,609.032,88.450
603050.000,1604850.000,612.347,81.179
603100.000,1604850.000,616.135,95.311
603150.000,1604850.000,620.303,92.376
603200.000,1604850.000,624.695,106.901
603250.000,1604850.000,629.202,87.290
603300.000,1604850.000,633.697,86.779
603350.000,1604850.000,638.091,81.574
603400.000,1604850.000,642.289,96.679
603450.000,1604850.000,646.259,90.721
603500.000,1604850.000,649.962,95.256
603550.000,1604850.000,653.390,77.344
603600.000,1604850.000,656.595,88.726
603650.000,1604850.000,659.626,77.380
603700.000,1604850.000,662.560,79.851
603750.000,1604850.000,665.490,66.457
603800.000,1604850.000,668.501,73.459
603850.000,1604850.000,671.668,59.635
603900.000,1604850.000,675.051,68.917
603950.000,1604850.000,678.707,62.770
604000.000,1604850.000,682.628,58.193
604050.000,1604850.000,686.787,50.833
604100.000,1604850.000,691.135,59.217
604150.000,1604850.000,695.586,45.296
604200.000,1604850.000,700.041,42.998
604250.000,1604850.000,704.380,56.392
604300.000,1604850.000,708.494,33.515
604350.000,1604850.000,712.261,35.446
604400.000,1604850.000,715.589,24.281
604450.000,1604850.000,718.380,24.005
604500.000,1604850.000,720.585,29.237
604550.000,1604850.000,722.187,23.766
604600.000,1604850.000,723.172,22.260
604650.000,1604850.000,723.578,19.459
604700.000,1604850.000,723.429,14.624
604750.000,1604850.000,722.781,11.896
604800.000,1604850.000,721.698,10.410
604850.000,1604850.000,720.272,7.265
604900.000,1604850.000,718.541,8.505
604950.000,1604850.000,716.584,6.655
605000.000,1604850.000,714.453,-1.080
600000.000,1604900.000,723.451,-8.187
600050.000,1604900.000,724.038,0.777
600100.000,1604900.000,724.340,6.991
600150.000,1604900.000,724.528,-12.738
600200.000,1604900.000,724.714,2.117
600250.000,1604900.000,725.038,-8.370
600300.000,1604900.000,725.632,5.981
600350.000,1604900.000,726.582,3.949
600400.000,1604900.000,727.964,2.961
600450.000,1604900.000,729.825,5.744
600500.000,1604900.000,732.146,-5.230
600550.000,1604900.000,734.910,-1.357
600600.000,1604900.000,738.045,-1.111
600650.000,1604900.000,741.480,0.806
600700.000,1604900.000,745.063,3.331
600750.000,1604900.000,748.682,-3.253
600800.000,1604900.000,752.188,10.654
600850.000,1604900.000,755.434,-4.457
600900.000,1604900.000,758.267,9.044
600950.000,1604900.000,760.552,2.700
601000.000,1604900.000,762.153,1.610
601050.000,1604900.000,762.982,7.706
601100.000,1604900.000,762.948,-2.818
601150.000,1604900.000,762.017,8.861
601200.000,1604900.000,760.183,2.415
601250.000,1604900.000,757.490,3.435
601300.000,1604900.000,753.987,8.433
601350.000,1604900.000,749.778,13.783
601400.000,1604900.000,744.969,20.033
601450.000,1604900.000,739.699,4.618
601500.000,1604900.000,734.101,-2.596
601550.000,1604900.000,728.305,16.322
601600.000,1604900.000,722.418,10.315
601650.000,1604900.000,716.525,19.834
601700.000,1604900.000,710.688,23.501
601750.000,1604900.000,704.933,23.532
601800.000,1604900.000,699.277,10.148
601850.000,1604900.000,693.672,15.816
601900.000,1604900.000,688.101,26.275
601950.000,1604900.000,682.512,17.342
602000.000,1604900.000,676.853,29.261
602050.000,1604900.000,671.108,22.852
602100.000,1604900.000,665.244,39.113
602150.000,1604900.000,659.262,35.523
602200.000,1604900.000,653.173,35.207
602250.000,1604900.000,647.059,41.358
602300.000,1604900.000,640.963,28.823
602350.000,1604900.000,634.958,42.402
602400.000,1604900.000,629.172,42.025
602450.000,1604900.000,623.705,57.671
602500.000,1604900.000,618.658,43.602
602550.000,1604900.000,614.150,51.763
602600.000,1604900.000,610.266,62.523
602650.000,1604900.000,607.106,77.304
602700.000,1604900.000,604.745,67.085
602750.000,1604900.000,603.218,71.614
602800.000,1604900.000,602.550,82.994
602850.000,1604900.000,602.735,81.757
602900.000,1604900.000,603.764,77.634
602950.000,1604900.000,605.581,86.050
603000.000,1604900.000,608.094,71.542
603050.000,1604900.000,611.213,79.900
603100.000,1604900.000,614.809,79.287
603150.000,1604900.000,618.784,81.397
603200.000,1604900.000,622.970,83.779
603250.000,1604900.000,627.251,93.298
603300.000,1604900.000,631.490,94.108
603350.000,1604900.000,635.586,88.121
603400.000,1604900.000,639.441,86.976
603450.000,1604900.000,643.021,88.024
603500.000,1604900.000,646.285,84.559
603550.000,1604900.000,649.235,85.995
603600.000,1604900.000,651.931,82.322
603650.000,1604900.000,654.437,79.386
603700.000,1604900.000,656.848,76.907
603750.000,1604900.000,659.279,60.405
603800.000,1604900.000,661.833,67.084
603850.000,1604900.000,664.612,66.927
603900.000,1604900.000,667.693,65.019
603950.000,1604900.000,671.153,52.788
604000.000,1604900.000,674.998,57.842
604050.000,1604900.000,679.210,52.219
604100.000,1604900.000,683.745,53.963
604150.000,1604900.000,688.520,46.444
604200.000,1604900.000,693.425,46.178
604250.000,1604900.000,698.334,30.130
604300.000,1604900.000,703.119,33.835
604350.000,1604900.000,707.638,33.834
604400.000,1604900.000,711.779,30.126
604450.000,1604900.000,715.418,18.767
604500.000,1604900.000,718.480,32.355
604550.000,1604900.000,720.922,37.654
604600.000,1604900.000,722.705,25.451
604650.000,1604900.000,723.843,22.333
604700.000,1604900.000,724.339,26.151
604750.000,1604900.000,724.234,13.436
604800.000,1604900.000,723.577,22.789
604850.000,1604900.000,722.455,9.745
604900.000,1604900.000,720.902,20.304
604950.000,1604900.000,719.002,17.027
605000.000,1604900.000,716.818,13.912
600000.000,1604950.000,729.650,-9.156
600050.000,1604950.000,729.834,10.936
600100.000,1604950.000,729.675,1.862
600150.000,1604950.000,729.340,6.967
600200.000,1604950.000,728.948,-3.676
600250.000,1604950.000,728.643,-2.465
600300.000,1604950.000,728.564,-5.759
600350.000,1604950.000,728.806,6.963
600400.000,1604950.000,729.459,2.310
600450.000,1604950.000,730.581,2.492
600500.000,1604950.000,732.167,-7.915
600550.000,1604950.000,734.217,5.037
600600.000,1604950.000,736.669,3.893
600650.000,1604950.000,739.465,-2.570
600700.000,1604950.000,742.461,2.997
600750.000,1604950.000,745.549,7.979
600800.000,1604950.000,748.583,5.370
600850.000,1604950.000,751.412,-1.549
600900.000,1604950.000,753.878,3.290
600950.000,1604950.000,755.839,8.622
601000.000,1604950.000,757.149,-3.709
601050.000,1604950.000,757.714,13.958
601100.000,1604950.000,757.434,7.561
601150.000,1604950.000,756.271,13.103
601200.000,1604950.000,754.217,8.423
601250.000,1604950.000,751.316,16.318
601300.000,1604950.000,747.624,10.752
601350.000,1604950.000,743.251,21.361
601400.000,1604950.000,738.312,13.913
601450.000,1604950.000,732.957,16.212
601500.000,1604950.000,727.331,14.378
601550.000,1604950.000,721.573,14.826
601600.000,1604950.000,715.797,11.444
601650.000,1604950.000,710.094,16.284
601700.000,1604950.000,704.527,25.113
601750.000,1604950.000,699.122,21.545
601800.000,1604950.000,693.891,23.015
601850.000,1604950.000,688.776,12.159
601900.000,1604950.000,683.751,32.480
601950.000,1604950.000,678.750,22.346
602000.000,1604950.000,673.704,11.876
602050.000,1604950.000,668.584,14.574
602100.000,1604950.000,663.337,29.079
602150.000,1604950.000,657.946,36.337
602200.000,1604950.000,652.408,36.910
602250.000,1604950.000,646.790,47.376
602300.000,1604950.000,641.121,35.276
602350.000,1604950.000,635.467,47.734
602400.000,1604950.000,629.945,36.146
602450.000,1604950.000,624.657,62.865
602500.000,1604950.000,619.701,55.363
602550.000,1604950.000,615.204,58.980
602600.000,1604950.000,611.257,65.405
602650.000,1604950.000,607.969,47.781
602700.000,1604950.000,605.429,69.754
602750.000,1604950.000,603.685,63.423
602800.000,1604950.000,602.773,71.834
602850.000,1604950.000,602.701,68.347
602900.000,1604950.000,603.467,80.522
602950.000,1604950.000,605.021,73.143
603000.000,1604950.000,607.276,80.194
603050.000,1604950.000,610.141,82.545
603100.000,1604950.000,613.485,69.657
603150.000,1604950.000,617.202,73.325
603200.000,1604950.000,621.116,69.681
603250.000,1604950.000,625.105,66.955
603300.000,1604950.000,629.023,82.631
603350.000,1604950.000,632.760,82.113
603400.000,1604950.000,636.215,72.021
603450.000,1604950.000,639.349,71.857
603500.000,1604950.000,642.125,77.683
603550.000,1604950.000,644.547,78.452
603600.000,1604950.000,646.685,69.893
603650.000,1604950.000,648.616,69.813
603700.000,1604950.000,650.450,65.405
603750.000,1604950.000,652.321,69.254
603800.000,1604950.000,654.352,67.249
603850.000,1604950.000,656.666,65.912
603900.000,1604950.000,659.361,56.180
603950.000,1604950.000,662.531,51.279
604000.000,1604950.000,666.197,47.824
604050.000,1604950.000,670.356,51.567
604100.000,1604950.000,674.972,48.353
604150.000,1604950.000,679.963,48.958
604200.000,1604950.000,685.220,37.435
604250.000,1604950.000,690.608,34.552
604300.000,1604950.000,695.988,46.377
604350.000,1604950.000,701.204,30.809
604400.000,1604950.000,706.120,28.299
604450.000,1604950.000,710.592,34.358
604500.000,1604950.000,714.522,34.604
604550.000,1604950.000,717.838,9.501
604600.000,1604950.000,720.475,17.108
604650.000,1604950.000,722.421,29.209
604700.000,1604950.000,723.655,15.675
604750.000,1604950.000,724.199,16.054
604800.000,1604950.000,724.083,20.774
604850.000,1604950.000,723.385,22.486
604900.000,1604950.000,722.133,12.640
604950.000,1604950.000,720.412,13.082
605000.000,1604950.000,718.291,17.213
600000.000,1605000.000,736.786,-8.613
600050.000,1605000.000,736.599,4.106
600100.000,1605000.000,736.013,-2.356
600150.000,1605000.000,735.191,4.929
600200.000,1605000.000,734.253,-3.303
600250.000,1605000.000,733.348,3.208
600300.000,1605000.000,732.620,1.578
600350.000,1605000.000,732.174,-4.757
600400.000,1605000.000,732.108,-2.894
600450.000,1605000.000,732.494,5.456
600500.000,1605000.000,733.340,-3.132
600550.000,1605000.000,734.660,0.657
600600.000,1605000.000,736.407,-0.313
600650.000,1605000.000,738.534,6.974
600700.000,1605000.000,740.904,-8.482
600750.000,1605000.000,743.418,-5.313
600800.000,1605000.000,745.930,15.009
600850.000,1605000.000,748.288,8.915
600900.000,1605000.000,750.329,-0.889
600950.000,1605000.000,751.905,4.519
601000.000,1605000.000,752.862,3.167
601050.000,1605000.000,753.099,1.305
601100.000,1605000.000,752.507,2.421
601150.000,1605000.000,751.048,5.484
601200.000,1605000.000,748.710,9.305
601250.000,1605000.000,745.542,2.059
601300.000,1605000.000,741.604,11.894
601350.000,1605000.000,737.014,13.633
601400.000,1605000.000,731.899,9.300
601450.000,1605000.000,726.417,17.141
601500.000,1605000.000,720.728,12.193
601550.000,1605000.000,714.979,20.148
601600.000,1605000.000,709.293,19.661
601650.000,1605000.000,703.764,14.876
601700.000,1605000.000,698.459,18.116
601750.000,1605000.000,693.399,14.542
601800.000,1605000.000,688.595,27.583
601850.000,1605000.000,683.975,30.930
601900.000,1605000.000,679.504,23.718
601950.000,1605000.000,675.102,31.694
602000.000,1605000.000,670.685,24.197
602050.000,1605000.000,666.205,27.999
602100.000,1605000.000,661.592,30.564
602150.000,1605000.000,656.814,29.229
602200.000,1605000.000,651.847,32.002
602250.000,1605000.000,646.746,32.872
602300.000,1605000.000,641.528,32.677
602350.000,1605000.000,636.246,48.721
602400.000,1605000.000,631.014,37.270
602450.000,1605000.000,625.926,41.561
602500.000,1605000.000,621.083,56.164
602550.000,1605000.000,616.616,50.561
602600.000,1605000.000,612.621,48.894
602650.000,1605000.000,609.217,53.782
602700.000,1605000.000,606.502,65.333
602750.000,1605000.000,604.538,62.231
602800.000,1605000.000,603.373,74.509
602850.000,1605000.000,603.024,71.871
602900.000,1605000.000,603.498,84.304
602950.000,1605000.000,604.751,81.784
603000.000,1605000.000,606.700,77.060
603050.000,1605000.000,609.256,74.163
603100.000,1605000.000,612.286,78.183
603150.000,1605000.000,615.679,76.804
603200.000,1605000.000,619.254,82.895
603250.000,1605000.000,622.883,76.560
603300.000,1605000.000,626.414,80.394
603350.000,1605000.000,629.728,77.385
603400.000,1605000.000,632.722,72.141
603450.000,1605000.000,635.357,63.905
603500.000,1605000.000,637.594,66.737
603550.000,1605000.000,639.442,78.806
603600.000,1605000.000,640.978,82.379
603650.000,1605000.000,642.289,63.605
603700.000,1605000.000,643.500,66.800
603750.000,1605000.000,644.760,77.157
603800.000,1605000.000,646.211,53.928
603850.000,1605000.000,647.994,65.873
603900.000,1605000.000,650.227,62.163
603950.000,1605000.000,653.021,48.582
604000.000,1605000.000,656.416,56.182
604050.000,1605000.000,660.420,53.916
604100.000,1605000.000,665.008,54.085
604150.000,1605000.000,670.109,44.858
604200.000,1605000.000,675.611,35.803
604250.000,1605000.000,681.380,40.380
604300.000,1605000.000,687.267,36.918
604350.000,1605000.000,693.104,31.974
604400.000,1605000.000,698.740,36.927
604450.000,1605000.000,704.010,29.716
604500.000,1605000.000,708.793,40.093
604550.000,1605000.000,712.990,17.202
604600.000,1605000.000,716.511,24.242
604650.000,1605000.000,719.314,9.796
604700.000,1605000.000,721.355,21.572
604750.000,1605000.000,722.630,14.661
604800.000,1605000.000,723.152,16.658
604850.000,1605000.000,722.983,15.942
604900.000,1605000.000,722.144,19.548
604950.000,1605000.000,720.714,17.034
605000.000,1605000.000,718.769,10.096
